timestamp,sensor_id,sensor_type,value,location_lat,location_lon
2026-11-13 17:52:29.140800,S004,ec,1.0765518710132007,-32.31908161526412,31.27473467112464
2026-10-06 07:52:29.140800,S005,temperature,28.57039215891574,-30.196936459165464,18.39876951835501
2026-07-26 13:52:29.140800,S003,soil_moisture,0.42505810379121955,-26.948927831251297,20.075320804982876
2026-05-20 13:52:29.140800,S002,ph,6.720555588449275,-27.379015909693628,27.171887879400458
2025-11-26 09:52:29.140800,S001,ph,-6.892833158716805,-25.795539025410662,19.25295068966065
2026-02-08 19:52:29.140800,S004,ph,6.465030788225574,-33.35379879287566,30.52344348498108
2026-07-19 20:52:29.140800,S005,ph,6.711405201080137,-31.393655302112677,24.89932248733912
2026-06-27 20:52:29.140800,S003,ph,6.5606200566358925,-33.51603611576624,29.23945217131626
2026-03-01 05:52:29.140800,S001,soil_moisture,0.34790286406704246,-24.158522961456896,19.492486515628837
2025-12-03 20:52:29.140800,S004,ec,1.0014085966280435,-28.83636038845124,28.787295046343473
2026-08-28 18:52:29.140800,S005,soil_moisture,0.42487360761849974,-32.764259510630026,27.320059424153126
2026-09-07 09:52:29.140800,S003,humidity,72.68777147093897,-24.873906110196298,21.710118678609955
2025-10-15 04:52:29.140800,S003,ph,6.812096640090995,-33.518538601474646,30.56059992235465
2026-06-19 05:52:29.140800,S005,soil_moisture,0.47737121129343385,-24.91571288594847,27.186534860906615
2026-01-25 03:52:29.140800,S003,humidity,64.88016520555362,-29.51273632194861,30.290327144838386
2025-12-13 18:52:29.140800,S002,humidity,57.48190570001695,-32.498671821828495,22.499391409421527
2026-01-19 21:52:29.140800,S004,soil_moisture,0.5191955625997006,-26.93255534884835,21.88580399559026
2026-03-08 23:52:29.140800,S003,humidity,38.36712458617316,-33.07029793318609,28.36373462372193
2026-08-28 00:52:29.140800,S001,ec,1.3594901022473562,-30.312205837965205,27.73258994459194
2026-09-08 16:52:29.140800,S002,humidity,72.58846378032757,-33.04482489837925,28.466150661872604
2026-03-31 19:52:29.140800,S004,ec,1.6675709790962132,-29.556195212018686,21.74577869438196
2025-12-11 10:52:29.140800,S005,temperature,28.657282787949928,-26.536389154947734,21.810833064166058
2026-08-24 22:52:29.140800,S001,temperature,37.67561429302121,-33.111266617638606,20.290240912495598
2026-11-09 13:52:29.140800,S005,humidity,60.25245630542655,-33.09456310258627,31.186627338920808
2025-10-20 17:52:29.140800,S002,soil_moisture,0.6860523448706605,-32.29859421502441,24.131094564779964
2026-07-20 07:52:29.140800,S002,ph,6.786885628315187,-26.676158757133415,30.67517290558952
2026-08-23 05:52:29.140800,S001,ec,1.2240359431601673,-25.70188676185795,18.201133284046833
2026-07-21 00:52:29.140800,S001,soil_moisture,0.265283521070246,-28.603431481715887,26.53055563733493
2026-05-26 07:52:29.140800,S001,ec,1.6992572586690937,-33.27202325159126,25.269911121826745
2026-05-09 11:52:29.140800,S002,temperature,20.700955639808505,-31.226984001376522,20.445231044238156
2026-03-25 02:52:29.140800,S005,humidity,40.4467933778649,-32.09877270726936,18.709206775282265
2026-04-26 17:52:29.140800,S002,humidity,57.22650187237534,-27.207687393572122,31.486079046005273
2026-04-03 23:52:29.140800,S002,ec,1.3639582760715567,-27.921388305463356,25.97711462442215
2026-03-25 11:52:29.140800,S003,ph,6.312075265004993,-32.533148003993475,22.358745612845638
2025-10-31 17:52:29.140800,S004,ph,6.656483998175935,-25.266262875504214,18.109515637116772
2026-04-23 11:52:29.140800,S001,humidity,38.43179727240948,-29.86299211390063,30.580539628455227
2026-06-28 14:52:29.140800,S005,ec,1.5264068991403343,-26.620516454056325,25.54405796356876
2026-04-19 17:52:29.140800,S005,temperature,16.253209637131324,-30.72332333902878,29.76481539327106
2026-05-19 14:52:29.140800,S002,ec,2.360627225276071,-30.19225687402871,31.38847095273262
2026-09-22 15:52:29.140800,S005,ph,7.037744954745954,-28.949492346344734,28.91110246282661
2025-12-18 05:52:29.140800,S004,ph,7.014742086162371,-28.764188464329138,27.56881100262028
2026-07-13 16:52:29.140800,S001,ph,-13.729873830857859,-32.188008284408234,29.400387498180123
2026-03-13 03:52:29.140800,S005,ph,6.187333671135009,-29.82909301932156,18.596559431427387
2026-10-07 13:52:29.140800,S003,temperature,23.04610512038601,-25.41614959132243,27.423621424209387
2026-01-23 19:52:29.140800,S001,soil_moisture,0.6182845763044629,-27.841689269874937,29.071263018939003
2026-10-13 12:52:29.140800,S004,humidity,90.59364997888191,-29.51299709583948,30.760966854654477
2026-09-21 03:52:29.140800,S004,humidity,65.83848789850471,-24.38918144138386,28.804623089072244
2026-10-16 00:52:29.140800,S005,ph,6.899159614480143,-28.62620555998454,25.529102747101923
2026-10-31 22:52:29.140800,S003,temperature,24.45178520616731,-29.024359759305256,25.81680811485829
2026-10-25 18:52:29.140800,S005,ph,6.686782815211203,-31.56142736355181,28.720881318476163
2026-05-24 07:52:29.140800,S003,humidity,46.512436759960416,-27.139390622608154,22.84228665475462
2025-12-09 05:52:29.140800,S005,humidity,52.02395184748867,-26.69889148502762,24.35879854223362
2026-09-10 15:52:29.140800,S001,ph,6.623262528120806,-31.883874330986266,30.685213027149665
2026-08-15 23:52:29.140800,S005,ph,6.296789077968526,-25.761557134012456,26.22197020280184
2026-01-11 04:52:29.140800,S005,ec,1.1824799812797087,-28.224097777052602,26.21742562650838
2025-10-17 11:52:29.140800,S001,humidity,63.56585275313738,-29.337972811297636,29.949027562339175
2026-07-14 19:52:29.140800,S004,ec,1.476609994131987,-27.261318399615078,23.08150515836236
2026-09-03 11:52:29.140800,S005,ph,6.989692621334893,-31.49155887826457,31.743611857337452
2026-05-20 12:52:29.140800,S002,temperature,13.936355589802004,-27.931648275549975,29.217319398069968
2026-11-16 07:52:29.140800,S003,ec,1.194925339890587,-25.7566893735799,19.949543545422316
2026-09-01 17:52:29.140800,S001,ph,6.1962303936271645,-25.954535752393554,23.43565168199686
2026-05-17 09:52:29.140800,S005,humidity,76.51131441952379,-33.55882112167327,23.125940790253882
2026-03-01 19:52:29.140800,S001,temperature,20.341483470307214,-30.944765571512793,20.69154082890508
2026-02-13 13:52:29.140800,S005,ec,1.0856909614382588,-33.95927197594839,24.556640859918573
2025-11-01 19:52:29.140800,S005,ph,6.756428063991745,-25.324291268293933,21.785391147344306
2026-10-30 21:52:29.140800,S002,ph,6.704472462023741,-24.84385145607086,30.900942339140343
2026-06-09 00:52:29.140800,S005,humidity,71.93991586813445,-33.55590082393222,24.07896080098828
2026-10-29 18:52:29.140800,S003,temperature,30.242033961875975,-31.928923664607886,29.39162139424414
2026-04-16 06:52:29.140800,S001,ph,6.027987717074482,-25.10815322754481,30.0505428568464
2026-11-09 09:52:29.140800,S001,ph,7.0307259238199205,-26.367141373549163,21.14324628775695
2026-01-16 13:52:29.140800,S004,temperature,35.76739094965207,-33.15041066297972,18.60006380658729
2026-11-03 23:52:29.140800,S003,humidity,51.6937631627882,-27.45992571981179,27.323427423050195
2026-04-23 08:52:29.140800,S002,ec,2.927040250864971,-27.271872754474835,28.820504500959544
2026-03-24 19:52:29.140800,S004,humidity,48.976906602166224,-31.42273891972834,22.18538358788701
2025-12-03 04:52:29.140800,S003,temperature,12.264860150508737,-27.166245924638076,29.36971574249266
2026-09-09 16:52:29.140800,S005,ph,6.772821392461608,-33.92641193534068,19.41009938910818
2026-05-18 11:52:29.140800,S003,humidity,71.65128403776781,-24.985112170259285,28.782949866603637
2025-10-20 11:52:29.140800,S003,humidity,89.12158431872024,-29.082199471223607,29.2834680847606
2025-12-05 03:52:29.140800,S004,ph,6.362214889802569,-33.85178919693478,22.674772269603242
2026-01-31 20:52:29.140800,S004,temperature,37.16668695589244,-27.044152140712622,18.108471240904223
2026-10-13 05:52:29.140800,S003,ph,6.8786098303712535,-30.640232159417295,21.995577872561068
2026-05-11 04:52:29.140800,S005,soil_moisture,0.5446417198223235,-27.447872112082003,28.054766690036594
2026-02-07 18:52:29.140800,S003,ec,1.810920142166925,-25.454054088298236,26.838583751041554
2026-09-14 22:52:29.140800,S003,temperature,12.633743692186822,-28.402144850822502,25.90704544056178
2026-10-03 18:52:29.140800,S001,soil_moisture,0.39090194001585393,-33.25264153308475,26.626487685791595
2025-12-20 14:52:29.140800,S002,ph,6.9822707699038755,-28.476432894177478,26.058192183709927
2025-11-10 07:52:29.140800,S003,humidity,93.79545178887565,-24.193375128111704,20.59099820707436
2026-05-18 18:52:29.140800,S001,ec,2.12991940561039,-29.60740120742605,26.229411209882514
2026-07-28 05:52:29.140800,S003,humidity,69.00690935623568,-33.09246208531924,25.77198050185909
2026-03-09 09:52:29.140800,S004,humidity,32.84186368476088,-27.813489626674492,28.726495565216705
2026-01-18 00:52:29.140800,S004,ph,6.751568427494555,-24.251496796804638,21.770968477294584
2026-05-02 19:52:29.140800,S005,ph,6.856126511131457,-28.27974340061473,30.620254975178256
2026-11-11 06:52:29.140800,S003,temperature,14.807221403039389,-29.3832550538275,23.955035540900358
2026-10-22 13:52:29.140800,S001,ec,1.8040657001189935,-28.150574342777276,30.293635800169596
2026-05-09 21:52:29.140800,S004,temperature,25.02574947846755,-27.04768108759174,29.002052616503335
2025-10-09 02:52:29.140800,S005,humidity,62.23933649654208,-25.606387829975,30.81588352002914
2026-04-15 09:52:29.140800,S001,soil_moisture,0.4849980921733434,-28.226420195616747,22.384963187624315
2026-02-24 23:52:29.140800,S002,humidity,51.03659252009283,-28.558602464904013,19.838097457408715
2026-02-04 14:52:29.140800,S001,humidity,30.830041934429325,-26.435070461733872,18.965451781569065
2026-03-28 15:52:29.140800,S001,ph,5.98745226979906,-28.966132777426715,26.40915003933636
2026-05-05 22:52:29.140800,S002,ec,0.9697345510433272,-31.84560222945494,21.45943854508348
2026-03-09 21:52:29.140800,S001,ec,1.5304948287232838,-28.91806925134517,29.18955615040813
2026-02-18 10:52:29.140800,S003,ec,1.4836432976519442,-27.872472224883964,21.892346351482203
2026-07-24 21:52:29.140800,S004,temperature,27.88739622921598,-26.523994951410266,26.601629274397204
2025-11-15 17:52:29.140800,S005,humidity,50.89124224147688,-30.53678685213684,30.482235352936165
2026-05-12 23:52:29.140800,S005,temperature,24.690132151112564,-28.74277204937291,22.457093312239383
2025-12-08 20:52:29.140800,S005,humidity,57.761385764416204,-30.559687021929772,25.080614457037875
2026-05-04 07:52:29.140800,S003,ph,6.320894001454404,-27.88936145273444,31.52982448224717
2026-04-29 06:52:29.140800,S005,ph,6.2507949887937535,-24.04141002228043,19.734647157861986
2026-02-16 04:52:29.140800,S005,soil_moisture,0.5163954499655075,-30.341815264368545,19.19219186783161
2026-09-19 16:52:29.140800,S005,ec,2.1106764818801675,-26.347359946202623,19.274798540194666
2026-05-29 19:52:29.140800,S003,ec,1.2845136135152868,-30.84132553026254,29.34795388009616
2026-11-15 15:52:29.140800,S002,soil_moisture,0.4846643575845858,-27.654904512253914,18.649643680065775
2026-05-12 17:52:29.140800,S004,temperature,12.469964764318135,-32.6033311671027,21.781960982312857
2026-07-29 13:52:29.140800,S004,soil_moisture,0.574047359017178,-30.01512821355248,29.239125051255556
2026-07-15 10:52:29.140800,S002,ec,1.5149635989189134,-32.4410481383525,18.21039807307778
2025-11-20 03:52:29.140800,S001,ec,0.9642100514268558,-25.481452588298232,24.376526018670404
2026-06-12 13:52:29.140800,S004,ph,6.373108333786057,-29.898627920247158,27.93847951604509
2026-11-23 07:52:29.140800,S004,ph,6.341425677620435,-27.72698159669212,19.87837095525049
2026-08-29 20:52:29.140800,S005,temperature,33.75853511904659,-26.862039078647754,20.894515830713495
2025-12-13 01:52:29.140800,S001,temperature,32.92429776066923,-30.810223446843057,24.280258938192006
2026-10-16 08:52:29.140800,S005,ph,6.697377859996727,-32.35093107021535,24.508111651484217
2026-08-19 18:52:29.140800,S001,ph,6.906030980785097,-29.159731536442237,25.94927884230406
2026-01-19 20:52:29.140800,S005,ph,6.463703798368879,-24.99500992304138,21.407259920699996
2026-07-28 17:52:29.140800,S005,ec,2.1091813715967804,-27.155344677881303,26.750097420379873
2026-11-09 08:52:29.140800,S005,temperature,28.668557888214348,-29.55393756487683,29.624062957430404
2026-07-15 19:52:29.140800,S001,soil_moisture,0.5132661462108333,-30.916147659104638,23.040872697413814
2025-10-04 01:52:29.140800,S004,humidity,41.87345215878067,-24.30718173203342,23.899473776527387
2026-01-02 16:52:29.140800,S002,ph,7.0500630763452765,-27.54704452328727,31.786135444730707
2026-10-05 03:52:29.140800,S002,soil_moisture,0.4627224756503649,-25.576335870465805,25.3108135236371
2026-01-05 14:52:29.140800,S001,soil_moisture,0.6500762599542687,-28.757690249348688,23.997455282545438
2026-10-30 10:52:29.140800,S003,soil_moisture,0.4126328167667625,-33.78377345210397,22.734235883633957
2026-05-17 04:52:29.140800,S005,ph,6.920817893192103,-27.69397196709563,23.34019531005898
2026-10-13 20:52:29.140800,S001,ec,1.8093534271872216,-29.68102405101962,22.137561318354525
2026-02-21 19:52:29.140800,S001,ec,2.311286382196702,-25.872073342111577,28.186079774520692
2025-10-22 19:52:29.140800,S001,soil_moisture,0.3752801619247738,-27.98234185751054,25.537013145271366
2025-11-02 17:52:29.140800,S001,soil_moisture,0.5338108633925437,-31.83069216642441,19.756257956243076
2026-02-08 06:52:29.140800,S001,temperature,5.343882154836717,-24.26678803694628,19.373353767674267
2026-10-06 22:52:29.140800,S002,soil_moisture,0.699649985087445,-27.363307190867353,20.86711587604997
2026-05-19 10:52:29.140800,S001,ec,0.8914784570071054,-24.89765754800242,19.677065926291963
2026-03-11 23:52:29.140800,S001,soil_moisture,0.6309565411080138,-33.37531157461338,22.28064739311884
2026-04-11 08:52:29.140800,S004,humidity,96.10309392482756,-26.25606491979279,21.629761615333166
2026-11-22 19:52:29.140800,S003,ec,1.3484986300787953,-29.112683067763705,27.126362653671794
2026-04-30 03:52:29.140800,S005,ec,1.3899296252796602,-25.28540837092335,30.38776073086733
2026-10-22 05:52:29.140800,S001,ph,6.883717241065058,-25.915714685134574,18.262491933898012
2025-12-06 08:52:29.140800,S005,soil_moisture,0.3974169020322382,-29.53518066168367,24.535521315033904
2026-01-06 09:52:29.140800,S002,ec,1.5733992392051979,-28.686625540437944,31.519435498755424
2026-01-16 15:52:29.140800,S002,ph,5.27367146175686,-25.3135589413491,18.513067501471937
2026-10-09 00:52:29.140800,S002,humidity,71.98944128634494,-28.1262904750588,21.86238793532656
2026-05-07 14:52:29.140800,S004,ec,1.1067375413458587,-28.385710120191238,25.730606582314742
2025-10-29 11:52:29.140800,S003,soil_moisture,0.4836200492363688,-27.496591030765227,24.74246250886502
2026-05-27 16:52:29.140800,S001,humidity,43.45686035923401,-27.740447533815175,21.602225936166796
2026-06-09 07:52:29.140800,S002,ph,6.380170707476299,-28.482584997678796,27.349128108727776
2026-10-20 00:52:29.140800,S002,ec,-10.082253725789506,-33.51120177452156,18.723713161434418
2025-12-19 15:52:29.140800,S005,temperature,32.43928525910359,-27.195962181712204,20.26878821141564
2026-10-04 05:52:29.140800,S001,temperature,28.466498723836903,-25.663771276771268,24.651348697234177
2025-10-21 04:52:29.140800,S002,humidity,86.15417732860182,-27.970020942912647,24.12746804719094
2026-01-08 15:52:29.140800,S001,ph,6.340093301872752,-25.312069222496348,22.689773350137592
2025-12-31 21:52:29.140800,S004,humidity,52.23499624024927,-26.282224278606108,24.452840709780233
2026-07-13 21:52:29.140800,S002,temperature,21.435123312527526,-29.28357186948768,23.113290286567292
2026-10-25 12:52:29.140800,S001,temperature,26.567111275610813,-24.0404023380813,30.307431570498533
2025-11-12 09:52:29.140800,S002,ph,6.707140861904935,-27.83404066300455,25.256285506436512
2026-01-20 20:52:29.140800,S003,ec,2.106863096160585,-25.62118896458169,29.00217804570999
2026-03-06 16:52:29.140800,S001,temperature,26.391623131411343,-29.613324284491895,18.6456630668681
2026-10-20 03:52:29.140800,S005,humidity,88.8353546280058,-29.72342479670052,19.90366683000963
2025-11-19 05:52:29.140800,S005,ph,6.478634242433461,-28.583986414357625,21.08000627961482
2026-06-13 09:52:29.140800,S003,soil_moisture,0.7417284532809194,-24.501296597163027,24.701033404925354
2026-08-20 17:52:29.140800,S004,temperature,30.824069277742474,-27.84863521768581,25.481559296139658
2025-10-11 22:52:29.140800,S002,temperature,32.975897390753374,-28.547943584867337,23.012174223713714
2025-11-15 05:52:29.140800,S003,soil_moisture,0.6697754843814856,-31.936406510996207,29.03801020315889
2025-11-16 10:52:29.140800,S003,soil_moisture,0.4315069926390641,-32.01940356738218,18.079204444045192
2026-08-24 17:52:29.140800,S001,soil_moisture,0.4247466987543469,-29.484087313185807,28.893707758290983
2026-10-17 21:52:29.140800,S003,soil_moisture,0.46068598380915876,-26.0057244793844,27.344886199935438
2026-01-09 01:52:29.140800,S001,humidity,52.32209030689157,-27.22991492144453,28.580319486438377
2026-11-08 05:52:29.140800,S003,temperature,25.24942403842875,-30.72495425337697,23.081800383682783
2026-04-28 15:52:29.140800,S003,ec,1.844239994613035,-31.382863553295472,21.87594651817605
2026-07-05 21:52:29.140800,S005,soil_moisture,0.42300722038859767,-25.879873535125252,23.447195101084027
2025-11-23 23:52:29.140800,S005,soil_moisture,0.4194771394875608,-29.48518938309507,29.28874700500984
2026-10-11 07:52:29.140800,S005,soil_moisture,0.5229593087042942,-31.78653456320807,19.173616316165443
2026-07-17 17:52:29.140800,S001,temperature,36.657538770938,-27.710515008328205,26.72387114005275
2026-10-23 13:52:29.140800,S004,temperature,26.432243976343123,-33.44700446459547,23.46821412813842
2026-02-04 06:52:29.140800,S005,humidity,69.8067781962859,-30.462537587250054,18.539059275665267
2026-05-18 10:52:29.140800,S003,ph,6.53287458874977,-30.3004287295483,23.39687672560398
2026-02-18 21:52:29.140800,S002,ec,1.4130473699875583,-31.944863354743703,24.533617680221166
2025-10-25 13:52:29.140800,S003,humidity,75.6323862155895,-24.89714516234367,21.685060355693626
2026-06-21 04:52:29.140800,S005,ec,1.4458503786197328,-31.37846876737226,28.394963707951398
2026-02-28 23:52:29.140800,S005,temperature,17.931061539044737,-30.529337522074297,26.047729265060863
2025-12-05 20:52:29.140800,S002,temperature,35.9472915532333,-33.53948404118269,30.513968155600708
2026-04-21 10:52:29.140800,S002,humidity,56.81437312088151,-32.6933549017026,25.95512589985362
2026-11-01 20:52:29.140800,S003,temperature,30.298797660496064,-25.395055660572524,26.304917983576765
2026-08-27 05:52:29.140800,S001,temperature,21.416811789383367,-26.807199182503737,20.598290837085784
2025-10-24 19:52:29.140800,S005,ec,1.2973756022353617,-28.814336591333372,20.260075411925058
2026-08-15 19:52:29.140800,S003,ec,0.40564884891067976,-27.470892559727822,19.4996569566848
2026-03-28 00:52:29.140800,S004,ec,1.2861479245600878,-25.64319327855458,30.733072260465374
2026-02-01 03:52:29.140800,S004,ph,6.484853967720617,-26.67924657850515,19.918782719508073
2025-11-22 12:52:29.140800,S003,soil_moisture,0.5246001888081517,-28.585902094966123,31.840599380215746
2026-11-20 03:52:29.140800,S003,temperature,23.603637508905187,-25.847941568661366,25.408028059594763
2026-05-02 19:52:29.140800,S005,ec,2.426370799082672,-27.91335693615779,18.577090595842108
2026-03-16 10:52:29.140800,S002,soil_moisture,0.7156096373830223,-25.538476616063193,21.87326375482268
2026-04-09 19:52:29.140800,S001,soil_moisture,0.6052059302815846,-33.60028633364111,23.575322998509535
2026-10-28 01:52:29.140800,S002,soil_moisture,0.5600555642543565,-29.15834060434906,22.869932612206725
2026-02-20 01:52:29.140800,S003,humidity,42.06227396593637,-27.512300773527606,19.952795096720948
2026-05-02 15:52:29.140800,S002,humidity,82.54335669011037,-30.925935129166916,19.188265062553054
2025-11-26 22:52:29.140800,S004,temperature,-0.47419143068351843,-24.228873625600734,18.98969603611942
2026-05-06 15:52:29.140800,S005,ph,6.764568178201708,-33.353264718546676,20.65601461363898
2026-02-09 01:52:29.140800,S004,soil_moisture,-6.074556492909179,-30.103091937922393,29.528038451665257
2025-11-25 09:52:29.140800,S005,ec,1.8768384449082576,-30.47480174052963,20.562038056600752
2026-01-19 23:52:29.140800,S004,temperature,27.734837915754646,-26.71708599942985,24.60309668519075
2026-06-08 11:52:29.140800,S001,humidity,67.22937825915638,-33.731290703021685,30.008016550826532
2026-05-22 07:52:29.140800,S001,soil_moisture,0.3030388682492682,-29.24295351323304,26.084780839327728
2026-01-20 03:52:29.140800,S005,soil_moisture,0.2887312214834128,-30.571350765427958,31.784099842791782
2026-08-26 12:52:29.140800,S001,humidity,72.47272511039147,-29.462092159583197,30.47104469745527
2025-12-26 02:52:29.140800,S005,soil_moisture,0.25901881234331287,-30.973107863115874,27.70473370359068
2025-11-08 07:52:29.140800,S004,ec,1.3634880350390148,-31.118400554166286,26.55026387047745
2025-11-23 06:52:29.140800,S005,humidity,42.32936861124749,-31.881845145949907,28.235779124522246
2026-04-21 04:52:29.140800,S002,temperature,21.2235644224581,-29.704016784846175,24.24288365596404
2026-07-07 15:52:29.140800,S003,ph,6.250955763797949,-28.700012726955922,31.631610243198864
2026-05-05 19:52:29.140800,S005,soil_moisture,0.3693640616823417,-31.71094752586623,25.642936413827513
2026-05-08 18:52:29.140800,S001,ph,6.0713080733429345,-27.61888819110306,20.668779962121107
2026-02-02 08:52:29.140800,S005,ph,7.145957459344989,-32.61692623900083,18.298247198287818
2026-05-08 00:52:29.140800,S003,ph,5.67092454046057,-26.756465917475992,22.157785912833432
2026-08-17 06:52:29.140800,S003,ec,1.1822308741286873,-28.53466289399845,18.356557303831963
2026-09-09 23:52:29.140800,S002,humidity,54.99715436157645,-32.92069133222571,20.057458983577874
2026-11-18 18:52:29.140800,S004,humidity,45.47977107067132,-27.320153971539938,25.194185645882143
2025-12-31 18:52:29.140800,S005,temperature,18.085199873840388,-26.34184356325223,24.12043774228412
2026-07-31 14:52:29.140800,S001,soil_moisture,0.9240236201627966,-32.08103060390713,24.232277176196618
2026-10-25 16:52:29.140800,S002,soil_moisture,0.585910345242979,-28.32859693280416,23.197766717506628
2025-12-16 21:52:29.140800,S003,ec,1.6918797034795432,-32.13750159388311,18.607532612710965
2026-02-26 09:52:29.140800,S001,humidity,38.12499223940517,-29.714537307438512,26.95017261630941
2026-05-06 07:52:29.140800,S001,soil_moisture,0.536703030811016,-33.72721731172996,26.656203199297103
2026-09-30 23:52:29.140800,S001,humidity,90.2571347553394,-29.0859432347505,25.856638435094588
2026-06-21 14:52:29.140800,S002,temperature,14.274319511181357,-26.638808989935335,29.270118794353344
2025-11-22 23:52:29.140800,S003,humidity,65.13949918848697,-33.350996051720486,18.974247826061415
2026-05-18 02:52:29.140800,S002,humidity,43.30169588256028,-25.210153258161938,30.497986429868845
2026-06-18 10:52:29.140800,S002,ec,2.0151372693131417,-24.437995577341496,21.397564899555967
2025-12-10 11:52:29.140800,S001,temperature,28.77774380099764,-29.40486367116852,18.36944159808785
2025-11-16 13:52:29.140800,S003,humidity,55.426472096978785,-24.848518841009145,31.394582731099685
2026-07-13 21:52:29.140800,S002,temperature,18.61263380017018,-25.79713959478105,20.91854769210167
2026-08-24 00:52:29.140800,S005,humidity,39.317153312969424,-29.809143341621628,22.13040770102314
2026-08-11 20:52:29.140800,S005,humidity,52.9935047811286,-24.240983304736194,25.30403802910102
2026-03-04 10:52:29.140800,S001,ec,1.899101740053427,-32.41459136334179,29.456358057773066
2026-08-09 23:52:29.140800,S004,soil_moisture,0.41694394806905616,-26.63381362374025,20.528763737143525
2026-09-26 19:52:29.140800,S001,temperature,39.33935198592191,-27.18163265505297,21.023794425486226
2026-11-19 05:52:29.140800,S003,ph,6.987578365394912,-33.56108453903835,24.755223886884888
2026-03-09 23:52:29.140800,S003,soil_moisture,0.7167092282028449,-29.31254310559204,23.915565060583475
2026-04-16 01:52:29.140800,S005,temperature,12.814427041654735,-32.182689649584304,23.400775615772748
2026-10-20 12:52:29.140800,S004,ec,2.3648811826318803,-31.77088463162338,22.77360675477751
2026-01-23 18:52:29.140800,S004,ph,6.8548592019109655,-32.24406222037619,31.213040966452173
2025-12-11 15:52:29.140800,S003,ph,6.543776612454169,-30.38529814268916,30.430599589539067
2026-09-03 11:52:29.140800,S002,ph,6.0212041653640895,-26.370216500029876,18.92769168187348
2026-05-05 20:52:29.140800,S002,ec,1.6982482063647522,-33.0159003235433,18.918799338543423
2026-04-02 06:52:29.140800,S003,temperature,22.761420246062748,-27.31829144638816,31.921447164321684
2026-11-15 01:52:29.140800,S004,temperature,31.827413809529062,-31.284025252659045,25.24912951467899
2026-07-02 05:52:29.140800,S004,humidity,48.58710026448048,-27.531594643257147,19.220625537957883
2026-09-22 02:52:29.140800,S003,ph,6.565713316182606,-29.8327330840187,19.970852699202208
2025-10-24 03:52:29.140800,S002,temperature,25.264940765508374,-24.98217064487484,20.458841519070837
2026-02-16 13:52:29.140800,S003,soil_moisture,0.6928253977322237,-33.81985092228134,18.53634703253144
2026-03-23 10:52:29.140800,S001,humidity,96.93298245917502,-29.98520816827005,29.177276956622663
2025-10-05 06:52:29.140800,S001,humidity,31.7193837925114,-27.987405341440898,29.889149938617983
2025-12-16 17:52:29.140800,S003,temperature,22.52318460015146,-33.620144644785036,30.836999024835595
2025-12-11 05:52:29.140800,S005,temperature,22.790454258143534,-25.04938527260797,28.715228809458885
2026-10-05 12:52:29.140800,S002,humidity,104.38999867481925,-32.95399139291768,29.635497378092467
2026-07-02 14:52:29.140800,S005,temperature,23.088389696072237,-28.821227201634542,30.166216644396908
2026-07-08 15:52:29.140800,S002,temperature,23.14598041180809,-24.899559038025124,20.71014153510539
2026-04-24 22:52:29.140800,S003,humidity,48.95506863149534,-26.242943979787686,28.42050215794848
2026-07-19 20:52:29.140800,S004,humidity,50.97256860075998,-26.44217594079548,28.729253142551872
2026-09-20 15:52:29.140800,S005,humidity,77.2382366602935,-32.36001432903397,26.88507631572952
2026-05-12 01:52:29.140800,S005,ec,1.1398767125244889,-24.933536528203415,19.628720820064412
2026-03-03 21:52:29.140800,S005,humidity,27.415046064140213,-29.561659051730285,23.883353856534455
2025-11-07 23:52:29.140800,S002,ec,2.1618757926898744,-31.549879523138046,19.313184966638772
2025-10-07 20:52:29.140800,S002,soil_moisture,0.6699443164968837,-28.480671316675764,26.667075638698066
2026-06-17 02:52:29.140800,S004,soil_moisture,0.19895866225835745,-26.5625523675266,29.5942421553423
2026-02-19 01:52:29.140800,S005,temperature,26.264769641245955,-30.536921786867712,26.05542811467651
2026-08-04 22:52:29.140800,S005,ph,6.974204613958943,-32.755047428464174,26.986685633946788
2026-04-28 21:52:29.140800,S001,humidity,35.79408153068265,-31.520834212071932,29.774993506130432
2025-10-07 13:52:29.140800,S002,soil_moisture,0.5596544562023514,-28.788506024865026,29.532612671843836
2026-08-03 02:52:29.140800,S004,ph,5.500647439760048,-33.67480494319405,19.413994290730166
2026-10-08 21:52:29.140800,S003,soil_moisture,0.49817759379678267,-25.906415882458287,24.391277173981557
2025-10-14 04:52:29.140800,S001,soil_moisture,0.854681665903988,-30.69886857070449,26.007086871184953
2025-11-17 05:52:29.140800,S005,ph,5.869156131523356,-27.912998788815152,29.992014758433953
2026-05-03 20:52:29.140800,S001,ph,6.297359133666248,-28.510856263769426,20.480638890504732
2026-04-18 07:52:29.140800,S005,temperature,23.558104852351466,-29.138321798432315,21.694347966133893
2025-10-24 15:52:29.140800,S001,ph,6.724339084406972,-31.68549461868078,20.480226378996214
2026-08-06 06:52:29.140800,S001,soil_moisture,0.5402722226196428,-31.87039298161276,24.861847401886326
2026-06-20 15:52:29.140800,S001,temperature,16.030715379908635,-27.056567947452443,19.87019634546774
2026-05-20 05:52:29.140800,S005,ph,5.913618095002482,-27.124516609759105,23.00910257892536
2026-02-27 13:52:29.140800,S001,ec,2.144739343478008,-32.794737232639136,20.150028194898532
2026-10-04 06:52:29.140800,S004,ec,1.43651944818224,-31.30302947772447,19.83690035376579
2026-05-06 01:52:29.140800,S005,soil_moisture,0.6302764822551825,-28.568022007394596,22.127700832161004
2026-10-24 09:52:29.140800,S002,ph,6.959185223777532,-29.54000208394003,30.590029480731552
2026-08-20 13:52:29.140800,S005,temperature,15.681132838859439,-29.2173194345307,29.580661152992747
2026-09-25 06:52:29.140800,S002,soil_moisture,0.30124501294402173,-30.052227278771436,30.44999538108892
2026-10-20 02:52:29.140800,S001,ph,5.845881750233627,-26.544453806649756,24.11762107101156
2026-02-12 00:52:29.140800,S003,ph,5.438889564007441,-32.30656999150372,19.73169846752451
2026-07-09 04:52:29.140800,S005,ec,1.658615121616292,-28.102398559435557,27.515464344464615
2026-08-14 21:52:29.140800,S001,ec,0.9322268918931818,-27.318850761142105,22.347464038241746
2026-03-12 02:52:29.140800,S002,ec,1.688517214872118,-24.21466685494501,26.230604167539752
2026-02-03 15:52:29.140800,S003,soil_moisture,0.7334369792254659,-26.669795506436458,23.742780477523546
2026-05-13 17:52:29.140800,S003,humidity,53.897192177876605,-28.695021876906587,25.848666043842105
2025-12-10 19:52:29.140800,S001,humidity,64.74847799807497,-30.434595596376692,31.58069049027899
2026-06-09 15:52:29.140800,S004,soil_moisture,0.5747010862801487,-27.19357478573727,24.939116846425513
2026-02-27 17:52:29.140800,S001,ph,5.7487487340393235,-29.19207505221641,23.612876922860032
2026-03-23 07:52:29.140800,S001,ec,2.1498872873392254,-26.18150139745017,29.916650412835672
2026-06-29 23:52:29.140800,S004,ph,6.95145030545855,-33.600993792272284,20.09449521797179
2026-02-09 01:52:29.140800,S002,ph,6.2053528772470115,-26.735594593727996,21.521505132669358
2025-10-05 17:52:29.140800,S004,soil_moisture,0.6100335871048895,-28.10819841236055,22.332080826284553
2025-11-30 07:52:29.140800,S005,soil_moisture,0.43885711080317846,-30.962048884110047,21.402325892820866
2026-04-23 10:52:29.140800,S003,soil_moisture,0.6423286333167781,-25.33898678720928,25.22499769043123
2026-11-14 03:52:29.140800,S002,temperature,40.350922247085336,-27.473228298660803,31.30339000626909
2025-10-22 19:52:29.140800,S004,ph,6.692410274782707,-27.869395378536506,25.364518462891617
2026-07-11 11:52:29.140800,S002,ph,6.700058396839438,-24.22144729638598,31.9868685388126
2026-04-14 18:52:29.140800,S003,ph,7.794797192152183,-26.937014125515386,27.494055621257402
2025-10-27 10:52:29.140800,S002,humidity,50.601759840336584,-25.857970968751523,22.532344323504
2025-11-11 17:52:29.140800,S002,ec,0.8543518845323592,-32.22049265953672,30.51761905067621
2025-12-14 13:52:29.140800,S001,ph,6.279674201501563,-33.359109450505144,24.22942853193524
2025-12-17 18:52:29.140800,S002,ec,0.9287368015508152,-31.18086617593325,25.659138544410425
2026-08-07 15:52:29.140800,S003,soil_moisture,0.33316029247448625,-26.367220401410265,27.224870656115815
2026-07-07 02:52:29.140800,S005,temperature,9.428866126373876,-26.357836876275048,20.635092209865412
2026-02-16 05:52:29.140800,S005,ec,1.6862875287654209,-30.141439355964454,18.578564987941274
2026-01-02 14:52:29.140800,S002,temperature,20.56357455090137,-25.09925331589181,26.128171446322302
2026-04-03 03:52:29.140800,S001,humidity,63.14130692915026,-32.529539242554804,25.961175962943724
2026-09-19 01:52:29.140800,S004,soil_moisture,0.7019596802847432,-25.796229374486884,20.61669260852824
2026-03-28 19:52:29.140800,S003,temperature,33.16127556472949,-24.85044452022928,27.02172855612813
2026-09-13 13:52:29.140800,S002,temperature,27.976949080600864,-24.079409268309572,31.50449024902649
2026-08-09 05:52:29.140800,S001,humidity,83.94960887158803,-30.11743072970753,29.119688194915135
2025-12-27 19:52:29.140800,S003,temperature,34.15755423013676,-28.747056636245354,31.812525881557924
2026-01-09 11:52:29.140800,S003,temperature,24.79722695179123,-28.777948893819755,27.07579148545493
2026-06-02 02:52:29.140800,S002,ec,0.5760685958968871,-30.881559217310915,24.775788198065587
2026-10-03 01:52:29.140800,S005,humidity,52.993169574585956,-31.877412018325643,21.43626425449894
2026-11-12 14:52:29.140800,S004,ph,6.558860853619084,-33.55127581406019,21.17447371763151
2026-09-18 00:52:29.140800,S002,temperature,19.59728179983874,-32.2541693309855,30.311120647156432
2026-04-28 06:52:29.140800,S002,soil_moisture,0.44445037186414105,-26.91913488001583,27.746985640662295
2026-01-19 22:52:29.140800,S004,ec,1.020888575376357,-31.63652570844485,30.868295767970288
2026-01-31 19:52:29.140800,S004,humidity,64.81223231663446,-29.394389834049782,20.491354255304095
2026-08-24 08:52:29.140800,S003,ec,1.3873864901944828,-26.648253393063605,22.75592971694696
2026-04-10 02:52:29.140800,S001,soil_moisture,0.5567844090470269,-24.438917587814935,26.512010925231074
2026-07-04 22:52:29.140800,S003,temperature,31.984700454552655,-27.663612320309245,27.62867357074959
2026-06-20 04:52:29.140800,S001,soil_moisture,0.40946961661458176,-30.922360517854088,22.7677943955528
2026-08-21 21:52:29.140800,S002,temperature,26.149058920886375,-24.791582179358265,18.745252739360325
2026-09-22 05:52:29.140800,S001,soil_moisture,0.538363831715491,-25.80043134305221,18.828374450349603
2026-04-14 11:52:29.140800,S003,ph,6.392232225761927,-30.267684677207388,21.854607187862882
2026-04-05 03:52:29.140800,S004,ec,-13.550945332535715,-31.154043462627012,26.56235149883188
2026-11-03 13:52:29.140800,S005,ec,1.958826015060888,-31.183432540575076,24.159399767307256
2026-03-16 06:52:29.140800,S004,temperature,28.53947694247855,-32.72030129904619,21.270844993275883
2026-09-19 07:52:29.140800,S001,humidity,57.79593646583371,-30.698064337134248,18.667946757540754
2026-07-11 02:52:29.140800,S002,temperature,24.098285019117775,-25.172515158449187,31.162484613869957
2026-09-06 08:52:29.140800,S004,temperature,8.850624661602478,-28.515339699801203,23.20185419700053
2026-09-02 10:52:29.140800,S001,temperature,29.933727985246627,-30.833781146907416,21.850181170178615
2026-04-14 13:52:29.140800,S001,temperature,40.634384321114226,-31.824757620671896,22.258212267151162
2026-04-16 13:52:29.140800,S001,humidity,72.57029159186247,-30.232233534331854,22.25210334079234
2026-01-27 11:52:29.140800,S005,ph,7.612816198110664,-31.41108481638929,27.855440210557664
2026-11-19 20:52:29.140800,S004,soil_moisture,-4.400507869024401,-30.56445849324363,23.124604542315062
2026-07-19 01:52:29.140800,S002,ph,6.445076162056423,-25.005996559579806,25.55156688262958
2026-09-23 01:52:29.140800,S001,soil_moisture,0.3232694984399113,-32.77072049802442,20.16563756662932
2026-08-18 08:52:29.140800,S003,soil_moisture,0.39525660669257084,-27.8910202458054,26.696952588338
2026-10-10 12:52:29.140800,S001,ec,2.33927732428532,-27.882493523395333,21.28724024004206
2026-04-17 20:52:29.140800,S005,ph,7.185469343822288,-31.408329138405715,21.473988938576205
2026-09-03 09:52:29.140800,S004,soil_moisture,0.24162234192912446,-28.742942686027114,21.43475114244992
2026-08-15 14:52:29.140800,S004,humidity,60.18139468220968,-28.104383896265393,26.725641603762696
2025-10-09 23:52:29.140800,S001,ph,6.946757918700045,-24.41312537701173,20.825187379383806
2025-12-02 10:52:29.140800,S004,ec,1.6709266413443487,-26.80415628037133,21.709514836919574
2026-01-10 02:52:29.140800,S003,temperature,13.478677523973523,-27.492139228940456,22.691305453418117
2025-11-29 04:52:29.140800,S004,soil_moisture,0.8530780153498256,-31.16390563998621,28.186538311035278
2025-11-09 12:52:29.140800,S003,ec,1.601714847828568,-28.50392163048456,23.980145571227546
2026-09-05 22:52:29.140800,S005,temperature,22.253340768986718,-29.930338880459537,24.828064184352527
2026-03-14 07:52:29.140800,S001,temperature,26.102424718335936,-31.842530276438545,19.634921081307937
2026-04-01 08:52:29.140800,S001,ph,6.689254735892306,-29.826569398819423,23.666284872727946
2026-11-01 23:52:29.140800,S002,ph,6.833902580026633,-30.900942369785316,25.691681923701076
2026-06-16 09:52:29.140800,S002,ec,0.9578788481933804,-26.330103971731067,21.851742980076608
2026-06-06 12:52:29.140800,S003,ec,2.7057886922303283,-31.677095407684995,26.635684817506313
2026-03-13 02:52:29.140800,S001,ph,6.434238365984819,-30.91501267836741,18.378927116434014
2026-08-22 20:52:29.140800,S003,ec,1.6917915203929144,-26.42289831825051,28.097775389501173
2026-07-26 13:52:29.140800,S005,ec,1.598156550514692,-31.760399640427117,22.099488527678847
2026-05-08 08:52:29.140800,S002,ph,5.7854573797231295,-32.57994826271938,31.67828151311508
2026-10-13 13:52:29.140800,S002,ec,1.935841167433641,-25.242985233900228,25.93644149238807
2025-11-17 12:52:29.140800,S003,ph,-13.007723273632424,-27.410678306977758,27.476672347212826
2026-08-21 17:52:29.140800,S005,humidity,46.34916273986666,-32.84176569222702,26.646927086423542
2026-05-15 07:52:29.140800,S001,soil_moisture,0.49794837914947154,-31.30322048115254,24.259205994198116
2026-07-16 07:52:29.140800,S004,soil_moisture,0.612919417811827,-27.819173920631336,18.382162256024813
2026-06-12 01:52:29.140800,S005,ph,6.55538336836474,-26.550207880462843,23.717650753830153
2026-11-23 09:52:29.140800,S003,humidity,88.9202999858482,-25.55916939749068,19.981819916751817
2026-09-20 19:52:29.140800,S004,soil_moisture,0.3234527155815259,-28.20037469924176,18.487950831788137
2025-12-18 05:52:29.140800,S004,ph,6.285081088942012,-29.10324617956462,22.02569624082242
2026-08-24 20:52:29.140800,S003,humidity,58.966513835920566,-25.2304836390577,30.905606533723663
2025-11-10 00:52:29.140800,S005,soil_moisture,0.5988619759574918,-28.8762548719757,18.685190777599573
2026-10-28 17:52:29.140800,S003,humidity,117.28136992073135,-26.037317149060634,22.262720890696002
2026-01-11 10:52:29.140800,S002,ph,6.430468070470624,-32.636175933742315,19.263724228872928
2026-01-18 07:52:29.140800,S002,temperature,26.554692100117002,-32.33218826824883,29.117031768925834
2026-02-12 22:52:29.140800,S003,soil_moisture,0.24157460549666654,-32.69107556915961,29.634990293272132
2026-01-18 21:52:29.140800,S002,humidity,89.91440510742342,-29.19154389294267,31.028668328292994
2026-04-12 12:52:29.140800,S003,temperature,30.624574289070665,-32.28691439058831,27.884386612210903
2026-04-24 01:52:29.140800,S004,humidity,69.32784359380365,-31.641215215655212,22.93384685770748
2026-06-19 21:52:29.140800,S002,humidity,36.000011801062385,-25.33369253806452,20.656371123487716
2026-04-13 05:52:29.140800,S005,ph,6.08168493192769,-25.19697221616662,23.94082209262215
2026-01-27 14:52:29.140800,S004,soil_moisture,0.5039823464879083,-31.61492565955054,29.734389921036385
2026-03-28 08:52:29.140800,S001,ec,1.642718356368155,-30.169603564060754,23.279424087483406
2025-12-13 04:52:29.140800,S001,humidity,78.0209777447545,-25.52378455787506,24.03675330678106
2026-09-17 00:52:29.140800,S004,temperature,22.08646656457728,-32.2502483446912,22.339208076269767
2026-03-27 12:52:29.140800,S003,ec,0.7269185870360184,-27.49587995506753,24.702691798068507
2026-10-28 16:52:29.140800,S003,soil_moisture,0.5688643596784273,-29.974664328534594,20.387041453345667
2025-10-12 13:52:29.140800,S002,humidity,85.82341373936862,-29.95735077046864,19.469760186947504
2026-07-27 03:52:29.140800,S001,temperature,18.149700998624635,-25.91337114775969,29.41894966253021
2025-10-30 07:52:29.140800,S002,ec,0.8674351485033319,-26.94173083476965,25.235135727750638
2025-10-12 17:52:29.140800,S004,temperature,11.45226407645039,-32.57582124939686,30.008550540676417
2026-05-20 23:52:29.140800,S003,temperature,30.046640715768156,-31.568914069719522,18.553556043121564
2026-03-23 18:52:29.140800,S002,temperature,14.63712895657734,-30.705067435875087,24.05103646804436
2026-08-09 15:52:29.140800,S002,soil_moisture,0.274503640339803,-30.330517840605935,31.590978950118934
2026-07-26 00:52:29.140800,S005,humidity,47.570046328830905,-24.19964288729887,28.492808716346204
2026-01-27 18:52:29.140800,S002,ec,1.1590341009483205,-27.338742962021065,23.17301982786158
2026-09-22 01:52:29.140800,S005,ph,6.5310082201453925,-30.44078095139487,23.2330051183881
2025-12-20 16:52:29.140800,S005,ec,0.7549010808792871,-29.562272738436356,26.059428551693635
2026-07-06 03:52:29.140800,S003,temperature,16.460497094136276,-29.98453820749918,21.197845664149465
2026-02-08 04:52:29.140800,S005,soil_moisture,0.3668508647790312,-33.488370790442,18.92397782734563
2026-08-30 20:52:29.140800,S001,ec,1.3309928355805027,-26.004339882186496,24.841992042249302
2026-10-18 09:52:29.140800,S003,temperature,17.932979175850317,-29.315726859176955,22.128195261354943
2026-10-09 14:52:29.140800,S004,ec,14.503693812368482,-32.55330207221855,21.659529515497994
2026-08-22 07:52:29.140800,S004,humidity,89.33100044631718,-30.7250881102656,26.429373046196925
2026-04-19 19:52:29.140800,S004,ph,6.937933888978523,-26.11945535971132,20.237956601237556
2026-08-22 21:52:29.140800,S003,temperature,34.72789005361219,-27.326482018040586,29.719467316334907
2026-04-24 21:52:29.140800,S001,soil_moisture,0.6417215359337778,-32.62307072340055,25.58323118428477
2026-01-26 20:52:29.140800,S005,ec,0.4154902457571823,-28.227452629851904,27.813378136785193
2026-08-31 21:52:29.140800,S001,soil_moisture,0.5809653871838318,-26.53329265838547,21.686833430707573
2025-11-14 01:52:29.140800,S005,humidity,83.82088833476621,-30.020188393300696,27.407310752470657
2026-06-07 10:52:29.140800,S005,soil_moisture,0.400220572538516,-29.114993331241905,25.114452889526987
2025-11-05 16:52:29.140800,S004,humidity,38.42920840383812,-24.147696718201942,22.857045137866162
2025-11-04 19:52:29.140800,S002,soil_moisture,0.31472658546896554,-25.969818478567298,22.916408942156576
2025-12-08 13:52:29.140800,S004,humidity,63.43333981718183,-24.940258638341085,26.97646382057312
2026-06-10 22:52:29.140800,S005,soil_moisture,0.5175808086641518,-24.62788055453326,29.02274183230505
2026-01-15 03:52:29.140800,S005,humidity,72.7187084375888,-33.00661373461238,26.821016147849683
2026-05-15 06:52:29.140800,S003,ph,6.474716965749364,-31.54393450196332,31.835802912177545
2025-11-01 13:52:29.140800,S004,ec,1.994386906878142,-29.03500062693948,20.58740621275443
2026-07-17 10:52:29.140800,S005,ph,6.088050841279783,-26.872814806129284,29.38263095561041
2026-08-29 12:52:29.140800,S005,ph,6.140977332532897,-28.97141226371492,29.610555259060444
2026-05-14 15:52:29.140800,S005,temperature,27.441325804329267,-24.531722963561624,29.000635869902652
2026-01-15 15:52:29.140800,S001,ec,0.7285973462144709,-29.89318426543778,26.926402229268128
2026-07-05 07:52:29.140800,S005,ph,6.37358832482754,-28.999125417564397,26.931694672016366
2025-12-29 15:52:29.140800,S003,ec,1.8780574919993072,-27.798820149645493,22.535549875820827
2026-10-21 07:52:29.140800,S003,ph,5.907988650577044,-33.025540825298705,31.47629317611807
2025-12-28 15:52:29.140800,S003,humidity,32.26647220664039,-33.76029048835827,19.981047444623766
2026-01-30 04:52:29.140800,S003,temperature,23.339376564083622,-27.215678193421184,18.10309341941337
2026-02-12 05:52:29.140800,S005,ph,5.942423533260272,-24.51275058868969,27.214206270323334
2026-10-04 16:52:29.140800,S002,temperature,20.238129516949765,-26.65004990063316,30.29354071958352
2026-10-09 23:52:29.140800,S003,temperature,27.02217226188014,-31.816505733647624,22.10713303439361
2026-01-10 08:52:29.140800,S004,ph,6.227147749419818,-26.97202721238757,23.229650854637406
2026-02-04 22:52:29.140800,S002,humidity,94.09989374725608,-24.933893711090953,23.255631319986435
2026-06-16 05:52:29.140800,S003,soil_moisture,0.5298595166116102,-26.319189549867833,19.188491909218513
2026-03-23 03:52:29.140800,S001,humidity,75.1558280525924,-29.38829619881488,26.48210147489778
2026-04-18 02:52:29.140800,S002,soil_moisture,0.191853231839063,-26.98006410419951,30.14595145474246
2026-03-23 17:52:29.140800,S005,ph,5.941976809637994,-33.64183256428285,25.849815572948145
2025-10-27 22:52:29.140800,S002,ec,1.0183106317815003,-26.973017301064925,26.281427680023373
2026-06-09 22:52:29.140800,S005,ec,1.1514316744606599,-31.177388639405283,19.910555681186228
2025-12-11 14:52:29.140800,S003,ph,15.722943620844061,-26.731559239078912,28.87465687510646
2026-05-24 02:52:29.140800,S004,ph,6.329809467131787,-27.6852200949475,27.609884934152326
2026-09-30 22:52:29.140800,S003,ec,2.2701067806657544,-33.99453056501616,24.09387018690357
2025-12-21 20:52:29.140800,S004,ec,1.8534384400345263,-27.619072134277516,24.342496148968383
2026-10-20 16:52:29.140800,S001,ec,0.9963916941254874,-24.32162781499558,18.25009165661122
2026-01-24 09:52:29.140800,S003,humidity,72.1444427874153,-25.078622640402806,24.428718621178195
2026-08-13 19:52:29.140800,S004,ph,6.722319613630645,-25.376918515415262,20.31628614991967
2026-04-14 21:52:29.140800,S001,ph,6.375066450018978,-32.412403914824516,25.893186789353173
2026-03-27 09:52:29.140800,S005,temperature,22.204909554080622,-25.01027738574799,27.629386745589013
2026-05-14 11:52:29.140800,S003,ec,1.4018505903531715,-24.4237365366846,23.336085226397593
2026-05-16 19:52:29.140800,S005,humidity,55.35146532278729,-32.60395282486043,18.05029170593906
2026-06-25 19:52:29.140800,S002,ec,1.7743404853591334,-28.80457181243309,30.258888988001484
2026-01-18 08:52:29.140800,S001,ph,6.616014843236453,-28.184307657985183,25.42532132294335
2026-11-10 14:52:29.140800,S004,soil_moisture,0.6678632042520485,-32.3494996897992,22.00963921216999
2026-01-31 01:52:29.140800,S004,soil_moisture,0.5879248897266705,-33.76551864307194,25.59090362041729
2026-10-25 22:52:29.140800,S003,temperature,32.21318187995497,-32.87962639135467,31.738986276530277
2026-01-27 23:52:29.140800,S003,ph,6.366623318719837,-26.661939959995916,31.822269521217443
2026-10-25 04:52:29.140800,S001,ph,5.431360050043952,-26.13802353568847,28.988469512582924
2025-11-18 21:52:29.140800,S001,temperature,24.194961028367853,-31.786333199395983,21.200528675543367
2025-11-12 23:52:29.140800,S001,temperature,24.50164219036848,-31.578700963207872,29.511130562736348
2026-10-02 12:52:29.140800,S003,humidity,99.9710401886916,-32.377525727783926,19.20024420682045
2026-05-20 15:52:29.140800,S004,temperature,19.89933025492138,-27.885789368388792,23.90484116962266
2025-11-07 04:52:29.140800,S001,ec,1.930209550623251,-30.091381529430222,23.555333819967377
2026-09-29 05:52:29.140800,S003,ec,2.935947301702385,-33.39477184898057,18.455764679572283
2026-09-23 00:52:29.140800,S005,soil_moisture,0.5801187973624538,-24.17214814791013,25.542947808701406
2025-12-05 11:52:29.140800,S003,ec,1.2287971826680126,-29.26831849875577,31.326604676831113
2026-09-26 07:52:29.140800,S003,soil_moisture,0.3587979826278872,-32.3900434770113,18.65912949924417
2026-10-08 14:52:29.140800,S004,humidity,41.567604945081605,-29.1061105993916,26.65601308911117
2025-11-11 09:52:29.140800,S001,temperature,21.080795119838346,-29.84166282616536,27.369781483802264
2026-01-03 11:52:29.140800,S004,ph,6.074813868588307,-31.58236806309368,31.69994332889732
2025-12-15 20:52:29.140800,S004,ph,6.34400762073721,-25.280405112178126,18.770240243679282
2026-09-15 23:52:29.140800,S001,soil_moisture,0.17254547394714265,-30.04531686866098,20.927324203785695
2026-07-26 10:52:29.140800,S001,ph,6.557958345167921,-26.486222854926897,30.29723808064228
2026-03-21 02:52:29.140800,S004,ph,6.287146700912354,-32.445447871688295,21.11824841384826
2026-01-28 11:52:29.140800,S004,humidity,100.1205459306077,-24.83853822812282,20.728675357955204
2026-04-02 11:52:29.140800,S002,ph,6.607539370438441,-25.382776401034405,31.23212395065108
2026-05-09 05:52:29.140800,S001,soil_moisture,0.6630985416369664,-31.76169394392976,24.96590324676358
2026-01-24 15:52:29.140800,S002,ec,2.1884856757465294,-28.60812593544667,31.31332540032554
2026-10-16 13:52:29.140800,S002,ph,8.054619246942925,-28.789115993536928,25.586171885885403
2026-06-13 15:52:29.140800,S003,soil_moisture,0.6192344078221306,-24.9664956911408,22.312298981572532
2026-03-16 21:52:29.140800,S004,soil_moisture,0.40895248471639256,-28.024004477766223,22.042755483917638
2026-05-22 02:52:29.140800,S005,ph,6.116057232241104,-26.31944643013561,18.85514267171522
2025-12-07 05:52:29.140800,S004,soil_moisture,0.36737497301012545,-30.687087947390403,24.691129079937934
2026-01-20 19:52:29.140800,S004,temperature,33.059789309003435,-28.015518682343505,21.891541495666576
2026-10-26 04:52:29.140800,S005,humidity,62.26835476006223,-28.785624214187507,31.871029128525876
2025-11-14 19:52:29.140800,S004,soil_moisture,0.13128260500308775,-24.277326650346822,24.570429802724416
2026-04-15 12:52:29.140800,S002,ec,1.4897207196131483,-26.440341352627804,26.738793267337318
2026-02-20 20:52:29.140800,S003,humidity,57.327577959213414,-27.037347445303933,23.88270844776712
2026-02-07 23:52:29.140800,S003,ec,1.6831240415442124,-31.162530742465997,22.661885502499235
2026-07-15 03:52:29.140800,S003,temperature,30.186272142195836,-33.365652322733744,28.82820033848629
2026-06-04 15:52:29.140800,S005,ph,6.548315783150753,-24.844513069173978,29.19961574221055
2026-07-16 12:52:29.140800,S002,ec,1.388752538214158,-27.340411718351515,26.23085491824044
2025-10-22 05:52:29.140800,S005,ph,6.862352668771416,-29.26272035102362,19.322050146998443
2026-02-11 20:52:29.140800,S001,humidity,66.48867844756695,-29.046377012805426,18.97018990849212
2026-01-21 09:52:29.140800,S002,temperature,17.860314068532524,-33.730612911039714,23.22521879422522
2025-12-27 07:52:29.140800,S005,ph,6.793009159739318,-26.62478375502576,26.742683974014852
2026-05-31 02:52:29.140800,S004,humidity,85.85734662442995,-24.42848161157338,28.885405912912493
2025-11-01 06:52:29.140800,S005,soil_moisture,0.5587427012273374,-30.935159191134975,22.62606375233362
2026-02-24 00:52:29.140800,S005,temperature,21.4717661722095,-27.190361980900974,21.56521991871234
2026-09-09 07:52:29.140800,S002,humidity,88.4807322296831,-28.921264674821472,25.755143360432005
2026-05-29 18:52:29.140800,S005,temperature,24.477320237864603,-24.67877224811093,29.7070768470247
2025-11-29 16:52:29.140800,S003,temperature,30.320478203514398,-27.845630804827067,19.451161174675082
2026-02-23 04:52:29.140800,S003,humidity,2.6881001457880984,-25.775166168537098,20.08063852422603
2026-07-24 06:52:29.140800,S001,temperature,29.832221185614273,-28.928485133410106,30.12485905762459
2026-01-14 01:52:29.140800,S001,temperature,33.164606838631144,-24.672633190580303,18.358009063885905
2025-12-26 10:52:29.140800,S004,humidity,39.238293311520955,-26.87566588949815,31.970584231355964
2025-12-11 06:52:29.140800,S003,ec,1.9761244853655453,-25.60784866240655,26.588773011674636
2025-12-19 10:52:29.140800,S005,ph,6.133715258148813,-32.02506158235569,24.631823262994324
2026-09-15 17:52:29.140800,S003,ph,6.462411098650181,-32.110114559264886,31.424866846682907
2026-09-03 14:52:29.140800,S004,temperature,37.05929784960294,-33.19455271358693,26.086554423460328
2026-06-22 09:52:29.140800,S002,humidity,76.79267859082667,-24.552939489384965,25.66781584531353
2025-11-23 09:52:29.140800,S005,soil_moisture,0.5448702785773349,-33.54375588672906,22.81787011465565
2026-09-29 02:52:29.140800,S001,ec,0.8770950427402601,-32.945743542122614,20.5617311248102
2026-08-13 23:52:29.140800,S005,temperature,25.528526480927162,-31.874030163810982,22.443704553952806
2026-04-10 21:52:29.140800,S003,soil_moisture,-2.8381317389770286,-25.976090416189784,25.246852262544756
2026-03-18 06:52:29.140800,S004,ec,1.0392164928853915,-33.70689343582142,31.04275512144929
2026-11-04 00:52:29.140800,S003,ec,1.370680250326438,-29.20175423283227,24.805426735318047
2026-01-15 08:52:29.140800,S004,ec,0.9845821893641866,-32.36922777861627,27.36514814367047
2026-07-30 16:52:29.140800,S004,soil_moisture,0.3521508134515341,-25.21417097882274,18.35398868862958
2026-07-01 23:52:29.140800,S004,humidity,44.58391074020137,-30.07913542188806,28.926440219518764
2026-01-14 07:52:29.140800,S004,ec,1.927545972102689,-27.945997252747166,20.050366642697668
2026-09-15 13:52:29.140800,S004,ec,1.3242859196968717,-29.83498526346135,25.781627592234436
2025-11-09 11:52:29.140800,S003,soil_moisture,20.006656254126575,-28.88099115919421,31.36675897558171
2026-08-22 07:52:29.140800,S002,humidity,51.59123069877109,-32.36862848702344,21.944048020521272
2025-11-25 07:52:29.140800,S002,ph,7.128793881286722,-25.18594968091464,27.765597117732632
2026-05-28 18:52:29.140800,S004,soil_moisture,0.6920913349692255,-28.114601869230896,26.803783375793664
2025-10-29 09:52:29.140800,S002,temperature,29.954488241078167,-24.806865080223922,22.580661484371745
2026-06-09 07:52:29.140800,S004,soil_moisture,0.16818499434175016,-25.48512375896796,29.511087352509293
2026-01-16 06:52:29.140800,S003,soil_moisture,0.3735155571131664,-31.861149693604652,27.107071062158166
2026-07-09 19:52:29.140800,S001,humidity,37.47133498409307,-30.823282607960767,31.86299570336871
2025-10-04 00:52:29.140800,S005,temperature,24.72723484529987,-25.078816940978495,28.322690152732115
2026-06-20 11:52:29.140800,S001,ph,6.369062588880148,-25.554867423916598,30.20563219852311
2026-07-20 20:52:29.140800,S002,soil_moisture,0.6508870857056799,-33.90511987301097,27.290586484664075
2026-08-18 13:52:29.140800,S005,soil_moisture,0.46246487117096363,-28.455345778285018,27.401513149441563
2026-06-02 11:52:29.140800,S002,ph,6.79579713797227,-25.26507433710132,26.554698128693026
2026-01-08 22:52:29.140800,S002,ec,1.7254619091145462,-28.683158699129194,28.88451844987714
2025-12-17 12:52:29.140800,S002,ph,6.2565602270221765,-33.60719746925892,24.792882056445645
2025-12-07 23:52:29.140800,S002,humidity,53.644992022529394,-28.824006787388605,27.66253102239137
2025-10-11 15:52:29.140800,S005,humidity,58.58319043004367,-28.314103529712607,31.43829720857487
2025-11-10 18:52:29.140800,S002,ph,7.490248608446207,-32.18007734228951,27.107583155466955
2026-08-18 08:52:29.140800,S002,humidity,107.25411730967403,-29.092607986801934,19.45720961956088
2026-08-03 06:52:29.140800,S005,ec,0.28350405554765423,-30.119366706974752,19.35973583031483
2026-02-25 07:52:29.140800,S003,humidity,70.66344170739214,-33.13883778586572,29.571312468364457
2026-07-05 02:52:29.140800,S005,humidity,55.92896719721432,-26.10755044988781,27.132400332342762
2026-10-09 22:52:29.140800,S004,ec,1.4320221315137043,-24.928454073113368,23.139328935142082
2026-09-30 05:52:29.140800,S003,ph,0.035428133315742016,-33.76843191695819,20.18800547058347
2026-05-19 19:52:29.140800,S001,ph,6.521020043084815,-26.787114651108887,24.995224614976625
2026-05-28 22:52:29.140800,S005,humidity,91.92535914056258,-28.394093783384747,24.09812304135388
2026-08-29 11:52:29.140800,S005,temperature,17.897947731743976,-24.648466148228543,31.03654323209242
2025-12-17 02:52:29.140800,S001,ph,6.4422428755403525,-33.72884762380083,19.31897712991487
2026-07-30 22:52:29.140800,S002,soil_moisture,0.6554077522141277,-31.045571273588482,22.43312525945994
2026-03-29 09:52:29.140800,S004,temperature,20.495346499954763,-28.892243616770344,25.58939583829824
2026-09-09 08:52:29.140800,S005,humidity,65.31384632705822,-24.724948705442152,29.67015558312962
2025-10-27 21:52:29.140800,S001,temperature,23.01144725295604,-24.300433186486295,23.694276055162394
2025-12-14 16:52:29.140800,S004,temperature,30.07769172290231,-31.898755921803854,18.819637713776018
2026-03-30 13:52:29.140800,S001,ec,1.4607801717609386,-28.213945052989686,22.491985435671165
2026-07-05 07:52:29.140800,S004,ec,1.7730698534678373,-33.9567182628126,23.007948076123263
2026-09-03 05:52:29.140800,S003,humidity,23.00000016076247,-33.48702665367141,20.17990999877207
2026-04-29 09:52:29.140800,S001,humidity,75.87553399722262,-32.78799490095266,28.893374687330052
2026-06-01 10:52:29.140800,S002,ec,0.7435004230320633,-27.15052525582751,22.905650808907932
2026-02-18 15:52:29.140800,S002,ec,2.4940303099597316,-28.26158708203357,30.64021030571242
2025-12-18 21:52:29.140800,S003,ec,2.145604974899906,-29.189676481131137,20.138581125775588
2026-03-04 02:52:29.140800,S001,ec,1.5742659744952423,-28.253863452022806,31.046488829776447
2026-08-09 22:52:29.140800,S002,ph,6.316305232017784,-31.247140658055706,30.308046034890896
2026-04-03 20:52:29.140800,S001,temperature,27.482485968273192,-25.70910701671084,26.96694789113662
2026-06-25 18:52:29.140800,S003,humidity,74.79912484350697,-27.37495421085731,18.58365619349783
2026-05-20 11:52:29.140800,S004,ph,6.1005282640119285,-28.768619959198087,30.36756361315452
2025-12-03 09:52:29.140800,S003,temperature,11.297735844471301,-32.70032096344468,19.122437732285842
2026-01-31 15:52:29.140800,S002,temperature,27.157791037835164,-26.527608563192896,21.283861796112447
2026-09-27 04:52:29.140800,S004,ph,5.997361731895455,-24.07913351939077,20.036041015513185
2025-11-22 23:52:29.140800,S002,ph,23.13143229160262,-28.198727319904716,21.300753470606658
2026-08-07 02:52:29.140800,S001,temperature,23.097998926069977,-25.880462404335773,23.14354313787082
2025-10-22 16:52:29.140800,S005,humidity,53.50204085350699,-26.462981737128782,21.066866459935603
2025-10-14 23:52:29.140800,S004,ec,1.8819556180109878,-29.115753425694976,22.749330444796094
2026-01-16 07:52:29.140800,S001,ec,1.7226124332685382,-28.423093401399182,24.83356725002732
2025-12-26 22:52:29.140800,S004,ph,5.9754659856438135,-31.020255381137297,29.956553362195272
2026-08-10 02:52:29.140800,S001,ph,6.4178365829863555,-29.33350144691264,23.856841936129843
2026-11-10 07:52:29.140800,S003,temperature,38.5443785985982,-25.480798666328234,19.89526420669863
2026-06-13 21:52:29.140800,S001,ph,6.177998042171601,-28.081183797806986,29.097835744527593
2025-10-07 20:52:29.140800,S002,ec,1.6549932471525668,-26.4725986877445,24.9217923122395
2026-10-02 02:52:29.140800,S001,temperature,17.195459055851487,-28.39156877124603,23.568919567202425
2026-07-26 12:52:29.140800,S005,temperature,19.463583176679624,-28.165082957742015,30.008424687631514
2026-01-03 16:52:29.140800,S001,temperature,30.60142182127992,-25.59093886065321,19.863033095146704
2026-01-15 12:52:29.140800,S004,humidity,35.49363229792361,-27.821612445630457,23.992841827173752
2026-05-02 07:52:29.140800,S005,ph,6.262054627371627,-33.22723915440555,18.72012644901653
2026-02-20 23:52:29.140800,S002,humidity,57.35670244941274,-28.359124104070666,24.231418615500896
2026-04-22 06:52:29.140800,S004,soil_moisture,0.5081561876876343,-29.85832608554664,27.305656951224684
2026-03-16 13:52:29.140800,S002,temperature,22.31307456728551,-28.23278662002264,22.383347403626765
2026-06-20 05:52:29.140800,S004,ph,6.4622920304326215,-32.568006022046305,22.321531352489085
2026-04-24 17:52:29.140800,S003,soil_moisture,0.4837209487126437,-28.771001866780438,20.570050141375297
2026-10-12 08:52:29.140800,S001,ph,7.012782695258934,-28.586842659387273,21.254086135511415
2025-12-25 02:52:29.140800,S005,soil_moisture,0.5348131685633817,-24.012066445537297,31.808403997502715
2026-03-04 16:52:29.140800,S001,ec,1.6874844719737534,-30.692474173432025,18.651068419582597
2026-06-11 09:52:29.140800,S002,soil_moisture,0.5567271829098324,-30.01615828084881,18.825373318072494
2026-06-14 09:52:29.140800,S004,temperature,19.615210700079867,-29.151850007149203,28.716420171118546
2025-10-31 14:52:29.140800,S002,ph,7.008466728282018,-28.33457124234738,26.741236817606094
2025-12-18 05:52:29.140800,S003,ph,7.143474756920701,-33.683937025544395,19.80984042555082
2025-12-29 11:52:29.140800,S005,ph,6.770297969415461,-32.89798082294363,30.515373517309285
2026-03-09 04:52:29.140800,S001,humidity,60.72350324842121,-26.36970658360169,23.21070122331632
2026-09-29 22:52:29.140800,S004,soil_moisture,0.4207531719334857,-27.235995686138644,22.230586723249107
2026-10-10 03:52:29.140800,S001,humidity,68.77646724692757,-24.751917831100585,22.77318732300429
2026-09-25 10:52:29.140800,S003,soil_moisture,0.24750528312456022,-28.85471393375125,24.325176950777358
2026-02-04 12:52:29.140800,S002,temperature,25.741173472535966,-26.449368178509552,24.19845520049632
2026-02-20 16:52:29.140800,S003,humidity,74.82848332007045,-29.493215881865833,24.423109673070748
2025-12-09 15:52:29.140800,S004,ec,0.5287827452155914,-27.870787787797827,19.852699133384483
2026-08-07 17:52:29.140800,S003,ph,6.860689474845467,-30.280343112002107,19.763485883859303
2025-12-20 17:52:29.140800,S003,temperature,25.453333488668537,-29.723568608462635,19.650122592156652
2026-08-24 11:52:29.140800,S004,temperature,13.802881833339017,-30.963926491938416,27.95814001622894
2025-10-04 13:52:29.140800,S004,humidity,45.67815491477967,-27.406438549904955,18.37821760707907
2026-01-02 14:52:29.140800,S002,soil_moisture,0.5345843185151393,-27.916404360812553,27.433194203675573
2026-03-14 11:52:29.140800,S003,temperature,29.11813054188337,-32.254826979242075,31.953153884840916
2026-10-06 12:52:29.140800,S001,humidity,91.84170870288955,-25.72325695976334,21.883366470087246
2025-10-16 12:52:29.140800,S005,ph,7.154517970357139,-29.006033626035347,19.355630582541114
2026-08-27 17:52:29.140800,S001,ph,6.654982691331503,-24.034819960796494,22.575615878812464
2026-11-18 14:52:29.140800,S002,humidity,36.095801869605495,-32.55175132729275,23.619143956510538
2026-01-08 00:52:29.140800,S005,ph,5.833271403751411,-31.085272350688605,23.92107048233411
2025-10-23 17:52:29.140800,S001,temperature,24.56963340003508,-32.784645863663336,22.15215806894506
2026-04-15 22:52:29.140800,S005,ec,1.9802720230023643,-29.922884239791745,27.696723689856196
2026-05-05 15:52:29.140800,S002,ph,6.017471268751145,-26.96597368373537,27.331302546092118
2026-11-23 08:52:29.140800,S005,temperature,39.73936225374295,-31.37058841974305,29.852759082043775
2025-11-29 12:52:29.140800,S003,soil_moisture,0.29688000157006134,-27.718033174768696,21.825158122758555
2026-08-04 01:52:29.140800,S002,humidity,111.67810411660355,-31.20039192632271,21.03743316141498
2026-10-23 19:52:29.140800,S002,humidity,69.6127329843348,-29.33118133905153,18.22428421313868
2026-06-14 05:52:29.140800,S003,ec,1.1157130262555455,-27.015503601554478,22.05055141772648
2025-10-10 10:52:29.140800,S003,temperature,32.710051465483765,-28.167443532358277,24.657446920012294
2025-12-16 00:52:29.140800,S002,temperature,11.584541123483294,-26.177441579568885,20.05213482077285
2026-02-20 15:52:29.140800,S003,humidity,39.14745203523301,-24.8756438621231,18.90451113726729
2026-09-29 08:52:29.140800,S005,soil_moisture,0.1517026500287294,-28.840983749741138,27.054798197079606
2026-06-11 07:52:29.140800,S002,soil_moisture,0.3990316137646003,-29.586527193638837,24.07376617725878
2026-08-01 09:52:29.140800,S003,soil_moisture,0.5223904710012941,-25.109766002696503,28.858587245861592
2026-07-08 04:52:29.140800,S002,soil_moisture,-10.168482617635568,-30.31686363199274,25.067469508485313
2026-02-23 20:52:29.140800,S001,temperature,26.8352123391024,-28.158512785019386,27.34788416966184
2026-03-24 21:52:29.140800,S004,soil_moisture,0.17493145771894725,-26.46023438863121,28.094931826448935
2026-07-28 04:52:29.140800,S005,temperature,23.79207317107722,-28.453782185756786,18.161376595886967
2026-09-25 08:52:29.140800,S001,soil_moisture,0.24263776757421202,-24.57076517634144,30.941478936536974
2026-07-05 06:52:29.140800,S005,humidity,57.61115954937703,-30.590290752002154,31.730143396417155
2026-05-24 20:52:29.140800,S003,ph,6.746297272327005,-30.935379915650483,26.642625627403042
2026-03-20 15:52:29.140800,S002,ph,8.172076968090078,-31.35103515403104,24.317332025256746
2025-12-25 22:52:29.140800,S003,humidity,48.76965706086664,-30.505354695965007,29.259798983256594
2026-08-26 05:52:29.140800,S003,soil_moisture,-5.678221245856513,-28.538753196461585,23.21061184590501
2026-10-21 16:52:29.140800,S001,ph,6.31251710475645,-32.27242601265126,27.338595812244602
2026-09-15 22:52:29.140800,S002,ph,7.2989887653320125,-24.60405414533935,29.237064986256797
2026-04-25 23:52:29.140800,S005,ec,1.7170857879706143,-28.650935135292222,28.310666086559046
2025-11-30 18:52:29.140800,S003,temperature,25.263887413481754,-33.952637946664886,26.116410892888027
2026-05-18 02:52:29.140800,S001,ph,6.692979915539517,-33.024145214148646,22.26779973090943
2025-10-13 18:52:29.140800,S002,temperature,23.159896626412394,-25.815072635038614,29.247775795183003
2026-06-16 00:52:29.140800,S005,humidity,69.4897058636693,-32.38296353047138,22.887755810843387
2026-11-13 19:52:29.140800,S005,soil_moisture,0.3033397656399309,-24.101978735447556,28.353754517339116
2026-09-21 10:52:29.140800,S001,humidity,71.9773558097998,-27.072906697820628,18.278334052799682
2025-11-08 00:52:29.140800,S004,soil_moisture,0.6183655030515237,-30.803848415022195,20.64322221548905
2026-04-04 14:52:29.140800,S002,ph,6.306990378407641,-29.794466990823413,28.07122161330082
2025-11-27 10:52:29.140800,S003,soil_moisture,0.4867163468448971,-33.113865117765826,25.382590938772093
2026-03-08 17:52:29.140800,S003,humidity,74.35639183295508,-33.351574401298414,31.338476954872014
2025-12-31 09:52:29.140800,S005,ec,2.5268465646454734,-32.63225402297793,23.365893151352584
2026-04-02 11:52:29.140800,S003,ec,1.5236351819271952,-30.416156967769616,29.64837294679564
2026-02-14 05:52:29.140800,S004,soil_moisture,0.27352681593717126,-31.511951786479745,29.02293022627522
2026-07-29 15:52:29.140800,S001,ph,7.426480677032564,-28.069734908680232,24.250579123802183
2026-09-03 16:52:29.140800,S004,soil_moisture,0.5997409838704473,-27.2967035340587,28.880897395846965
2026-10-30 09:52:29.140800,S002,temperature,25.47573629087059,-33.444356113912065,24.087392695176472
2025-11-30 03:52:29.140800,S003,soil_moisture,0.7360759661164828,-25.485191049691366,20.028934367664938
2026-08-14 06:52:29.140800,S001,ph,6.687005398382452,-31.750578090209267,30.072137810347577
2026-03-31 17:52:29.140800,S003,soil_moisture,0.31039948047065624,-30.16187169865976,31.886510119574112
2026-10-05 19:52:29.140800,S004,soil_moisture,0.47237146259365104,-31.631863426764404,28.560575733529745
2026-10-27 17:52:29.140800,S004,ec,1.4427532975409583,-33.16565396942365,22.617330725834414
2025-12-31 11:52:29.140800,S003,ph,5.808348828587899,-28.71151627322014,30.245570078743704
2026-04-18 14:52:29.140800,S003,ph,6.465356044625054,-33.358072756295414,30.881258895179982
2025-10-21 11:52:29.140800,S003,temperature,12.883560928002373,-26.996545288965528,23.655617301310848
2026-11-05 09:52:29.140800,S004,soil_moisture,0.6920550409337959,-32.82203800464694,19.15447947716256
2026-02-11 07:52:29.140800,S004,humidity,45.70741577256198,-32.885778326128566,23.948445860809485
2026-08-25 21:52:29.140800,S002,ph,5.731279590722449,-28.278812560617048,24.434040681022406
2026-02-02 16:52:29.140800,S005,humidity,91.17163124287376,-30.726652109035953,24.506657049144764
2026-09-18 14:52:29.140800,S003,ph,6.736628970856245,-27.80327232241319,21.27090734666027
2026-02-18 17:52:29.140800,S001,soil_moisture,0.12167040167515036,-31.459762166460152,26.2490331258727
2025-10-13 20:52:29.140800,S005,ec,1.4193292375281308,-32.20698270875554,21.890048281746452
2026-03-16 15:52:29.140800,S001,humidity,74.84639549768931,-31.722262603723454,19.820994397995136
2026-01-29 05:52:29.140800,S002,ec,1.6757457034291257,-32.18148055273404,24.102302002945688
2025-12-05 19:52:29.140800,S005,temperature,18.503291979138154,-32.109565429487844,31.333730462189042
2026-10-07 00:52:29.140800,S002,temperature,16.10829797014222,-33.33974506282111,23.27816993218166
2026-02-24 04:52:29.140800,S003,soil_moisture,0.7720068688304789,-24.049593356200802,28.592052455492443
2026-04-29 05:52:29.140800,S002,soil_moisture,0.7386027319920228,-30.02331590065878,24.490265796645758
2026-10-29 14:52:29.140800,S001,humidity,72.55536207610109,-26.247398077977202,30.20762160142773
2026-04-30 06:52:29.140800,S003,soil_moisture,0.7334932131409302,-25.41754480956456,26.005943694754826
2025-12-18 05:52:29.140800,S005,humidity,99.12440579343809,-29.522056346988773,22.285864873911756
2026-07-13 09:52:29.140800,S004,soil_moisture,0.48973610356188085,-29.037208895401427,22.934645067637096
2025-12-04 00:52:29.140800,S002,ph,8.045486126343485,-27.46595572574164,23.90690102088456
2026-05-27 07:52:29.140800,S002,temperature,15.987274500938895,-27.927510904366365,21.848370762602194
2026-04-14 05:52:29.140800,S002,ph,6.850732806647118,-24.67360529714165,22.135944849425357
2026-06-24 10:52:29.140800,S004,temperature,19.19458284986997,-26.909537098674136,25.125919130312244
2025-10-26 05:52:29.140800,S001,temperature,19.99447350086124,-33.23475965990999,18.882222884175274
2026-09-19 10:52:29.140800,S001,humidity,39.44438911250334,-28.84179482735058,23.279787904217677
2026-04-21 21:52:29.140800,S003,ph,7.2409604837277435,-29.299260612289675,29.795395104125
2026-04-08 12:52:29.140800,S003,ec,1.2868521711481309,-24.907058657435062,30.133344540021465
2026-09-26 23:52:29.140800,S004,ec,1.0008374772582307,-28.908824803441135,19.76596119053203
2026-01-17 09:52:29.140800,S003,humidity,55.477470832214294,-33.25876369166291,22.645316638570385
2025-10-30 06:52:29.140800,S003,soil_moisture,0.7730340898236828,-29.099051810805236,28.037701877448434
2026-08-23 01:52:29.140800,S003,ph,6.058839513444133,-26.69514885706048,25.392495573034505
2026-03-16 02:52:29.140800,S001,humidity,78.38340710536595,-25.037317138395935,27.33340409706414
2025-11-13 04:52:29.140800,S002,humidity,85.55237625573992,-25.289105567985146,22.347819703359544
2026-11-23 02:52:29.140800,S005,soil_moisture,0.41715630649907093,-29.484160960842914,18.99190561253915
2026-02-28 12:52:29.140800,S003,temperature,22.654880437921843,-24.157004127126257,19.69251115974719
2025-12-23 20:52:29.140800,S004,temperature,20.13225480453868,-28.765852288231414,26.923226515700808
2026-09-09 00:52:29.140800,S003,humidity,52.31029598134664,-24.687271964704973,18.971841525096806
2026-06-30 20:52:29.140800,S005,temperature,37.75937781310709,-32.14239913016494,20.87552468492275
2026-02-02 15:52:29.140800,S002,humidity,68.05788786943155,-33.633993801119196,26.269076829232127
2026-09-28 16:52:29.140800,S004,soil_moisture,0.41537649556454886,-29.44685621223538,19.82014794916017
2026-04-18 18:52:29.140800,S004,ec,1.1527362785319784,-27.097894401154363,18.637782038991407
2026-08-31 11:52:29.140800,S001,soil_moisture,0.6985260119454076,-25.683750451288482,29.191716564254314
2025-11-13 22:52:29.140800,S002,humidity,75.60460603890583,-33.17637944631885,31.837506354450806
2026-09-23 16:52:29.140800,S001,ph,6.993792680851949,-25.771783941736857,27.671353224946326
2026-05-30 07:52:29.140800,S005,ec,1.8322215678649265,-33.688675886087616,28.286502239518406
2025-12-08 13:52:29.140800,S004,soil_moisture,0.6669775202007553,-28.218806417055795,27.24556590956172
2026-05-25 11:52:29.140800,S003,ec,-9.484070939513526,-33.66744999621823,31.78672379328422
2026-03-29 07:52:29.140800,S003,ph,6.676090912980547,-28.70848046706289,30.28808642083581
2026-02-14 17:52:29.140800,S001,ec,1.3215834306938425,-24.64542962959831,20.669875051392953
2026-10-26 04:52:29.140800,S003,temperature,20.11563371101925,-31.85795494079213,28.891829748561207
2026-08-29 04:52:29.140800,S001,temperature,24.308774988079858,-29.31214999735112,29.891690040721137
2026-09-14 09:52:29.140800,S003,ec,1.4914336161888384,-29.255499588175688,26.512672285365674
2025-12-16 11:52:29.140800,S001,humidity,68.85957032434396,-27.141672833941733,31.05090297494921
2026-09-11 17:52:29.140800,S003,ph,7.279767405955104,-27.81058216239773,22.353982663269264
2026-06-21 13:52:29.140800,S004,ph,6.94573462468064,-26.916494767466936,25.851693611717668
2026-01-17 20:52:29.140800,S003,soil_moisture,0.5489238951179928,-27.21617568186926,24.53187876465067
2026-07-17 06:52:29.140800,S002,soil_moisture,0.6614066889462558,-25.106200341911478,29.629583021073323
2026-10-13 22:52:29.140800,S004,humidity,62.660865085204854,-27.84070186454559,26.971725525596156
2026-03-15 12:52:29.140800,S004,humidity,81.61299372274758,-27.863614979363255,29.50045052501398
2025-11-23 21:52:29.140800,S005,soil_moisture,0.6733096138804777,-26.709763254240755,27.694987709598767
2025-11-11 12:52:29.140800,S005,ec,0.9157883951035691,-25.34449261654711,19.1318764064605
2026-01-15 22:52:29.140800,S004,temperature,40.57363821096672,-24.83234786615447,29.366625190814613
2025-10-30 05:52:29.140800,S004,ph,6.3401746846324905,-33.14820528287836,21.99924220987707
2025-12-03 04:52:29.140800,S005,ec,2.15532619711992,-26.456840586098494,30.163759421284418
2026-01-01 03:52:29.140800,S004,temperature,12.212415446554461,-27.867805492269234,30.473974462274683
2026-08-13 14:52:29.140800,S005,humidity,80.99398450027762,-33.2913145497998,29.242015615180453
2026-08-12 01:52:29.140800,S005,temperature,18.06107134785141,-25.06922511207948,18.929098583103087
2026-01-13 00:52:29.140800,S005,soil_moisture,0.3913801319656698,-31.624850034956317,26.333721281755075
2026-10-02 04:52:29.140800,S003,ph,6.688779181551526,-32.278636567325336,30.501341110526518
2026-05-03 21:52:29.140800,S005,ph,6.019699761212012,-31.46381601164175,20.888424905969472
2026-07-14 15:52:29.140800,S004,humidity,67.19222971942352,-32.23823921865332,29.46750583964527
2026-04-24 01:52:29.140800,S005,humidity,46.512143308145205,-25.965959022153033,27.173657329122715
2026-10-21 07:52:29.140800,S001,ph,6.083034806041729,-25.41283362151104,30.61533326055188
2026-11-12 07:52:29.140800,S005,temperature,8.131781505506108,-26.816780134725676,21.868331282908237
2025-12-31 19:52:29.140800,S003,temperature,27.864568505251686,-30.1116515237908,27.628750228138493
2026-01-18 07:52:29.140800,S005,humidity,53.35964102509309,-25.26836957141463,31.201116475376608
2026-05-01 23:52:29.140800,S002,temperature,22.022611358198454,-31.342227385185087,24.47215880129589
2026-11-21 11:52:29.140800,S002,ec,1.4660428273935309,-30.025310443726195,23.580239878817785
2026-06-26 10:52:29.140800,S002,ec,1.63073004867753,-26.95531699361539,20.58379789435986
2026-11-19 11:52:29.140800,S003,temperature,21.29715299104371,-30.940994009083553,24.400225616277936
2026-05-12 16:52:29.140800,S003,soil_moisture,0.33524927993849374,-30.699131267380555,26.506990407685205
2025-12-20 14:52:29.140800,S005,ph,5.546952282789528,-28.065875305099,24.99399054970724
2026-09-10 00:52:29.140800,S004,ec,1.2255622612485912,-25.26898953209166,23.054877522700476
2026-04-03 20:52:29.140800,S004,humidity,75.20070228543858,-31.163527695546968,21.392960561261688
2026-02-09 23:52:29.140800,S004,soil_moisture,0.5047739176528452,-32.014361514207934,23.27913380215978
2025-11-29 08:52:29.140800,S001,soil_moisture,0.4311065751959201,-30.035956916334964,29.15384826390827
2026-06-18 19:52:29.140800,S001,ph,6.3986931486907235,-33.87847622182079,28.29033262984153
2026-10-28 09:52:29.140800,S003,temperature,26.266245290583726,-25.73868513417593,30.228630009341906
2026-08-20 03:52:29.140800,S002,ph,6.130034154268309,-28.304617983133525,26.398016066094165
2026-10-22 13:52:29.140800,S001,humidity,99.2346542901065,-33.70403951419982,27.75757513051567
2026-04-24 17:52:29.140800,S004,temperature,9.558943853625157,-33.743846642147474,24.09577047199339
2026-02-05 16:52:29.140800,S001,ph,6.95800148507061,-31.15990614154897,31.82431787220147
2026-11-21 10:52:29.140800,S002,ec,1.8082886199147907,-33.35820336774582,27.92978479506382
2026-05-14 06:52:29.140800,S004,humidity,44.37059832174643,-33.977220509678624,23.816306684390717
2026-10-02 00:52:29.140800,S003,temperature,26.459123503006676,-27.047925663378724,28.595012102200265
2026-04-24 08:52:29.140800,S005,ec,1.268069979103974,-29.239014615383457,25.6851395671323
2026-02-14 00:52:29.140800,S002,ph,6.505168343786098,-29.394715712724004,27.55179783946227
2026-08-17 10:52:29.140800,S003,temperature,29.820545220440867,-30.29004005410869,22.027547495663207
2025-12-31 21:52:29.140800,S002,soil_moisture,0.44617887321613947,-30.12184026920052,25.03056097215952
2026-03-11 12:52:29.140800,S005,soil_moisture,0.5053567970341426,-26.35194059346038,24.829561268222015
2026-06-11 13:52:29.140800,S001,humidity,43.25961020164194,-31.31059861288606,29.587559535684942
2026-10-13 09:52:29.140800,S004,ec,2.438569423222407,-27.13230757828321,31.289664581342397
2026-09-03 23:52:29.140800,S002,temperature,29.868080779582726,-31.284935179198705,22.954809921763125
2026-11-12 14:52:29.140800,S001,humidity,51.59011083994088,-32.56056917507708,31.806106581753852
2026-10-13 11:52:29.140800,S005,ec,0.24650745815924435,-32.544533113360735,20.753745542855754
2026-10-01 22:52:29.140800,S004,ec,0.8988980811441826,-29.049630392737,21.911303373520152
2026-04-13 10:52:29.140800,S002,temperature,22.732123675330865,-29.093363499357583,22.966487459018524
2026-08-31 17:52:29.140800,S005,humidity,51.59856281091766,-28.831024808143457,29.849983870513363
2026-06-21 21:52:29.140800,S004,temperature,38.948085964435386,-29.403281044767603,22.821022382950915
2026-03-28 11:52:29.140800,S001,soil_moisture,0.4041558516662638,-25.110980427133462,20.44470714392206
2026-08-20 22:52:29.140800,S001,temperature,17.576020056731345,-33.13752505296266,19.2992758692394
2025-10-17 16:52:29.140800,S005,ph,6.445558870672233,-24.44333079556366,19.021283521045017
2026-04-12 07:52:29.140800,S002,ph,7.116645099380612,-25.02724652152495,23.754462185334816
2025-11-27 01:52:29.140800,S004,temperature,25.101660670666487,-25.765049293719702,26.166149224709613
2026-08-20 20:52:29.140800,S002,ph,6.8089700130198185,-27.146217816298012,22.567296557722933
2026-08-04 08:52:29.140800,S003,temperature,35.37385084202336,-28.163585780373566,22.127929147593633
2026-03-20 06:52:29.140800,S003,ph,6.316784728402098,-28.381279731623387,31.77951202570621
2026-10-12 23:52:29.140800,S005,ec,1.2280459407620519,-26.603636933750753,25.39211573360587
2026-04-02 12:52:29.140800,S005,humidity,80.43333487406618,-24.077321791716415,29.678287646632338
2026-05-30 05:52:29.140800,S003,humidity,36.847964902989894,-33.19514464908459,27.90632288172962
2026-03-21 08:52:29.140800,S002,humidity,68.26787272697578,-33.520444652843445,26.07967334770766
2026-01-01 21:52:29.140800,S005,ph,6.851160158686379,-32.32266580163565,18.258099669740695
2026-07-05 12:52:29.140800,S005,ec,1.6169553137988573,-32.998634163823745,30.37143475726061
2026-06-26 21:52:29.140800,S003,temperature,28.89122286010468,-26.768870026549653,25.383474072613055
2026-11-16 05:52:29.140800,S005,humidity,74.55858126387392,-27.102397316658603,26.37787231138755
2025-12-16 02:52:29.140800,S004,humidity,79.41754375871322,-29.449657127981226,21.64476959460517
2026-05-18 14:52:29.140800,S005,humidity,80.43471667550111,-30.47992091507781,20.623929607666234
2026-03-23 20:52:29.140800,S001,humidity,72.81230749966079,-31.426667938125277,21.61042187004136
2026-01-12 09:52:29.140800,S004,soil_moisture,0.3009347610874643,-30.649055114294395,27.280349127411128
2026-09-19 10:52:29.140800,S004,ec,1.149763017826119,-28.97142304670302,28.663600812789582
2026-03-29 16:52:29.140800,S005,ph,6.401726510268133,-24.017857832817423,29.269589065374873
2026-06-02 13:52:29.140800,S002,ph,6.491410137925099,-27.369978827532616,18.708164306895245
2025-12-27 19:52:29.140800,S002,temperature,20.300945694740275,-28.19352430116112,31.985031214534594
2026-01-29 23:52:29.140800,S003,humidity,64.2954525669957,-24.329933976195043,28.541094281448757
2026-04-12 17:52:29.140800,S003,humidity,69.2703360739791,-27.078406316348005,31.051771304607804
2025-12-29 13:52:29.140800,S001,ph,6.076931449090272,-28.404999768654253,29.068688633368097
2026-03-01 12:52:29.140800,S001,temperature,30.323105052181337,-25.850370352035164,20.817328058069055
2026-07-13 15:52:29.140800,S002,soil_moisture,0.2506159577964049,-28.69138515745783,29.786320397582067
2026-06-15 17:52:29.140800,S005,ec,1.2731944021743626,-24.29953941347324,18.16124178510888
2026-02-06 04:52:29.140800,S003,temperature,23.7010861286578,-27.352004602779168,30.50120654486591
2026-07-02 15:52:29.140800,S004,humidity,94.1671649631006,-29.53968443534421,28.338025607555878
2026-06-26 19:52:29.140800,S003,ph,5.094691845668142,-29.339413525099673,27.593284294164086
2026-09-16 00:52:29.140800,S004,soil_moisture,0.4122432336200017,-31.602064298948964,23.920041160891913
2026-05-30 07:52:29.140800,S001,temperature,29.248922326212295,-33.49522433519413,29.01836501649606
2026-06-05 16:52:29.140800,S003,ph,-12.889021604618488,-26.317050762445515,24.564728369514356
2026-11-04 18:52:29.140800,S003,ec,1.69574045168198,-27.504775768537364,24.342000328658678
2026-08-29 23:52:29.140800,S001,temperature,16.06145958060931,-24.150505160085558,25.272146322510395
2026-08-19 09:52:29.140800,S002,temperature,22.00074254699258,-24.605488281308922,29.2754234059679
2026-02-17 19:52:29.140800,S004,ph,6.714527389532955,-30.97462685217419,20.374836094234933
2025-12-12 11:52:29.140800,S001,ph,6.431414382387267,-25.82729306441317,25.914129376947194
2025-11-05 04:52:29.140800,S003,soil_moisture,0.7744560849551992,-33.89424714445766,24.012797340406742
2026-04-06 00:52:29.140800,S002,temperature,42.10417275235321,-28.07778294507767,27.922080767223303
2025-11-02 07:52:29.140800,S004,ph,6.519294840505436,-30.731477612814697,27.49600538496494
2026-04-14 17:52:29.140800,S002,humidity,67.33838548027282,-24.574385961239607,19.622437727119305
2026-05-23 13:52:29.140800,S004,ph,6.632364843927019,-33.119759841674835,27.664739606409306
2026-01-18 00:52:29.140800,S003,ec,1.5088308833747681,-29.012836268475354,23.761456794159677
2026-07-02 20:52:29.140800,S004,temperature,38.62263927595175,-32.5441044759804,22.822080348334072
2026-08-11 06:52:29.140800,S004,temperature,26.13149294460894,-28.096099079655875,30.009160719298915
2026-04-29 00:52:29.140800,S005,temperature,26.117516900736906,-31.931140802757927,29.72985295341403
2026-09-15 11:52:29.140800,S002,humidity,67.74899293078522,-27.192627827979035,28.19592935763093
2026-01-19 16:52:29.140800,S003,ec,1.9906959468557137,-33.747692176976905,23.571372504263447
2026-07-24 02:52:29.140800,S003,humidity,42.510357635851285,-25.02678406395095,27.75531929833431
2026-02-01 08:52:29.140800,S004,humidity,83.92971951700092,-33.31505912693681,31.089912072239876
2025-11-18 18:52:29.140800,S002,ec,1.5954394322305714,-29.9336147607618,26.37093266682463
2026-08-12 12:52:29.140800,S005,ec,1.5356952047408976,-31.83150806027175,22.80327339957762
2026-05-13 16:52:29.140800,S004,ec,1.362829699007595,-24.87035355873796,19.39468451756265
2025-11-21 20:52:29.140800,S005,temperature,13.659342562109323,-33.19321946783209,28.485013947476414
2025-12-23 06:52:29.140800,S001,soil_moisture,0.6669327612711948,-28.079909862474352,28.992295078141737
2026-01-31 09:52:29.140800,S005,humidity,47.54811188134197,-30.291034205582136,24.51512338154957
2026-07-23 18:52:29.140800,S003,soil_moisture,0.3600205654845525,-28.507250993604345,25.910417970757443
2026-01-03 04:52:29.140800,S002,ec,0.7579440799920465,-29.405160025826167,28.022214412976602
2026-03-26 11:52:29.140800,S001,soil_moisture,0.3749181738794054,-24.020596970877925,22.965004638453472
2025-11-11 02:52:29.140800,S002,soil_moisture,0.5387415798649864,-31.83508711113283,21.3559090769487
2026-04-22 15:52:29.140800,S003,ph,6.215561267880058,-28.86376091795299,26.9259397273374
2026-05-27 03:52:29.140800,S001,humidity,46.358487055948146,-31.789524841692817,28.12292775945339
2026-01-11 17:52:29.140800,S001,ec,1.8367202373707632,-25.584571212552426,20.58754056342586
2026-09-24 16:52:29.140800,S001,soil_moisture,0.40312632397532866,-26.047867275203,20.917671648737095
2026-01-29 12:52:29.140800,S002,soil_moisture,0.5840194120025394,-30.705437690752706,27.157717291786835
2026-07-31 00:52:29.140800,S005,ph,6.359094558678691,-31.642958805276493,20.89900116671951
2026-01-25 17:52:29.140800,S005,temperature,35.61342094595431,-33.498642590679594,26.44787986920458
2026-03-11 11:52:29.140800,S005,soil_moisture,0.5741525911435079,-32.45864742008751,27.514471060545283
2026-07-23 07:52:29.140800,S001,soil_moisture,0.6025666940581162,-24.50990133534234,29.787624935804832
2026-05-29 16:52:29.140800,S002,ph,6.328940932367948,-24.708831993015394,19.103157827448026
2026-07-06 11:52:29.140800,S005,humidity,32.35154870396207,-27.455282759798962,26.793914321453613
2026-03-04 17:52:29.140800,S001,humidity,65.01321776327755,-33.59233532139126,26.652924380788768
2026-10-30 06:52:29.140800,S003,ec,1.00693978722993,-26.47308015245138,27.572234026379498
2026-02-13 14:52:29.140800,S001,humidity,91.0272911243671,-25.81687993259955,22.9216567732958
2025-12-21 10:52:29.140800,S003,temperature,22.54753503249387,-31.924222396076818,19.978532602088894
2026-08-16 19:52:29.140800,S001,ec,1.1867665795491624,-30.630671330135353,18.16987924898745
2026-11-15 09:52:29.140800,S002,temperature,25.48453516797219,-28.48239626355603,23.517039737486922
2026-03-19 09:52:29.140800,S005,ph,7.481509127471421,-30.460197456388098,26.05592612941399
2026-08-03 02:52:29.140800,S001,ec,1.136418176011999,-27.540407544994743,29.09389853273901
2026-11-04 11:52:29.140800,S003,ec,1.6035907048218703,-33.455904353770364,18.91248540582318
2026-07-03 19:52:29.140800,S004,ec,1.6334584710173088,-29.506985194251463,28.820498162049454
2025-11-24 04:52:29.140800,S003,ph,6.281011980599557,-30.903463234439524,28.219146834278874
2026-08-26 23:52:29.140800,S003,ec,0.7372266792754402,-33.47614101303815,18.902310772723958
2026-05-19 22:52:29.140800,S001,soil_moisture,0.44135452885082727,-28.021951741954055,22.58018605515222
2025-12-23 08:52:29.140800,S002,soil_moisture,0.24073754462473346,-29.96451392511995,20.742236226026115
2026-04-30 18:52:29.140800,S004,ec,2.4245787809018537,-30.752682954826348,22.172486430119697
2026-04-10 18:52:29.140800,S004,ec,2.1538249362234616,-25.534695619838473,22.33130225661518
2025-11-11 21:52:29.140800,S004,ec,1.1492265033705047,-25.865525111068276,26.97349585828752
2026-06-21 11:52:29.140800,S002,soil_moisture,0.3445942214228206,-27.320400919443863,18.017746807030584
2026-09-25 04:52:29.140800,S001,humidity,44.26263831255219,-27.615272038792757,21.683481128964814
2026-02-06 03:52:29.140800,S004,humidity,74.54943556451096,-31.621595048699668,26.04180437626977
2026-10-11 16:52:29.140800,S002,ec,2.0053478781720875,-27.583196379468802,30.858975461809077
2026-02-28 05:52:29.140800,S002,humidity,45.921922574805194,-24.90475781408981,28.939454268185965
2026-09-24 07:52:29.140800,S001,humidity,79.83218247955655,-31.09183243212313,26.215565982828238
2026-03-21 04:52:29.140800,S001,humidity,71.84201782857434,-27.90178501712723,23.39674181946966
2026-03-26 15:52:29.140800,S001,ec,1.3948374813443205,-31.520543888584584,25.499043557510703
2025-10-16 22:52:29.140800,S004,ec,0.7476641463252631,-25.149528066724223,24.65725546220201
2025-10-15 22:52:29.140800,S001,soil_moisture,0.6788104033601154,-32.26204886523918,30.71924253254645
2026-07-05 14:52:29.140800,S001,ec,0.6698626120752746,-24.044450669479524,20.254217315979123
2025-12-27 05:52:29.140800,S002,humidity,59.96267971785186,-27.299206320551257,24.27659774701599
2026-05-30 03:52:29.140800,S004,ph,6.021691500945519,-33.935656113016876,21.244699927988687
2026-08-25 20:52:29.140800,S001,soil_moisture,0.5685670210054241,-26.046568570004116,20.757510828817107
2026-04-16 17:52:29.140800,S004,humidity,59.34400818060715,-32.643854496706766,20.587036410958085
2026-05-08 22:52:29.140800,S004,soil_moisture,0.4863214598422704,-25.366740140391787,18.819173327970468
2026-10-15 18:52:29.140800,S003,soil_moisture,0.6666825499819775,-32.75353133415948,25.17601131880991
2025-11-12 20:52:29.140800,S005,temperature,23.161678327155595,-30.207047443219736,19.533702312845595
2026-08-13 22:52:29.140800,S004,ec,2.4113784136133916,-29.50521307743709,26.227166487753987
2026-03-26 00:52:29.140800,S001,temperature,18.234609696097962,-32.47623588077843,28.362869279742874
2026-01-27 10:52:29.140800,S005,ec,1.4386932113002862,-30.47742144672265,27.8102422345743
2026-11-19 15:52:29.140800,S003,soil_moisture,0.4740879116400555,-28.664038352166603,21.02637129893722
2026-10-21 07:52:29.140800,S002,temperature,36.363341789782865,-29.52913339061144,30.765145135207973
2026-01-10 16:52:29.140800,S004,soil_moisture,0.36194098962317744,-26.478977733966175,21.998330717668765
2025-10-22 11:52:29.140800,S005,soil_moisture,0.40929619164802067,-24.419948286023505,18.91055773101608
2026-07-02 23:52:29.140800,S001,ph,7.86865821288412,-25.435571559853404,29.626080384232775
2026-03-24 02:52:29.140800,S005,ec,2.056089166106572,-31.6859369813741,25.940792663362565
2026-01-08 09:52:29.140800,S002,soil_moisture,0.4466749833940846,-27.249952853532363,25.45917181637173
2026-09-24 08:52:29.140800,S001,humidity,100.96080102598614,-32.20475691424507,28.492322443468133
2026-02-08 14:52:29.140800,S002,temperature,15.041905411523391,-26.3547523437164,22.130563950150783
2026-01-30 06:52:29.140800,S005,ec,0.8296030173502544,-28.54448526733348,29.64530023119502
2026-01-10 16:52:29.140800,S005,temperature,20.522634858581768,-26.369960612132616,20.22024661079071
2026-10-12 04:52:29.140800,S005,humidity,65.37959093044168,-25.155331881309092,29.551327896627175
2025-11-27 22:52:29.140800,S001,ec,1.8488314787471434,-25.98669117384287,24.30740534592859
2026-03-09 16:52:29.140800,S001,soil_moisture,0.4375112950639732,-32.47737395445957,23.717561268878196
2026-06-10 14:52:29.140800,S002,soil_moisture,0.7266992573328164,-33.42753108297362,19.858374065428333
2026-09-28 05:52:29.140800,S004,ec,1.7218873180171388,-28.203479799622976,21.135307126119898
2026-10-07 17:52:29.140800,S004,ec,1.1078167786299302,-32.074098344660705,29.998188769370525
2026-09-17 04:52:29.140800,S001,soil_moisture,0.4731529048950999,-31.322162903454092,20.813328687421606
2026-05-23 08:52:29.140800,S001,humidity,68.60425900409001,-26.85963103703706,29.80690335014827
2026-05-23 22:52:29.140800,S001,soil_moisture,0.6937761885760523,-30.145961078405836,24.938071454458612
2026-07-03 06:52:29.140800,S004,ec,1.824069735989628,-30.438586620150616,29.228634008316632
2026-11-20 10:52:29.140800,S002,ph,6.26361530879446,-30.05444433475459,19.72922017833229
2026-03-27 05:52:29.140800,S004,ph,6.750394213212756,-32.56347049768576,26.182413115333077
2026-08-15 17:52:29.140800,S001,temperature,25.289050240065453,-27.25206294330085,23.075961646144457
2025-10-14 17:52:29.140800,S002,ec,1.1833999806011783,-24.571434233236232,31.971674476518075
2025-10-16 02:52:29.140800,S003,soil_moisture,0.41219420798356465,-32.797805746769654,23.16901105042227
2026-08-26 18:52:29.140800,S003,ph,5.900243685211413,-32.139375734430566,31.626808778380603
2026-11-11 10:52:29.140800,S005,humidity,47.86835938286919,-32.548779400586334,19.403152462319973
2026-07-26 18:52:29.140800,S002,ec,1.6116245986519464,-25.26238490316686,30.173549715135717
2025-11-28 08:52:29.140800,S001,ec,1.3812060607799288,-27.548618490527627,23.011095547018698
2026-09-30 16:52:29.140800,S002,ph,-10.624679185660437,-32.33255310607466,18.93411214349255
2026-07-24 04:52:29.140800,S005,ph,6.760614399160813,-24.150085885338147,22.38644535778044
2026-04-25 04:52:29.140800,S003,temperature,27.123581750676323,-25.92537589543045,19.286154989670276
2026-05-09 10:52:29.140800,S001,ph,6.049370802037799,-25.43672009775168,30.225261721932874
2026-04-27 16:52:29.140800,S002,soil_moisture,0.25614014739345753,-27.27224195349887,21.436732800511844
2026-05-21 06:52:29.140800,S003,ec,1.8599147756789858,-32.15307870659194,22.467151808351176
2025-12-26 15:52:29.140800,S003,ph,4.854849142809209,-28.97626921597657,22.67753239994517
2026-10-24 08:52:29.140800,S001,soil_moisture,0.5019929599081363,-27.315857664309632,24.279695514372065
2026-09-12 11:52:29.140800,S001,humidity,56.15489222364899,-30.044201871661137,22.99463066532338
2026-03-31 03:52:29.140800,S005,ph,6.310942905117957,-32.17056361770745,28.033799825620946
2025-12-04 16:52:29.140800,S004,temperature,13.846746861610436,-25.465591125515054,27.232056883715593
2026-08-28 03:52:29.140800,S003,ec,1.7210232290649325,-29.24707641681514,27.510914573079113
2026-08-15 17:52:29.140800,S001,soil_moisture,0.4592977697979138,-28.528917260263125,21.809506766742476
2026-06-17 13:52:29.140800,S005,temperature,24.830314458843304,-30.487061647736795,28.87183308593138
2026-09-13 15:52:29.140800,S002,ph,6.658116207966322,-33.883093319099565,23.048967612700633
2026-11-06 19:52:29.140800,S005,ph,6.28559173746044,-26.471217947222105,29.745257706591232
2026-06-12 20:52:29.140800,S001,soil_moisture,0.08251723091814922,-30.4508365289297,18.5601384360955
2026-04-08 15:52:29.140800,S002,humidity,68.14682642267806,-29.794777913628188,23.86409277486775
2026-04-04 12:52:29.140800,S005,ec,1.1762911629044324,-33.38493400978205,21.199945879792676
2025-11-22 00:52:29.140800,S001,temperature,31.554798146120326,-25.700646049205837,31.265832352656815
2026-11-07 23:52:29.140800,S002,temperature,25.168287440975835,-29.572441603637117,28.85438743943368
2026-04-09 15:52:29.140800,S001,ph,6.447231927737495,-25.342111017724093,20.790013169966425
2025-12-11 04:52:29.140800,S003,temperature,4.762568657128522,-33.3983973386318,25.026051044294704
2026-07-23 12:52:29.140800,S004,ph,22.16139694161389,-24.0266888463383,19.32376271950904
2026-11-08 02:52:29.140800,S005,soil_moisture,0.8484192755554181,-33.064196463347706,30.308415562045724
2026-09-15 08:52:29.140800,S002,ph,6.849827060882281,-31.41318047511934,21.176307570047932
2026-01-24 12:52:29.140800,S005,soil_moisture,0.4850348455817264,-30.68707607932626,29.002054811817374
2026-07-25 01:52:29.140800,S005,humidity,41.86064733555276,-24.346169928169232,23.799680616527333
2026-03-13 23:52:29.140800,S002,soil_moisture,0.5334947780072233,-25.40662073108507,24.389890413613887
2026-04-10 19:52:29.140800,S001,temperature,27.45216079836812,-24.5826685363717,30.68538334479084
2026-01-12 18:52:29.140800,S001,temperature,23.1876841888812,-25.39120546961444,21.370876998552298
2025-12-16 20:52:29.140800,S003,ec,0.09647073057896316,-27.41894632472897,19.910504621000285
2026-01-03 05:52:29.140800,S005,temperature,26.20689620164563,-25.818819003556357,25.896287526005317
2025-12-29 14:52:29.140800,S004,soil_moisture,0.5084182263543311,-30.46773758599807,21.942464461282263
2025-10-18 06:52:29.140800,S002,ph,6.424981827194162,-25.643203264845145,30.479191230502003
2026-07-17 23:52:29.140800,S005,temperature,20.002029006248755,-25.99380379096373,31.15021882857137
2026-11-04 05:52:29.140800,S002,temperature,21.961024836610665,-27.47628198285303,31.102532462414477
2025-10-23 15:52:29.140800,S002,ec,0.6714825590330074,-30.698700246160932,19.28288921302641
2026-08-28 17:52:29.140800,S002,humidity,59.60188026734445,-30.00355541190695,27.278488651816883
2026-02-17 18:52:29.140800,S005,humidity,46.87165563445642,-31.823050737654263,30.58446553726312
2026-02-04 00:52:29.140800,S002,ph,6.249821787388352,-32.73825896671628,20.210884163711523
2026-09-04 03:52:29.140800,S002,soil_moisture,0.8321564160747899,-31.39152771448564,21.27879471508327
2026-08-09 04:52:29.140800,S005,ph,6.846148765157784,-31.102645274074007,20.870102729005332
2026-08-07 22:52:29.140800,S005,ec,1.663687187048406,-33.52266943083508,23.752574204894636
2025-10-04 17:52:29.140800,S004,soil_moisture,0.37769637666330813,-25.720002016452867,25.71509023564409
2026-11-17 13:52:29.140800,S005,soil_moisture,0.4218315547425555,-28.53824508071525,19.781000883405145
2026-06-18 05:52:29.140800,S002,ph,7.162842365247279,-24.568057778339018,22.248187500716
2026-02-04 22:52:29.140800,S004,temperature,34.75912745749219,-31.728646772299943,20.120542015756786
2026-05-04 06:52:29.140800,S002,ec,1.0441929083070882,-33.54195692980656,29.17523246767655
2026-11-14 17:52:29.140800,S005,ph,6.223419183029909,-29.203347462415657,29.460126198419285
2026-07-28 00:52:29.140800,S002,soil_moisture,0.3630785060778915,-25.84512431007301,21.166163747432236
2026-02-19 00:52:29.140800,S003,humidity,97.4656952151815,-31.574091055396888,24.80115752096465
2026-08-18 20:52:29.140800,S005,ec,-14.287274429519892,-26.495410168151967,22.803660277334806
2026-11-08 11:52:29.140800,S004,soil_moisture,0.43882179964556134,-32.28379602142385,27.760925488618522
2026-10-22 14:52:29.140800,S004,soil_moisture,0.37703016524070965,-27.532802952024888,23.40240675683274
2026-06-12 08:52:29.140800,S003,temperature,22.524260973924676,-29.961857438742033,31.988630391751617
2026-10-13 23:52:29.140800,S004,ec,2.625297549835163,-24.182495933852884,21.908508009338874
2026-09-25 05:52:29.140800,S003,temperature,21.913206342791657,-25.920944385405292,22.224179705024504
2026-07-27 14:52:29.140800,S005,ec,0.8421698849406668,-26.91801719895775,22.009813173521575
2026-01-25 00:52:29.140800,S002,temperature,8.125078419241156,-31.104527740210344,28.328944981029444
2026-08-06 16:52:29.140800,S003,humidity,54.98408590936562,-31.986943697103335,21.054516947781345
2026-04-06 10:52:29.140800,S002,ec,0.8625644290469496,-26.763852717683484,27.901257298800406
2026-03-26 15:52:29.140800,S003,humidity,35.17483657582052,-32.83301816532232,23.443824371067645
2026-09-30 13:52:29.140800,S001,temperature,36.67145951774646,-28.102314610119286,22.60671688435741
2026-08-29 12:52:29.140800,S001,temperature,21.330134588201062,-32.69226231361315,21.45066147001705
2026-05-05 01:52:29.140800,S003,temperature,22.332524539913464,-33.507303018615815,27.497421321389556
2026-05-15 15:52:29.140800,S002,soil_moisture,0.5712943966040839,-31.34866915140988,22.050261042393394
2026-08-08 16:52:29.140800,S003,ec,1.2562110195480356,-25.438762706537013,26.09642129929736
2026-09-15 23:52:29.140800,S004,temperature,30.68231200110772,-24.413806950211935,25.656934946961123
2026-02-08 17:52:29.140800,S005,ph,6.767162725661126,-28.498161197976145,22.881175046827593
2026-01-28 06:52:29.140800,S001,humidity,59.0704137024079,-33.21165474163889,19.49869245243679
2025-10-25 04:52:29.140800,S003,temperature,36.545284023493835,-28.38190852699563,23.348774550000215
2026-04-11 00:52:29.140800,S001,ec,1.9022091773329328,-29.99069688538563,27.89477900051816
2026-01-14 11:52:29.140800,S002,temperature,10.802791096251784,-32.571520146699925,21.286357117460618
2026-03-14 07:52:29.140800,S004,soil_moisture,0.43724581748953206,-29.697824944543214,26.958934608652648
2025-10-08 07:52:29.140800,S003,ec,1.3077055707443244,-29.45219557676752,19.68959644741004
2026-03-14 17:52:29.140800,S005,humidity,104.6029448767818,-33.2341345324167,27.376893673436392
2026-09-06 23:52:29.140800,S005,soil_moisture,0.6313542623820234,-25.419548981859283,30.601930925181744
2026-04-20 02:52:29.140800,S002,temperature,31.192969629288072,-30.03178353284673,26.03427914562153
2026-11-21 01:52:29.140800,S002,ph,6.562408542978794,-24.859584107859718,25.527673034805396
2026-10-03 02:52:29.140800,S004,temperature,14.83820207121747,-26.253477456242656,31.53384173325577
2025-10-21 16:52:29.140800,S003,ec,1.0283842091823219,-31.957132182569687,24.993613183165976
2026-08-15 09:52:29.140800,S004,ph,6.547232359923974,-29.18142343953196,29.903241978280306
2025-12-22 08:52:29.140800,S004,ec,0.764227141552674,-29.423865599048888,20.73757262525548
2026-06-17 12:52:29.140800,S005,ec,0.4942819849471032,-32.7074649965006,31.853665911672614
2026-05-12 00:52:29.140800,S001,humidity,91.83303121761463,-28.59390575359334,31.405488202446552
2026-06-10 01:52:29.140800,S005,temperature,19.794585861551955,-27.5471096992505,20.510150097851284
2025-10-06 19:52:29.140800,S005,soil_moisture,0.46919483151744873,-32.13866667165143,26.928156157593463
2026-08-04 02:52:29.140800,S001,humidity,71.1237242649172,-24.404372242341374,21.472359290663064
2026-01-12 02:52:29.140800,S005,ec,1.1343108809550846,-27.110977164794612,20.22753623579139
2026-10-13 05:52:29.140800,S005,soil_moisture,0.5096066040815853,-31.068733893645184,23.23621696382295
2026-08-25 09:52:29.140800,S004,soil_moisture,0.6384015085183902,-27.182737684738616,30.724829478926978
2025-12-25 12:52:29.140800,S002,temperature,27.406931519153666,-27.357327103514613,19.124267151130518
2026-02-21 22:52:29.140800,S001,temperature,16.854803299846548,-25.421270361190036,23.42195766666134
2025-11-16 18:52:29.140800,S002,ec,1.4643905841163039,-30.422040877605582,31.066669007305787
2026-04-24 05:52:29.140800,S005,soil_moisture,0.16258050575811644,-28.92462720418181,19.892479419442505
2026-05-08 19:52:29.140800,S002,temperature,27.704196630904192,-27.089952970415055,21.083879807970153
2026-05-03 09:52:29.140800,S001,humidity,52.80222365901661,-30.824142730284052,27.43954001141244
2026-07-23 23:52:29.140800,S003,ec,1.1722934760716737,-31.495491335708042,29.76632945909224
2026-10-16 16:52:29.140800,S002,ec,0.5680184202215488,-31.2443609996109,18.47011092458653
2026-03-14 01:52:29.140800,S001,temperature,22.228315159032064,-29.62683553831085,26.860443997188973
2026-03-20 13:52:29.140800,S005,temperature,14.184554394129751,-27.201772089739492,26.908284742977123
2026-08-17 12:52:29.140800,S005,temperature,30.800865828345923,-24.534251564339325,24.523670733963947
2026-05-10 05:52:29.140800,S003,soil_moisture,0.7183698877383974,-30.2371472276065,22.098014211128746
2026-03-08 22:52:29.140800,S003,ph,6.660110504859281,-25.850159115125674,29.6059519379847
2026-05-03 22:52:29.140800,S002,humidity,28.564516513539004,-32.823896495928324,22.08572539438148
2026-07-15 00:52:29.140800,S003,humidity,63.94396726518742,-26.34369122302638,26.52655311073062
2026-05-12 19:52:29.140800,S003,temperature,25.876590795609417,-26.25147099779848,25.796015372591327
2026-02-08 20:52:29.140800,S005,temperature,23.56212508801055,-28.748964918378892,29.33078174457714
2025-12-30 20:52:29.140800,S002,soil_moisture,0.4888736024979088,-25.1449571630803,24.382405643171584
2026-04-03 21:52:29.140800,S005,ec,1.9962022299486346,-24.71228477888932,29.661542398083967
2025-11-30 03:52:29.140800,S003,soil_moisture,0.4897182387717919,-31.99078737517358,28.760855561649485
2026-03-26 22:52:29.140800,S004,ph,6.367837149803788,-27.43926163616503,19.96788808887153
2026-07-10 04:52:29.140800,S001,soil_moisture,0.4883077064558853,-27.109093625578645,23.149304109513885
2026-11-10 12:52:29.140800,S005,humidity,29.258190175192,-30.842554710855314,30.958794286087656
2026-08-22 01:52:29.140800,S003,ph,5.943970897787251,-31.876356552233567,30.35840873032709
2025-11-21 02:52:29.140800,S001,soil_moisture,0.38014403038782973,-25.93474672547672,31.398994055758408
2026-05-17 07:52:29.140800,S004,ph,12.427366509278073,-33.487310713385355,28.341145631738826
2026-06-11 01:52:29.140800,S002,humidity,57.00731050401299,-28.17723624574143,22.71567999474615
2025-12-18 10:52:29.140800,S004,temperature,26.2232136885933,-33.58362650013861,25.77748676935972
2026-05-13 12:52:29.140800,S002,humidity,81.73031941741303,-31.76452752781346,23.656056440922324
2026-11-18 15:52:29.140800,S002,ec,1.9508279495900471,-25.526645853427432,29.117325364557075
2025-12-01 22:52:29.140800,S001,ec,1.574819950140766,-24.17546163558534,21.50784816066777
2025-12-27 01:52:29.140800,S002,ph,6.441236515548484,-28.350264436941675,25.05574078075977
2026-10-28 06:52:29.140800,S004,humidity,38.76721576224543,-29.317731492846285,25.20997265213935
2025-12-07 15:52:29.140800,S005,soil_moisture,0.2379297278284152,-27.57965176211244,22.72698765112086
2026-01-10 07:52:29.140800,S004,ec,1.9165033514659784,-29.030890934959032,25.766414036101978
2026-03-01 12:52:29.140800,S001,ph,6.44261499992372,-26.449240001631267,25.337739510528976
2026-02-17 10:52:29.140800,S002,ec,1.9376602749914575,-30.200096372060305,23.500831396145315
2026-06-23 17:52:29.140800,S004,humidity,83.25609694899606,-32.75796316052839,26.69904614491293
2026-02-14 11:52:29.140800,S003,ec,1.7144235017593379,-24.56909572198856,29.739481820063318
2026-08-27 21:52:29.140800,S001,ph,6.403186725323657,-24.83987638477606,31.724303014262013
2025-10-29 09:52:29.140800,S002,humidity,66.65593283839917,-30.659216336405834,27.346102118262998
2026-06-15 10:52:29.140800,S005,temperature,36.9280900162851,-29.14318182443955,19.708561960388693
2026-05-22 09:52:29.140800,S005,humidity,65.6918573062004,-28.679273575954163,30.97930961101912
2026-02-06 00:52:29.140800,S001,soil_moisture,0.39602055173513206,-26.48265428423514,25.247207073648887
2025-12-26 01:52:29.140800,S005,ec,0.6061727447699046,-33.173756075969436,20.2945126380965
2026-01-04 05:52:29.140800,S005,humidity,52.189376586900735,-26.70297838767214,19.026757600022787
2025-10-23 13:52:29.140800,S005,temperature,17.692358051934523,-29.203010180867157,31.143118536178314
2026-05-04 04:52:29.140800,S001,humidity,29.101194351249134,-32.226519854783824,27.49418547184743
2026-02-15 06:52:29.140800,S003,soil_moisture,0.6853065079416183,-27.462937518732602,30.6807197177924
2025-11-13 21:52:29.140800,S002,temperature,30.81745378932323,-27.064801529732918,22.30054820010427
2026-03-17 02:52:29.140800,S003,ec,1.6090747844205624,-31.39082054402735,26.194753363519304
2026-02-08 14:52:29.140800,S001,temperature,34.33878504436553,-28.595482382459384,22.430674700645227
2026-06-08 11:52:29.140800,S003,soil_moisture,0.797626230105233,-24.08682320325792,28.576403556700456
2026-02-06 03:52:29.140800,S005,ph,5.482464348115581,-33.64617533402094,31.14966177982276
2026-05-30 12:52:29.140800,S003,ec,1.9680982309290798,-28.707291062206927,31.92710370836169
2026-03-12 11:52:29.140800,S004,ph,6.518056263615162,-33.28842940560267,22.47349773357564
2026-03-24 15:52:29.140800,S004,humidity,88.78587632493776,-31.67703982802948,20.461942455099706
2026-11-08 05:52:29.140800,S003,ec,1.5813155409169657,-33.427761612436875,22.979513955232946
2026-07-16 19:52:29.140800,S004,temperature,12.350630036662821,-31.7227099866149,26.040465677545406
2025-11-06 12:52:29.140800,S005,ph,6.457840509306131,-30.26148597917787,20.272819779856462
2026-06-04 19:52:29.140800,S002,ec,1.50087398339271,-30.23260913400932,19.98451333270944
2026-02-12 17:52:29.140800,S003,humidity,78.17666485925365,-28.69643537042546,21.66376873505399
2026-07-23 09:52:29.140800,S004,ec,1.9444494955870624,-24.593496479441907,29.747908071919838
2026-07-31 13:52:29.140800,S003,soil_moisture,-15.242873099601962,-29.985441440506865,30.895146829206883
2025-11-24 15:52:29.140800,S003,temperature,26.185727871772244,-27.285736747229024,28.684985235094878
2025-11-11 02:52:29.140800,S004,ec,2.275143152274946,-26.23489230237362,23.355279464387646
2026-05-08 18:52:29.140800,S002,humidity,71.16221956982359,-29.005511418739882,31.900191992316984
2026-11-07 17:52:29.140800,S003,soil_moisture,0.7919215216046,-29.75162301503116,23.66627310192254
2026-08-02 00:52:29.140800,S004,ec,1.2870865897922057,-29.158745884795017,19.19622044648064
2026-06-04 14:52:29.140800,S001,soil_moisture,0.39378735823695793,-30.66348317243648,30.239938305603594
2025-12-01 00:52:29.140800,S002,ec,0.9999609980976184,-32.90729828684261,25.45577354736937
2026-10-19 18:52:29.140800,S002,humidity,52.94196530201615,-25.51733883476858,18.499842048383133
2026-04-02 04:52:29.140800,S002,soil_moisture,0.5689546289683572,-33.78619291071887,22.147346353443584
2025-10-17 16:52:29.140800,S003,temperature,35.76000520535354,-27.78169426677529,19.00831332068057
2026-05-01 14:52:29.140800,S001,soil_moisture,0.6852072855033324,-33.61835186146675,20.35279503235902
2025-12-06 19:52:29.140800,S002,ph,7.041019556838476,-24.601564749686126,26.716150013115012
2026-01-13 12:52:29.140800,S003,ph,6.213739534281481,-26.393786399483638,19.776580044832787
2026-08-03 23:52:29.140800,S002,humidity,75.73656007368447,-30.184308561940682,20.617238042589193
2026-04-04 23:52:29.140800,S005,humidity,82.24888344407532,-32.36083171308874,18.21076330184205
2026-04-06 19:52:29.140800,S002,ec,0.6996117226098769,-33.353638353262205,22.425478424230672
2025-12-08 22:52:29.140800,S002,ec,2.669066951102813,-25.14317402994391,24.9285957783255
2026-03-26 00:52:29.140800,S005,temperature,29.065966307129617,-33.419064296016636,31.076668998674023
2025-10-08 03:52:29.140800,S004,ec,-7.082241366073787,-26.208319278178607,28.585886359695273
2026-01-13 02:52:29.140800,S004,humidity,68.46543726687277,-31.11924295949148,24.06983923334067
2026-06-07 05:52:29.140800,S001,ph,6.0099211831352,-25.958028160205068,22.695577239358492
2025-12-04 15:52:29.140800,S001,ec,1.782673499051394,-33.76217690771782,26.981276647262803
2026-06-05 18:52:29.140800,S005,ec,1.1118936088646423,-24.065242467880665,18.31196014912202
2026-03-11 22:52:29.140800,S001,humidity,61.01470131311906,-30.048606814101387,22.908965113408513
2026-07-15 03:52:29.140800,S002,humidity,57.64328442587584,-28.939240683733274,26.233490989601613
2025-10-14 18:52:29.140800,S004,temperature,28.24987025137516,-24.365602148612695,29.83317066166321
2026-10-02 10:52:29.140800,S005,humidity,75.85707371822085,-33.95952860671542,20.97915477613111
2026-06-17 16:52:29.140800,S003,humidity,96.66170490449754,-33.715228957494666,20.275910708408773
2025-11-16 00:52:29.140800,S002,soil_moisture,0.47557691374621963,-30.913608062940803,18.957376702057513
2026-01-30 05:52:29.140800,S003,humidity,95.23054204554577,-25.324507680490328,25.36387380690005
2025-12-18 18:52:29.140800,S004,ec,2.691015276972014,-33.138413878817616,21.593853766367747
2025-11-24 02:52:29.140800,S005,temperature,30.516775514284515,-31.341646215975533,26.794645068955976
2026-06-22 11:52:29.140800,S004,humidity,90.72213138146206,-33.31012469542112,19.452181878157248
2026-09-30 00:52:29.140800,S003,ec,1.768268205842133,-32.59112847409567,27.25164185908794
2026-09-12 12:52:29.140800,S005,temperature,10.174577397688294,-30.620612426426653,20.897236019518303
2026-10-09 00:52:29.140800,S002,ec,1.0336218225582912,-25.922107877059425,25.23529922739549
2026-07-27 04:52:29.140800,S004,humidity,71.19366946943516,-32.47011003046622,23.99580474065981
2026-09-21 14:52:29.140800,S005,ec,1.3684960354052367,-33.48552500119837,26.134182286614035
2026-02-10 12:52:29.140800,S004,ec,1.5649423641327647,-32.75554055912363,28.771686765402883
2026-05-17 08:52:29.140800,S003,ph,6.440208777874329,-24.92627069217336,24.09173576357459
2025-10-27 16:52:29.140800,S001,ec,1.4431747743393173,-27.217184884494756,25.85198433686447
2025-11-04 18:52:29.140800,S002,humidity,78.31589902913169,-26.882008598584992,18.816860054613556
2026-02-15 21:52:29.140800,S005,ec,2.0571152394388625,-32.73797912987112,30.128553819484424
2026-01-20 19:52:29.140800,S004,soil_moisture,0.438008123627308,-30.768740004424977,30.28866200691451
2026-01-14 15:52:29.140800,S004,ec,2.052138849984102,-32.024561493058656,30.971847383240807
2026-10-15 22:52:29.140800,S005,soil_moisture,0.48953817163390134,-32.20964575318498,25.150417416525073
2026-06-17 10:52:29.140800,S002,temperature,19.111259404018686,-28.49277487338948,21.422012451214528
2026-10-14 18:52:29.140800,S003,ec,1.4721745033709726,-31.6784055852913,22.287686410660804
2026-04-20 22:52:29.140800,S002,soil_moisture,0.2542987578035762,-27.055705498129768,18.331975947252577
2025-10-31 19:52:29.140800,S001,temperature,25.44757529500493,-31.247208265448307,30.43417319228906
2026-04-30 09:52:29.140800,S004,temperature,23.279050680495097,-30.95963424365056,21.83522874988097
2026-09-01 09:52:29.140800,S005,ph,6.125220770536145,-24.242289511953913,27.37711373116982
2026-08-03 22:52:29.140800,S005,ec,2.2765208985208205,-32.664524707272726,23.643185312365485
2025-10-10 05:52:29.140800,S003,humidity,78.32898472565445,-29.407774354346067,19.411007828029938
2025-11-11 11:52:29.140800,S004,soil_moisture,0.46014616852792445,-28.799778836574884,29.61299943054389
2026-05-30 10:52:29.140800,S002,ph,6.934882600282185,-24.753016299943994,21.757443686899343
2026-10-28 16:52:29.140800,S005,temperature,13.961197148317547,-33.40121954444501,25.729779916612564
2026-01-18 15:52:29.140800,S003,ec,0.8778581356210327,-25.001819620584794,23.947794634045454
2026-02-07 14:52:29.140800,S005,soil_moisture,0.34511008050792036,-32.9274225708043,25.205343388318468
2026-02-12 22:52:29.140800,S002,ph,6.531489682147934,-29.333233691115268,28.901401349278373
2026-07-25 05:52:29.140800,S003,ec,1.6815194203956454,-32.44509060616026,31.537535565576796
2025-12-02 15:52:29.140800,S002,ec,2.434895852886468,-25.707462915741896,25.319747347574747
2026-08-17 16:52:29.140800,S001,soil_moisture,0.48447156413951814,-28.466997016733846,31.411246553353887
2025-10-20 13:52:29.140800,S003,ph,6.786163992713024,-27.961378682598674,26.31226618114173
2026-03-03 06:52:29.140800,S002,temperature,11.713335424475018,-30.531943503602484,30.29846347929782
2026-09-29 05:52:29.140800,S005,ec,1.682730051416472,-29.094101983139453,27.911784192735094
2026-01-21 18:52:29.140800,S002,ph,6.489799836018164,-28.066192226189813,21.76424808605399
2025-11-10 13:52:29.140800,S002,soil_moisture,0.735600380827117,-26.279050329004317,21.931528626591327
2026-01-16 21:52:29.140800,S005,ec,2.431534704659127,-31.08347977050165,31.62919737655289
2026-09-17 09:52:29.140800,S004,ph,7.069239996690873,-31.199894227506594,20.34612028418539
2025-12-04 02:52:29.140800,S004,ec,1.318715658055997,-32.01529055773108,25.099119790578307
2026-06-18 21:52:29.140800,S005,temperature,21.54646499491426,-31.32583790739045,31.04596505460519
2025-11-30 13:52:29.140800,S004,humidity,52.76421647377857,-29.7453781365596,28.036404509481688
2026-07-30 15:52:29.140800,S004,ph,6.495598819331129,-25.637043190400945,25.844918336065682
2025-10-22 04:52:29.140800,S004,humidity,78.38051287223966,-32.18256118866991,21.124363098870646
2026-04-03 18:52:29.140800,S003,temperature,31.0202172490185,-25.084870993636486,26.731781404071327
2025-12-31 14:52:29.140800,S002,soil_moisture,0.39697083557229274,-26.764982019996946,27.59485401320473
2026-03-26 05:52:29.140800,S003,temperature,26.186735296831475,-24.457708804377248,27.10517378528101
2026-11-13 00:52:29.140800,S005,ec,0.7954483274132385,-27.940121206371053,25.17426950897398
2026-01-23 13:52:29.140800,S001,ph,6.269279309861956,-30.192182507180142,23.702432293781513
2026-06-17 03:52:29.140800,S004,soil_moisture,0.5500310421173746,-29.56696104107777,24.797082240801466
2026-01-21 20:52:29.140800,S005,humidity,78.71276310639637,-32.76425403821159,28.586600158212676
2026-03-13 16:52:29.140800,S001,ph,6.712692568090065,-29.324357916216517,18.30048900297235
2026-09-11 18:52:29.140800,S003,soil_moisture,0.47200138181730095,-31.315735487500355,19.046287936825752
2025-11-15 23:52:29.140800,S004,humidity,54.54044214600482,-30.40576515903115,30.73718468889798
2026-04-10 11:52:29.140800,S005,ph,5.744974505783505,-33.05858431592358,20.050237596082958
2025-12-14 22:52:29.140800,S004,ec,1.2733350900970029,-31.132511668714642,31.516713308395122
2026-07-17 19:52:29.140800,S002,soil_moisture,0.47148868529237087,-26.77710179892214,19.554733069383634
2026-02-11 21:52:29.140800,S002,temperature,16.73778429239904,-27.48899908399359,27.400452539090452
2026-09-14 03:52:29.140800,S002,ec,1.5263975926409035,-32.58403696488339,30.063011445769167
2026-02-01 21:52:29.140800,S001,temperature,34.25352782518927,-30.825297985068712,20.792821583501006
2026-04-13 03:52:29.140800,S003,humidity,63.233346761050456,-33.2574047368707,27.90223026806462
2026-03-07 19:52:29.140800,S002,temperature,18.46499231742006,-32.23542088516376,24.202508005829515
2026-01-28 18:52:29.140800,S004,soil_moisture,0.4389565696318059,-27.924457016692262,24.1590872308173
2026-01-20 04:52:29.140800,S002,ph,7.090129387164419,-30.190884587081783,21.840004441062632
2026-05-01 03:52:29.140800,S003,temperature,21.836411401950667,-27.675135061631828,30.076800539270124
2025-11-12 20:52:29.140800,S002,ec,0.8045820219782912,-28.846089475936104,23.79350728835707
2025-11-24 12:52:29.140800,S005,ec,1.1009613872907948,-33.82810390955045,27.35038544333632
2026-07-26 23:52:29.140800,S001,humidity,84.7303306704859,-31.302261133994485,29.07850935631283
2026-09-20 18:52:29.140800,S002,temperature,30.191814132304316,-25.64638268684175,29.4390348439059
2026-07-26 18:52:29.140800,S005,humidity,77.4735537410639,-33.47448452078856,19.065860435885515
2025-10-04 14:52:29.140800,S002,ph,14.351432697943672,-33.51947211915644,23.468572508835024
2026-09-30 15:52:29.140800,S002,temperature,22.521922538750935,-26.784688711420646,24.84569549699302
2026-11-21 09:52:29.140800,S003,soil_moisture,0.3978282519928619,-31.861772396480774,20.05447129466103
2026-10-06 09:52:29.140800,S003,humidity,33.16205844104509,-32.33620075180837,20.883940077599938
2025-10-17 09:52:29.140800,S005,temperature,21.120007504951584,-27.6172793808703,24.329704826630994
2026-01-26 08:52:29.140800,S005,temperature,4.866300973746643,-26.99440325750983,31.585738813417073
2025-12-06 18:52:29.140800,S001,temperature,15.820336295848312,-24.757054372622676,25.48976035858316
2025-12-09 09:52:29.140800,S002,humidity,44.921744181955304,-29.06845129999479,28.185321546517255
2026-02-02 01:52:29.140800,S002,ec,1.2205566420240956,-24.62426026852407,20.754807736101874
2026-07-29 18:52:29.140800,S003,ec,1.7832407191099529,-25.969109349228983,22.89435340036986
2026-01-27 05:52:29.140800,S001,ph,6.918364797592884,-30.153392914767892,26.542536059360508
2025-11-07 17:52:29.140800,S005,ph,-0.13286565072736778,-26.874566879548325,28.61536789844466
2025-12-06 18:52:29.140800,S002,ph,5.965302776620908,-25.838621364381712,29.249687188642888
2026-05-19 08:52:29.140800,S001,humidity,70.81465828277746,-30.34747211149295,28.209608535821125
2026-09-11 02:52:29.140800,S002,humidity,49.96557479830905,-24.130531861912523,26.5805266459547
2025-12-09 05:52:29.140800,S005,ec,1.392994626272587,-32.43757961444935,25.136795800816877
2026-08-13 10:52:29.140800,S004,humidity,58.069080123899646,-30.755233468248264,30.371693767777035
2026-08-29 18:52:29.140800,S001,temperature,21.639071734524613,-31.88910267062239,25.62746224885452
2026-01-17 21:52:29.140800,S005,ph,6.42551662589776,-32.769417592122466,29.241953689957562
2025-11-19 12:52:29.140800,S004,soil_moisture,0.6231118560257578,-33.35738068750824,20.152094452762036
2026-04-05 15:52:29.140800,S002,soil_moisture,0.48390553015732507,-30.00471031374406,24.57805482668648
2026-03-18 11:52:29.140800,S003,humidity,66.95626219535391,-29.93148195384061,30.41296621672106
2026-06-25 10:52:29.140800,S002,soil_moisture,0.1474890046564512,-32.683812899887045,22.764707416091888
2026-10-10 18:52:29.140800,S005,temperature,34.77496802894607,-25.574958401811276,29.47999407825598
2026-03-14 03:52:29.140800,S001,soil_moisture,0.3601095384126337,-33.55651396493818,30.270190703571288
2026-01-30 06:52:29.140800,S001,soil_moisture,0.6962511675421736,-32.65258532707209,21.271207541857425
2026-06-25 09:52:29.140800,S005,ph,7.203482129509382,-33.42205401751743,25.11994964988562
2026-11-23 05:52:29.140800,S004,soil_moisture,0.2612041705413219,-25.76694686442626,18.10904482801493
2026-10-02 05:52:29.140800,S005,ec,1.8716125944910336,-30.578087060432118,27.379821848666793
2026-10-17 02:52:29.140800,S005,humidity,65.0387549451176,-27.910428157157675,23.19033070371909
2026-06-04 14:52:29.140800,S004,ph,6.9335273603449865,-28.757989345760443,19.427058120312957
2026-05-05 16:52:29.140800,S001,soil_moisture,0.534506339994089,-28.25943653765936,30.446259883594845
2026-01-25 05:52:29.140800,S003,humidity,66.60886596014628,-29.507863589377997,30.08058421510451
2026-10-19 16:52:29.140800,S005,ec,1.5378349173411714,-28.15007010421101,26.36690555372998
2026-09-29 15:52:29.140800,S002,temperature,13.649063455268903,-27.086647485926957,19.227163058436844
2025-12-22 18:52:29.140800,S001,temperature,17.87581849578626,-31.86719515728005,26.726073422456913
2025-11-07 12:52:29.140800,S004,soil_moisture,0.42318954480047855,-29.211620781745353,19.07917644326828
2026-04-17 15:52:29.140800,S002,soil_moisture,0.4945107313791203,-26.988836345477498,30.168017532887603
2026-04-16 00:52:29.140800,S004,humidity,50.376473291993754,-27.25539780761219,30.68629862002249
2026-05-25 23:52:29.140800,S002,ec,1.651388211813528,-29.73120251125478,18.553350680319802
2025-12-29 15:52:29.140800,S004,humidity,47.03831085356896,-29.7704148319532,26.469053364744518
2025-12-10 03:52:29.140800,S003,soil_moisture,0.5903701506816064,-32.687953412677544,29.985450608682186
2026-07-06 05:52:29.140800,S004,soil_moisture,0.5765879816696388,-33.94156418522852,23.40972757520817
2026-06-14 06:52:29.140800,S001,temperature,18.880052032181144,-30.468243435194577,22.206066053771178
2026-09-06 11:52:29.140800,S004,ph,7.510982069804925,-25.079908779752333,20.803989044970248
2026-11-03 02:52:29.140800,S001,soil_moisture,0.5817775221903141,-27.61930841062096,18.870768275472955
2026-08-17 08:52:29.140800,S005,ph,6.700535972783801,-25.050274140537603,18.50844720976502
2026-02-08 18:52:29.140800,S004,humidity,61.066823443684505,-29.18424069315146,28.615056508707703
2026-03-25 00:52:29.140800,S001,temperature,34.45794697559066,-28.61251521711246,29.859009739627112
2026-01-23 05:52:29.140800,S004,temperature,29.697515322365337,-25.291019577516458,24.581283414463254
2026-11-01 21:52:29.140800,S005,humidity,46.36557097259548,-27.841311738682634,19.193541084850008
2025-12-17 18:52:29.140800,S002,humidity,71.30220268800448,-28.501672207306143,30.562850224093523
2025-12-11 01:52:29.140800,S002,soil_moisture,0.47379824004737336,-26.757670554454197,31.714575941658055
2026-03-23 18:52:29.140800,S001,temperature,32.81051962035545,-27.552365244913794,31.997424891874
2026-01-28 09:52:29.140800,S002,ph,7.1501258156570024,-33.340329177296525,19.766957536997293
2026-11-23 10:52:29.140800,S003,ph,6.808824816347883,-26.57209670901286,29.90163407835987
2026-08-22 03:52:29.140800,S001,soil_moisture,0.667247496083902,-29.480072207711313,18.846554053396947
2026-01-21 20:52:29.140800,S002,temperature,32.10001454351474,-32.362541641047244,25.737991502126548
2025-12-05 04:52:29.140800,S004,ph,6.680936222168961,-31.45333879975446,19.62763195581236
2026-02-25 06:52:29.140800,S004,soil_moisture,-2.932973858662775,-32.14474681062471,25.177110258332462
2026-04-06 19:52:29.140800,S004,soil_moisture,-7.286814789973299,-26.149756727388432,19.66929544321666
2026-06-23 19:52:29.140800,S003,temperature,17.973589630513175,-29.02622892226139,22.42617984560988
2026-10-27 22:52:29.140800,S004,humidity,97.89183669450819,-29.145289747637875,26.225891434407096
2025-12-27 12:52:29.140800,S005,temperature,29.61650574119215,-32.22295402769274,19.67318365777481
2026-03-08 04:52:29.140800,S004,soil_moisture,0.682078339220696,-30.563800890115917,21.215925439723627
2026-08-08 09:52:29.140800,S001,ec,1.2805505791666498,-30.516265729899345,26.930746577003024
2025-12-01 22:52:29.140800,S004,ec,14.629089381495795,-30.674828070550326,19.92675756919644
2025-12-28 14:52:29.140800,S005,humidity,66.4082537521381,-33.69887968370366,21.797303277420852
2026-08-25 09:52:29.140800,S001,ec,2.1306118232669466,-33.81733113854599,27.892360762150563
2026-02-25 11:52:29.140800,S003,soil_moisture,0.47133352452455596,-24.522214516042737,26.544285356915807
2026-06-26 02:52:29.140800,S001,ph,6.371611687268111,-28.74626718037225,30.40639293928571
2026-04-26 10:52:29.140800,S005,soil_moisture,0.5032846996643525,-30.051512776821507,20.33306998708348
2026-06-23 21:52:29.140800,S001,humidity,74.00154240659496,-26.645785651889682,28.11564823889128
2026-06-16 10:52:29.140800,S001,humidity,66.80085480231406,-26.14543319392199,18.902741011357055
2026-06-22 18:52:29.140800,S003,ph,6.313936311828234,-31.647449896847142,28.491845935181466
2026-04-30 10:52:29.140800,S005,ph,6.537130298796059,-32.09096557931477,22.58228107592769
2026-09-21 15:52:29.140800,S005,temperature,17.533482718947685,-26.147106345092855,22.0172635814445
2025-12-16 14:52:29.140800,S003,soil_moisture,0.39419407647416516,-24.999814105080905,24.12890895419688
2025-11-20 13:52:29.140800,S002,temperature,21.38932837137408,-32.13517316181092,30.437750818919703
2026-06-14 10:52:29.140800,S004,ec,1.6422831662659776,-30.813205968914264,28.79160459697367
2025-11-15 18:52:29.140800,S001,temperature,22.62922664891486,-26.184636667404856,20.90623736516733
2026-06-07 08:52:29.140800,S001,humidity,36.65417027855266,-26.362021034809793,24.542157991057444
2025-10-26 16:52:29.140800,S001,soil_moisture,0.49075808095902845,-33.05726565877752,26.073559043402526
2026-03-05 17:52:29.140800,S002,ph,6.861070890125018,-27.38038482787671,22.918859157559453
2026-05-23 22:52:29.140800,S001,ph,6.024905532522488,-30.89606775416034,22.547616674604008
2026-03-18 20:52:29.140800,S002,temperature,34.80090703338563,-25.569565753924476,25.736740854710412
2026-08-23 12:52:29.140800,S004,ph,6.475900049122629,-31.69986875960705,25.367454755087056
2026-03-17 16:52:29.140800,S005,temperature,23.61361204514891,-32.292405275500364,21.076689974755748
2026-03-31 07:52:29.140800,S003,ph,6.525409126147488,-33.7169569619344,19.861930729734546
2026-07-13 15:52:29.140800,S002,temperature,20.386953203068998,-24.451921014398202,19.133389292636767
2026-10-04 10:52:29.140800,S004,ph,6.720607287943504,-27.23592793647206,29.143477896296638
2026-08-01 18:52:29.140800,S001,humidity,47.147126377905664,-32.03896020018639,22.778411454159183
2026-08-21 08:52:29.140800,S005,temperature,17.60369080915827,-26.83731134154969,20.424978644938673
2025-10-29 18:52:29.140800,S001,temperature,16.298000845009135,-32.423304178033504,26.901937584949422
2026-09-18 00:52:29.140800,S003,ph,7.233738843888584,-30.52613967832197,31.787123307904487
2026-03-03 20:52:29.140800,S003,humidity,74.24339416559907,-33.12701723688942,27.100229300210813
2025-10-11 21:52:29.140800,S004,ec,2.0973491267015394,-25.335825894147227,20.72298015427356
2025-11-27 01:52:29.140800,S001,ph,6.798261307014643,-33.25432021881567,23.200332965576678
2026-10-18 12:52:29.140800,S001,ph,6.9195545431752725,-31.222450769590367,24.89225070363236
2026-02-17 20:52:29.140800,S005,ph,7.343222554840608,-33.06982694099355,30.108955093259517
2026-01-30 08:52:29.140800,S001,soil_moisture,0.5369582965487071,-33.53115819098558,20.893286979194094
2026-06-08 12:52:29.140800,S004,humidity,90.18713199671028,-31.391961882984443,20.842870642740472
2026-11-02 00:52:29.140800,S003,ph,6.258097848355346,-24.41921263246993,25.88389577520436
2026-05-10 01:52:29.140800,S003,humidity,40.213452501502715,-30.459740931910332,22.955405605601644
2025-10-15 18:52:29.140800,S004,ec,1.685288248994095,-26.121343790661818,27.922664885004444
2026-01-13 18:52:29.140800,S002,humidity,94.89800063033628,-33.232222664762,27.61510001523719
2025-11-19 06:52:29.140800,S002,soil_moisture,0.6405179368459561,-28.91988207252633,24.922267920158962
2026-05-29 05:52:29.140800,S005,soil_moisture,0.5186641032793629,-28.157221483790735,22.33067577421786
2026-10-02 07:52:29.140800,S004,soil_moisture,0.4378097222943057,-31.04499544603056,27.625024400001028
2026-09-12 21:52:29.140800,S004,ph,15.912808482540107,-24.834426072052384,21.97794128344467
2025-10-24 08:52:29.140800,S002,soil_moisture,0.5936776678269511,-28.007643520455048,31.80380662611927
2026-03-27 08:52:29.140800,S005,ph,6.431953609353577,-33.412052315844925,28.37253830211438
2026-04-10 01:52:29.140800,S005,soil_moisture,12.365927521740455,-27.948312432730543,23.68224736103605
2026-01-27 21:52:29.140800,S003,soil_moisture,0.689566283345241,-33.53858318433153,29.587031842078495
2026-04-07 14:52:29.140800,S004,ph,6.636709082311642,-26.57875920427211,18.478864429816696
2025-11-26 21:52:29.140800,S004,ec,1.9209502037934891,-29.38861495869402,29.146591464784205
2026-06-17 15:52:29.140800,S002,ph,6.660580236810023,-30.090439086104563,28.062735861958295
2025-12-23 07:52:29.140800,S005,humidity,80.8338464284287,-31.14171754755311,30.245504019924198
2026-06-28 16:52:29.140800,S003,ph,6.666064658838905,-28.443242931469822,27.67269467956886
2026-11-05 03:52:29.140800,S002,ec,0.954979959865108,-32.50245209957546,29.45208707645182
2026-05-17 05:52:29.140800,S003,ph,7.0646232340781365,-29.798824385441826,22.757016677636827
2025-12-14 16:52:29.140800,S004,temperature,38.57790574579711,-33.293609663798016,19.04666488153068
2026-10-08 16:52:29.140800,S002,humidity,70.47077595278562,-24.4236619557608,26.90973056562492
2026-07-03 20:52:29.140800,S004,ec,1.4785109364003415,-27.599469068280428,24.68741524006205
2025-12-16 09:52:29.140800,S003,temperature,15.92992883438151,-24.115542224632147,22.049999782532122
2025-10-26 10:52:29.140800,S004,ph,6.384596613312298,-31.180551840079037,19.46021471635334
2026-06-19 11:52:29.140800,S005,soil_moisture,0.25784291956921346,-33.61983355806346,25.354181780500987
2026-11-17 20:52:29.140800,S002,soil_moisture,0.6002108155181848,-28.05880196733541,25.235018608531476
2025-12-09 17:52:29.140800,S003,soil_moisture,0.3889360502988689,-27.369668640518555,21.740516511297912
2026-11-13 18:52:29.140800,S005,soil_moisture,0.35336590910358123,-32.74163518100963,22.546237733580313
2026-03-14 13:52:29.140800,S002,ec,1.897915030337567,-25.55679529171099,25.599145932101308
2026-02-20 14:52:29.140800,S001,humidity,106.98583550506577,-28.780300944418986,21.99464598928773
2026-05-05 15:52:29.140800,S002,humidity,38.010241256050676,-33.56715039961061,20.688026456229363
2025-11-09 09:52:29.140800,S001,ph,6.221327871160608,-27.172328998946057,31.879658412306167
2026-05-19 13:52:29.140800,S004,ec,3.3678510526426626,-32.70304253384775,21.51356765575385
2025-11-29 10:52:29.140800,S002,ph,6.10661438298133,-32.434154515694594,26.524326207798367
2026-03-11 05:52:29.140800,S004,humidity,28.29137955908766,-24.551214237988916,24.626341476780134
2026-04-05 16:52:29.140800,S002,ph,6.30239788638762,-26.857747610328552,31.249731470072422
2026-05-12 01:52:29.140800,S003,ph,6.932060458338198,-27.586995420305982,27.477992829354793
2025-11-21 04:52:29.140800,S004,temperature,18.658285119565956,-27.736372758921398,20.46126624903351
2025-11-12 02:52:29.140800,S005,humidity,58.56673319347692,-27.2689333488789,19.19135288734609
2026-07-05 23:52:29.140800,S002,ph,5.961174354591805,-24.743980375423334,23.69394028095815
2026-06-29 10:52:29.140800,S003,ec,1.8114278929925791,-28.87778120769355,27.473166596760947
2026-04-28 13:52:29.140800,S005,temperature,16.180453717974398,-24.121384861932412,21.51286826271908
2026-01-23 18:52:29.140800,S001,ec,2.326941201184688,-25.231374983651985,25.59829580323826
2025-11-21 13:52:29.140800,S002,soil_moisture,0.5000029673152672,-32.32095907098881,30.080927133334733
2025-11-06 05:52:29.140800,S003,humidity,67.25514057397943,-26.853301128297463,23.46331882160571
2026-05-16 16:52:29.140800,S002,ph,6.663337145900703,-30.290857140518163,30.7254504735971
2026-04-27 07:52:29.140800,S004,ph,6.88141192743652,-25.729347563661896,22.504444059186223
2026-08-14 05:52:29.140800,S003,temperature,24.167948749885646,-25.781042073622686,30.3092100990377
2026-04-05 19:52:29.140800,S001,ph,6.555161995258878,-32.62792579949148,27.675413981145034
2026-06-03 02:52:29.140800,S005,ec,1.4543512377059646,-26.343472913945526,28.626981463487233
2026-10-12 13:52:29.140800,S001,humidity,42.37523783168919,-32.69434934852428,20.450826736457635
2026-07-15 00:52:29.140800,S004,soil_moisture,0.7628992967825114,-28.221787357704187,19.120544659571127
2026-04-02 13:52:29.140800,S002,temperature,28.420204752739235,-26.287652121714988,30.44125178946845
2025-11-01 01:52:29.140800,S001,ph,6.296280576906568,-32.083762221303886,27.746429418605196
2026-06-22 23:52:29.140800,S003,temperature,17.132633615855653,-31.807528316161555,29.421139724818143
2025-11-26 16:52:29.140800,S005,ec,0.44738994130959253,-31.901695056193592,25.19798238719471
2026-09-24 04:52:29.140800,S004,soil_moisture,0.4771656978799612,-28.78464573767571,18.183147339696554
2026-06-20 15:52:29.140800,S004,ec,-0.1473073719181619,-24.14143401703477,27.346656630797007
2026-10-24 15:52:29.140800,S005,temperature,20.97862882374715,-32.17290582657017,29.862854450823505
2026-07-30 09:52:29.140800,S005,humidity,60.92678454281746,-31.226879310981335,18.731863256374798
2026-04-09 08:52:29.140800,S004,ph,4.977854915081062,-29.14740021016751,26.176492901258335
2026-10-27 16:52:29.140800,S003,soil_moisture,0.4263892944914762,-25.263348576727367,23.587260802822822
2026-08-31 11:52:29.140800,S001,humidity,102.85922394609072,-32.67051263690751,29.392739421767974
2026-01-16 11:52:29.140800,S001,ph,6.203252994603413,-31.489152404554147,24.082153093657773
2025-10-28 00:52:29.140800,S003,humidity,42.66887986813309,-26.450087995744898,28.83717665094335
2026-11-14 04:52:29.140800,S002,ph,7.310098832891035,-30.86876783809526,20.000563577955177
2026-07-30 10:52:29.140800,S001,ec,1.7789275897074353,-26.68883373715333,28.57128002277879
2026-06-19 19:52:29.140800,S005,ph,5.9315002949159465,-25.623067404261437,31.50770317853935
2026-10-22 01:52:29.140800,S001,ph,7.317804076297209,-30.590640475613224,19.666291657247687
2026-10-12 10:52:29.140800,S003,ph,6.416302631692722,-29.18920878374321,21.518674530699958
2026-06-25 14:52:29.140800,S002,soil_moisture,0.6985130133071848,-26.91470674500034,28.371618491101103
2026-01-31 16:52:29.140800,S002,ec,1.4219664237326497,-24.422507369360588,24.024549534518865
2026-10-16 05:52:29.140800,S001,humidity,35.72243419260029,-27.417498792310663,23.928734301297922
2026-09-07 19:52:29.140800,S002,humidity,60.84197635319314,-24.42870186199654,18.577774488095784
2026-09-12 09:52:29.140800,S004,humidity,73.09425125690345,-33.75092903122642,25.970091530364343
2026-07-29 14:52:29.140800,S004,soil_moisture,0.399468405433298,-30.24764291979676,21.445960582251253
2026-05-16 13:52:29.140800,S002,humidity,39.54712432344655,-31.8267644107085,21.40548304878485
2026-05-24 21:52:29.140800,S004,ph,6.461901593816583,-33.87997024014242,21.687749073555473
2026-05-05 23:52:29.140800,S002,ph,6.1417287933558535,-28.627628795205844,30.96672514475502
2026-05-25 20:52:29.140800,S004,humidity,70.51174011707317,-32.91429875086823,25.932493053053854
2026-07-04 09:52:29.140800,S001,ec,1.4891515955504864,-32.27710634071,30.683368712252253
2026-09-19 04:52:29.140800,S003,ec,1.6055680956056702,-27.08067109577153,19.46198903937925
2026-11-17 11:52:29.140800,S003,temperature,23.21719000304428,-30.150257479795577,23.819720629456853
2026-03-03 12:52:29.140800,S002,ec,0.7672370621221699,-32.457687572285174,20.417618540440873
2026-09-20 06:52:29.140800,S003,ph,5.940651846468788,-27.107554911499623,30.80234516435899
2026-08-31 09:52:29.140800,S004,ec,1.2064760529706415,-26.13288918494139,30.502303359930792
2025-11-05 13:52:29.140800,S001,humidity,95.27704997432093,-25.642948035981902,25.76279338930795
2025-12-11 11:52:29.140800,S005,ph,6.711128828388172,-31.6177159443738,18.428240816083488
2025-12-16 08:52:29.140800,S001,temperature,21.08783754754688,-30.91000998735066,31.252906065729775
2026-08-22 09:52:29.140800,S002,humidity,68.50776426219032,-33.82318884240563,25.037952076024
2025-11-06 18:52:29.140800,S004,temperature,31.60594729550423,-31.401045590850458,31.962455138370572
2025-10-21 05:52:29.140800,S001,ec,1.831180494037697,-27.50760577429117,29.61508711979699
2026-07-24 10:52:29.140800,S005,ph,6.636795972881583,-25.758005294164178,24.760049486812044
2025-11-18 21:52:29.140800,S002,ec,2.433471812339417,-30.143106075485342,26.68576197173072
2026-07-26 13:52:29.140800,S001,humidity,49.245814363005266,-25.714109423951776,26.702603003552063
2025-11-28 01:52:29.140800,S004,soil_moisture,0.22689048248771682,-31.892617792199424,19.800208617314016
2026-11-18 21:52:29.140800,S004,ph,7.2825306416773925,-32.27259407654353,21.827703600070247
2026-04-12 00:52:29.140800,S003,humidity,49.09149766419331,-27.623527260888547,31.712010619983445
2026-06-16 19:52:29.140800,S002,temperature,21.266724433153414,-28.54002399181747,21.629229442307313
2026-11-01 10:52:29.140800,S004,soil_moisture,0.6821393581854973,-31.53855276232469,23.330884210728982
2026-01-29 23:52:29.140800,S005,humidity,54.63916863600921,-24.017524406537213,30.66610341703963
2025-10-13 13:52:29.140800,S002,soil_moisture,0.4866123061680088,-32.69903110322116,30.995773278368823
2026-09-14 15:52:29.140800,S005,ph,6.364899324994971,-32.05132960471094,19.57530436525997
2026-04-12 06:52:29.140800,S001,ph,0.6694329874842495,-27.63414694294378,30.97337860808826
2025-11-27 14:52:29.140800,S004,temperature,28.634493209939826,-31.981253044020914,19.510852207493766
2025-12-30 12:52:29.140800,S005,temperature,36.704269098527064,-29.346945032443806,25.966077689014373
2026-08-15 15:52:29.140800,S003,temperature,16.128376894641796,-27.033943115889528,20.647459040610144
2026-06-08 04:52:29.140800,S003,soil_moisture,0.5828239877953891,-32.43275064620698,18.998272293666822
2025-11-02 00:52:29.140800,S003,ph,5.326920525879639,-28.20211068864257,27.9553451800652
2025-12-12 13:52:29.140800,S004,temperature,39.191993133381025,-31.393668338551787,24.909226782944152
2026-11-02 05:52:29.140800,S002,ec,-0.04854982934153229,-28.427502141492923,27.373646058277846
2026-02-23 16:52:29.140800,S005,humidity,54.94628502994512,-30.748483757418125,19.836692215576626
2026-04-29 15:52:29.140800,S003,soil_moisture,0.5681859159483772,-28.429833961057827,20.309311217328172
2026-02-13 20:52:29.140800,S005,soil_moisture,0.528523271416146,-31.872025349906323,19.724822986608647
2025-10-07 06:52:29.140800,S005,ec,1.3970417946881375,-26.65504304820044,30.478974324502786
2026-04-18 10:52:29.140800,S005,ph,6.134481865942857,-32.91223802969745,20.376140609418847
2026-03-29 12:52:29.140800,S004,soil_moisture,0.600245177456921,-32.75184394130939,28.851572429917695
2025-11-25 04:52:29.140800,S002,soil_moisture,0.6330188413068656,-27.506293693442668,28.86369557452331
2026-01-03 20:52:29.140800,S005,ec,2.208339006958049,-31.202652572278133,26.482573066468603
2026-05-02 05:52:29.140800,S003,ec,1.7603855815268379,-31.51357726891195,25.45682920371486
2026-04-20 22:52:29.140800,S004,ec,1.9899321272943977,-26.24561879040288,27.1869212860664
2026-05-11 22:52:29.140800,S004,humidity,42.176814592705554,-30.769714291905927,25.916461703698545
2026-04-21 16:52:29.140800,S001,temperature,37.525933826606135,-30.111619261839042,23.507055531031877
2026-11-09 00:52:29.140800,S002,temperature,24.47649187835995,-31.506817600834836,19.095132125964522
2026-10-22 15:52:29.140800,S003,ec,2.1373286072857676,-26.72303261131219,18.939360428168165
2026-07-29 15:52:29.140800,S001,temperature,44.2997028575158,-25.00048851757154,22.75198925329932
2026-08-31 15:52:29.140800,S005,ec,1.2142595327851355,-28.451469492921426,20.94848029806775
2025-11-14 10:52:29.140800,S003,soil_moisture,0.6216920833192383,-27.698230309103167,31.260584138933453
2026-10-09 23:52:29.140800,S003,soil_moisture,0.5046548003577941,-33.120707444639216,23.817922278076914
2026-03-11 00:52:29.140800,S005,ec,1.886392213153515,-29.806785095808056,19.32893085353163
2026-08-10 20:52:29.140800,S001,humidity,52.68725099645189,-32.5533209200183,26.59786475849825
2026-09-24 20:52:29.140800,S001,humidity,86.88013364734687,-25.111149627636795,25.38880499001135
2026-11-05 00:52:29.140800,S001,soil_moisture,0.5285728879022478,-25.352744254413878,23.75785886786023
2025-11-11 01:52:29.140800,S005,ec,1.4308979100610812,-26.26696307737333,25.39929318472923
2026-05-09 20:52:29.140800,S004,humidity,46.2277077723415,-32.4219357994714,24.497265059378982
2026-10-24 00:52:29.140800,S002,soil_moisture,0.6598418320946688,-29.74623970015641,26.712227330307844
2025-11-25 23:52:29.140800,S004,humidity,82.18960238262332,-33.29344631261446,20.278241961926614
2025-11-05 10:52:29.140800,S004,ph,6.442992019433757,-27.506920668779884,29.92887438346351
2025-10-24 16:52:29.140800,S005,humidity,72.04486404985929,-32.15361426612064,27.727897419035806
2026-07-12 15:52:29.140800,S005,humidity,91.42690769486353,-24.903864202312604,20.379222982703197
2026-01-04 19:52:29.140800,S002,humidity,54.4564442469902,-31.153084270978457,25.1028318018457
2026-06-17 20:52:29.140800,S002,ph,5.650356727442041,-27.05877883205285,28.36334399068894
2025-10-22 09:52:29.140800,S002,humidity,42.262454908649644,-26.317971470954163,25.86455486400357
2025-10-09 04:52:29.140800,S001,temperature,31.10874095107252,-24.751760857185687,23.38127372661016
2025-11-16 16:52:29.140800,S003,humidity,82.16269558936042,-33.589693268018436,30.225839756170487
2026-03-14 04:52:29.140800,S002,humidity,103.52511169417102,-27.101129542574093,23.67387426009096
2026-05-13 11:52:29.140800,S002,ec,0.2525791156007957,-30.309345043977228,28.537803982421536
2025-10-29 13:52:29.140800,S002,ph,6.946167846925568,-30.414623291338096,28.298863457792596
2026-06-19 00:52:29.140800,S005,ec,1.5928121034332123,-27.488460774751676,18.267284365423375
2026-06-12 16:52:29.140800,S003,ph,6.1079555066812885,-27.881635682052874,25.23478817641182
2026-04-07 16:52:29.140800,S001,ph,6.620854949494706,-28.938509497677398,25.522720123297866
2026-07-08 20:52:29.140800,S005,temperature,24.696992281693174,-32.522096122237045,27.925540098280912
2026-11-01 10:52:29.140800,S004,soil_moisture,0.34310311046034914,-24.779815811614647,23.187283553306376
2026-07-27 11:52:29.140800,S005,temperature,30.665936163453107,-28.11045225670216,20.254949179506752
2025-11-09 22:52:29.140800,S003,humidity,55.697411845582096,-27.012330986039583,19.92258267230195
2026-02-20 14:52:29.140800,S003,ph,6.818903072110828,-24.060880752166135,21.247718868217508
2025-11-12 01:52:29.140800,S004,humidity,53.16973291679531,-26.141198340711703,26.275457380442283
2026-04-05 17:52:29.140800,S002,temperature,22.238182893054905,-25.41352310238096,26.67512753182389
2026-07-02 21:52:29.140800,S004,temperature,34.932765526215384,-33.608881499403395,21.956303011246693
2026-03-27 21:52:29.140800,S001,temperature,26.442214186549624,-33.17608174288777,18.194697293592135
2026-03-11 00:52:29.140800,S005,humidity,71.46464667253781,-32.868696774308546,22.75913631764778
2025-10-21 13:52:29.140800,S002,ec,0.8924961832026133,-31.524131265046954,31.38979299039321
2025-12-01 19:52:29.140800,S002,temperature,17.61705553568221,-27.684633583043016,30.272513927492646
2026-04-09 09:52:29.140800,S001,ec,1.2067093155910786,-33.82214633995524,21.90342906524626
2026-02-26 15:52:29.140800,S001,ph,5.756787056819513,-30.49033705583352,21.393569582577634
2026-07-25 11:52:29.140800,S004,temperature,30.486910762441784,-25.013185437755503,27.11197677939418
2026-09-22 18:52:29.140800,S002,ec,0.8670008096547889,-33.7511491207047,28.673664772843082
2025-10-08 21:52:29.140800,S004,temperature,25.48227559542606,-29.296504810484997,22.859882717675067
2025-12-13 20:52:29.140800,S004,ph,6.897685350215364,-31.370099567866617,24.295741694977345
2026-06-08 12:52:29.140800,S002,ec,2.182766383830893,-27.091566085903082,19.10325619638961
2026-09-16 05:52:29.140800,S003,temperature,25.82534487486395,-26.987576601772133,27.185595514287797
2026-09-19 09:52:29.140800,S002,temperature,23.585832177700695,-25.05725874595248,21.63972200739846
2026-09-24 21:52:29.140800,S002,soil_moisture,0.44637549729862497,-26.28243480565718,18.48128254805007
2025-10-10 17:52:29.140800,S002,temperature,23.217194407135324,-32.03098330745332,30.28364650955864
2026-10-18 19:52:29.140800,S004,temperature,28.6914819852288,-25.901062961579775,24.34400477981448
2026-06-24 23:52:29.140800,S005,temperature,29.640072150826075,-33.20596451921429,31.596216864712332
2026-10-29 08:52:29.140800,S002,ec,0.29560036033388837,-33.8143148356298,24.99872781603943
2026-08-06 06:52:29.140800,S002,soil_moisture,0.3820705724897014,-28.541238382526302,22.41143999208734
2026-02-19 13:52:29.140800,S002,humidity,97.43325955722528,-25.1472864899341,25.525677928020023
2025-11-20 09:52:29.140800,S002,humidity,93.62686992762482,-26.46594210624901,31.143635373053286
2026-07-15 06:52:29.140800,S001,ec,1.6114723551349575,-29.996323336100577,31.449536596011633
2026-10-20 15:52:29.140800,S001,ph,6.5160586271196195,-31.17981593657303,20.380233305000335
2026-06-06 03:52:29.140800,S004,humidity,69.90149742424659,-32.0285142157801,22.84089368619982
2026-10-06 08:52:29.140800,S005,soil_moisture,0.3701586792965334,-31.489639669859812,31.268693162977502
2025-12-30 07:52:29.140800,S005,ec,1.4050060817645915,-33.949650788231935,21.29052655569881
2026-01-18 00:52:29.140800,S002,temperature,26.60824237726667,-28.803555631400386,31.87562794487791
2026-10-25 23:52:29.140800,S003,ec,1.9852993883663665,-27.251653317761683,23.62951728482187
2026-02-26 20:52:29.140800,S002,ec,1.3650202590990572,-33.62085647252544,28.95172410732443
2026-07-02 08:52:29.140800,S003,ec,1.2249860651869593,-33.16225913410884,18.633334103273896
2026-09-20 14:52:29.140800,S001,humidity,72.97807252910674,-26.58604125362462,23.16492377403973
2026-09-13 01:52:29.140800,S005,humidity,60.12754775710666,-29.438869267313862,23.051923030104717
2026-07-31 03:52:29.140800,S004,soil_moisture,0.6705694541814694,-24.687537720799952,31.699850474146444
2026-03-08 00:52:29.140800,S003,temperature,29.890881751047594,-28.240175817161074,18.276652972846215
2026-06-19 23:52:29.140800,S004,ec,1.5900891683679828,-30.169619951941314,21.084974632436197
2026-04-17 22:52:29.140800,S005,ph,6.800573407587799,-33.382792329247266,26.12454555144973
2025-11-04 02:52:29.140800,S004,soil_moisture,0.6375771447652262,-29.026712643223785,20.688088642873424
2025-10-11 08:52:29.140800,S003,soil_moisture,0.677298190610949,-32.157896159012076,22.511246159964557
2026-11-23 01:52:29.140800,S001,ph,6.047823082317075,-28.757911874732162,18.814858919716325
2026-01-05 04:52:29.140800,S004,soil_moisture,0.420799364643078,-32.67566414083226,20.75151083449977
2026-05-13 02:52:29.140800,S003,temperature,15.510864884543109,-27.23184217238232,21.7973961749436
2026-06-28 04:52:29.140800,S002,temperature,10.701952386491888,-27.363519049226866,31.238965463761478
2026-07-19 06:52:29.140800,S003,ph,6.337185581265392,-33.64480492520813,22.648166799681057
2026-08-04 01:52:29.140800,S002,humidity,65.96453121130224,-26.2149019065575,25.781908418355183
2026-08-21 09:52:29.140800,S005,ec,1.3918595825072315,-28.378200791356157,25.05157493894925
2025-12-05 04:52:29.140800,S004,ec,2.8406456802437594,-27.417254498211392,28.00310764247373
2025-10-14 21:52:29.140800,S002,temperature,14.810163280067792,-30.079450236436024,29.596572569805105
2026-02-06 08:52:29.140800,S004,temperature,15.363565208069394,-27.201035795245275,23.76251619459
2026-08-14 02:52:29.140800,S005,soil_moisture,0.577422391361334,-25.789318610428452,28.083222661391513
2026-09-23 12:52:29.140800,S004,ph,7.794264480249953,-30.6445637747503,26.537801358549693
2026-11-20 05:52:29.140800,S001,temperature,3.2672536260953393,-29.66031380246635,27.939702305530446
2026-11-21 18:52:29.140800,S004,ec,1.2018155203307404,-27.55365943986203,29.827021603469795
2026-06-20 11:52:29.140800,S003,ph,5.617992390867157,-32.5024627848866,29.14406292487621
2025-10-14 06:52:29.140800,S005,temperature,20.138439133836613,-27.383281308248083,21.089935782252905
2025-10-26 11:52:29.140800,S002,ec,1.3470661253673102,-25.339813442668504,19.564622596393143
2025-10-26 15:52:29.140800,S005,temperature,30.981782250152655,-24.88839273505856,24.40832070586693
2026-02-06 15:52:29.140800,S002,ph,6.4919105187696395,-29.675244513328042,18.352268488445453
2026-07-17 10:52:29.140800,S004,ph,6.555192548038369,-31.291202002804333,22.47675164983221
2026-11-18 04:52:29.140800,S003,ec,2.05078914115083,-32.014809653294414,27.51824356351854
2026-05-03 08:52:29.140800,S001,ec,1.9203589112349844,-28.261316049549663,31.684765557137624
2026-07-23 18:52:29.140800,S005,humidity,73.15673151706693,-28.17509507122763,24.31574231759663
2026-05-21 10:52:29.140800,S002,temperature,7.465649211119473,-26.31143732152875,23.60882919393366
2026-06-25 00:52:29.140800,S005,soil_moisture,0.4042434690402631,-32.14061182877369,31.424109562334692
2026-10-17 03:52:29.140800,S004,humidity,73.91755544980475,-32.58476990764724,28.86273522044861
2026-10-06 12:52:29.140800,S002,ph,6.86034575516484,-24.224768133289444,19.559715391723408
2026-11-16 10:52:29.140800,S004,soil_moisture,0.5978676184954961,-30.14770750782892,27.010836016172515
2026-03-08 23:52:29.140800,S004,ec,0.8744084891725997,-24.30055687666691,22.31138127962598
2026-01-29 13:52:29.140800,S004,ec,1.5725228803355404,-27.403665672824317,30.79985734877187
2025-12-08 16:52:29.140800,S001,temperature,24.38115898879651,-29.00563229526231,18.029037265033853
2026-09-11 02:52:29.140800,S003,humidity,83.77049355086262,-29.405562149841796,21.893203437128044
2026-07-19 06:52:29.140800,S003,temperature,22.983190680674888,-31.00594805289179,27.50382796862342
2026-03-17 10:52:29.140800,S001,ec,1.6680723540765643,-25.3515607443436,27.017588651567493
2025-12-06 14:52:29.140800,S003,ph,7.350037284757497,-32.149363391556214,27.905680643710582
2025-10-25 04:52:29.140800,S001,soil_moisture,0.22783471271189032,-26.23637541272931,30.661245655175527
2026-05-31 16:52:29.140800,S005,humidity,75.64217252434466,-32.13017085493644,29.96173320020597
2026-05-09 07:52:29.140800,S003,temperature,23.99324294089543,-30.013209680459518,28.49453929266385
2026-09-10 05:52:29.140800,S004,ph,6.257842764671187,-27.935698037766226,18.78320623723126
2026-08-31 23:52:29.140800,S003,temperature,27.264575992400264,-30.207647284188464,29.682653238269165
2025-11-19 01:52:29.140800,S001,ec,2.279793622542098,-33.037739309461706,26.051874005667578
2026-08-05 13:52:29.140800,S003,ec,1.7981597245146632,-29.857034079529274,26.018204417209247
2026-01-17 13:52:29.140800,S004,temperature,9.62404681088824,-30.17465208763954,21.232162200773104
2026-08-18 21:52:29.140800,S005,humidity,53.26830604586079,-29.83385469159987,28.694773401866676
2026-05-06 23:52:29.140800,S004,ph,6.592212979806675,-27.5063295648276,29.55501650838724
2026-09-08 07:52:29.140800,S003,soil_moisture,0.3102015708273739,-28.96502145378944,22.409615557854142
2026-03-02 07:52:29.140800,S004,humidity,87.04283040092022,-24.987990760837462,18.922514291370042
2026-01-12 01:52:29.140800,S002,ec,1.5046477250171069,-29.15757279749066,22.324670304609512
2026-01-02 10:52:29.140800,S001,temperature,20.864416785930004,-28.341137363292752,21.132508737476236
2026-11-11 18:52:29.140800,S005,temperature,32.09126463317301,-28.32928672325038,26.920038898662813
2025-12-13 10:52:29.140800,S003,humidity,79.8004733599835,-33.39891864924615,31.249431286980403
2026-03-13 14:52:29.140800,S002,temperature,28.297974993184,-31.1718869814694,26.815303494894657
2026-03-24 08:52:29.140800,S002,soil_moisture,0.15739498538068292,-26.22923790131501,31.807928113144232
2026-10-15 07:52:29.140800,S001,humidity,68.53336419799409,-27.73144332916069,24.825805242652457
2026-01-29 14:52:29.140800,S005,humidity,81.78213508500401,-26.54566059039361,19.369863647347593
2026-03-05 10:52:29.140800,S001,temperature,30.27890708578436,-31.813155353322053,30.193634415677504
2026-09-26 00:52:29.140800,S005,ph,6.558939690919484,-33.0151981866263,19.024625000862002
2026-03-22 04:52:29.140800,S002,ph,6.417339631743946,-25.13390248105241,27.260510426442924
2026-06-21 02:52:29.140800,S002,soil_moisture,0.5961411998693067,-25.396266199008416,30.73254982058481
2026-06-30 10:52:29.140800,S005,temperature,32.30798046678649,-26.352644914390982,30.5390865962045
2025-10-24 18:52:29.140800,S004,temperature,16.396625396206296,-32.47176428340306,19.240325786494065
2026-07-04 12:52:29.140800,S001,temperature,29.069121849054945,-27.057096677733256,25.984696990396454
2026-06-07 14:52:29.140800,S004,soil_moisture,0.5703736667182989,-28.87122267085344,29.26911680404948
2026-08-02 10:52:29.140800,S001,temperature,32.5593519247915,-25.438600627334253,23.97828872426715
2026-01-21 21:52:29.140800,S004,humidity,71.18529091047219,-27.866773172986107,20.361194279961083
2026-05-23 01:52:29.140800,S003,humidity,73.10535203871004,-24.64965349465517,27.039362286904428
2026-04-28 00:52:29.140800,S002,temperature,26.250500682664544,-33.60663519389921,30.081116530257635
2026-01-21 02:52:29.140800,S004,ph,6.298592636882522,-28.480291017671604,20.356319960765603
2026-06-12 00:52:29.140800,S002,ph,7.065261627720736,-30.268962987284482,24.119975890089755
2026-10-23 11:52:29.140800,S003,ph,-8.24034564842867,-31.21317612173657,30.375120859993757
2026-06-22 12:52:29.140800,S004,soil_moisture,0.4642344449227891,-31.402248477672337,23.410913242595548
2025-12-05 18:52:29.140800,S005,soil_moisture,0.5254351711353689,-27.33363727586029,31.550723944404528
2025-12-18 04:52:29.140800,S003,temperature,21.20428632800754,-31.20712242781151,21.188075085771445
2026-10-04 05:52:29.140800,S002,humidity,44.463524870995045,-31.85740900612543,30.084854930928294
2026-07-12 12:52:29.140800,S002,ec,1.7503667999398864,-29.43192340501212,25.585107045384067
2025-11-09 22:52:29.140800,S002,ph,0.6981147365179181,-24.52057227905822,21.01394518842973
2026-04-02 22:52:29.140800,S001,ph,5.600925841592271,-25.320911906751185,23.803949813865227
2026-05-05 23:52:29.140800,S004,ec,0.8138283824089495,-25.77826369160456,21.441899901148393
2026-06-15 00:52:29.140800,S004,humidity,61.14281414397533,-31.51447064206879,29.478328629150507
2025-12-19 13:52:29.140800,S002,soil_moisture,-0.8022967279626766,-25.359977535863695,25.987544557192752
2026-10-18 11:52:29.140800,S001,temperature,19.667159665740325,-33.063939296799994,22.095816359362964
2026-05-11 19:52:29.140800,S004,temperature,18.368127055161416,-25.712770329109123,21.982361724141786
2026-01-12 12:52:29.140800,S001,ph,6.302844446775798,-26.506007789502984,20.546307463887896
2026-02-12 20:52:29.140800,S004,ec,1.3528365036763947,-26.930428528738453,24.497797209571445
2025-11-23 01:52:29.140800,S001,ph,6.425362449045199,-24.41377033285554,30.8026305151513
2026-07-10 16:52:29.140800,S003,temperature,35.77473462735399,-27.07595529176924,20.2531320982741
2025-10-15 09:52:29.140800,S004,soil_moisture,0.4414686695622312,-27.0023747009514,20.38911717767712
2026-01-17 18:52:29.140800,S005,temperature,27.909599507727595,-25.75168622100444,18.120875327247244
2026-05-13 19:52:29.140800,S004,soil_moisture,0.3709873985823333,-25.48497225816876,19.03745329849997
2026-06-07 21:52:29.140800,S003,ph,6.723139167613689,-31.229997466183075,31.201977297130867
2025-10-25 14:52:29.140800,S004,soil_moisture,0.38271600281383905,-31.124540407375555,20.457736198768274
2026-04-06 08:52:29.140800,S003,temperature,23.892093544397138,-28.112600332847407,29.758457144835297
2026-06-16 19:52:29.140800,S003,humidity,96.20479133019705,-24.127014074555113,25.84374629748517
2026-06-22 13:52:29.140800,S005,ec,1.507065954423384,-32.574820981557984,27.67384256834419
2026-11-05 19:52:29.140800,S002,temperature,27.258141296719508,-29.942448419644826,25.984800647747075
2026-06-18 19:52:29.140800,S003,ph,7.4565408607071415,-30.489796241628387,19.237818161385682
2026-10-21 11:52:29.140800,S001,humidity,49.9915443309472,-28.928548898626993,22.606155669785586
2026-04-16 17:52:29.140800,S001,humidity,25.721572614723456,-32.17516707626872,25.700522727623973
2025-12-19 06:52:29.140800,S001,soil_moisture,0.2754042121095519,-25.88245955100914,26.1739273620052
2026-10-22 13:52:29.140800,S003,soil_moisture,0.6867733737954427,-30.390745159814244,28.714405483236376
2026-07-31 21:52:29.140800,S004,ec,2.0262900057125695,-24.048032202699716,28.910367923768433
2026-02-11 06:52:29.140800,S001,temperature,34.60271630111636,-26.04090896233225,19.479893980645095
2026-10-26 00:52:29.140800,S003,soil_moisture,0.4060103974906798,-29.82759182124084,29.897745132362637
2026-06-16 10:52:29.140800,S005,humidity,38.0730172177431,-30.026569206848208,23.49252749605288
2026-02-14 06:52:29.140800,S003,soil_moisture,0.6303777587848024,-33.776337451099536,24.759659312498982
2026-03-01 07:52:29.140800,S002,ec,1.9622828241929615,-32.61438229748081,25.69783081234842
2026-09-01 15:52:29.140800,S001,ec,1.0211239150442124,-30.608967544281743,29.044003758862328
2026-10-07 02:52:29.140800,S001,ec,0.9719948134303903,-24.03578032890787,27.765412302209278
2026-08-26 21:52:29.140800,S003,temperature,31.838603599987497,-28.396044101959568,19.335384818973846
2026-02-25 01:52:29.140800,S001,humidity,46.67926420907327,-24.022207465286378,29.76487313146295
2026-02-08 10:52:29.140800,S002,humidity,56.39110680298308,-30.207177152809336,21.18714222553729
2025-11-14 02:52:29.140800,S002,ph,6.822672582020624,-33.347935256380396,24.466421064258668
2026-03-13 23:52:29.140800,S002,soil_moisture,0.49951636725995735,-30.257655875454343,19.55136589689795
2025-10-18 00:52:29.140800,S002,soil_moisture,0.19246930172631987,-33.22430104574056,30.440700026974636
2026-02-09 21:52:29.140800,S003,soil_moisture,0.6280735658733706,-30.244111194111287,28.319561243694693
2026-09-19 20:52:29.140800,S002,temperature,13.749585808260031,-26.359548909319695,31.886800554488683
2026-03-16 15:52:29.140800,S002,temperature,31.805963241986333,-29.97918312401645,20.199722582902517
2025-12-20 05:52:29.140800,S002,humidity,62.04871963782319,-24.807894197606178,18.94158248304141
2026-07-20 14:52:29.140800,S003,ph,6.821104696203508,-29.12745587794111,25.489730913381393
2026-01-14 00:52:29.140800,S004,ph,-1.3400900391780297,-33.91685578973615,25.56894467372158
2026-04-09 17:52:29.140800,S002,humidity,49.161867091449075,-29.17778408297824,29.826998456399107
2025-11-08 22:52:29.140800,S005,ph,6.207993728401814,-33.30928013450422,27.101961838448034
2026-10-12 02:52:29.140800,S002,soil_moisture,0.6633237429730352,-25.17367915665748,20.084390648322504
2026-10-29 15:52:29.140800,S001,temperature,24.599990247331622,-27.033344589836297,23.286743288299625
2025-10-23 15:52:29.140800,S005,humidity,47.606243704142045,-33.85190455957242,20.782602368858967
2026-02-20 22:52:29.140800,S002,ph,6.568313750055964,-26.63071851076836,27.768844007921494
2026-05-07 09:52:29.140800,S003,ph,6.847708826422858,-26.03017272720958,29.780520106215654
2026-02-10 22:52:29.140800,S005,humidity,57.97585396945627,-29.870103636446707,22.19048950022109
2026-04-20 18:52:29.140800,S005,soil_moisture,0.6555600601412775,-32.716848325566374,29.883437297886033
2025-11-01 07:52:29.140800,S002,temperature,4.213491934334623,-32.458853558061165,22.657850750756495
2026-04-14 19:52:29.140800,S003,temperature,19.376924155958058,-33.208410747975165,19.860818520911927
2026-09-15 15:52:29.140800,S002,soil_moisture,0.3246865518609716,-30.390236360795107,29.011386447240184
2025-12-12 18:52:29.140800,S005,soil_moisture,0.5531032364374467,-33.2519883747984,21.825272075340255
2026-05-25 18:52:29.140800,S003,humidity,59.5670385467835,-25.954258407776933,26.462344472632182
2026-03-14 11:52:29.140800,S002,humidity,57.15994327850135,-27.31268292681467,23.365651697534926
2026-01-10 16:52:29.140800,S005,soil_moisture,0.47996178614772167,-32.56094480729884,27.539974992752633
2026-10-04 04:52:29.140800,S004,soil_moisture,-18.559190890355467,-27.76803283053028,30.366347416296765
2025-10-16 12:52:29.140800,S001,temperature,20.113551166757063,-25.427934127565493,30.82497397094671
2026-02-17 23:52:29.140800,S003,soil_moisture,0.4005266475985537,-31.132187769801483,30.377562027300474
2026-01-08 16:52:29.140800,S001,temperature,24.180842785387647,-25.467082459205194,22.817206477561975
2026-08-30 20:52:29.140800,S003,humidity,39.41030369402195,-31.919060216910424,25.244941580421433
2025-11-23 17:52:29.140800,S004,temperature,23.02365965388577,-25.755734878980647,18.52231769383496
2026-06-05 09:52:29.140800,S001,soil_moisture,0.5166484848909888,-25.253400076017765,26.513287794778208
2026-04-17 16:52:29.140800,S002,soil_moisture,0.17293868250343186,-31.073153104411293,26.25178448057281
2026-03-17 11:52:29.140800,S003,humidity,79.11219537974826,-26.614887329384405,21.48171900555728
2026-06-21 13:52:29.140800,S004,ec,2.2791514587242068,-29.886081563072636,26.739002394842487
2026-08-03 14:52:29.140800,S001,temperature,16.390246062235867,-24.98576999414751,19.442690634769157
2026-11-06 17:52:29.140800,S001,ph,6.57433756880445,-24.90466245245981,25.260644468852348
2026-05-13 20:52:29.140800,S005,temperature,31.666770724431167,-33.55655785651187,24.280369001329458
2025-10-18 03:52:29.140800,S004,ph,6.63088492256329,-32.46868399823286,28.11744560316243
2026-06-07 17:52:29.140800,S003,temperature,23.275139020470153,-26.80872285887126,25.675808976994006
2026-11-02 12:52:29.140800,S003,ph,6.828631848049242,-24.052845791786247,23.972051565663456
2025-10-05 19:52:29.140800,S002,ph,6.6799236040827275,-26.54248475387783,26.279818369256297
2026-08-25 12:52:29.140800,S001,ec,2.3691653126008942,-26.86887002817396,24.604741294312575
2026-10-05 05:52:29.140800,S003,temperature,-10.861086849244266,-24.49326447749787,29.34403060314726
2026-11-12 13:52:29.140800,S003,humidity,92.60927939197228,-30.525974041263794,25.22456946986606
2026-06-09 01:52:29.140800,S004,ec,1.3089655141888241,-33.8905008793357,20.352049543741423
2026-05-04 05:52:29.140800,S005,soil_moisture,0.6390396873581734,-30.233291380701164,20.519718436472914
2026-02-02 02:52:29.140800,S001,humidity,76.53223025366455,-29.288751088187915,30.280683868228472
2026-08-09 01:52:29.140800,S001,humidity,60.82871861566311,-24.082257670310092,31.485555822420107
2025-10-09 09:52:29.140800,S001,temperature,39.529390524026326,-29.334688905714025,27.52776700164193
2026-03-06 11:52:29.140800,S001,temperature,28.79873042880142,-27.785693599578106,19.80077592759727
2026-01-08 19:52:29.140800,S003,humidity,65.42070621094516,-26.374953445278273,20.318947647030917
2026-10-16 05:52:29.140800,S002,soil_moisture,0.7603301234893247,-31.984598532526856,30.35577243943149
2026-06-05 17:52:29.140800,S001,ec,1.5638063783244867,-27.631237820701287,21.487500348936784
2026-08-21 22:52:29.140800,S003,humidity,50.11599817470518,-32.84813812232192,21.464551137815867
2026-08-11 18:52:29.140800,S004,temperature,11.701239440735046,-28.071621505172825,31.221802763568874
2026-02-07 22:52:29.140800,S005,temperature,32.53304888376629,-25.43027766579763,26.670393003870544
2026-04-03 11:52:29.140800,S005,humidity,59.56744322521743,-28.22670342325482,20.313259936506924
2026-04-14 23:52:29.140800,S002,ph,6.580688166421259,-33.56753834476028,21.559804359159052
2026-03-30 01:52:29.140800,S002,soil_moisture,0.339944602777158,-30.379161933648188,18.505590601955223
2025-11-17 20:52:29.140800,S004,soil_moisture,0.3597167817973589,-27.24156716567901,22.609397471810432
2026-10-28 15:52:29.140800,S004,ph,6.6901747348387754,-24.206339665510157,23.15746519903687
2026-08-28 17:52:29.140800,S001,humidity,45.86186026712851,-27.13086575459229,31.760774922333226
2026-01-04 22:52:29.140800,S003,soil_moisture,0.41509645060915434,-32.01859519562224,20.16405866506866
2026-07-14 13:52:29.140800,S005,temperature,18.696625643781456,-33.28148181483863,27.422569975140224
2026-06-12 17:52:29.140800,S003,soil_moisture,0.0816961199267488,-29.655486132886963,19.448847555477656
2026-04-14 07:52:29.140800,S004,ec,1.3579301149363328,-26.756913349045345,20.564786954390435
2026-02-14 14:52:29.140800,S002,ph,6.828842653135974,-27.36195885774789,30.275789790182422
2025-12-04 20:52:29.140800,S004,ph,6.499106778958164,-25.142770658124917,28.442149355972603
2026-06-19 17:52:29.140800,S005,soil_moisture,0.6038699129052665,-27.859906945895958,21.246695378208653
2026-07-18 03:52:29.140800,S002,ph,10.858320794151012,-24.267696003971796,24.67654896467371
2026-03-16 21:52:29.140800,S002,soil_moisture,0.5025417351818453,-31.50347773288476,27.057225238583886
2026-01-04 14:52:29.140800,S001,temperature,33.135294126802485,-25.16082627306765,28.84680851913074
2025-10-27 05:52:29.140800,S003,ec,0.5818670066292501,-29.26136503854733,26.938465483908118
2026-05-12 20:52:29.140800,S002,soil_moisture,0.32287372418408544,-33.734767714887376,19.809034189101993
2025-11-18 21:52:29.140800,S002,soil_moisture,0.6490689365915472,-28.229106494422908,23.103751120117725
2026-06-01 05:52:29.140800,S001,soil_moisture,0.33320121107545864,-31.829849568580908,24.38963327724423
2025-10-09 16:52:29.140800,S002,soil_moisture,0.5544261279569372,-29.586001732265615,28.177682136328663
2026-09-13 16:52:29.140800,S002,temperature,20.965466759910647,-30.162038397204185,25.01524614813307
2026-10-10 01:52:29.140800,S001,ec,1.15951720723166,-30.071364052096172,23.066651575932248
2026-01-30 21:52:29.140800,S003,temperature,31.053084217889115,-32.35277155424852,26.649287010913643
2025-11-14 14:52:29.140800,S003,ph,6.852573570644091,-32.90837588073033,26.09888582686142
2026-10-19 03:52:29.140800,S003,humidity,76.50636286210731,-32.220108687867025,20.40064599914701
2025-12-31 22:52:29.140800,S002,humidity,90.55785054087795,-26.965503281596565,19.717811874721086
2026-11-04 16:52:29.140800,S001,ec,1.2781677649505931,-32.066003093276656,20.833079066393754
2025-12-02 04:52:29.140800,S005,soil_moisture,0.7923247733894758,-25.479169968120303,24.409598003377795
2026-05-04 15:52:29.140800,S003,humidity,36.81402947446143,-32.46828705048368,25.39983671037644
2026-05-11 05:52:29.140800,S005,ec,1.5598798038608972,-27.635010421635034,24.999264880919227
2026-09-15 16:52:29.140800,S001,temperature,22.43612203099336,-33.91985792350639,22.7382592855921
2026-04-14 16:52:29.140800,S002,soil_moisture,0.4374420689956779,-27.386628736583887,21.09392538170132
2026-03-10 19:52:29.140800,S002,soil_moisture,0.4064164399940393,-28.85431310744016,24.527576092881674
2025-12-18 12:52:29.140800,S001,humidity,58.21007033501711,-29.95759834681484,25.110352745061647
2026-01-17 01:52:29.140800,S004,ph,6.435107871627453,-33.44428891047689,22.174507182342573
2026-06-09 12:52:29.140800,S004,temperature,21.80504024967457,-27.085110935912425,24.52631163136244
2025-12-08 07:52:29.140800,S002,ec,1.2531304549879856,-30.776952591784976,24.760149472165352
2026-02-18 22:52:29.140800,S002,soil_moisture,0.648246926575269,-24.693411816727668,21.98200266082636
2026-10-17 23:52:29.140800,S005,temperature,21.659846636165042,-26.72428644162305,26.419136735322684
2026-07-18 02:52:29.140800,S005,humidity,75.07883023432606,-31.70847354971397,25.844083456324583
2026-06-10 17:52:29.140800,S005,humidity,67.31117139481083,-27.803341903559723,31.71668275501419
2026-09-13 02:52:29.140800,S004,humidity,62.03795388368221,-27.44219736386112,22.90070497930144
2026-03-30 09:52:29.140800,S002,ph,5.930536789713728,-28.122993968286874,28.39945336221808
2026-10-21 17:52:29.140800,S005,temperature,40.207890018117055,-32.90674199686784,30.875006987483964
2026-08-05 04:52:29.140800,S002,ph,6.115925436449833,-28.814958577036258,24.74088190338797
2026-11-14 13:52:29.140800,S003,ec,1.1801572510746818,-32.67192530350851,20.893440752678366
2025-12-13 06:52:29.140800,S001,temperature,25.74968760037393,-31.82268971820917,29.560579199908148
2025-10-08 16:52:29.140800,S002,ec,0.9089582793751804,-26.618696435295533,26.665886525656447
2026-09-19 09:52:29.140800,S002,ec,2.35289663693074,-29.768497254139632,31.483405383538845
2026-08-01 08:52:29.140800,S003,soil_moisture,0.35713980487965996,-26.29216814705697,27.185409160801324
2026-07-14 04:52:29.140800,S004,ph,6.733878136293848,-28.35564202497302,20.96583782266471
2026-06-29 06:52:29.140800,S002,humidity,52.52678379705392,-33.2666468827475,25.492612609962556
2026-10-24 13:52:29.140800,S003,soil_moisture,0.46855410453439317,-31.35849064648787,26.79967133904976
2026-04-19 14:52:29.140800,S002,soil_moisture,0.5733828295697406,-31.582260337546117,25.489854530976203
2025-11-09 05:52:29.140800,S001,humidity,37.44056088717272,-25.208871206310086,27.00306508539884
2026-08-16 23:52:29.140800,S005,ph,6.45893089920609,-31.721409701510424,25.12972259773331
2026-01-18 21:52:29.140800,S002,humidity,69.26916781036196,-32.267315764832226,23.526743798414337
2026-04-29 01:52:29.140800,S001,ph,6.088530391983525,-29.431782935268306,29.422632489179243
2026-02-11 17:52:29.140800,S001,soil_moisture,0.18820848902778636,-24.050640435146597,25.965562355336907
2026-07-18 08:52:29.140800,S003,ec,1.8812340844206894,-33.13478621493081,25.10939262821814
2025-10-12 14:52:29.140800,S003,ec,2.3574285474144334,-30.81445745169679,25.510122153024973
2026-01-20 15:52:29.140800,S004,ph,6.470789868582703,-29.489433590784284,23.70244813165631
2026-04-17 01:52:29.140800,S004,ph,6.4364379152236335,-24.310392618261563,18.976774588655097
2025-12-21 16:52:29.140800,S005,soil_moisture,0.6852205647763783,-33.95487903889778,24.60862118594514
2025-12-21 17:52:29.140800,S005,ph,6.792057440410635,-30.654709560529405,29.555038814574484
2025-10-10 20:52:29.140800,S004,humidity,98.53455872254665,-32.36342032911193,30.724068949729396
2026-06-06 20:52:29.140800,S005,ec,1.5607919125556502,-28.58570556731347,27.83165102203629
2026-09-01 19:52:29.140800,S001,ec,2.4496497110048816,-33.963183202203275,19.350590797800127
2026-07-19 00:52:29.140800,S002,soil_moisture,0.34639779925290504,-26.023160784530454,29.27977270510698
2026-09-24 00:52:29.140800,S003,ph,6.212353183637159,-29.806113349366743,19.750365860173762
2026-09-06 03:52:29.140800,S003,soil_moisture,0.687352238927393,-28.300171209728212,27.66949043585766
2026-07-19 12:52:29.140800,S005,ph,6.9708807338086025,-29.889842964774097,26.081562365433715
2026-05-17 22:52:29.140800,S003,temperature,16.5470608731479,-29.521818642155992,23.234810746175476
2026-05-08 10:52:29.140800,S004,temperature,30.42414570060372,-28.25634551122645,28.9699030798021
2026-06-02 20:52:29.140800,S002,soil_moisture,0.3791652285324084,-32.71111249070195,29.466959150982497
2026-08-11 15:52:29.140800,S002,temperature,32.43934429785675,-26.747809943864873,22.456484162929605
2026-07-18 06:52:29.140800,S003,temperature,22.749644951145882,-29.188132673014962,24.27508244582608
2026-09-21 18:52:29.140800,S005,ec,2.0594745589112615,-32.81017164388214,25.214595279920072
2026-07-02 22:52:29.140800,S005,ec,2.0974498841463625,-28.044138448913,20.363132889769112
2026-04-11 07:52:29.140800,S005,humidity,63.11350372947108,-31.105930166279958,27.898148974595692
2026-02-06 01:52:29.140800,S005,humidity,53.440740761288296,-30.21540378968943,31.75433273205526
2026-10-08 08:52:29.140800,S004,temperature,5.84627870502656,-33.88760702611879,26.768188965157474
2026-09-07 00:52:29.140800,S004,humidity,64.2698606810561,-33.25317196693732,18.78664318574579
2026-02-17 00:52:29.140800,S002,temperature,27.449356017939937,-24.20784218219849,28.30616549605589
2026-10-13 22:52:29.140800,S002,soil_moisture,0.30100540681449683,-26.635223449803306,29.568432525777517
2026-11-23 23:52:29.140800,S004,temperature,17.44164933207525,-32.368686997220784,26.421362233403276
2025-10-11 00:52:29.140800,S001,temperature,29.862068295087774,-27.631080004157575,24.95345311587341
2026-10-18 20:52:29.140800,S003,ec,1.087801801033769,-27.219673364078037,21.64100355752632
2026-04-05 12:52:29.140800,S002,temperature,8.566030731917941,-32.546891107325855,20.43407711573672
2025-11-30 07:52:29.140800,S004,soil_moisture,0.6478910548140101,-27.225391384459755,30.506365779891464
2026-10-10 01:52:29.140800,S003,ec,19.470493974167322,-30.10454901658173,28.3580402307005
2025-12-14 21:52:29.140800,S005,humidity,57.15850606336271,-29.991179285904522,28.973204793415704
2026-08-17 16:52:29.140800,S005,humidity,86.29219410649733,-32.0131868159396,27.289416719092685
2025-12-18 14:52:29.140800,S001,soil_moisture,0.4062394050740805,-26.040866667074127,22.039501613416206
2026-10-30 06:52:29.140800,S003,ec,1.7175494288686048,-32.96329364013237,23.10827954559688
2026-09-10 01:52:29.140800,S004,ec,1.1833281605582733,-29.82627339879648,20.10716911550133
2026-04-22 14:52:29.140800,S001,temperature,38.224827491275725,-30.109740838693646,25.349183458143212
2026-02-07 16:52:29.140800,S003,ph,6.065945678068891,-25.123256236318056,28.705492370612234
2026-05-12 00:52:29.140800,S005,ec,1.3501607195850314,-30.620672456140188,27.207358725133663
2026-01-31 08:52:29.140800,S005,humidity,67.81163058224037,-30.283788235114002,19.266790097617836
2026-01-02 05:52:29.140800,S003,ph,6.2349536274012145,-24.863615259444778,23.95981007960965
2026-08-23 00:52:29.140800,S002,temperature,16.738494382010515,-26.36324322345456,23.36561950323806
2026-04-03 21:52:29.140800,S001,soil_moisture,0.7681132215234265,-32.69443120469538,26.443724563074706
2025-10-27 07:52:29.140800,S002,soil_moisture,0.5718980991735229,-27.71707790260929,23.07878308491898
2026-04-29 08:52:29.140800,S005,soil_moisture,0.37487766315335114,-29.261607753130104,25.246671986462424
2026-09-25 06:52:29.140800,S003,soil_moisture,0.6767377964885228,-30.724037076505493,31.019000049976395
2026-10-05 07:52:29.140800,S002,ec,0.984412796921754,-24.458171835592985,28.83470827830939
2026-08-17 15:52:29.140800,S001,ec,1.7640912557752755,-25.579312869953178,27.249394819180043
2026-04-04 03:52:29.140800,S004,ph,5.508015484552397,-25.284471207017305,22.040941829886854
2026-02-15 04:52:29.140800,S003,soil_moisture,0.2573665348621559,-31.04246122855211,21.848034143943718
2026-03-11 19:52:29.140800,S004,ec,2.1360700820871146,-24.47298858879565,29.240664913799023
2025-10-30 20:52:29.140800,S001,soil_moisture,0.3714212102477189,-26.954936427980673,24.776236931706073
2026-08-03 05:52:29.140800,S005,soil_moisture,0.5959879780954199,-29.982214938294764,20.195378970680466
2026-03-14 00:52:29.140800,S005,ec,1.5041151564739885,-33.62289566260245,29.27631647064497
2025-12-31 20:52:29.140800,S004,ec,1.3167024258994104,-30.50514349404628,27.827535707898154
2026-04-19 12:52:29.140800,S005,ec,2.18419551488891,-29.370005050171827,20.812687400389375
2026-04-09 07:52:29.140800,S004,temperature,31.298659548114017,-27.633836923024084,31.80124674348273
2026-05-23 15:52:29.140800,S003,soil_moisture,0.46555808165468987,-31.571020306935548,29.295674314918816
2026-08-14 06:52:29.140800,S005,temperature,25.808846866194205,-28.719463769282328,18.645081114551154
2026-04-26 19:52:29.140800,S005,humidity,58.43918764371773,-30.306336005234108,27.111972174840712
2026-03-24 09:52:29.140800,S004,ec,1.6112354801283886,-32.66639677238036,31.608936278631454
2026-04-07 03:52:29.140800,S003,temperature,36.36056818699916,-29.759191037836576,27.30290366551781
2025-11-29 12:52:29.140800,S001,temperature,33.17676073517852,-25.609566837093627,19.21430775144841
2026-08-12 05:52:29.140800,S003,soil_moisture,0.29693183439295456,-27.139887624558018,21.248138321557768
2026-07-27 13:52:29.140800,S003,soil_moisture,-12.991534743019264,-31.937066089390907,24.601964041450096
2026-07-23 23:52:29.140800,S003,ph,-11.483151740805258,-31.253981881683654,24.451261653939554
2025-11-22 10:52:29.140800,S005,ec,2.254394373396795,-28.530825521338215,18.511855792547667
2026-10-26 02:52:29.140800,S001,temperature,32.590519906559976,-32.37611618926998,26.515675235030393
2026-10-20 13:52:29.140800,S003,ec,0.6909636586221501,-24.21621462336239,23.27693632073293
2025-11-01 14:52:29.140800,S001,ph,7.04398810062493,-33.04709924270385,29.48163432164096
2026-05-22 08:52:29.140800,S001,ph,6.291578432055405,-27.23207991773429,26.696811405825
2026-05-12 06:52:29.140800,S003,ph,6.013793093804109,-32.73277460003896,22.047714864427633
2026-05-07 01:52:29.140800,S004,temperature,27.100508081118175,-25.95940171157029,30.64627651845195
2026-02-18 19:52:29.140800,S004,soil_moisture,0.40504229493720106,-32.62293253117362,18.9063207553263
2025-10-12 18:52:29.140800,S003,ec,2.518551228762882,-27.690033123995093,30.731610061489675
2026-02-21 06:52:29.140800,S004,humidity,54.51179376125832,-29.117972884977167,20.623487460880412
2026-07-26 09:52:29.140800,S005,soil_moisture,0.6335124960715447,-24.37844132874303,27.90793215603334
2026-10-01 04:52:29.140800,S001,temperature,10.66747095549635,-24.686817030784532,22.214171802196635
2026-08-15 10:52:29.140800,S005,humidity,36.1263792450611,-27.899619236280326,20.424686249371224
2026-06-18 12:52:29.140800,S005,humidity,83.90716367791426,-32.2611380033196,21.35363939103408
2026-06-30 08:52:29.140800,S003,humidity,61.996556182049055,-33.749419626321185,27.466730068236423
2026-02-10 02:52:29.140800,S005,soil_moisture,0.33585388204376,-28.211258110933922,23.388646701834816
2026-03-12 07:52:29.140800,S002,temperature,37.20717581711642,-26.95724222229991,22.80202837124025
2026-06-25 23:52:29.140800,S001,humidity,83.918583184971,-30.63561462360505,22.40643492646101
2026-06-06 13:52:29.140800,S002,ec,1.5405653276241147,-24.503813722869936,27.363794269484014
2026-11-07 08:52:29.140800,S002,soil_moisture,0.3008326728388669,-28.691911755524398,30.56047139277978
2026-06-04 11:52:29.140800,S004,temperature,17.78466169124929,-26.04386841787504,21.279584213518405
2026-06-04 06:52:29.140800,S005,temperature,18.207356678727578,-27.037584899105774,27.501074112102557
2026-08-28 06:52:29.140800,S001,temperature,21.928951188077185,-29.55021214386524,21.576217531218774
2026-10-15 02:52:29.140800,S005,ec,2.2032936121604236,-25.560957545802626,21.047124123140335
2025-12-28 16:52:29.140800,S001,temperature,8.655715073538602,-24.92256773736293,27.37638203540056
2026-08-20 22:52:29.140800,S003,temperature,27.60184134299931,-24.577186289617643,26.007716062589232
2026-09-29 16:52:29.140800,S001,humidity,85.92742882980009,-29.444293154880114,31.56877615691569
2025-11-18 12:52:29.140800,S005,ec,2.0604410177847186,-32.896898071068684,30.842656245842623
2026-04-15 21:52:29.140800,S003,humidity,62.272545982205116,-29.85882465897278,19.20776891157423
2026-05-21 13:52:29.140800,S001,ec,1.1822374750305429,-29.181901399140912,20.07213658116104
2026-06-15 00:52:29.140800,S005,ph,6.230446345011531,-29.709984656627682,30.814255238357088
2026-01-24 06:52:29.140800,S002,ec,0.9173261191635368,-31.20243191371103,22.884608940569464
2026-07-18 23:52:29.140800,S005,humidity,91.28191532950176,-27.639788449580678,26.260142475001906
2026-06-24 20:52:29.140800,S004,ph,6.763689529427244,-29.931578961165805,31.55731804294763
2025-10-08 10:52:29.140800,S001,humidity,46.0274845665337,-24.21250347842653,23.43490505443463
2026-10-11 16:52:29.140800,S002,humidity,80.69272544048067,-30.9690684303309,30.317240336623346
2026-07-18 22:52:29.140800,S005,humidity,66.6419848964739,-30.74425001814275,22.683865143770802
2026-01-16 04:52:29.140800,S004,ph,6.142535307088125,-27.753812461455844,24.535101714213415
2026-01-27 12:52:29.140800,S003,ec,1.77283961108049,-26.36209685352384,21.85111346076537
2026-07-26 19:52:29.140800,S004,ph,12.596617073322726,-31.25577315370912,31.79157853675727
2026-04-06 00:52:29.140800,S003,ph,6.069384544618808,-29.023414686053613,23.671797530932434
2026-10-31 13:52:29.140800,S003,ph,7.080145843569243,-29.349592713434355,31.975600988280434
2026-09-22 21:52:29.140800,S002,soil_moisture,0.3630315843778654,-24.023749657927784,30.42125568152501
2025-12-11 23:52:29.140800,S004,ph,5.875449088036266,-25.094847620719488,21.001448861048363
2026-02-15 08:52:29.140800,S001,ph,5.671091074439556,-25.336880593559332,22.531881543193165
2026-03-19 15:52:29.140800,S004,temperature,20.952377232987935,-27.0700365195623,18.636173888666193
2026-09-10 19:52:29.140800,S002,humidity,74.02602010015599,-27.85912272724721,19.82617775329157
2026-05-17 14:52:29.140800,S001,ph,7.201745845375053,-33.53697191448766,19.42189716339176
2026-04-15 23:52:29.140800,S001,humidity,90.66289081057366,-26.55506939810642,18.588138793058448
2026-11-18 16:52:29.140800,S001,humidity,87.33678285346897,-33.3753767716002,23.655579995219842
2025-12-27 04:52:29.140800,S004,temperature,15.130960676857761,-32.49695396685743,26.945746518200536
2026-02-15 11:52:29.140800,S004,ph,7.135032452325752,-28.86683012665349,27.312231995402993
2025-12-03 06:52:29.140800,S005,temperature,27.78565739409767,-30.413874227765575,31.98581318835
2026-03-12 17:52:29.140800,S003,temperature,38.731202873862145,-28.19295859608733,23.629722584946038
2026-06-21 11:52:29.140800,S002,soil_moisture,0.609149620872291,-29.81386820606179,19.311237704604487
2025-11-28 16:52:29.140800,S002,temperature,15.890856770002541,-26.997631424683995,21.070177634906706
2026-10-17 10:52:29.140800,S002,humidity,59.13251522430509,-31.447062552590545,28.72816292727012
2026-07-30 00:52:29.140800,S003,temperature,16.633538569786303,-33.138034392184096,27.006383960984387
2026-04-24 16:52:29.140800,S004,ph,6.543953600110777,-31.55856941973827,20.87123503973068
2026-01-11 13:52:29.140800,S002,ph,5.701497466517581,-33.75900633209189,21.695980701268308
2026-04-07 05:52:29.140800,S005,ph,6.668510193468212,-27.546490616539533,18.909398250604482
2026-06-23 10:52:29.140800,S004,temperature,44.38964598744346,-32.71290529865952,19.705232581430128
2026-03-29 18:52:29.140800,S005,ec,0.4524288474552487,-32.69171328240056,31.33900030453799
2026-02-13 16:52:29.140800,S003,ph,5.717436960398655,-25.297979269137944,29.87462954963778
2025-12-16 05:52:29.140800,S004,soil_moisture,0.2598218239288834,-27.991135747913827,24.21360398070152
2025-12-01 02:52:29.140800,S004,soil_moisture,0.4171902409596335,-30.74931756711033,24.417468729851507
2026-06-16 02:52:29.140800,S003,temperature,32.467202864367366,-31.5149012481361,25.159321750242313
2026-02-17 15:52:29.140800,S003,soil_moisture,0.5209916197600828,-28.016839877018818,19.791469360710234
2025-12-28 09:52:29.140800,S004,soil_moisture,0.39080996199197865,-33.94874238963577,26.474601696384457
2026-01-05 04:52:29.140800,S002,ph,22.195376832343552,-31.738378746020867,31.51641038804062
2026-02-18 17:52:29.140800,S002,humidity,92.06590931558651,-25.923437418975137,18.69716959488653
2026-05-24 21:52:29.140800,S003,soil_moisture,0.5671458350783921,-32.4130663760407,31.623031738155035
2025-11-29 16:52:29.140800,S003,humidity,114.73948224407361,-32.63881869176454,30.873562032308705
2025-12-24 14:52:29.140800,S005,temperature,18.806106429111864,-25.29827142705346,24.196355414753704
2026-05-01 22:52:29.140800,S004,soil_moisture,18.385574791588414,-24.653763773100113,22.6813114038802
2026-10-01 04:52:29.140800,S005,temperature,27.480825856102612,-32.690770467796895,22.981243920538542
2025-10-29 06:52:29.140800,S003,humidity,75.20369354416404,-28.430465911242806,18.163130069374912
2026-11-07 01:52:29.140800,S003,ec,17.962198701007605,-29.754211689856756,22.326766559599672
2026-07-13 15:52:29.140800,S003,humidity,22.698341649212985,-24.370058591568522,24.182941828692655
2026-09-04 15:52:29.140800,S001,humidity,54.05663586042692,-29.144441348250336,21.572064401334288
2026-07-25 16:52:29.140800,S003,ec,1.2474827752177737,-33.850574659098164,18.05692065116462
2026-10-18 14:52:29.140800,S003,temperature,26.60350619692662,-28.31154091179439,29.265291907814433
2026-11-16 09:52:29.140800,S004,temperature,15.883313649657767,-33.21006940012341,23.67643145124794
2026-08-06 23:52:29.140800,S004,humidity,67.59832787788989,-27.883257073675765,18.367250915657618
2026-08-07 12:52:29.140800,S001,ph,5.701708040703243,-30.519065551425207,23.521874331497653
2026-10-14 05:52:29.140800,S002,ph,6.1727068333251065,-32.01818196203111,26.934205017464045
2026-03-24 18:52:29.140800,S005,humidity,65.10265401559137,-28.57946369785565,19.7295600275107
2026-10-10 12:52:29.140800,S002,soil_moisture,0.4524212495739609,-29.10668192036319,24.165905711179963
2026-11-24 00:52:29.140800,S001,humidity,56.719768005933766,-32.6030972902885,30.96232230376109
2026-04-11 06:52:29.140800,S005,ph,6.2089752035221135,-27.42301480080108,31.990403453915214
2025-11-06 22:52:29.140800,S002,ph,5.17340021577961,-24.398294058912967,21.2720200464734
2026-01-25 21:52:29.140800,S005,temperature,41.09953289404311,-28.678313064011647,30.295906438942644
2026-10-17 06:52:29.140800,S003,ph,24.24257287342287,-27.896527751069122,18.97184066255355
2026-09-13 21:52:29.140800,S004,humidity,52.7120747254491,-25.075420652757337,18.632763721452
2025-11-21 18:52:29.140800,S005,ph,7.070110837880084,-24.892823829559966,28.55683616402784
2026-03-05 20:52:29.140800,S001,ec,0.9183158746275092,-27.643665472248653,31.944340889613457
2026-01-29 07:52:29.140800,S004,ec,9.946583554651584,-26.324834970294262,25.161678638360197
2025-12-20 18:52:29.140800,S001,ph,7.420905827852042,-25.934835730220886,27.89318059013327
2026-10-11 18:52:29.140800,S003,soil_moisture,0.43987621709976615,-27.269310524326837,31.81332461383858
2026-06-23 22:52:29.140800,S005,temperature,46.52697568310987,-30.680799903067054,24.421323605959593
2026-05-06 23:52:29.140800,S003,soil_moisture,0.6695545239060364,-28.638493886567296,21.7724137526468
2026-06-16 19:52:29.140800,S003,ec,1.29260691896955,-29.6705720692546,22.44111412777172
2025-11-01 03:52:29.140800,S005,ph,5.658498879077319,-28.71374258939616,24.786458604849365
2025-12-10 21:52:29.140800,S001,humidity,84.10762261589309,-31.031837499500618,22.802557049832384
2026-07-23 11:52:29.140800,S002,ph,6.987224863460579,-32.56342162917533,24.76141121534324
2025-10-27 20:52:29.140800,S005,soil_moisture,0.5197465121047861,-32.301549880005645,20.671055294119608
2026-02-18 01:52:29.140800,S001,temperature,29.18550296155686,-30.899448563793108,29.181081892833525
2025-12-30 20:52:29.140800,S004,soil_moisture,0.484581189224124,-33.00159175614022,20.133680121829087
2026-05-30 17:52:29.140800,S001,temperature,17.42387992009636,-26.797308972724224,30.59036667537027
2026-08-07 05:52:29.140800,S004,temperature,35.396406386375034,-26.49096219152216,30.70635380397689
2026-04-18 05:52:29.140800,S002,ec,2.0454978858222423,-27.520736840724794,28.913660361580096
2025-11-15 21:52:29.140800,S001,humidity,39.82863765894305,-31.294062846066566,21.293199609628875
2025-12-17 00:52:29.140800,S005,temperature,32.67405946913354,-26.99070768907761,29.946600137131806
2026-04-17 09:52:29.140800,S005,ec,0.8557015221260598,-31.346277708956393,19.150654473297752
2026-11-11 19:52:29.140800,S002,temperature,32.8204181012422,-32.44194553340615,30.165625444239318
2026-03-20 03:52:29.140800,S004,temperature,15.205559622650387,-30.692047178675487,25.842391480172505
2026-01-22 08:52:29.140800,S005,temperature,12.175281411778968,-28.24083282747893,30.614293707959348
2026-09-18 05:52:29.140800,S002,ec,1.25120050279144,-31.774462835965963,29.16234611230417
2026-04-07 09:52:29.140800,S004,ec,13.244575329492772,-24.339231867239963,30.90413869041196
2026-11-10 14:52:29.140800,S002,ec,0.7199493324057988,-28.6196771030946,23.518136474014476
2026-07-07 02:52:29.140800,S003,humidity,45.66518526894113,-26.15509339851165,30.765236833699888
2026-10-22 19:52:29.140800,S003,temperature,34.11903399784212,-30.76891235580415,24.50942995148081
2026-07-29 17:52:29.140800,S002,humidity,58.07391012307192,-32.083657648909366,24.21435065700198
2026-07-04 11:52:29.140800,S003,humidity,77.09780136304713,-25.186232084343395,28.122700197118405
2026-02-13 19:52:29.140800,S004,ph,6.692218658182434,-24.97500611109551,29.75581109130377
2026-11-01 22:52:29.140800,S001,temperature,27.241084734689483,-33.25340151412341,22.930750161443928
2025-10-04 00:52:29.140800,S003,humidity,46.83562906691379,-33.896226144431836,30.075193761516026
2025-11-16 15:52:29.140800,S003,humidity,32.5663525157715,-25.70879702306201,30.424208842162493
2025-11-01 14:52:29.140800,S005,ec,1.303157328713403,-32.69957713406909,19.442859741529542
2026-08-24 16:52:29.140800,S003,soil_moisture,0.7215258539078517,-25.53951266333676,20.070195742579568
2025-12-09 06:52:29.140800,S003,humidity,51.49566531493,-30.347485222707817,18.54976273980015
2026-05-30 00:52:29.140800,S004,temperature,25.91142056890445,-27.335054079574576,23.971558306245257
2026-06-08 21:52:29.140800,S002,humidity,86.38571880343235,-33.711048591873876,21.752547336960916
2026-08-09 01:52:29.140800,S001,soil_moisture,0.3482943298037644,-33.439264424158715,31.607983390798257
2026-03-18 09:52:29.140800,S005,ec,1.4470316698631993,-24.384461212601234,21.95297118185585
2025-10-08 20:52:29.140800,S001,ph,6.215440973136575,-33.26992482863031,24.189404835351795
2026-10-15 14:52:29.140800,S005,ph,7.0475397819596735,-26.37131829789306,25.842540196107983
2026-11-19 00:52:29.140800,S003,humidity,55.682851980952755,-28.387689594253533,18.297039897477788
2026-10-04 15:52:29.140800,S005,soil_moisture,0.42134817977182765,-27.13615768998089,20.442190769710457
2026-08-27 20:52:29.140800,S001,ph,7.546551453013654,-27.220899418919124,19.14233618824963
2026-05-30 19:52:29.140800,S002,ec,1.6104630448739543,-30.427813301237077,25.533328538187327
2026-01-05 06:52:29.140800,S002,ph,7.471648735611532,-30.200790944203963,25.328584140537018
2026-05-08 13:52:29.140800,S002,temperature,32.91926191912302,-32.319925245804875,19.072622516106986
2025-10-15 05:52:29.140800,S001,humidity,118.3957538521626,-28.868703736535196,23.049826269438352
2025-12-17 08:52:29.140800,S005,ec,1.4574563351112302,-24.573167073581082,23.692463884473383
2025-11-26 13:52:29.140800,S004,temperature,26.409044084947716,-31.698659244785073,21.463822648453828
2025-11-09 03:52:29.140800,S003,ph,6.175603076545001,-25.98282205556199,18.48659390593202
2025-12-31 09:52:29.140800,S005,humidity,49.189801594769804,-32.10304638003723,29.896314536280002
2026-07-04 13:52:29.140800,S002,humidity,25.708004012344635,-32.82426849402899,30.10451139748806
2026-01-18 09:52:29.140800,S004,soil_moisture,0.4346382614021568,-27.461143609626202,26.61347111840864
2026-04-07 10:52:29.140800,S005,ec,1.6570265702611693,-26.149629833573794,20.6128999672298
2026-09-08 06:52:29.140800,S005,humidity,21.977963916663803,-26.550412607260217,25.209188223803437
2026-04-16 02:52:29.140800,S005,ph,6.704293034520525,-27.916174582395467,31.28667515388298
2026-08-21 23:52:29.140800,S005,humidity,82.78622252094212,-24.616644603001006,22.704102721672214
2025-12-14 02:52:29.140800,S002,ph,6.175528394739439,-27.43535242475785,23.244271549995094
2026-10-22 21:52:29.140800,S002,temperature,21.5044464740197,-26.674022202313328,18.49916917891101
2026-03-12 23:52:29.140800,S003,temperature,41.815510398084186,-29.521890770736753,26.655308137044514
2026-10-02 23:52:29.140800,S005,humidity,63.47804068995322,-25.976842955350996,28.17181129503426
2025-12-03 14:52:29.140800,S003,ec,1.7818237573109479,-33.38421603415923,22.96535242517227
2026-02-20 04:52:29.140800,S004,temperature,36.32239318046575,-29.5590447997576,30.23184639126648
2026-03-02 20:52:29.140800,S003,soil_moisture,0.5319672701380795,-33.64222873158282,28.027476922571445
2026-04-04 14:52:29.140800,S002,soil_moisture,0.4349989530285807,-32.79563044775635,25.827073193350593
2026-07-10 19:52:29.140800,S002,soil_moisture,0.664642272809641,-29.77967556045704,21.61892490768855
2026-09-15 05:52:29.140800,S004,humidity,35.20929195263431,-30.272499834351905,31.693955915771696
2025-11-02 19:52:29.140800,S002,ec,1.649876555990761,-33.862268260451074,20.797561299688986
2026-01-28 06:52:29.140800,S004,ph,6.2647467202565394,-25.165429395935902,25.54252143685689
2026-09-22 19:52:29.140800,S002,temperature,39.32029532543581,-27.291152056581744,20.576022721106256
2026-05-11 23:52:29.140800,S003,ec,1.1986594305252747,-32.860168904260284,19.954213217166192
2026-06-14 16:52:29.140800,S001,temperature,38.89209193517544,-24.972666491269678,22.340759877662975
2025-12-13 16:52:29.140800,S001,soil_moisture,0.7948828106350692,-31.845881537142205,24.965879828691254
2026-04-29 13:52:29.140800,S004,ph,5.714438744031142,-24.46886977032726,23.572861652114028
2026-01-13 10:52:29.140800,S005,humidity,48.88526933233065,-31.418114101370442,25.465213839674405
2026-03-28 21:52:29.140800,S003,humidity,72.66113741599041,-28.054965693321922,18.11412636964229
2026-09-28 09:52:29.140800,S002,ec,1.218056854637802,-28.694682667191522,31.68217459345118
2026-04-21 11:52:29.140800,S001,ph,6.428102404836968,-29.754036148490975,29.28401320318055
2026-09-08 11:52:29.140800,S001,ec,1.8440874522411068,-32.10579294884772,27.307546031255704
2026-07-06 03:52:29.140800,S005,humidity,70.10714199394388,-31.286240064885646,22.149002275486538
2025-10-14 16:52:29.140800,S005,temperature,23.460375893198925,-27.163090669603193,22.997026604458522
2026-08-15 13:52:29.140800,S001,humidity,87.67733106706594,-28.792814907886704,30.226539738689784
2026-11-07 17:52:29.140800,S004,ec,1.4727568995785973,-24.976940985454426,27.641860397753454
2026-10-10 09:52:29.140800,S002,temperature,20.9170081875646,-33.3879694058763,19.72133985358696
2026-05-24 13:52:29.140800,S005,ph,6.2413074023610395,-28.408841343477505,26.137095244844996
2026-10-03 20:52:29.140800,S001,ec,1.508359559302575,-28.90852775783278,27.783335705964724
2025-10-08 18:52:29.140800,S004,temperature,29.788547875443847,-27.348632201721607,18.514839258391223
2026-06-21 09:52:29.140800,S001,ph,6.535645773498312,-25.794771124046417,25.702243615347268
2026-08-02 06:52:29.140800,S001,soil_moisture,8.500245202126186,-30.73589911315228,27.551266072352163
2026-10-17 23:52:29.140800,S001,ec,1.682607220409501,-25.78714328800408,18.87705149661096
2026-03-07 00:52:29.140800,S004,ec,2.4502675815061643,-32.38219261122667,28.559811983198294
2026-10-20 17:52:29.140800,S003,soil_moisture,9.849971647411461,-31.936743548020214,19.423805877806405
2025-11-14 02:52:29.140800,S004,humidity,68.04890071603984,-29.3457412331164,21.156776860995926
2026-09-18 15:52:29.140800,S004,temperature,24.63254048464568,-25.08939810854085,27.14272439158185
2026-09-04 17:52:29.140800,S002,temperature,24.031174042651145,-32.07108128725798,29.509532860731326
2026-11-13 22:52:29.140800,S004,soil_moisture,0.6757137295690606,-29.68062725671756,29.52193318763149
2026-05-29 10:52:29.140800,S005,ph,5.749980972974681,-32.138621526927466,20.691983788425254
2026-04-01 12:52:29.140800,S004,soil_moisture,0.5822045969844527,-33.96694072869403,22.181795822784757
2026-07-09 15:52:29.140800,S001,humidity,44.27819603895493,-31.293699307215434,22.766777915972835
2026-04-08 00:52:29.140800,S001,temperature,37.70830624132177,-28.553786497562132,28.090570960687646
2025-12-04 23:52:29.140800,S005,humidity,38.46385973069804,-32.96564636444181,29.892539815355455
2026-11-04 22:52:29.140800,S002,ec,1.9376604841676932,-32.79721301696206,30.684230572525287
2026-08-10 20:52:29.140800,S004,humidity,69.24374956485165,-24.0407520942502,27.564670732806853
2026-10-16 00:52:29.140800,S005,ec,0.7470798507714173,-26.538240656885193,28.984186467805095
2026-07-11 07:52:29.140800,S003,ec,0.8242401929730916,-28.7056187420009,26.890452901843787
2026-06-25 09:52:29.140800,S005,ph,5.994377755616868,-25.60422932828596,24.85134182163229
2026-04-04 14:52:29.140800,S004,humidity,38.835398527068435,-27.24486509356109,18.87505759191252
2026-07-24 12:52:29.140800,S004,humidity,85.21090342046506,-30.18921691043842,30.361759486864344
2026-06-04 16:52:29.140800,S001,ec,0.881338088231489,-27.849807536703302,28.370643184602216
2026-05-20 05:52:29.140800,S004,ph,6.454719117587408,-25.37644854760545,21.432244309511617
2026-05-25 10:52:29.140800,S003,ec,1.065898947802769,-31.61482405543637,23.635040788981215
2025-12-06 15:52:29.140800,S003,ph,7.0993443413493305,-32.52907305125669,24.77662120818048
2026-01-29 02:52:29.140800,S005,humidity,66.66894223089572,-24.86437674641943,20.621059326930045
2026-11-17 18:52:29.140800,S001,humidity,42.89459931749133,-32.67911680544973,20.1578150370018
2025-10-12 14:52:29.140800,S003,temperature,20.31254089132668,-26.02522730625897,28.362457251559814
2026-08-29 22:52:29.140800,S005,temperature,21.064793007065525,-25.224423043446997,24.140759281211942
2026-08-29 12:52:29.140800,S002,soil_moisture,0.24335037160207523,-26.529031975876045,18.28147889154467
2025-11-07 01:52:29.140800,S001,ec,2.3930293114357553,-24.189190574806485,21.831295125273137
2026-02-17 04:52:29.140800,S004,temperature,26.37086897804323,-32.301720771137376,22.33714762296527
2026-05-04 23:52:29.140800,S003,ec,0.9993296104240706,-25.708245727515315,25.04635574373922
2026-10-06 03:52:29.140800,S002,ec,1.0728525650090373,-24.17134937764222,26.799628834994536
2026-09-28 18:52:29.140800,S001,temperature,3.7858080079212044,-27.388292748398868,22.69178646598901
2026-07-08 18:52:29.140800,S002,soil_moisture,0.5065736448863486,-28.029348191935824,31.68895427606722
2026-04-18 15:52:29.140800,S003,ph,6.1038646359706386,-33.339648362706114,19.85035923292082
2026-05-11 04:52:29.140800,S005,ec,1.3857543086983923,-28.842214155559294,22.570913493858313
2026-08-03 11:52:29.140800,S005,ph,5.693728689579501,-33.84842366321281,23.41990550350037
2026-09-17 21:52:29.140800,S005,ph,7.100878466356287,-25.03159360377887,25.479323133282893
2025-10-12 09:52:29.140800,S003,temperature,22.32849806172978,-28.05239054086656,22.501512223446067
2026-06-15 18:52:29.140800,S001,temperature,29.449376000010304,-25.805839813893378,21.24287217145611
2026-09-27 06:52:29.140800,S005,humidity,65.96307387180052,-31.68774460660702,18.61906524263957
2026-07-14 11:52:29.140800,S001,ec,0.9975435748933072,-25.609584646787603,27.50996015464034
2026-08-02 07:52:29.140800,S002,ph,6.843462490942414,-26.466658307921726,19.186920650000424
2026-07-30 06:52:29.140800,S004,ph,6.944508453587613,-33.54974887160172,19.51215323472437
2026-04-10 15:52:29.140800,S004,temperature,4.923846313488305,-31.727615610175903,25.175990813463354
2026-07-03 18:52:29.140800,S003,ph,6.183023262720402,-29.46107315030826,31.049430730572226
2026-05-24 06:52:29.140800,S002,ph,5.5880228388382385,-24.915073426036265,18.04633809532509
2026-08-07 10:52:29.140800,S004,temperature,32.68905156675069,-33.962864966042446,30.408424649665953
2026-05-08 00:52:29.140800,S002,ph,6.615670787629625,-33.996384728002646,22.719826666903767
2026-01-06 10:52:29.140800,S005,humidity,60.38379250018791,-24.655914048705046,18.503959055800642
2025-12-11 01:52:29.140800,S004,temperature,13.05142207530398,-33.75863829380656,20.440646996480574
2026-03-28 01:52:29.140800,S005,ec,-7.850783828414287,-25.91281829043268,30.29425622030827
2026-10-23 21:52:29.140800,S003,ph,6.491817153813406,-25.768934557975516,30.908520099134726
2025-12-16 15:52:29.140800,S005,humidity,46.32067709566681,-33.67476100285265,24.348219666893886
2026-05-22 14:52:29.140800,S005,ec,2.124522276129111,-28.397985431901184,27.528058994684358
2026-04-21 06:52:29.140800,S003,humidity,55.813236927397114,-31.524541955339053,23.486574331014843
2026-05-18 15:52:29.140800,S005,ec,1.0010804390517978,-25.313438151699458,20.611088826855084
2026-03-06 16:52:29.140800,S001,soil_moisture,0.3357410643451181,-29.523558869366244,24.253301596718792
2026-06-28 23:52:29.140800,S004,ec,1.251818976597293,-26.36548831081692,27.374245826579866
2026-09-03 16:52:29.140800,S002,ph,5.838526893773444,-27.69309180155424,20.8545508485323
2026-09-20 13:52:29.140800,S001,ec,1.366194150133475,-27.620176556871293,26.431605846214445
2026-01-25 04:52:29.140800,S005,soil_moisture,0.6260548704644529,-31.67033194138982,18.220088546913974
2026-10-26 07:52:29.140800,S005,soil_moisture,0.5545504860972333,-26.4361216475979,22.556300900016403
2026-05-20 12:52:29.140800,S004,soil_moisture,0.22846526778153398,-33.27447705647323,18.949050993158554
2026-08-13 21:52:29.140800,S005,ec,1.4504283883042544,-27.935899788757638,22.37365838007443
2026-02-16 09:52:29.140800,S004,humidity,109.15390463304401,-24.419907899593923,20.365536240541243
2026-04-06 04:52:29.140800,S003,temperature,15.926831457073634,-24.74849320375159,23.349130725191415
2026-01-22 16:52:29.140800,S004,ec,1.821673206120755,-30.10992466952076,26.206189995764177
2025-10-28 06:52:29.140800,S001,soil_moisture,0.14706184492493896,-25.468399346994786,22.80456457305748
2026-03-16 07:52:29.140800,S003,temperature,14.374780615397846,-29.1023679790125,30.890391801977838
2026-04-09 03:52:29.140800,S002,ph,7.523563883683631,-24.07447339349578,23.04949504214113
2025-10-14 20:52:29.140800,S003,soil_moisture,0.6369229995902768,-32.927885502111124,25.187161350820826
2026-07-05 09:52:29.140800,S003,humidity,57.006811406144685,-27.096739642426016,18.119890574408352
2026-02-23 01:52:29.140800,S003,humidity,105.70882333473868,-29.777398719097846,23.66924267443841
2026-05-09 11:52:29.140800,S004,temperature,21.959514940273678,-32.27136586920693,28.858503659616122
2026-08-28 12:52:29.140800,S003,humidity,50.69388411027886,-33.37445196020319,25.198321824366275
2026-10-13 15:52:29.140800,S003,soil_moisture,10.262979640757361,-32.1567045683508,19.39839043263239
2026-11-13 20:52:29.140800,S003,soil_moisture,0.4506841452624044,-33.62899891947534,31.765885515076953
2025-11-23 05:52:29.140800,S004,humidity,50.700411336242325,-26.033997529247678,27.958050947753815
2026-11-14 02:52:29.140800,S004,ph,6.7209686201676035,-29.7486230095069,22.504286671909917
2026-01-04 03:52:29.140800,S004,ec,2.138903189725119,-31.67135112986565,19.445309421268146
2025-11-25 01:52:29.140800,S002,ph,5.374427443993398,-24.32105159857617,26.164924800604553
2026-10-11 09:52:29.140800,S001,soil_moisture,0.6628400091852813,-24.03575802296973,26.0726973786147
2026-05-21 21:52:29.140800,S003,ph,7.0913220752057535,-32.309534461148274,27.10406395343574
2026-07-24 20:52:29.140800,S003,soil_moisture,0.7110983100643139,-25.833863921832794,28.89219113592806
2026-04-14 16:52:29.140800,S003,ec,1.5022963502025668,-25.35657021603113,28.62220538337488
2026-06-11 04:52:29.140800,S004,temperature,24.9646154942224,-25.77995398161608,26.83225904720517
2026-11-03 09:52:29.140800,S004,humidity,9.348910802064474,-30.179752726514007,19.610845326455706
2026-06-26 11:52:29.140800,S001,ph,6.0958873077089635,-33.08443631845258,31.16606769938572
2026-03-02 20:52:29.140800,S005,ph,6.6471904230938765,-30.82521087643697,18.75344003863664
2026-03-03 15:52:29.140800,S004,soil_moisture,0.610067601601017,-26.07197422976567,21.056425898935647
2025-10-15 02:52:29.140800,S005,ec,1.2112283900820886,-26.205326884371257,27.341357051043474
2025-10-29 23:52:29.140800,S002,soil_moisture,0.8745557894201208,-24.296463126020033,29.577280488835314
2025-12-12 23:52:29.140800,S004,temperature,34.4005491510333,-31.138423982954375,18.88741129500085
2026-10-19 10:52:29.140800,S001,temperature,13.256342451869436,-33.61874593552921,21.07318775872307
2026-09-29 08:52:29.140800,S004,temperature,26.021877998351602,-30.58513500433612,26.562464928342177
2026-05-05 08:52:29.140800,S001,ph,6.226215947972497,-32.46543763012201,31.18593898979669
2026-09-29 05:52:29.140800,S001,humidity,73.8211141464855,-24.724680490452812,22.66325733286949
2026-04-21 17:52:29.140800,S001,temperature,36.445453113768814,-32.423270926757475,21.540209922451762
2026-03-29 10:52:29.140800,S002,ec,1.1506527372934414,-25.94176096516124,24.83715712910882
2026-07-09 23:52:29.140800,S005,ph,7.094987930562205,-31.589778356065874,22.96923531184712
2026-02-04 12:52:29.140800,S003,ph,6.358609049911847,-24.520636182908707,21.146131726252875
2025-12-15 16:52:29.140800,S002,temperature,15.751159897386648,-30.83932855948392,25.24593854782475
2025-10-22 23:52:29.140800,S002,humidity,63.51009294736412,-28.804352155539856,31.31127059035139
2026-06-20 07:52:29.140800,S004,ec,1.6903830341215171,-25.565373108290526,26.616857870064067
2026-06-25 03:52:29.140800,S004,temperature,34.23967889560384,-24.478541117565797,25.481356976801557
2026-10-03 13:52:29.140800,S005,ph,6.490216576315038,-32.01523727281931,29.44942433722504
2025-10-09 09:52:29.140800,S004,humidity,90.62487014565534,-26.07821254406052,23.7873403044781
2025-12-09 00:52:29.140800,S005,ph,6.630769452811995,-24.363848271509887,25.782450173058045
2026-07-15 20:52:29.140800,S001,temperature,37.31140340533463,-29.662913673409953,31.008415956856446
2026-08-06 15:52:29.140800,S002,ec,16.938243241282738,-29.952112008558466,30.962288663771766
2026-09-26 10:52:29.140800,S005,humidity,61.12772998010301,-26.608246668781018,24.625699058336053
2026-04-25 06:52:29.140800,S005,soil_moisture,0.3829741557943671,-31.06881679101214,29.72623551496062
2026-01-13 12:52:29.140800,S005,ph,6.6742199304368865,-25.159804336689575,28.530035085947052
2026-01-03 09:52:29.140800,S001,soil_moisture,0.40766572355263425,-27.28930111607002,23.979695544200524
2026-08-19 02:52:29.140800,S003,ec,1.5635276540338539,-31.245338652365145,29.01954079285253
2026-03-03 15:52:29.140800,S005,ec,0.6777010710319081,-25.390162577334124,28.798106300919844
2026-08-02 20:52:29.140800,S004,ec,-9.668518072461932,-24.675159802871942,27.194371014821307
2026-02-07 14:52:29.140800,S004,ec,1.501223236685931,-29.050758353857663,26.637746182172563
2026-03-20 16:52:29.140800,S005,soil_moisture,-10.303990651139078,-25.679408766722126,23.801376508034625
2026-03-25 20:52:29.140800,S001,ph,7.286886243036419,-26.055941197658804,27.43886639036831
2026-07-29 20:52:29.140800,S002,temperature,23.67641728027212,-26.370859008653724,22.511974029569384
2026-02-06 18:52:29.140800,S001,temperature,24.584478556885394,-32.208962813630606,20.261058492576595
2026-01-28 05:52:29.140800,S001,humidity,49.240944944922035,-33.76641471873771,26.52832271372865
2026-08-17 07:52:29.140800,S004,ph,5.627579074933061,-27.914056320711175,19.390239454483343
2025-10-09 02:52:29.140800,S004,soil_moisture,0.6020128099791634,-24.680348690987756,23.369219502361442
2026-03-14 20:52:29.140800,S002,temperature,16.939134211158205,-30.75993183348225,24.091163678341132
2026-11-02 05:52:29.140800,S002,temperature,40.81916479483013,-29.331185510335107,21.33798816097349
2026-09-18 18:52:29.140800,S001,ec,1.1529411430138545,-24.701686121632527,29.462261063114212
2025-10-30 00:52:29.140800,S004,humidity,87.18848709133539,-29.98457771741519,19.644800795318478
2026-08-05 12:52:29.140800,S003,ph,20.59197545151198,-29.065171008385143,18.678112511414422
2025-11-19 04:52:29.140800,S001,soil_moisture,0.47305385031002284,-25.088248739465197,29.854257518557404
2026-06-07 20:52:29.140800,S004,humidity,63.50818461324344,-30.606759987930893,26.584419636819792
2026-05-20 03:52:29.140800,S003,temperature,20.975440714220067,-32.731516767102164,26.42689314749994
2026-02-22 03:52:29.140800,S002,ph,5.779298798705636,-29.950015894483744,26.972757633857903
2026-08-31 23:52:29.140800,S001,temperature,27.538644906781492,-30.92911320494867,24.829003001835236
2026-03-09 03:52:29.140800,S003,humidity,60.81488254613929,-24.980666771062047,21.47852767983344
2026-07-22 11:52:29.140800,S004,humidity,62.11499513300056,-27.699837610704986,25.59599568804589
2026-10-27 19:52:29.140800,S003,ph,5.5735768805694015,-26.31658945663122,24.2672452962802
2026-03-13 10:52:29.140800,S005,temperature,34.27964919504207,-27.91871576791745,21.40170173566323
2026-02-24 19:52:29.140800,S003,ec,1.8348713074278356,-30.456271653915504,30.730480165936967
2025-12-22 11:52:29.140800,S004,ph,5.8744737940668275,-28.536937498523628,18.426433509523854
2026-05-11 15:52:29.140800,S002,humidity,53.85745335492061,-30.40989299505977,22.471190373897954
2025-10-13 07:52:29.140800,S001,humidity,67.56429945714733,-31.217772926334142,28.896956359175157
2025-12-29 16:52:29.140800,S001,ec,11.949071420818257,-25.912056032938445,24.756259818682906
2026-03-02 21:52:29.140800,S001,humidity,84.48072700668776,-25.822588567926413,18.883041415871975
2026-01-24 08:52:29.140800,S002,temperature,16.747931442101617,-33.23532822061587,20.054234283862343
2026-01-31 00:52:29.140800,S003,soil_moisture,0.49571587361369396,-31.89159515743296,20.057305196354715
2026-10-20 17:52:29.140800,S005,humidity,38.35630743622561,-25.939887775939006,27.14723446689023
2026-04-06 18:52:29.140800,S003,soil_moisture,0.3758406630256932,-25.80562921129063,25.159977451029675
2026-05-02 14:52:29.140800,S005,ec,2.1139681409664615,-30.140841901056316,18.12466283984279
2026-10-07 06:52:29.140800,S003,soil_moisture,0.4362852844334169,-32.286229899714854,26.820144737434482
2026-10-08 11:52:29.140800,S004,temperature,22.528009002479447,-26.163498631401538,18.288259137016404
2025-10-25 14:52:29.140800,S002,soil_moisture,0.5656729641503203,-24.325299206368307,31.406553207497737
2026-03-10 08:52:29.140800,S004,ph,6.880271634919698,-31.918916201816376,28.708751570077915
2026-10-24 15:52:29.140800,S004,ec,1.0755056566832049,-29.968671605528556,23.47559437776823
2026-10-28 19:52:29.140800,S002,ph,6.255336252038029,-30.751625003905197,20.41111340870221
2026-01-15 18:52:29.140800,S001,temperature,39.24941520184167,-25.847640851297882,26.022129010365134
2026-06-05 23:52:29.140800,S003,soil_moisture,0.5191877980873761,-32.84869668313744,21.95706903014742
2026-01-30 22:52:29.140800,S003,soil_moisture,0.49027704885585605,-24.135757109668532,26.80820646888484
2025-10-14 13:52:29.140800,S003,soil_moisture,0.44749199707412185,-29.85974589007127,26.54625240450753
2026-07-24 05:52:29.140800,S003,temperature,19.89396506592645,-32.104599967999576,22.842225269589136
2026-11-07 09:52:29.140800,S003,soil_moisture,0.36846242648843774,-24.047462688147846,20.38278906614237
2025-11-24 07:52:29.140800,S004,temperature,19.061654268119582,-32.187614649296705,25.813071887196152
2026-04-19 22:52:29.140800,S001,temperature,24.856848575776304,-26.223830595616064,19.36015033238241
2026-02-24 00:52:29.140800,S005,temperature,30.80502565854217,-24.731457484420964,27.214169151397535
2026-10-15 03:52:29.140800,S003,humidity,52.825915731480066,-33.46157011214848,19.74372030706017
2026-10-06 11:52:29.140800,S004,temperature,22.28415396926339,-26.8653836513543,30.630180150756217
2026-05-16 15:52:29.140800,S004,humidity,88.07571291305558,-24.32002888239756,21.451280290606682
2026-11-04 19:52:29.140800,S004,humidity,65.331957252816,-27.267877739853645,26.307945960987936
2026-07-04 20:52:29.140800,S002,ec,1.4060306150525201,-32.4140403241933,20.192573540411257
2026-05-14 14:52:29.140800,S003,ec,1.2459544508422045,-29.15024514027901,27.117284852120605
2026-03-31 00:52:29.140800,S005,temperature,17.0398256051758,-30.1189067913713,28.092265890671996
2026-10-01 08:52:29.140800,S001,humidity,81.89902987126331,-28.11383712675573,19.161562865311353
2026-11-08 00:52:29.140800,S003,humidity,40.79880318386283,-31.624266550184622,29.646145102634357
2025-10-16 01:52:29.140800,S005,ec,1.5097322499109913,-31.270467952664255,26.205133119326483
2026-06-10 13:52:29.140800,S004,ph,6.349722702111704,-32.678866543741314,30.76947608511346
2025-12-21 13:52:29.140800,S005,ec,0.7508651431442022,-33.31556834849575,24.243786243168735
2026-10-24 02:52:29.140800,S001,ec,2.198602545004805,-31.0989126639995,30.56230746768366
2025-10-24 16:52:29.140800,S005,humidity,66.40141387462138,-30.70505955252825,26.765017259829442
2026-05-22 04:52:29.140800,S001,ph,6.1945453225775235,-28.472792045101542,20.284585202620004
2026-06-08 09:52:29.140800,S002,ph,5.983984270208662,-28.68663680636934,25.506399995401395
2026-07-28 21:52:29.140800,S003,humidity,35.41874118880422,-28.142356667745716,24.441849667261337
2026-02-20 05:52:29.140800,S001,ph,6.740210966517005,-32.111817899331434,31.54264568596443
2026-10-20 05:52:29.140800,S005,temperature,33.3207394348729,-27.967518499012584,22.374571623295544
2026-10-14 20:52:29.140800,S005,soil_moisture,0.7248392017362051,-30.446009727396124,23.00193634847797
2026-04-10 00:52:29.140800,S002,ec,1.3997028973937597,-28.761363380744797,26.510532073903136
2026-11-06 13:52:29.140800,S002,ec,-8.824737130134595,-28.00157818024861,24.905799037682975
2025-10-18 07:52:29.140800,S004,temperature,22.513292822344326,-24.729698480144734,18.80122320820444
2026-10-28 04:52:29.140800,S004,soil_moisture,0.6199884104177575,-31.148124455014873,27.986280131066824
2026-09-08 16:52:29.140800,S001,temperature,23.954214477694645,-33.95352617669041,20.396078323079117
2026-06-10 07:52:29.140800,S005,soil_moisture,5.0604854066937595,-32.05751536862928,25.38870895440415
2026-07-24 13:52:29.140800,S001,soil_moisture,0.5566728341519337,-27.44016028279408,29.737125210623788
2026-06-26 22:52:29.140800,S003,humidity,50.37966468003421,-32.59069231303315,21.151710736911408
2025-12-19 23:52:29.140800,S003,soil_moisture,0.3949533935127555,-31.27642234273468,19.55118726407415
2026-08-05 02:52:29.140800,S005,soil_moisture,0.4881554565653504,-27.30986736639479,22.1004278696938
2025-10-26 20:52:29.140800,S005,ph,6.53422258852437,-25.36420065347988,24.654035594685645
2026-07-20 04:52:29.140800,S005,soil_moisture,0.36275026299246743,-32.904286248702036,21.997154676552924
2026-03-19 00:52:29.140800,S005,ph,6.66869938406363,-26.72774017982133,21.557899821531365
2026-08-30 10:52:29.140800,S003,ec,2.0584781842006485,-30.50750054016969,24.421760048632216
2026-09-12 03:52:29.140800,S002,soil_moisture,0.7361943501481273,-29.912794866710975,28.558448056561325
2026-09-20 09:52:29.140800,S003,ph,6.083374612138266,-24.457958399077924,30.98327314132473
2026-04-24 21:52:29.140800,S005,soil_moisture,0.454191786594381,-24.65064627478893,27.58583830038014
2026-03-26 22:52:29.140800,S005,temperature,13.770695808581483,-26.842341482082524,23.42891547879022
2026-10-11 06:52:29.140800,S003,ec,2.4333864178893494,-29.158499851335936,24.30602743225234
2026-01-16 03:52:29.140800,S005,temperature,32.007897801670374,-32.07546284220228,23.39225068052462
2026-08-07 13:52:29.140800,S003,temperature,23.01294372385491,-24.815113233513976,19.387779237130257
2026-01-22 11:52:29.140800,S003,ph,6.629054549977111,-28.61553303688516,21.143197261848325
2025-11-27 16:52:29.140800,S001,ph,6.47930241986124,-28.106471239932763,26.616556062951968
2026-03-14 04:52:29.140800,S004,temperature,25.619306398205516,-25.812900979898252,30.92736481582716
2026-06-02 04:52:29.140800,S004,ec,1.802675581065945,-26.885593031698427,19.142925911582235
2025-11-24 12:52:29.140800,S003,temperature,23.54854440168658,-28.397604916736462,28.56871886469684
2026-11-21 08:52:29.140800,S004,ec,1.9536777824957008,-26.602477719169983,23.016223500062154
2026-01-09 19:52:29.140800,S004,ph,6.709500096021868,-28.273471000868376,31.60311877300026
2025-11-08 18:52:29.140800,S002,ph,6.385251981497667,-30.519631795679626,20.664127632727315
2025-11-03 00:52:29.140800,S004,temperature,32.589107063001926,-24.594619986525636,26.558754812983512
2025-12-19 20:52:29.140800,S004,soil_moisture,0.5015063353391742,-28.125781305952938,19.223788945346623
2026-07-10 00:52:29.140800,S004,ph,6.373041342902555,-33.25297249674959,25.35348107721117
2025-12-22 06:52:29.140800,S004,humidity,57.191729527975966,-32.227983686837554,25.340828744380925
2026-09-17 10:52:29.140800,S005,humidity,84.16831332688265,-31.285291580125516,22.099201612822327
2026-01-20 10:52:29.140800,S004,temperature,26.560707686975896,-25.433668097396662,26.737701233544946
2025-10-12 07:52:29.140800,S001,humidity,56.05850899209034,-31.77274480510675,31.456945230258242
2026-10-11 14:52:29.140800,S001,ph,6.559888794559732,-24.22996548887165,29.687022722518527
2026-09-16 02:52:29.140800,S003,humidity,82.71031025333163,-29.239402581900023,28.223328787405876
2026-07-05 11:52:29.140800,S003,humidity,75.75437940051586,-33.5209305858032,25.037639041789937
2026-09-09 05:52:29.140800,S001,humidity,42.22546181853765,-29.113028811743753,24.198635882995738
2026-10-06 14:52:29.140800,S001,soil_moisture,0.2762306060814146,-24.212261229626883,31.758673461130897
2025-11-20 17:52:29.140800,S001,soil_moisture,0.3895838266895653,-28.717453140354447,22.153116741577264
2025-11-10 19:52:29.140800,S003,ec,1.6755406728539581,-32.653181862905996,26.334320834259938
2026-02-14 06:52:29.140800,S003,soil_moisture,0.5105685932207811,-32.16788870246061,19.903667140724522
2026-11-11 00:52:29.140800,S002,ec,1.2717783122796815,-29.712860365645035,20.38473502744064
2026-06-02 04:52:29.140800,S002,humidity,92.35555029379563,-31.113725545424437,21.600645183745605
2026-10-30 07:52:29.140800,S004,ec,1.4373113574932956,-27.127060032409133,25.18430658798202
2026-08-17 14:52:29.140800,S003,soil_moisture,0.48252161144562433,-32.28438105436569,30.760631715038443
2025-12-08 08:52:29.140800,S002,soil_moisture,0.34362794569945976,-33.86862406523617,25.75285932730016
2026-08-31 07:52:29.140800,S002,humidity,47.31546777537115,-25.837691837149045,27.675764602953937
2026-10-03 04:52:29.140800,S001,humidity,4.531906618382148,-26.056943066780818,31.073060245408122
2026-11-23 01:52:29.140800,S002,humidity,48.395502734751034,-25.32966247657108,28.00319696380854
2025-10-21 19:52:29.140800,S005,humidity,79.79528710180062,-28.459658181852095,30.36356150911488
2026-07-08 15:52:29.140800,S004,ec,1.0279059190734137,-29.31939400624451,25.625907840462478
2026-03-05 06:52:29.140800,S003,ph,6.151232841263273,-33.350527707145226,28.298108222883837
2026-06-19 01:52:29.140800,S003,humidity,68.5190576704362,-26.4130301033779,26.187876131096182
2026-11-18 08:52:29.140800,S003,humidity,53.27526031398934,-27.044379080009975,23.116507654588844
2025-10-21 05:52:29.140800,S004,soil_moisture,0.2483129692825049,-31.18935179479703,30.414963154196542
2026-05-26 00:52:29.140800,S001,soil_moisture,0.5633563247325685,-25.8181693751075,23.433219691267105
2026-09-06 11:52:29.140800,S003,humidity,40.062283275046994,-29.73646744584625,20.15543865401791
2026-05-29 04:52:29.140800,S001,humidity,34.27123228716435,-33.61892653901713,24.63327331883113
2026-01-25 07:52:29.140800,S005,ph,6.2118041242194995,-33.901286682150996,20.48054367917651
2026-07-21 07:52:29.140800,S002,ec,1.5598671866872373,-29.477747581700108,29.89393260172535
2026-04-07 23:52:29.140800,S002,temperature,34.09518942154835,-31.956366395310752,22.45802926580052
2026-07-09 05:52:29.140800,S004,temperature,30.38044054228322,-33.6506297769988,31.381653038653646
2026-10-05 08:52:29.140800,S002,temperature,30.120077477318212,-29.765337803854333,30.428772466292152
2026-07-26 22:52:29.140800,S005,humidity,34.09028853165384,-26.418042208068073,25.990588888721923
2026-11-21 19:52:29.140800,S005,humidity,36.16121684037347,-24.581631420498315,29.535947761418722
2026-07-14 08:52:29.140800,S005,temperature,35.21030637802583,-30.147102900351378,28.218505020402564
2025-10-22 21:52:29.140800,S003,ec,0.813395780806643,-28.935877536277594,24.68142414129526
2026-08-04 03:52:29.140800,S001,ph,6.369422409358985,-29.290992645890366,29.83654207231922
2026-10-08 15:52:29.140800,S004,humidity,42.55475350102296,-30.84801857402478,26.843040815242972
2025-11-27 10:52:29.140800,S005,soil_moisture,0.632120506558396,-27.907965744568244,24.59890036293573
2025-11-19 18:52:29.140800,S001,ph,6.591999198566385,-26.646590736984766,18.70117034627825
2026-09-23 01:52:29.140800,S003,ph,6.8727282997919685,-26.009045518738937,19.138742551598977
2026-11-16 05:52:29.140800,S001,temperature,13.127716802507592,-27.775606810665728,24.684760089442598
2026-03-07 08:52:29.140800,S002,soil_moisture,0.257153955891826,-24.402073638315972,22.616468395867805
2026-10-20 08:52:29.140800,S004,soil_moisture,0.44646748678985093,-24.731085903813494,19.363923613148305
2026-10-12 15:52:29.140800,S005,ph,5.846487865122105,-27.89351564157358,28.87425849612111
2026-02-03 09:52:29.140800,S002,humidity,63.83966267327593,-31.92990455278665,19.6604797811286
2026-07-30 06:52:29.140800,S002,temperature,19.39506867660974,-26.339880892023928,23.278165067380158
2026-10-10 09:52:29.140800,S004,ec,1.1632730874472994,-25.70330520610325,20.32030225774647
2026-05-29 16:52:29.140800,S005,temperature,31.776342557538168,-31.065200141581677,22.39826347429384
2026-01-25 19:52:29.140800,S003,soil_moisture,0.4407682772001859,-28.847678582284598,25.520807832072514
2025-10-15 23:52:29.140800,S003,ph,6.503804802281453,-28.717089524442194,24.056120288014366
2026-08-23 06:52:29.140800,S004,temperature,27.393177188058136,-27.058884870559773,20.99007176504034
2026-06-22 10:52:29.140800,S001,ph,6.410403702937744,-29.14368418374692,25.103935815562163
2026-03-16 18:52:29.140800,S005,ph,6.681985460750744,-33.86193965976196,18.537758911956836
2026-03-25 00:52:29.140800,S001,soil_moisture,0.6172332181450708,-29.33407279678326,29.590549484071268
2026-07-19 02:52:29.140800,S004,ec,0.7887769099249381,-30.225614950680566,26.19703325367211
2026-11-10 16:52:29.140800,S003,soil_moisture,0.361033442843987,-25.994384587003633,27.017147341668867
2025-10-05 21:52:29.140800,S005,soil_moisture,0.5781000102032823,-31.990521709072855,23.03379884415169
2025-12-14 19:52:29.140800,S003,temperature,35.15181933243849,-25.406202231499027,22.88786223846989
2026-08-17 16:52:29.140800,S004,soil_moisture,0.3606286723112939,-33.80718527555816,22.534082057755008
2025-11-18 04:52:29.140800,S004,soil_moisture,0.4969628216444664,-27.893327015254066,19.84576252914031
2026-05-31 19:52:29.140800,S004,soil_moisture,0.7176324040465881,-28.20920695524552,18.73502612737182
2026-02-15 09:52:29.140800,S001,humidity,70.81648980185061,-30.663335315794154,25.32645926178679
2026-02-22 03:52:29.140800,S005,ph,6.708596040960806,-29.684405535123616,30.707263159029505
2026-04-17 11:52:29.140800,S001,temperature,32.872232571578046,-31.127032357048993,25.377357866667687
2025-10-07 05:52:29.140800,S005,temperature,22.193871220898647,-25.290379537101217,22.358217155909006
2026-03-09 03:52:29.140800,S004,temperature,21.18201601083168,-25.417134118879098,20.598982620398562
2026-07-02 00:52:29.140800,S004,humidity,59.222906559705685,-32.57300695546517,30.843967158471067
2025-10-07 06:52:29.140800,S002,humidity,45.78403504246262,-26.65081124705229,20.26460473209771
2026-04-24 21:52:29.140800,S003,ec,1.5055454288706758,-29.858768477876332,19.311772082476107
2026-01-15 02:52:29.140800,S003,ec,0.5640050849581059,-28.15486568939611,27.734041341877138
2026-05-14 07:52:29.140800,S004,humidity,42.29222568398583,-31.626182686660314,18.53921894799351
2025-12-10 07:52:29.140800,S002,temperature,22.32890571214749,-32.38236678224409,29.609781259880144
2026-03-16 16:52:29.140800,S003,temperature,28.0745829425489,-25.790126828820455,28.827280910948076
2026-04-04 02:52:29.140800,S004,ph,6.869513728441161,-33.919223121086866,20.252362919694317
2025-11-29 09:52:29.140800,S002,ec,1.2488824484855203,-25.168108636408398,29.566730183885905
2026-02-06 17:52:29.140800,S005,ec,0.5890216192171323,-24.631524161596424,18.75723848999659
2026-05-28 16:52:29.140800,S001,temperature,10.39647099959152,-33.90760427766652,21.237610661549184
2026-04-10 04:52:29.140800,S002,soil_moisture,0.8029965665204681,-31.208968534081194,24.390669173960738
2026-09-25 05:52:29.140800,S004,ph,7.386137700867468,-25.018957259085973,30.382331771334833
2026-06-07 16:52:29.140800,S001,ph,7.539451854592597,-33.69072397452215,31.656495562924025
2026-10-13 09:52:29.140800,S002,ec,1.5450559266870867,-26.74146229555746,19.34440950221002
2025-11-16 23:52:29.140800,S003,soil_moisture,0.4324818829052174,-27.256324115015868,28.70210188765809
2026-10-07 15:52:29.140800,S004,humidity,82.63079579407439,-28.218121440393418,20.96863240441615
2025-11-30 13:52:29.140800,S004,humidity,73.4846627000922,-24.627925524872808,23.521428230742725
2026-09-26 02:52:29.140800,S001,temperature,22.803709097997988,-30.702571608999587,19.107337981343967
2026-05-03 09:52:29.140800,S004,ec,1.1100859343109601,-26.41043075546891,27.4143345909515
2026-06-08 17:52:29.140800,S002,soil_moisture,0.47487810775179784,-24.970864656391907,26.324642810002583
2026-07-04 16:52:29.140800,S002,soil_moisture,0.5401203452534,-27.46911855584988,18.64145437325069
2026-06-10 06:52:29.140800,S005,temperature,21.091442646928805,-32.43451938410751,23.374314458778183
2026-07-05 18:52:29.140800,S002,ph,5.843975361001036,-30.83253311827254,18.490785798424866
2025-11-20 04:52:29.140800,S002,temperature,19.129500879249104,-31.2076189759559,30.47412205013439
2025-10-06 22:52:29.140800,S003,ph,6.778353384858118,-24.785214143174816,23.733188531828507
2026-07-28 22:52:29.140800,S002,ec,1.0090768377123516,-30.908616583169813,24.12902167800787
2026-06-24 14:52:29.140800,S004,soil_moisture,0.29174537113283716,-27.170612998315875,19.024073356680557
2026-07-24 08:52:29.140800,S005,soil_moisture,0.49783349793909587,-33.72657203275921,20.734634048541196
2026-08-17 07:52:29.140800,S001,soil_moisture,0.6649297286693258,-30.541769266237353,26.20386570410131
2025-12-05 03:52:29.140800,S003,ph,5.71853041008347,-30.07143611225207,24.648437101688593
2025-10-27 13:52:29.140800,S004,soil_moisture,0.242622547062481,-32.25537217379792,28.56065898547301
2026-03-04 11:52:29.140800,S002,ec,1.5324228772693087,-24.713456066610657,19.364401936045905
2026-09-03 22:52:29.140800,S005,humidity,65.85708655509903,-28.201252589641882,21.532773066651277
2026-04-08 01:52:29.140800,S005,humidity,57.64362285613899,-32.07532780875956,20.692200537658223
2026-08-03 14:52:29.140800,S001,soil_moisture,0.6340872143117398,-31.39305638698966,28.65446713531098
2026-08-15 01:52:29.140800,S001,ec,0.7260801260920386,-29.797904445428163,22.43095115235967
2026-03-28 04:52:29.140800,S003,soil_moisture,0.4448427734993039,-27.659552679378898,27.745227225043166
2026-09-11 21:52:29.140800,S001,ec,0.581530414775863,-28.327698340295182,23.33722553818637
2026-08-25 19:52:29.140800,S004,ec,1.7154498450654307,-31.78819112107948,24.374213389994146
2026-11-06 01:52:29.140800,S001,ph,21.5514219949431,-33.861234173764835,23.112953948583723
2025-12-23 11:52:29.140800,S004,ec,1.7632713482576645,-29.31737588685266,21.179314898318424
2026-04-05 05:52:29.140800,S002,temperature,19.368788384019243,-26.503951705622228,19.10412686443255
2026-02-03 12:52:29.140800,S001,temperature,27.71563721709753,-26.75155003045021,25.09261820723409
2026-05-27 04:52:29.140800,S005,ec,1.774403763376669,-32.13157132188652,31.09344253559739
2025-11-10 21:52:29.140800,S003,humidity,75.81548816589999,-24.397716221310816,19.381370826554505
2026-04-13 02:52:29.140800,S004,soil_moisture,0.5032672864214178,-26.79019296205191,26.999840112412194
2026-11-06 13:52:29.140800,S001,humidity,79.40003418116436,-33.85598234575259,20.543815054923936
2026-08-10 19:52:29.140800,S001,humidity,83.75278172451088,-32.354412677095084,22.00153254422361
2026-06-05 09:52:29.140800,S004,humidity,47.278699417556695,-32.18488951901553,22.601208374343866
2026-02-08 14:52:29.140800,S004,humidity,41.021593104925046,-24.530483534047274,22.965629236610535
2026-01-23 00:52:29.140800,S001,soil_moisture,0.5169019394587308,-31.13411099104145,31.98103803681302
2026-09-15 13:52:29.140800,S005,ph,6.791097973287322,-27.616607500989264,30.62037774693389
2026-10-01 06:52:29.140800,S005,ec,2.0064123066927286,-27.9963304386604,23.85428924677155
2026-03-19 02:52:29.140800,S004,temperature,11.68239979982811,-33.99523895876211,26.96694555770576
2026-06-13 00:52:29.140800,S002,soil_moisture,5.384898212939134,-28.20246578738079,25.136448356956215
2026-04-22 07:52:29.140800,S004,soil_moisture,0.4422837536307717,-28.743396586570945,22.050720659520653
2026-07-21 05:52:29.140800,S003,ph,6.4997634802263295,-30.781094696263636,19.27828166176334
2026-08-27 00:52:29.140800,S003,temperature,25.424047148049745,-33.6140899732263,21.19923712595183
2026-11-12 20:52:29.140800,S005,ph,6.1607612248129255,-29.518904190973437,25.086268695926925
2026-07-26 19:52:29.140800,S005,soil_moisture,0.3820697682376057,-30.17089817329275,24.976970490872255
2026-09-21 23:52:29.140800,S002,soil_moisture,0.3082642221872063,-24.488243381581203,30.92435935770779
2026-10-18 03:52:29.140800,S002,humidity,60.186961037669725,-29.16236105120737,29.001803083597633
2026-06-27 20:52:29.140800,S004,ec,1.6921835673164727,-29.17973032851642,31.86774105602597
2026-01-28 21:52:29.140800,S004,humidity,63.89129728095009,-25.206128881681874,22.34101017256879
2026-10-19 04:52:29.140800,S004,ph,6.291005351804363,-24.557459677168566,20.963809098589056
2026-09-28 20:52:29.140800,S004,humidity,86.92414004778502,-31.14134510145877,22.547081291181776
2026-04-13 01:52:29.140800,S004,temperature,21.078487088276088,-30.938083249706093,24.756829521863626
2025-10-27 05:52:29.140800,S005,soil_moisture,0.3443922405714997,-28.84438879369323,25.5532069610475
2026-03-30 16:52:29.140800,S004,ec,1.7243178859994437,-29.952268042699934,30.22650590883667
2026-04-20 06:52:29.140800,S003,humidity,106.8587372782157,-30.285343429279003,29.820148048891056
2026-10-08 16:52:29.140800,S002,temperature,13.436917924182346,-32.18367391239154,20.171159724697798
2025-10-09 15:52:29.140800,S001,soil_moisture,0.4796152724242108,-28.12061125413475,27.616829507190076
2026-10-10 19:52:29.140800,S004,humidity,68.4428439768132,-29.251390691676285,23.081884293983016
2025-12-28 19:52:29.140800,S002,humidity,88.10672843849478,-33.44398000280521,20.855849025038452
2026-11-19 21:52:29.140800,S005,ec,1.4400779121571539,-30.58575485226754,24.97984456805834
2026-07-06 15:52:29.140800,S004,temperature,39.30831764239844,-25.066750675652983,24.764675938721005
2026-01-03 03:52:29.140800,S005,ec,1.414979660990873,-31.091111409871303,18.305677108216
2026-10-26 02:52:29.140800,S005,ph,6.897698755791504,-25.79740323757897,26.502873927560422
2026-09-17 08:52:29.140800,S003,ph,7.227592074887372,-24.70667745795935,27.62115654346407
2026-06-21 20:52:29.140800,S002,soil_moisture,0.6200874930856979,-26.086547621313798,29.4140023390656
2026-04-30 20:52:29.140800,S003,soil_moisture,0.6168859162263812,-27.202694249444413,27.068004211902036
2026-07-28 06:52:29.140800,S005,ec,1.4058591296262504,-32.27006894884036,24.620864950420465
2026-10-26 14:52:29.140800,S004,humidity,30.54164225273575,-25.48630502998383,19.545427956867346
2026-09-04 04:52:29.140800,S002,humidity,62.596129420036824,-25.15016284935339,28.37925260719944
2026-02-03 07:52:29.140800,S002,humidity,59.098313822092855,-31.535187833223517,27.384114397000822
2026-08-30 13:52:29.140800,S001,ec,1.4572599362499195,-27.962720494680063,24.090295973310283
2026-01-11 23:52:29.140800,S002,humidity,98.49835731957688,-28.788095565358063,20.546740500263773
2026-03-29 15:52:29.140800,S002,temperature,15.703539106749474,-31.512688696611903,19.042863749972547
2025-12-24 17:52:29.140800,S001,soil_moisture,0.5944594786126871,-29.317479491848744,29.02169061438444
2026-06-08 04:52:29.140800,S003,ec,1.2788684065133646,-26.555674630731545,30.180440822255633
2026-04-18 12:52:29.140800,S001,humidity,49.7848350130928,-29.848711242821334,19.113792148083423
2026-01-14 00:52:29.140800,S002,soil_moisture,0.37309345435445695,-28.693723759409252,27.800319268682017
2025-12-31 09:52:29.140800,S004,ph,5.876482270869336,-27.61965618565699,20.388776669772202
2026-09-12 18:52:29.140800,S004,temperature,27.24742796869536,-29.504870556867765,27.414785160048794
2026-01-08 06:52:29.140800,S005,humidity,58.07656111554768,-27.567720202884676,27.351940320024177
2026-02-14 23:52:29.140800,S005,humidity,41.243197981180955,-29.49964282814444,23.507595237525752
2025-10-10 10:52:29.140800,S004,soil_moisture,0.2896368210979968,-28.278338868439718,23.17388517634715
2025-10-19 04:52:29.140800,S003,ph,6.024550871023903,-33.97826916086799,25.834650122322657
2026-09-12 05:52:29.140800,S005,temperature,36.452322053994294,-28.640626717406978,27.39680828119888
2026-06-14 23:52:29.140800,S005,ph,5.656353564947629,-26.702822980188678,27.324119252796564
2026-09-19 02:52:29.140800,S004,ec,1.1794818013160089,-33.97550653874946,21.05202994266233
2026-01-03 06:52:29.140800,S005,soil_moisture,0.40931111906138884,-30.909633819342304,20.203823665850024
2026-09-24 03:52:29.140800,S002,ec,1.7083968027248502,-33.27910345509139,21.767669491973887
2026-10-30 02:52:29.140800,S003,soil_moisture,0.5147423355494721,-28.470216433666003,30.561522859309402
2025-11-26 00:52:29.140800,S003,temperature,29.687939805846074,-28.239094950376188,24.36010256838901
2025-12-16 13:52:29.140800,S004,temperature,34.07094395850508,-25.1434718250436,22.204446876463564
2026-09-30 00:52:29.140800,S002,temperature,36.57911641058954,-25.826202515529392,20.6363621528359
2026-08-25 01:52:29.140800,S003,humidity,115.84612007721063,-32.721140094687705,26.83497445375295
2026-11-17 20:52:29.140800,S002,soil_moisture,-3.7091995531281876,-29.815142737000553,29.229576369999958
2026-02-23 09:52:29.140800,S003,ec,0.7914966443387773,-29.592680344729665,20.221079739931316
2026-10-06 23:52:29.140800,S004,humidity,104.43715096313213,-27.315378569175216,19.207006834666537
2026-10-13 21:52:29.140800,S003,soil_moisture,0.677722375692044,-26.623598927833463,20.86654601157926
2026-04-29 21:52:29.140800,S005,ph,6.312234899640696,-27.13982483596428,24.31622191930579
2025-12-26 12:52:29.140800,S005,ec,1.488243933719484,-26.64757212621264,25.47713494120886
2025-12-28 14:52:29.140800,S005,humidity,70.35533152836254,-29.66879434633166,25.337951112452785
2026-04-18 19:52:29.140800,S003,soil_moisture,0.4078088297819452,-29.642876678204765,20.8629439773321
2026-06-21 08:52:29.140800,S001,temperature,22.737493543833853,-31.79402243061607,31.47747412282825
2025-11-26 14:52:29.140800,S005,temperature,28.39261466611266,-24.75441451848983,29.231449657879555
2026-09-19 11:52:29.140800,S003,ph,9.208379777372887,-28.83446760444957,26.59689388301534
2026-01-26 11:52:29.140800,S003,soil_moisture,1.6116448043678746,-30.942524043390367,23.36554278802938
2026-04-07 08:52:29.140800,S004,ph,7.120917627624444,-30.243382701662902,27.45665077528183
2026-05-09 05:52:29.140800,S005,ec,1.2251283763153555,-28.97584110754845,21.419844675899537
2026-05-28 02:52:29.140800,S001,soil_moisture,0.5687165344045869,-27.155864751953157,26.79248627993357
2026-02-26 10:52:29.140800,S003,soil_moisture,0.4925228225944563,-28.23320586850705,20.147477397922803
2026-02-14 16:52:29.140800,S003,humidity,91.74789373029272,-25.195824352553032,18.129567998946612
2026-01-02 13:52:29.140800,S005,soil_moisture,0.2614839340858667,-30.440837892633798,20.402692836577295
2025-12-17 22:52:29.140800,S001,humidity,66.21079468715998,-31.258658698041266,20.906585857254345
2026-10-01 13:52:29.140800,S003,soil_moisture,0.24217749535977723,-24.636334781057606,18.056640832742602
2025-10-27 20:52:29.140800,S001,ph,7.304241150589755,-29.86615933850147,22.4876777576959
2026-11-14 01:52:29.140800,S003,soil_moisture,0.5420334842360929,-24.010017986546487,30.01303742496125
2025-10-20 18:52:29.140800,S003,soil_moisture,0.7017246718676498,-33.70087908849281,20.647376954199434
2026-09-17 09:52:29.140800,S003,ec,5.726994770482893,-30.696729428984888,31.837947762440457
2025-11-11 13:52:29.140800,S001,soil_moisture,0.5013908818224535,-27.006356501862307,20.092071121223256
2026-03-12 22:52:29.140800,S001,ec,1.5757022079961855,-25.519755272781392,18.51079411517641
2026-04-02 02:52:29.140800,S004,temperature,25.47531685241108,-30.888392722412824,30.62236849955591
2026-10-23 05:52:29.140800,S002,ph,7.0554256961985296,-31.632767824957803,31.80083304563542
2025-12-06 04:52:29.140800,S005,temperature,13.962226897381086,-24.619799281528216,24.69392880720357
2026-09-12 07:52:29.140800,S002,temperature,24.035003236744213,-26.341758606132835,28.989852406849288
2026-06-26 03:52:29.140800,S001,ph,6.416129966130338,-26.399352891341906,28.97984806018531
2026-10-18 00:52:29.140800,S004,humidity,99.95585578643599,-32.097433990330636,20.309368879986238
2025-12-23 11:52:29.140800,S003,soil_moisture,0.4492718823249345,-29.145720540720358,21.053783089747878
2025-12-17 02:52:29.140800,S001,ec,0.6135630591214368,-31.413162801196595,26.51999932548076
2026-02-17 14:52:29.140800,S004,humidity,98.06059139232825,-24.592085401244965,29.718204141522705
2026-02-04 12:52:29.140800,S005,ec,1.9336666468481547,-24.606896874300148,24.006045559026205
2026-08-29 11:52:29.140800,S002,ec,0.9584775447422293,-33.97088913923618,24.61542819011848
2026-03-06 05:52:29.140800,S002,ec,1.1798797513125205,-26.07864174180158,28.235649513326557
2026-11-02 07:52:29.140800,S001,humidity,64.32169422885929,-31.552569426655186,29.551427217055092
2026-11-22 03:52:29.140800,S001,soil_moisture,0.4991876210314257,-29.886979232306828,31.42955998135637
2026-04-23 22:52:29.140800,S004,soil_moisture,0.5157417832798576,-31.867968680642146,28.846732461469998
2026-03-09 19:52:29.140800,S002,soil_moisture,0.4531498063192222,-26.787873144063795,22.27081351334669
2026-09-22 05:52:29.140800,S005,temperature,28.84788944582823,-31.337133668130658,19.508564430679833
2025-10-25 02:52:29.140800,S001,ph,7.148731000933138,-29.44323517937999,23.442861014963476
2026-08-03 01:52:29.140800,S002,ph,6.522698024599164,-30.948244828642615,21.78296597204683
2026-02-04 10:52:29.140800,S001,temperature,10.092485359681408,-31.08019210096338,24.683457361484898
2025-12-04 02:52:29.140800,S001,soil_moisture,0.6405897470310615,-33.669884762041995,21.73147699707237
2026-03-15 19:52:29.140800,S003,soil_moisture,0.3969413757699603,-29.16156309268416,30.106526767939894
2026-11-02 18:52:29.140800,S004,temperature,20.011650576063527,-26.06280450074024,18.672164844653203
2026-02-27 12:52:29.140800,S001,ec,1.4361814705069187,-32.021280566129406,23.466216178789008
2026-03-24 01:52:29.140800,S005,ec,2.246956144132474,-33.67124083701261,27.957225223699865
2026-09-22 10:52:29.140800,S002,soil_moisture,0.5598864724730414,-27.775122803061358,28.811702644457945
2026-08-18 11:52:29.140800,S002,humidity,99.61455374405466,-31.870818972171072,20.071511950481835
2026-10-18 06:52:29.140800,S002,temperature,30.86283026232775,-31.764467648113673,23.552089310448395
2025-11-16 20:52:29.140800,S001,soil_moisture,0.3530485703224839,-26.32104595791349,20.58402108245126
2026-09-23 01:52:29.140800,S003,temperature,23.778741913080474,-25.962314960992977,19.28354550613608
2026-02-02 00:52:29.140800,S002,soil_moisture,0.5562720861889767,-28.545587329837986,25.42456718597377
2026-04-12 20:52:29.140800,S004,soil_moisture,0.4003920429677695,-29.64083440374233,30.235194802811677
2026-06-11 00:52:29.140800,S005,soil_moisture,0.4513396073018291,-29.589200121350157,20.662146350898492
2026-02-18 05:52:29.140800,S001,soil_moisture,0.5918451568464277,-27.528805447048505,19.099737386548792
2025-12-18 20:52:29.140800,S002,ph,6.19101473114421,-33.36718155659009,30.343706369807794
2026-10-28 05:52:29.140800,S002,humidity,29.608454226140246,-28.792411492739873,29.008798902354847
2025-10-21 14:52:29.140800,S001,humidity,75.81071027693051,-32.50549505846075,26.206654671850643
2026-01-04 04:52:29.140800,S004,humidity,75.52550350714847,-26.44156939119929,29.643226885401564
2026-05-06 08:52:29.140800,S001,ec,1.2929286481091111,-33.19776299056334,21.9261338399374
2026-08-25 22:52:29.140800,S005,ph,6.820659158429319,-32.18625774365244,24.015238998743712
2026-02-24 20:52:29.140800,S005,soil_moisture,0.6174239407294246,-29.57229268615105,19.365296260163284
2026-05-14 11:52:29.140800,S004,humidity,48.9784224758848,-33.5720362499941,19.195614496362033
2026-04-10 08:52:29.140800,S002,ec,1.5185819161028153,-30.179248844938176,20.856359057851677
2026-04-09 15:52:29.140800,S005,ec,1.2371211821550006,-29.767515153616184,29.744109722751755
2026-03-08 06:52:29.140800,S001,ph,7.079542878711282,-25.089607919954933,27.663543754909572
2026-04-02 07:52:29.140800,S003,humidity,57.677019936652,-29.896850633565656,31.457038726446534
2026-09-30 22:52:29.140800,S002,ph,15.624378424818268,-31.71882706032088,22.08267463402415
2026-04-18 02:52:29.140800,S001,humidity,48.82993337792682,-30.632248873718737,18.341929744013164
2026-05-22 11:52:29.140800,S003,humidity,38.07921573811259,-26.554877681800313,26.236636871778988
2026-05-22 23:52:29.140800,S002,humidity,67.96149661790284,-33.89502924935905,30.452924202202425
2026-10-19 17:52:29.140800,S002,temperature,33.368115232073706,-28.269666049551113,22.051718343712015
2026-05-15 10:52:29.140800,S005,temperature,22.679663300332912,-28.56939703501017,21.175415488698068
2026-01-22 00:52:29.140800,S001,temperature,17.240488059992906,-24.160966144898662,18.546789418681673
2026-04-27 04:52:29.140800,S003,temperature,24.257798412861575,-24.427752501858244,19.532293228374197
2026-09-08 01:52:29.140800,S002,temperature,24.235742831940385,-30.18403087538118,27.99723447630076
2026-09-10 19:52:29.140800,S005,soil_moisture,0.3244226488399451,-28.631035393301644,20.780684564724737
2026-07-11 07:52:29.140800,S003,temperature,37.397982093658186,-26.21873387438461,25.68402626276604
2026-07-16 17:52:29.140800,S003,humidity,78.81661122157284,-30.86613251275251,24.26441741134187
2026-03-09 16:52:29.140800,S004,soil_moisture,0.6673154863316921,-28.38890933716232,28.742897499381513
2026-07-31 07:52:29.140800,S005,soil_moisture,0.8082164727029633,-30.96251488331329,19.89621988417485
2026-04-11 18:52:29.140800,S004,temperature,36.389783201741864,-24.858751578712663,23.298657258250767
2026-08-18 19:52:29.140800,S003,ec,1.971617985470549,-32.169038140798385,31.531726472029675
2026-08-27 20:52:29.140800,S002,ph,6.233584379032911,-31.058135001882718,31.6756055028006
2026-11-20 20:52:29.140800,S005,ec,1.509385882641543,-31.84626762429511,22.33590528845974
2026-01-26 02:52:29.140800,S004,ec,1.42423653609408,-24.194497980471,27.388753948518684
2026-10-06 15:52:29.140800,S005,ph,5.91729373033264,-31.478454340736175,31.099345536654035
2026-04-10 20:52:29.140800,S002,ph,6.628940746223517,-24.059885231902356,28.621686101499037
2026-06-28 05:52:29.140800,S002,temperature,18.85100299460327,-33.17273143081362,30.239778405623596
2026-11-10 17:52:29.140800,S005,ec,0.773701625356724,-24.144017668718693,23.81793731798336
2026-10-21 15:52:29.140800,S005,ph,6.446389816475003,-28.52757206647043,21.441135863550144
2025-12-10 04:52:29.140800,S004,soil_moisture,0.5968680702840947,-32.833688411178834,23.177007503351852
2026-10-13 22:52:29.140800,S002,ph,6.630178246117259,-32.88665357989572,24.187784679485137
2026-01-27 20:52:29.140800,S001,ph,5.8122035651125525,-33.17770976241122,21.37141778758715
2026-01-19 03:52:29.140800,S004,temperature,22.037803166937305,-25.847171563616325,22.48000969857012
2026-08-29 00:52:29.140800,S005,temperature,15.141921004934694,-28.00809552913134,31.167353560980636
2026-02-04 22:52:29.140800,S003,ph,7.306219513322077,-30.660153684873183,28.03385306608469
2026-04-06 00:52:29.140800,S001,ph,6.183277047304159,-27.91940012413066,26.766893717725697
2025-12-24 14:52:29.140800,S002,humidity,69.18684705032348,-32.42864315629393,22.980735353237645
2026-06-12 00:52:29.140800,S005,ec,1.3118271160212769,-30.455714826677088,23.20159772370664
2026-06-13 08:52:29.140800,S004,humidity,80.05612019760744,-25.76571591773398,23.076095165822814
2025-10-22 08:52:29.140800,S004,soil_moisture,0.2968805188438103,-27.249690558891615,20.901162292255073
2026-06-01 18:52:29.140800,S002,ec,1.3786506116454476,-28.04440484921478,21.69294371273097
2025-11-28 07:52:29.140800,S003,soil_moisture,0.6529689477836209,-30.111210064491196,23.058750646106606
2026-08-18 05:52:29.140800,S005,soil_moisture,0.5453631541024004,-26.15701928767062,27.31085661790997
2026-01-05 13:52:29.140800,S001,humidity,54.3571285302905,-24.549618486513474,24.989677157386925
2026-06-01 15:52:29.140800,S005,ph,6.558607384250078,-26.0221720164781,29.01652426175469
2026-03-14 13:52:29.140800,S004,humidity,34.240069114645586,-26.769264354117528,19.765756834397134
2026-10-20 23:52:29.140800,S005,ph,6.81267470942812,-33.300902492195775,21.644450041993696
2026-09-08 02:52:29.140800,S002,humidity,80.13878020582513,-28.58313788970323,31.058035643602693
2026-05-07 02:52:29.140800,S004,humidity,79.64629439162607,-32.87176898441979,27.076848950068296
2026-03-21 19:52:29.140800,S002,temperature,34.99616247969273,-27.54487064247696,31.02324563670429
2026-02-26 00:52:29.140800,S001,ph,6.941891354550822,-30.62353210302987,19.027869190525248
2026-01-01 16:52:29.140800,S005,ph,6.694769325537291,-25.65584437523091,29.857829126597174
2025-11-28 13:52:29.140800,S002,ec,1.120882749120138,-27.623822586540918,18.732465949038673
2026-09-28 08:52:29.140800,S004,ec,1.0688284579676062,-27.495482900187422,21.05772681911707
2026-10-12 05:52:29.140800,S004,humidity,81.44287629252833,-30.34795800242202,24.184020998427595
2025-12-14 16:52:29.140800,S004,ph,6.248574765666436,-31.0815038190596,23.716852023735733
2026-04-30 20:52:29.140800,S002,temperature,28.53861892744367,-28.23936233599237,23.836683638059526
2025-10-10 16:52:29.140800,S002,ph,6.74236562965841,-29.594447953721613,31.262304234596158
2026-06-01 13:52:29.140800,S004,ec,2.503691627117793,-28.999025601086895,20.734202072570078
2026-07-28 04:52:29.140800,S003,humidity,27.034270899351476,-28.393896030975544,31.805480104850595
2026-04-08 23:52:29.140800,S005,ec,1.7963222213498504,-32.177950960410364,22.686531735157523
2026-01-17 13:52:29.140800,S001,ec,2.1658177177362536,-33.061800758765685,25.269767263388495
2026-07-21 10:52:29.140800,S002,soil_moisture,0.7852982335868164,-25.453573188953392,26.299450763538992
2025-10-29 19:52:29.140800,S005,temperature,10.45168078341152,-29.56897648966401,18.342983988875524
2026-01-14 10:52:29.140800,S001,ec,1.0291189936817289,-25.438352119371494,29.513563054055986
2026-05-05 05:52:29.140800,S005,soil_moisture,0.6061565395414525,-26.317301865361785,28.30851143883003
2026-09-30 13:52:29.140800,S002,ph,6.962946034230361,-25.540515713902835,18.446678743743107
2026-08-19 04:52:29.140800,S003,ec,1.776613673617269,-30.756732930512534,24.005754109708896
2026-09-04 16:52:29.140800,S005,temperature,18.83102030722995,-31.013751276942067,22.44101382028762
2026-08-21 09:52:29.140800,S005,ec,2.3082257824160157,-26.995478049112585,19.684906766370517
2026-03-22 11:52:29.140800,S004,ph,6.621438481909538,-30.587926990381987,28.67452473395272
2026-03-20 23:52:29.140800,S001,ph,6.4881813848437835,-25.12827227362179,24.561126165871038
2026-01-22 22:52:29.140800,S001,soil_moisture,0.6581093992127379,-27.654596088810685,27.891964550108842
2026-04-16 09:52:29.140800,S003,humidity,57.56208452398649,-27.454372687624492,28.557968971214788
2026-06-12 04:52:29.140800,S005,ec,2.292334095215884,-30.474191181708782,18.091623361288942
2026-05-25 18:52:29.140800,S001,soil_moisture,0.5121313194940896,-25.859045290761667,30.653599013791123
2026-02-18 08:52:29.140800,S005,ec,1.7095452417535564,-24.184444024007,19.328574005683265
2026-01-29 14:52:29.140800,S005,ph,6.280542488998705,-29.228679877927036,22.03781879504163
2026-03-20 20:52:29.140800,S003,soil_moisture,0.30970432855814745,-24.14759611007021,24.794948929029896
2026-09-30 08:52:29.140800,S002,ph,5.685846919800832,-27.6622353295268,20.62109514853259
2026-05-11 02:52:29.140800,S001,soil_moisture,0.6945006126591009,-32.51083265986032,29.18015399634809
2026-07-06 14:52:29.140800,S004,humidity,29.009440998619418,-26.05649588014867,31.056864501803446
2025-10-07 10:52:29.140800,S004,temperature,24.045259290858713,-28.686453430405827,29.056201091106406
2026-03-19 19:52:29.140800,S002,ph,6.469482046302656,-24.57766770510739,22.918807111002675
2026-10-15 08:52:29.140800,S001,temperature,22.206715585095502,-29.80498646564388,18.343416083942426
2026-07-04 09:52:29.140800,S005,ec,-14.30740345768635,-30.304509798812127,30.522437025306104
2026-05-19 08:52:29.140800,S004,temperature,24.99255665885992,-29.447494416022735,29.426016071857447
2025-10-09 05:52:29.140800,S005,humidity,6.055882950603575,-26.661078301648068,29.937699525540225
2025-12-29 19:52:29.140800,S005,ph,11.507012927137296,-29.70484238673395,18.33306571190426
2025-11-28 14:52:29.140800,S002,soil_moisture,0.6214129506816779,-27.394948049089784,29.667445269791052
2026-01-28 19:52:29.140800,S005,ec,1.384115965501831,-33.30364553485052,25.9050885810342
2026-02-26 14:52:29.140800,S005,temperature,19.316377889268118,-28.053177483546236,26.661446309625397
2026-05-28 23:52:29.140800,S002,humidity,68.07190050328734,-28.116574332003864,30.063871518484163
2026-11-23 18:52:29.140800,S002,soil_moisture,0.425338156399086,-25.599481509296986,27.480637872259535
2026-08-19 06:52:29.140800,S001,ph,5.781688513136275,-27.643515204058883,18.72900651080833
2026-04-20 02:52:29.140800,S001,ph,6.328806834389299,-31.75707206341428,18.565376533881942
2025-10-29 06:52:29.140800,S005,humidity,53.124968545602016,-28.97746642407732,29.106450760923316
2025-10-26 21:52:29.140800,S001,ec,0.9868100045664927,-30.34238793818656,30.859435128446485
2025-10-20 05:52:29.140800,S002,soil_moisture,0.5389659384725282,-25.153067993997507,22.370314097253605
2026-09-29 07:52:29.140800,S005,ec,1.8917446630848,-27.315753524835184,30.222417178263882
2026-07-25 14:52:29.140800,S001,soil_moisture,0.5776771488561703,-32.65204029800762,30.51455031627492
2026-07-12 00:52:29.140800,S003,humidity,63.94035780909881,-29.95455441493104,26.128888909842825
2026-11-23 16:52:29.140800,S002,ph,6.780021324070839,-24.604191623224374,23.671358160558963
2026-10-16 08:52:29.140800,S004,soil_moisture,0.4816208287375707,-31.680970484645574,27.12626775125112
2025-10-29 22:52:29.140800,S002,humidity,75.2596808248446,-25.25449580304375,26.48892804013541
2026-04-09 03:52:29.140800,S005,temperature,17.03777653219271,-28.14091095179197,22.941646516865625
2026-08-01 04:52:29.140800,S005,temperature,16.528486490669252,-24.242830063459017,30.939474312092386
2026-07-28 14:52:29.140800,S002,soil_moisture,0.5975730237824128,-30.75213416978155,29.970457503457325
2026-04-10 07:52:29.140800,S004,humidity,74.80329919021374,-24.725426213841082,21.287903104876147
2026-10-06 11:52:29.140800,S004,temperature,25.81881072564939,-33.16035473692784,21.060131629288616
2026-03-10 15:52:29.140800,S003,ph,7.335780235995836,-32.5706046403306,29.883186455858706
2026-06-15 09:52:29.140800,S002,ec,2.0487430317484625,-24.456042083870567,21.542672990021657
2026-07-08 16:52:29.140800,S004,humidity,61.77102718997,-25.627077725965087,24.76722121981301
2026-01-07 21:52:29.140800,S005,soil_moisture,0.2514497793417766,-27.73862874207547,21.607078524522088
2026-09-25 13:52:29.140800,S004,humidity,48.674611408579295,-25.73037867133069,27.664678720561184
2025-11-29 02:52:29.140800,S003,ph,6.575391307917721,-24.356212528725088,31.618607224743876
2026-01-19 08:52:29.140800,S002,humidity,52.40005034963834,-25.726790375940634,18.63609864401492
2026-08-05 01:52:29.140800,S001,soil_moisture,0.6649125330365567,-31.75031625504314,21.461536187311953
2026-10-29 19:52:29.140800,S005,ph,6.752599036416992,-27.357218924420522,25.115853274016505
2026-04-20 04:52:29.140800,S001,soil_moisture,0.4124440292922701,-27.191318520659138,20.155623100355797
2026-05-11 15:52:29.140800,S004,humidity,91.66738804324609,-31.697782895067206,24.775180519468176
2026-11-16 00:52:29.140800,S002,soil_moisture,0.3104877384291824,-27.512266931673196,21.458053382958433
2026-03-14 11:52:29.140800,S003,humidity,88.24555756275984,-25.88941620956053,20.988631293361095
2026-10-19 06:52:29.140800,S003,ph,7.070910069158428,-30.1564689965881,28.163166442063044
2025-12-24 12:52:29.140800,S004,temperature,21.50592447885647,-33.64167892529159,20.733368424057332
2025-11-28 06:52:29.140800,S001,ec,0.6353572888173844,-32.01128022319038,18.30515898797992
2025-11-09 18:52:29.140800,S004,ph,6.1845967958535475,-25.30163736970428,20.816090159533353
2026-08-19 02:52:29.140800,S002,ec,1.4357397199184572,-32.351595455470616,22.523261700815496
2026-06-01 20:52:29.140800,S005,ph,7.033498175406066,-24.130912580167795,29.16353228777775
2025-11-02 22:52:29.140800,S004,ph,7.4177650876543595,-26.507352675490797,21.59031917692683
2025-10-08 22:52:29.140800,S003,temperature,32.71470538472893,-24.473307973824163,23.2644698151029
2026-06-01 10:52:29.140800,S004,temperature,31.9149352588921,-28.109191213078034,19.720722981279156
2026-05-25 15:52:29.140800,S003,ph,7.320306215580515,-27.01337272603474,21.51757768287887
2026-10-12 05:52:29.140800,S005,temperature,35.115187294531346,-26.017350826224188,29.842503098041508
2025-10-25 15:52:29.140800,S002,soil_moisture,0.5641245632627503,-29.746903025635735,22.567124734523453
2026-02-05 16:52:29.140800,S004,humidity,67.59370751658264,-25.153310172229958,26.458885806205892
2026-05-17 11:52:29.140800,S002,soil_moisture,0.2195644696533285,-31.85245398722954,26.919795703239693
2026-05-22 16:52:29.140800,S005,soil_moisture,0.5560676965515056,-27.142534104270485,24.555215891558138
2025-10-19 01:52:29.140800,S003,temperature,29.479905331329082,-28.038426582206306,29.22677709092195
2026-08-18 15:52:29.140800,S005,temperature,19.620901009945747,-31.300308226931715,31.83112874233754
2025-10-27 12:52:29.140800,S003,ph,6.53772957871604,-28.134742360861395,28.763133090691362
2026-07-12 00:52:29.140800,S001,ec,1.1985361816982505,-33.513807275711464,22.001239730748942
2025-12-10 11:52:29.140800,S005,humidity,59.15453482166687,-33.157321127047524,28.021431283621535
2026-09-07 07:52:29.140800,S002,soil_moisture,0.44824486945171776,-29.844215001581773,26.686439253448366
2026-05-30 05:52:29.140800,S004,soil_moisture,0.3429042551443242,-32.78149298735173,31.425213086931414
2026-07-06 14:52:29.140800,S002,soil_moisture,0.6469366712300514,-25.760714794289232,25.02177043817539
2026-11-21 03:52:29.140800,S005,soil_moisture,0.6266945836837352,-25.358518191166276,30.290076387372014
2026-10-08 01:52:29.140800,S004,ec,0.5181748444243994,-30.973316753149966,25.802280197345322
2026-10-08 02:52:29.140800,S005,ph,7.643593878905221,-25.361899107003854,18.117485254099062
2025-10-09 05:52:29.140800,S003,ph,6.699705906305813,-28.36881702445577,19.173128289971984
2026-04-11 08:52:29.140800,S002,temperature,32.016663941717,-27.201820616370583,24.978395944113775
2025-10-03 12:52:29.140800,S005,ec,1.0979931488951125,-26.816566922448843,29.50742184459413
2025-11-18 05:52:29.140800,S002,ec,0.849099153509958,-30.5600724890866,20.758117027296493
2026-08-18 21:52:29.140800,S004,ec,16.3325693593127,-32.93555477413047,19.39923904512966
2025-10-19 14:52:29.140800,S002,temperature,49.37704403692713,-31.195126434673497,26.882667949597252
2025-10-08 23:52:29.140800,S003,ec,1.4021465236227062,-25.640572061803006,22.072406771690115
2025-12-31 11:52:29.140800,S001,soil_moisture,0.6252195955349846,-25.210126077973644,28.04373671738539
2026-03-11 06:52:29.140800,S003,soil_moisture,0.3624591868857502,-30.046605943117605,26.801629169669702
2026-01-11 00:52:29.140800,S004,ec,1.6538820918429527,-33.629468212328675,21.698220576890815
2026-01-16 21:52:29.140800,S005,soil_moisture,0.6496046519046994,-26.210524466566472,30.061556523585708
2026-07-11 21:52:29.140800,S004,humidity,45.23903199539498,-24.348641504763105,28.208234940700706
2026-06-22 05:52:29.140800,S004,temperature,28.305435943902864,-31.687593145455434,30.991154860546587
2026-10-26 18:52:29.140800,S002,soil_moisture,0.40346373539226016,-32.327398931995056,26.867207798194727
2026-02-10 14:52:29.140800,S004,ph,6.448801259370703,-28.987220227078236,25.14086573240653
2025-12-13 07:52:29.140800,S001,ph,7.112246266477079,-27.664225194298794,18.60546290597159
2026-05-28 21:52:29.140800,S002,humidity,70.73883585661353,-29.710036944721782,24.578198427647994
2026-07-14 11:52:29.140800,S004,temperature,32.56224808835032,-33.64193309517713,27.621787803753392
2026-02-02 06:52:29.140800,S005,soil_moisture,0.4164298706765166,-33.81161075801869,25.063425292651992
2026-05-13 22:52:29.140800,S001,ph,5.589761243825436,-33.303172486374116,30.622047040285224
2026-05-10 16:52:29.140800,S005,temperature,7.632335061856185,-30.123219343442706,31.489595408278383
2026-03-07 19:52:29.140800,S004,ec,2.079440301640166,-33.639163121871874,25.68293709805885
2025-10-22 00:52:29.140800,S002,temperature,36.56983712237903,-25.655690491074818,31.96655857675467
2026-07-17 00:52:29.140800,S004,ph,5.799261829806798,-24.616868445569523,25.476871446512487
2026-10-30 00:52:29.140800,S005,ec,1.5742434621847026,-31.23418965599209,26.35741763605607
2026-02-04 14:52:29.140800,S001,temperature,11.92610480222299,-28.229838665499233,29.220128238386213
2025-12-02 02:52:29.140800,S001,temperature,27.21585730146364,-26.059466280323683,21.279630614164056
2026-06-26 07:52:29.140800,S002,ec,1.5147377439354206,-29.66966658745229,29.817984638308747
2026-05-30 04:52:29.140800,S001,temperature,25.78007112754023,-32.681998519010655,27.472016757013865
2026-08-09 20:52:29.140800,S002,soil_moisture,0.6153717932339664,-31.223499275639384,21.921866812049906
2025-11-02 12:52:29.140800,S005,ec,1.3591272622269264,-25.134791833417086,21.104758382751086
2026-08-09 21:52:29.140800,S002,soil_moisture,0.49354690007155,-30.645200816621156,26.828664818063267
2026-06-20 03:52:29.140800,S002,soil_moisture,0.5788948391236935,-24.67097339848261,24.60628740756692
2026-07-25 18:52:29.140800,S005,ph,6.974812241207465,-29.184706813640645,26.98148068319753
2026-10-05 20:52:29.140800,S004,ph,6.672715278753924,-32.14280997213617,29.76368905088959
2026-05-05 08:52:29.140800,S001,ph,6.389644369668231,-31.401384419181703,26.235880652916435
2025-10-08 22:52:29.140800,S004,temperature,18.388132365683326,-26.155219689787256,20.186356785143857
2026-06-25 09:52:29.140800,S002,soil_moisture,0.24298854173004053,-26.778001246423727,23.02651733589736
2026-07-22 22:52:29.140800,S002,soil_moisture,0.4063050449967196,-26.984600521117514,21.325469466730148
2025-12-29 12:52:29.140800,S003,humidity,57.37236668166381,-27.318424382794248,29.842328918671996
2026-05-29 11:52:29.140800,S003,soil_moisture,0.4936208414974749,-32.84924629519085,24.28676848959024
2026-10-28 22:52:29.140800,S001,soil_moisture,0.4686912786035795,-33.3207677389919,30.699779865734307
2026-10-26 04:52:29.140800,S003,temperature,16.545260224811987,-33.52017635522602,22.572189585641393
2026-08-29 16:52:29.140800,S004,humidity,67.7307696347986,-24.229620241414374,19.975650515109493
2025-10-24 02:52:29.140800,S004,temperature,21.418852647340408,-27.91532099081608,26.585697443830924
2026-03-07 10:52:29.140800,S004,humidity,65.53535061717947,-27.83778240111851,21.20211952875995
2025-12-22 06:52:29.140800,S004,temperature,19.48728534055929,-30.545870098277035,19.61933561755982
2026-07-14 20:52:29.140800,S001,humidity,67.23509403445175,-26.207345429189346,29.83861399643724
2025-12-24 11:52:29.140800,S002,soil_moisture,0.48225026349524025,-26.322365807973544,24.06784246106826
2026-04-26 05:52:29.140800,S003,temperature,24.146358664152064,-33.66494406608654,31.312351078417016
2026-05-06 19:52:29.140800,S003,soil_moisture,0.7554055443707812,-30.02865114139984,20.440677657760546
2026-02-16 00:52:29.140800,S004,soil_moisture,0.38336763886939745,-33.626332183086625,19.13126661897803
2026-07-18 02:52:29.140800,S001,soil_moisture,0.509857794096254,-31.34410532477703,18.612758036566284
2026-03-24 10:52:29.140800,S002,soil_moisture,-14.294527923508115,-27.828575667514674,23.51016193291906
2026-01-18 02:52:29.140800,S003,ec,1.5276341270903397,-30.813781642148193,27.23021348540781
2026-08-16 21:52:29.140800,S005,ph,7.095045683852084,-33.19763864161468,31.422775982744994
2026-10-19 22:52:29.140800,S003,ec,2.2904287950748614,-27.590855977546642,23.518942994836053
2026-08-09 23:52:29.140800,S003,ph,6.711967163355352,-24.00382619566347,23.400509787290588
2025-10-30 08:52:29.140800,S001,ec,1.4795368718589768,-33.71587986881465,24.160488117362533
2026-02-16 00:52:29.140800,S003,temperature,20.49116547763805,-32.77944475387114,28.621612685017123
2026-11-13 04:52:29.140800,S003,ph,6.102467546052515,-31.45502427552787,25.270189132049836
2026-11-01 05:52:29.140800,S003,soil_moisture,0.7103128661956557,-32.67330546067522,19.23764884235132
2025-11-27 19:52:29.140800,S004,soil_moisture,0.4542606446584261,-29.880176869925513,29.141949666438403
2026-10-03 20:52:29.140800,S005,soil_moisture,0.46312548893817246,-29.757993647727965,30.341881926648032
2026-11-06 03:52:29.140800,S003,ph,7.079899554324052,-30.643224471053493,31.963366052805156
2026-05-12 19:52:29.140800,S004,soil_moisture,0.6114817692513244,-31.242340302640592,30.91015446636042
2026-08-11 05:52:29.140800,S001,soil_moisture,0.34608200347557855,-25.580151045184017,26.481477771575157
2025-10-11 17:52:29.140800,S001,ph,6.188462907465455,-31.955404317439275,29.452055686570244
2025-12-03 23:52:29.140800,S005,ph,5.761279685055917,-27.881210738404654,20.768571275123747
2026-01-06 12:52:29.140800,S003,temperature,37.93272021283885,-33.36445856606412,24.21495849419688
2026-11-05 17:52:29.140800,S001,humidity,69.71096128016342,-24.95182905231924,30.274775807518743
2026-05-31 05:52:29.140800,S005,soil_moisture,0.4571357445053507,-28.029900992590335,23.55647333202488
2025-10-29 04:52:29.140800,S003,ec,2.257706108489394,-29.454178755481404,25.891105976883868
2025-10-07 10:52:29.140800,S001,soil_moisture,1.0056467807066203,-25.225314655714577,29.858287277636258
2026-03-28 21:52:29.140800,S004,ec,1.288988851586455,-28.475809933993542,22.885123583528635
2026-03-24 15:52:29.140800,S003,ec,1.7594544618705354,-24.15801086327024,30.598466446832163
2026-05-12 05:52:29.140800,S004,soil_moisture,0.6368808555358279,-25.862370185670365,25.381525483146298
2026-05-18 03:52:29.140800,S005,soil_moisture,0.3888950275814766,-25.63608106945948,29.345921586176505
2026-10-05 07:52:29.140800,S002,ec,2.1138307271635135,-28.56575654690321,26.19748332312912
2026-01-21 00:52:29.140800,S004,ph,7.102140574519125,-31.50553302138077,25.308791330280954
2026-01-19 21:52:29.140800,S003,soil_moisture,0.3831215340847436,-26.47724300501271,25.34115928152325
2026-11-01 15:52:29.140800,S004,temperature,27.54263320286679,-27.026293750036775,21.15157325626387
2026-07-02 02:52:29.140800,S001,soil_moisture,0.7757297610716625,-27.338228629014868,25.64807317374239
2026-05-18 17:52:29.140800,S004,ec,1.7118124453658836,-33.5517409183525,26.137344282730307
2026-07-13 17:52:29.140800,S005,temperature,28.016826289842285,-33.05948668715293,31.095642783831618
2025-11-08 15:52:29.140800,S005,temperature,22.282606152414296,-26.013450081298714,22.24988335288185
2026-10-07 08:52:29.140800,S001,temperature,38.36880425302545,-25.65727287485666,26.253697857824164
2025-12-24 04:52:29.140800,S003,ph,5.902456613079824,-27.800702005954612,31.17685036497202
2026-07-25 23:52:29.140800,S001,soil_moisture,0.5004367001617577,-33.941308030542295,20.894690573996225
2026-10-01 10:52:29.140800,S001,ec,0.8693352382114438,-32.79505167240066,26.937084109579647
2025-10-17 22:52:29.140800,S004,soil_moisture,0.7851433600198249,-29.06603226792127,29.43836757184849
2026-04-18 08:52:29.140800,S002,ec,1.3005656034689472,-28.506523731193017,23.91400168256723
2026-02-23 20:52:29.140800,S004,humidity,24.362954448980865,-29.008989704379054,27.395036111285272
2025-11-12 03:52:29.140800,S005,soil_moisture,11.139600355621308,-32.68615477285825,26.55679364929668
2026-05-14 22:52:29.140800,S003,soil_moisture,0.5301708464558303,-27.348361427715275,19.65988856983772
2026-10-18 04:52:29.140800,S004,ph,6.366871842238621,-28.76072879148524,20.888493110861436
2025-11-13 00:52:29.140800,S003,soil_moisture,20.640990544357916,-33.22336363892848,30.1188509951834
2026-05-23 09:52:29.140800,S003,temperature,36.87142246230675,-33.09193033970576,21.5048587308254
2026-10-31 03:52:29.140800,S003,temperature,27.25288632634986,-31.857100360253657,25.042887075784286
2026-06-14 05:52:29.140800,S005,soil_moisture,0.45009291252179295,-28.98046125435177,19.291163556305502
2025-11-23 10:52:29.140800,S001,soil_moisture,0.55471220997964,-30.369880567914578,20.72765781116576
2026-06-04 16:52:29.140800,S001,soil_moisture,0.4475100513249423,-32.551693547256384,26.02697787182167
2025-10-22 02:52:29.140800,S004,soil_moisture,0.8496028667630897,-24.166910851847057,27.579462083174093
2026-07-20 10:52:29.140800,S003,ec,8.067586388154169,-31.263287789338467,28.740996419007256
2026-09-14 01:52:29.140800,S002,soil_moisture,0.56293196788726,-29.268054444550263,28.158697043207194
2026-01-11 03:52:29.140800,S005,ec,1.9104885288170332,-31.249739845906316,31.02314586788161
2026-06-09 19:52:29.140800,S005,soil_moisture,0.4841385811379417,-32.774198345718226,18.00050807331856
2025-10-15 13:52:29.140800,S005,temperature,24.255319444909535,-30.28775282178407,24.416940320509738
2026-11-12 15:52:29.140800,S001,temperature,13.968718418831571,-32.50687362904431,25.4054912868879
2026-11-05 20:52:29.140800,S003,ph,6.68714089533447,-32.70310603583063,29.20318139038465
2025-12-12 16:52:29.140800,S005,ec,1.236873896160371,-31.89259359962822,20.336686066885825
2026-06-29 05:52:29.140800,S001,temperature,28.571090101458292,-27.246691921678064,26.91459089938259
2026-10-06 01:52:29.140800,S005,ec,2.2554574658618556,-31.174571331448256,28.665139125047332
2025-11-20 09:52:29.140800,S001,ec,1.3411075791719962,-28.108335976450064,18.791797129879306
2026-10-08 23:52:29.140800,S004,temperature,27.607871395728367,-32.40350645120327,22.61172143371838
2025-11-09 22:52:29.140800,S002,ec,0.982055251520534,-27.268658413661885,27.15467013004779
2026-06-21 05:52:29.140800,S005,ec,1.6637394473625384,-29.84137216408227,21.72906368994373
2026-04-25 03:52:29.140800,S001,soil_moisture,0.33922130315924814,-28.317433005755348,18.614520032662117
2026-06-04 10:52:29.140800,S005,humidity,80.17490339480224,-31.01180840330943,28.254981775068813
2026-03-03 19:52:29.140800,S003,temperature,32.435958274403035,-27.576786357176417,25.964319134152568
2026-09-06 19:52:29.140800,S003,ec,2.564662340091333,-31.106143881779722,27.018349901066166
2026-09-17 22:52:29.140800,S004,ec,1.3182469996956387,-29.639297383231902,27.90227219692551
2026-11-16 03:52:29.140800,S001,temperature,1.4956083057960292,-29.241107806565886,28.500612712236524
2025-10-04 11:52:29.140800,S005,temperature,22.05230197071491,-24.12688385635422,19.05664556675057
2026-11-17 14:52:29.140800,S002,temperature,25.64209845571736,-29.096152091859185,19.82456956895212
2026-08-14 12:52:29.140800,S005,ph,6.4178286063068555,-28.512488409493777,21.469676793576745
2026-10-15 04:52:29.140800,S002,ec,0.9316951782299008,-30.357019410839072,31.803229613360347
2026-10-27 00:52:29.140800,S005,temperature,17.606580669089887,-29.906269141151988,24.331662998586957
2026-04-22 09:52:29.140800,S004,ph,5.860871466106173,-25.37831566935315,22.463219816870755
2026-05-27 07:52:29.140800,S003,ph,5.5108744145957935,-25.855857429762303,30.8236466346145
2026-01-23 00:52:29.140800,S003,soil_moisture,0.7453303089246175,-32.75491852771967,29.61619690986727
2026-05-08 11:52:29.140800,S005,soil_moisture,0.45038636691846345,-29.256934977210445,29.67170282983071
2026-03-23 05:52:29.140800,S005,temperature,9.570544163134471,-24.66493908088823,24.060275887607553
2026-07-22 15:52:29.140800,S002,humidity,30.58967969428791,-27.596339890923616,28.216768849703207
2026-11-09 10:52:29.140800,S002,ec,2.049017523960403,-25.393423136687915,20.352156355863915
2026-03-23 15:52:29.140800,S001,ec,2.0494873823921465,-30.592115002395314,30.36414125850774
2025-11-20 22:52:29.140800,S001,ec,1.3581513723635905,-32.69212707266189,26.773657209141483
2026-11-14 16:52:29.140800,S001,temperature,22.072561839123235,-33.031854643878034,20.3961218966387
2026-04-23 18:52:29.140800,S001,temperature,32.06668227635058,-25.634410545928763,27.73428097517947
2026-04-04 13:52:29.140800,S005,humidity,44.92973926880728,-32.31201796250626,23.73068850056152
2026-04-09 14:52:29.140800,S002,soil_moisture,0.4856784758382439,-28.698669729685648,25.521227985467274
2026-04-11 14:52:29.140800,S005,ec,0.9779415615524598,-29.282127594943844,24.93395566278911
2026-08-27 05:52:29.140800,S003,humidity,66.2735016385391,-27.072882752862295,20.281547492928564
2026-01-14 21:52:29.140800,S001,ph,6.8728614355047,-32.731932732786795,20.04420530380877
2026-08-29 15:52:29.140800,S004,humidity,102.95786250342123,-32.555744784234626,20.18474517015124
2025-11-18 18:52:29.140800,S002,ec,1.6745153037035008,-31.888801058767392,19.41019129162805
2025-10-25 17:52:29.140800,S001,ec,1.1364967523796117,-26.356654090251425,26.403985402696573
2025-11-30 03:52:29.140800,S003,ph,5.863576017631811,-27.924661891536964,18.83645927248494
2025-11-02 06:52:29.140800,S003,soil_moisture,0.4662007488470279,-25.362390148409446,22.06781655822565
2025-11-25 06:52:29.140800,S003,humidity,32.16063178209594,-28.585870339547977,24.384070974889973
2026-09-05 10:52:29.140800,S005,soil_moisture,0.26835997667435896,-26.966396992051866,29.43926011312992
2026-05-23 14:52:29.140800,S001,soil_moisture,0.34635503940829715,-28.47613534646448,28.720663547572933
2025-10-22 04:52:29.140800,S004,temperature,31.91296206545666,-31.82191096162941,22.288389748362007
2026-05-11 12:52:29.140800,S001,temperature,11.587638841683024,-32.39452057296435,31.24640494230055
2026-05-17 19:52:29.140800,S002,soil_moisture,0.38267720938252237,-31.0592494342677,31.584475346086602
2025-10-19 15:52:29.140800,S002,soil_moisture,0.529803125619499,-26.05084647877756,29.583836428670047
2026-03-12 09:52:29.140800,S005,soil_moisture,0.4865970171771405,-27.721191478932393,21.58938537564002
2026-04-25 18:52:29.140800,S003,ec,1.778846641638576,-27.229547735183143,20.504906173836456
2026-04-18 00:52:29.140800,S005,ph,7.025448771071135,-29.57705756437106,23.542246930732635
2026-02-28 06:52:29.140800,S002,temperature,30.0230350227269,-33.446229014576744,29.092283026596395
2026-01-07 09:52:29.140800,S004,ph,6.474359762890745,-31.712539690131834,18.38187883891266
2026-08-05 17:52:29.140800,S004,soil_moisture,0.3341522939456193,-27.151689105971897,30.717505966086183
2026-11-16 17:52:29.140800,S003,ec,0.8317154547933425,-26.115203345563533,24.33617303840712
2026-03-06 03:52:29.140800,S001,soil_moisture,0.35625780506599003,-30.46778186156436,31.48806568035991
2026-10-22 23:52:29.140800,S004,soil_moisture,0.20406369437687782,-28.08589207487955,25.10793737709143
2025-12-15 07:52:29.140800,S003,temperature,20.58310240887317,-26.967667676878804,22.498708392674473
2026-11-18 01:52:29.140800,S005,ph,6.357041679075134,-30.915270092576918,25.822287574817846
2026-07-17 12:52:29.140800,S005,soil_moisture,0.5824223721503001,-29.028338805586813,22.76245240609731
2026-06-29 17:52:29.140800,S003,humidity,51.96455096203366,-31.006863882152626,28.321046772767303
2025-10-31 02:52:29.140800,S001,soil_moisture,0.5058777713860485,-25.327670335720505,30.479542500699868
2026-03-28 14:52:29.140800,S003,temperature,26.702576496307092,-24.11844106893611,22.581536213506446
2026-02-01 15:52:29.140800,S005,soil_moisture,0.4868965617820264,-33.699396836071024,31.459273382540125
2026-09-07 17:52:29.140800,S005,soil_moisture,0.5362169061845578,-24.355130672855008,29.53925226191061
2026-06-22 18:52:29.140800,S005,humidity,66.3555934569074,-33.71135990170655,26.337467483915894
2026-07-19 16:52:29.140800,S004,ph,6.465590611268992,-29.5605116709537,22.64015393103468
2026-05-10 00:52:29.140800,S004,ec,2.08566298084747,-24.536647505823296,22.638143457598026
2026-03-03 05:52:29.140800,S002,humidity,62.07844649258335,-28.392452271538207,18.38098275764043
2026-05-14 18:52:29.140800,S001,humidity,40.275461584256945,-26.150338880562934,24.5687807640255
2026-11-15 16:52:29.140800,S003,ec,1.7735263906164083,-31.999344199641502,20.707155357506934
2026-03-04 00:52:29.140800,S004,ph,6.1943071873763405,-32.95914130506898,22.59464392211831
2026-08-28 15:52:29.140800,S005,ec,0.8938900634948018,-24.01891333223808,26.244742950225508
2025-12-25 07:52:29.140800,S005,humidity,51.207555280251725,-30.43053155244559,18.559886163469383
2026-06-04 18:52:29.140800,S002,ph,6.647337519422718,-30.529348231396956,21.658200325147554
2026-11-18 08:52:29.140800,S004,ph,7.386090439692138,-25.651779267658785,31.813882499360073
2026-04-02 08:52:29.140800,S005,temperature,18.391360033559288,-33.58252168652691,18.12990221739536
2026-09-14 14:52:29.140800,S001,soil_moisture,-12.402151686654985,-25.443329231734715,31.37908938850086
2026-06-12 12:52:29.140800,S002,ec,2.2129777088530918,-25.71491977665815,18.575995157565117
2025-12-08 01:52:29.140800,S003,temperature,16.529285401373862,-25.775012352308572,30.380048958888864
2026-02-15 13:52:29.140800,S004,humidity,75.66320405084313,-33.48584851470693,20.337330268837803
2025-11-11 23:52:29.140800,S001,ph,6.4611393785290945,-26.843678797774704,23.72803420990018
2026-07-05 18:52:29.140800,S004,soil_moisture,0.5777695459954346,-31.67556114488272,25.51548713610874
2026-05-08 07:52:29.140800,S002,humidity,75.38734118202802,-30.413678176656475,20.387780372320673
2026-02-28 08:52:29.140800,S003,ph,6.469804915049358,-31.00323879770005,22.50829141305752
2026-05-13 04:52:29.140800,S001,temperature,11.527478162429784,-28.482535266237402,23.939852429301382
2026-08-23 06:52:29.140800,S004,temperature,17.901949729140526,-29.005933371866877,26.830301355655873
2026-07-15 16:52:29.140800,S001,soil_moisture,0.7428658619516613,-32.95610249478519,28.467850527836923
2026-06-03 20:52:29.140800,S002,soil_moisture,0.5753431772596617,-31.9570466014139,19.176527962329985
2026-11-03 15:52:29.140800,S005,ph,6.794339167717095,-24.844785073913215,21.624708457116974
2025-11-07 04:52:29.140800,S003,humidity,70.12225503475153,-26.432494180129268,21.95955618717988
2025-12-24 01:52:29.140800,S003,ph,6.827679317874509,-28.249934655043468,27.880017699329223
2026-05-11 22:52:29.140800,S005,soil_moisture,0.4682364452070036,-32.441587718067765,26.19084243628562
2026-09-10 18:52:29.140800,S003,ph,5.782574958480672,-28.895806821393823,20.679666909080474
2026-06-27 00:52:29.140800,S005,temperature,31.30475468194487,-29.204419413065175,30.118939968402437
2026-04-13 02:52:29.140800,S001,humidity,41.91130746466357,-28.351014001802405,30.75269738732426
2025-11-06 02:52:29.140800,S002,soil_moisture,14.09114763802218,-33.01625370463984,25.42167071319406
2026-01-29 06:52:29.140800,S003,humidity,65.65457447243507,-30.91143883061415,18.58265496993709
2026-10-30 02:52:29.140800,S005,humidity,50.69438699701862,-25.85219020319763,22.04691817009222
2026-07-30 13:52:29.140800,S002,ec,-1.850626478449405,-26.965250019187472,29.815535215072153
2026-08-02 17:52:29.140800,S003,humidity,80.12994990560134,-27.59044979549788,27.418261505120153
2026-09-19 14:52:29.140800,S001,ec,1.8328433014180523,-33.511236160547476,28.58101970790186
2026-07-17 10:52:29.140800,S003,soil_moisture,0.31252617470405497,-27.968904467019293,31.24587098243027
2026-02-16 21:52:29.140800,S004,soil_moisture,0.32449699661939607,-29.20491578107389,31.719745398809025
2025-11-12 04:52:29.140800,S002,temperature,14.917203177893438,-24.939570158695773,29.64496311826251
2025-12-21 23:52:29.140800,S002,soil_moisture,0.21684716399344883,-33.750068963416346,20.984613098195275
2026-09-25 13:52:29.140800,S002,soil_moisture,0.40877891911959663,-29.490719580115087,28.604823350250506
2026-02-10 14:52:29.140800,S001,ph,6.55742629831212,-25.338043841024273,24.363460727477204
2026-08-22 11:52:29.140800,S004,temperature,26.465961615710146,-32.07373213491548,31.35816115931027
2026-10-04 21:52:29.140800,S001,ec,1.553237998098663,-24.149548834326485,31.413290389881553
2026-06-10 08:52:29.140800,S002,ec,0.8713308888208512,-31.839828411613233,27.871937638684013
2026-07-28 14:52:29.140800,S001,humidity,68.87515683563703,-32.63493110127744,28.0655519754159
2026-10-08 14:52:29.140800,S005,temperature,28.42403555808435,-29.719843239031448,26.281957643753227
2026-02-24 18:52:29.140800,S005,ph,6.160642507047562,-27.570686486753196,24.44636689624462
2026-02-16 12:52:29.140800,S002,temperature,19.477225449974917,-29.104620927662314,25.13567953303572
2025-12-24 17:52:29.140800,S003,ec,1.176841671057988,-30.421068794906258,28.84004422242321
2025-12-29 05:52:29.140800,S005,humidity,56.06448796592571,-28.973867981976827,22.221652877426017
2026-03-02 01:52:29.140800,S003,ec,1.4337126111569598,-32.550163703398916,19.723456383315987
2025-11-18 18:52:29.140800,S005,ph,6.706855525232122,-27.36245851512093,25.665723883576998
2026-04-13 10:52:29.140800,S001,humidity,80.10327903645549,-30.530572230339537,19.259535733946635
2026-10-20 16:52:29.140800,S002,soil_moisture,0.5793072065302632,-27.045848229165514,26.413151648724106
2026-05-08 20:52:29.140800,S004,humidity,70.88350481348785,-24.69696418735394,26.309173615535887
2026-10-01 10:52:29.140800,S004,temperature,10.600694171309664,-26.317197471033108,26.752166024642356
2026-07-30 18:52:29.140800,S005,temperature,11.900878610276655,-28.00849881813692,31.03456167817402
2026-10-03 17:52:29.140800,S004,ec,1.8870397192719754,-31.268280058101254,22.808353976059003
2026-04-14 01:52:29.140800,S002,ec,1.13119745409414,-32.33382799210938,28.266674167615008
2026-07-31 22:52:29.140800,S002,soil_moisture,0.6482157712461799,-27.7314545235212,27.00424736393075
2026-02-27 07:52:29.140800,S001,temperature,10.300583598354454,-26.45865947974252,29.978858957685993
2026-02-01 22:52:29.140800,S003,ph,6.805132952740965,-25.123033388163424,23.474042098282887
2026-03-25 07:52:29.140800,S002,humidity,74.62063670432192,-29.99646344367052,27.381316494464144
2026-08-27 14:52:29.140800,S002,humidity,46.72466009748646,-24.651806545223984,26.818382970219496
2026-07-06 13:52:29.140800,S003,temperature,19.025958835623637,-28.477074781763175,30.269303954508395
2026-08-08 11:52:29.140800,S004,ec,1.5080209226630403,-29.705883566041436,18.93265981992035
2026-09-03 16:52:29.140800,S001,ph,6.369512920959731,-24.635919887297852,26.450568449254195
2026-10-07 20:52:29.140800,S005,soil_moisture,0.35678572989475893,-24.43061432833679,30.36668515463068
2026-11-05 17:52:29.140800,S001,temperature,23.318911850287158,-32.70891794450934,18.572231764704814
2025-12-21 09:52:29.140800,S002,temperature,15.91056650932832,-27.51766810361667,20.21389567223577
2026-11-07 18:52:29.140800,S004,ph,6.3278688146034385,-24.31295938737133,18.7887260307438
2026-04-16 07:52:29.140800,S001,humidity,37.759035275951234,-31.146062635885876,19.453405780950067
2025-11-16 19:52:29.140800,S005,ph,6.60632358943259,-31.675459570316576,25.12840560638308
2026-08-25 16:52:29.140800,S003,ec,1.116222756095014,-31.533033609061924,25.61087486295132
2026-06-11 15:52:29.140800,S004,ph,6.458822857221126,-29.263096386107637,21.318275498624267
2025-11-13 05:52:29.140800,S004,ec,1.3850957244664155,-27.849862560637675,18.046294669983183
2026-05-11 08:52:29.140800,S001,ec,1.4096109800991923,-29.168592076472336,27.093074287753296
2026-04-23 18:52:29.140800,S003,ec,0.7646656233340929,-26.841845106590732,18.24426265677186
2025-12-31 21:52:29.140800,S002,temperature,32.89166295116571,-24.010525091518993,27.21964541694605
2026-10-30 10:52:29.140800,S005,humidity,45.81987111780393,-30.2569948137352,18.552516821183627
2025-10-27 12:52:29.140800,S001,ph,6.983638526885023,-32.66630450248873,22.662851337605638
2026-03-27 11:52:29.140800,S002,ec,0.7921011178034646,-25.017194136309904,29.092949842623597
2026-02-14 09:52:29.140800,S004,soil_moisture,0.4045061231543414,-24.371000880685074,19.860873748510496
2026-06-15 20:52:29.140800,S001,ph,6.919737924477574,-25.71671973583313,21.673093453800426
2026-03-04 01:52:29.140800,S005,ph,5.702677061767544,-29.065819095460974,18.16320866286099
2026-09-18 10:52:29.140800,S005,temperature,23.335714307648566,-29.320439685591445,28.010557301126216
2026-03-24 20:52:29.140800,S005,humidity,67.8011461735235,-27.241610859367206,27.251179677061785
2026-05-16 06:52:29.140800,S005,ec,0.6269493553900418,-31.078476741452537,26.181336152899362
2026-06-24 06:52:29.140800,S002,temperature,19.646053847028462,-27.634096415953085,20.919771543635967
2026-07-09 13:52:29.140800,S002,temperature,27.191393341843725,-25.270596137525363,25.909137616447538
2026-05-22 13:52:29.140800,S002,ec,1.4015985551445096,-30.147681393210664,20.444679183059908
2025-10-14 06:52:29.140800,S002,temperature,26.825680494451973,-28.02588715198634,29.061064378785193
2025-10-27 06:52:29.140800,S001,soil_moisture,0.5556561797751127,-33.98383385304094,19.08397719420547
2026-02-08 22:52:29.140800,S003,ph,5.576565045663546,-25.301250496183023,25.833386152942666
2026-07-01 22:52:29.140800,S003,humidity,71.8696419952607,-30.513750339700067,19.34859535392693
2026-06-03 17:52:29.140800,S001,temperature,10.680470181199352,-31.160321453624714,26.363594688180193
2026-03-24 08:52:29.140800,S003,ph,6.333388103666425,-29.19833541926235,18.420397152278195
2026-11-14 13:52:29.140800,S003,temperature,25.251886200095818,-31.517429867341235,23.765350722671002
2025-10-27 00:52:29.140800,S005,soil_moisture,12.680184519945318,-30.73898542481439,21.513431139034886
2026-03-15 23:52:29.140800,S004,ec,1.3047973294573043,-31.54770681522492,19.583272222717596
2026-08-16 08:52:29.140800,S003,soil_moisture,0.5773994690120087,-31.414357260635377,22.89878708825876
2026-05-14 03:52:29.140800,S005,soil_moisture,0.6310061521800574,-24.446376383233066,23.424556147020283
2026-06-19 09:52:29.140800,S001,ec,1.6852537064373267,-33.08763370772946,28.26382139306314
2026-01-24 11:52:29.140800,S001,temperature,27.666140806451445,-32.464762035416086,29.802643309044146
2026-04-24 19:52:29.140800,S001,temperature,27.794707538423427,-32.615804656947994,31.151083146589542
2026-01-02 11:52:29.140800,S003,soil_moisture,0.5188715726804093,-28.199447856281218,22.28014032575374
2026-03-17 01:52:29.140800,S004,soil_moisture,0.3743818014720372,-29.115818918839413,30.03685448759783
2026-08-17 10:52:29.140800,S004,ec,1.230737250195151,-27.55870617611549,20.029038043753665
2026-11-03 12:52:29.140800,S004,ec,1.7446971272971301,-31.570005490442412,27.334931191870652
2026-01-04 10:52:29.140800,S005,humidity,59.83526854441155,-27.586024590892123,20.35594176837242
2026-03-25 14:52:29.140800,S003,ph,6.912346545862103,-25.719106896664037,22.67415387096382
2026-09-16 06:52:29.140800,S005,soil_moisture,0.7475857664335586,-29.781218840098408,23.303680712945585
2025-10-26 08:52:29.140800,S004,ec,1.314214363609966,-30.78873342994967,28.77019327615437
2025-12-03 02:52:29.140800,S003,ph,6.215894559959341,-29.96443037642532,29.75282830507497
2025-12-30 21:52:29.140800,S003,humidity,27.02784656759856,-27.118941859535166,22.221053236936406
2026-05-20 07:52:29.140800,S002,temperature,31.814327076979936,-30.286822806339323,23.16011343539011
2026-04-21 20:52:29.140800,S003,ph,6.267464938981524,-32.304077927020245,25.524610536791002
2026-09-24 14:52:29.140800,S005,ec,1.746805883752547,-31.40707217999999,28.785439329035853
2026-11-11 17:52:29.140800,S004,ph,6.662162559400586,-26.81884281643844,27.94982518690665
2026-01-03 16:52:29.140800,S002,ph,6.079707105096958,-31.024716162185133,24.450424606946694
2026-09-26 06:52:29.140800,S005,soil_moisture,0.6152903441874745,-26.270915183007048,31.71075571579731
2026-10-14 06:52:29.140800,S004,soil_moisture,-4.003797734574781,-29.81053599998013,22.68833876794463
2025-10-23 08:52:29.140800,S002,ec,1.7960297537379752,-24.552634728282122,25.35492226344774
2026-05-14 04:52:29.140800,S005,ec,1.6149779733856662,-27.872588863607078,28.19498193674055
2026-03-14 02:52:29.140800,S005,ec,2.107028325472341,-25.06016033378009,24.700337734564155
2026-10-29 07:52:29.140800,S001,soil_moisture,0.5830008208036356,-25.163862693057407,23.958186194672457
2026-07-17 14:52:29.140800,S001,humidity,50.46009656816695,-28.879279902944738,20.22238789432371
2026-07-30 18:52:29.140800,S004,ph,6.223793505657496,-32.57861625660955,31.23192732914756
2026-08-19 19:52:29.140800,S003,ec,0.9157416380767143,-24.425064452947154,19.48803814992112
2026-07-06 00:52:29.140800,S004,soil_moisture,0.4024173380576813,-31.798860165215316,28.44084757846083
2026-02-24 14:52:29.140800,S004,ph,16.649523479552208,-33.60085772817645,28.726127600387045
2026-05-06 22:52:29.140800,S002,ec,1.7651557370148723,-31.577428617489552,29.08056069624527
2026-01-06 02:52:29.140800,S004,ec,2.2200243953535015,-30.230262228353293,22.03221381400288
2026-02-16 02:52:29.140800,S004,ec,1.9456268539924915,-33.082871506399385,27.87945837833321
2026-09-21 22:52:29.140800,S005,ec,-10.767185807255858,-27.218069678486764,18.592742912296213
2025-11-11 16:52:29.140800,S001,soil_moisture,0.4810380266130672,-29.672434005293756,18.377939793833864
2026-01-04 22:52:29.140800,S005,temperature,33.955034583212715,-32.40294349623529,29.905960183801056
2026-09-07 03:52:29.140800,S001,soil_moisture,0.5813598945089953,-30.9160642805928,21.001556857495327
2026-01-18 12:52:29.140800,S003,soil_moisture,0.5875647051240799,-30.30564126873127,20.26366489178536
2026-04-05 00:52:29.140800,S003,ph,6.450578185541346,-30.96658150749911,20.00240190367706
2026-10-08 09:52:29.140800,S004,ph,6.443607282912922,-33.30560363012208,27.38735203891064
2026-08-01 09:52:29.140800,S004,soil_moisture,0.6436818135967817,-27.652730479277615,18.90633033328104
2026-08-24 13:52:29.140800,S001,ec,0.8683519687549351,-31.729537469819654,21.783807476031853
2026-04-06 01:52:29.140800,S003,soil_moisture,0.42520979752513066,-24.974721755724584,25.388432175193838
2026-05-27 07:52:29.140800,S001,ec,2.0431333159950604,-28.35694945755253,21.919117028991447
2026-06-12 04:52:29.140800,S004,humidity,43.24077390980112,-32.82027475362366,19.232594001882777
2026-07-31 08:52:29.140800,S003,ec,1.8485917734961546,-24.31323214729874,21.41760497634868
2025-10-26 19:52:29.140800,S005,ec,1.3503277406007763,-29.667258785957046,30.409810853003698
2026-02-02 12:52:29.140800,S005,humidity,66.92156592574673,-32.290132341981575,23.436275165884638
2026-06-17 03:52:29.140800,S002,humidity,76.71313930028943,-32.58379418114974,21.199783662769903
2025-11-04 22:52:29.140800,S001,ph,-10.734620345421778,-27.25518490024557,24.639739490051838
2025-12-17 10:52:29.140800,S005,temperature,36.62172511131129,-29.33183316987982,31.60623731373486
2025-12-13 19:52:29.140800,S003,ec,2.3344017346031243,-30.720298503755537,26.195368155918068
2026-01-12 02:52:29.140800,S001,humidity,75.02681650649701,-26.896373068729794,18.865464864824897
2026-11-15 12:52:29.140800,S003,ph,6.299413232598717,-27.05026805143595,20.626850521300035
2026-09-20 15:52:29.140800,S001,humidity,20.15815468511215,-27.387835863023437,25.775234568670143
2026-01-25 11:52:29.140800,S002,ec,-8.087147829372679,-31.573483268259164,30.731018427685854
2025-12-08 01:52:29.140800,S002,humidity,66.85021314286763,-28.74225589853361,30.593631861243313
2026-01-22 22:52:29.140800,S004,temperature,18.651127193053064,-32.808142152888706,28.771722025503376
2025-11-03 12:52:29.140800,S004,ec,0.8885175571086851,-26.558168738291744,21.048378687770956
2026-08-25 16:52:29.140800,S004,ph,7.000352041596753,-26.711431000041436,28.703320594389048
2026-06-26 11:52:29.140800,S002,soil_moisture,0.3327208719250858,-26.040803801682408,29.37521223539283
2025-12-09 02:52:29.140800,S003,humidity,39.738996380796515,-32.4722350367084,19.92600021940062
2026-07-04 14:52:29.140800,S005,ph,7.2330853259988706,-32.92004242303132,28.491618403634764
2025-10-19 10:52:29.140800,S003,humidity,40.60797369605848,-31.099614647741976,27.316184607274224
2026-04-03 11:52:29.140800,S003,humidity,84.02266123698413,-24.656530784593734,28.698205359567034
2025-10-16 16:52:29.140800,S003,soil_moisture,13.41421851317878,-32.257435015488426,22.63674517306326
2026-02-07 23:52:29.140800,S005,ec,-1.2012045661250852,-26.33870960894257,22.242510920724733
2025-12-31 21:52:29.140800,S002,temperature,30.845670110450698,-26.817666870322817,25.675672633019037
2026-08-12 11:52:29.140800,S005,humidity,77.07631846779802,-31.596049582669323,24.33937323835988
2026-09-22 21:52:29.140800,S005,ph,6.8292013202510224,-24.55398980273776,21.811175260234986
2026-10-29 02:52:29.140800,S004,temperature,17.103128361792898,-29.092474793353034,28.36936789400514
2026-10-04 03:52:29.140800,S001,ph,6.264654049771762,-33.45698425559692,27.479126220357646
2025-12-19 13:52:29.140800,S005,ph,6.929980836363101,-31.189966711656844,30.39661044922349
2026-01-02 22:52:29.140800,S003,soil_moisture,0.604454165038015,-26.09542034654263,27.109816211214117
2026-04-22 14:52:29.140800,S003,ec,1.6007629126558316,-25.492797826166004,22.232705089176488
2026-09-24 21:52:29.140800,S005,soil_moisture,0.3846436296281421,-27.941863829863657,31.842857019725862
2026-03-13 15:52:29.140800,S002,ph,7.379527696465988,-33.20863693780715,25.575377212416903
2025-10-12 22:52:29.140800,S005,ec,2.2429908764649817,-25.551165009713756,28.225437594739695
2026-09-20 09:52:29.140800,S002,ec,1.879919427565787,-31.57107281374683,19.577321851958622
2026-03-12 13:52:29.140800,S005,temperature,22.66671717725833,-30.68110323387664,31.986874343211376
2025-12-23 07:52:29.140800,S004,temperature,27.152265631526607,-29.06900621239047,25.365065075973618
2026-08-10 16:52:29.140800,S002,temperature,22.182157231534063,-26.762998010427044,19.119919452778046
2025-11-16 10:52:29.140800,S005,humidity,62.80070110708764,-30.192821220579766,29.406110759005852
2025-12-08 14:52:29.140800,S005,ec,1.4103584208400708,-24.883478639426034,31.64706209572185
2025-12-09 09:52:29.140800,S003,ph,23.713950446781485,-27.99313257974311,23.340875723915612
2026-04-02 23:52:29.140800,S003,temperature,36.92853716252361,-25.617191874148,21.39502569200824
2026-11-15 06:52:29.140800,S003,ec,1.546136628627245,-31.54614854506988,31.981412038211793
2026-08-15 22:52:29.140800,S001,humidity,75.83077223146363,-25.064014214750237,22.96273070106729
2026-11-23 23:52:29.140800,S001,humidity,11.81521066527354,-33.46835036627497,18.685409074292444
2025-11-11 10:52:29.140800,S003,soil_moisture,0.46912626387131057,-27.114747230791277,20.95991687083049
2026-02-10 05:52:29.140800,S002,temperature,40.66841707787855,-27.267858490396456,28.92668852016009
2026-07-03 07:52:29.140800,S002,ph,6.34253464674054,-26.959396550562538,23.83003182878462
2026-11-17 23:52:29.140800,S005,soil_moisture,0.14899189684355657,-27.947097270360366,21.885192792754157
2026-09-22 22:52:29.140800,S001,soil_moisture,0.6478670000704101,-32.61571368829677,30.433591578356214
2025-10-14 18:52:29.140800,S002,soil_moisture,0.5085350533254489,-27.568675649853397,19.309880206965847
2026-08-01 23:52:29.140800,S002,humidity,69.52371073274941,-25.325386956650046,21.20602978933715
2026-07-09 14:52:29.140800,S003,humidity,63.20933000881447,-27.94180945105284,30.782285074476242
2025-11-13 10:52:29.140800,S004,ec,1.2092618594717728,-25.923945110797362,22.51632361585272
2026-02-28 17:52:29.140800,S005,ec,1.153920310793928,-28.399667531890323,30.002255065017412
2026-11-12 17:52:29.140800,S005,temperature,20.333053118810497,-25.024034445682144,26.11329567712705
2026-08-26 01:52:29.140800,S004,humidity,44.003501084297554,-33.44020648238371,25.4235193532211
2026-11-22 22:52:29.140800,S001,ec,1.568207044954833,-29.364721767762923,28.95609952607342
2026-06-19 18:52:29.140800,S001,ec,1.0515560696417527,-28.867995069506456,28.429721030681435
2026-01-13 01:52:29.140800,S002,humidity,46.28648612770034,-28.466973819318948,22.848761116214526
2025-12-21 15:52:29.140800,S004,ec,1.5280498235604996,-28.236530217907614,23.19735038099123
2025-10-14 05:52:29.140800,S005,humidity,103.4485899398103,-24.636916233132794,31.487914353503093
2026-10-31 03:52:29.140800,S004,temperature,25.717482031849297,-28.78454127596845,23.969292483845447
2026-06-27 12:52:29.140800,S002,humidity,44.67087722484575,-31.49062433768618,27.84751293763354
2025-11-10 20:52:29.140800,S002,ec,1.6201831910823359,-31.948235324561,25.65334354773998
2026-07-07 16:52:29.140800,S002,ec,1.7549186489950412,-24.610256543208706,21.67355831600398
2025-12-03 09:52:29.140800,S005,ph,7.154627614668736,-29.868961653280454,31.05746838177055
2026-03-26 02:52:29.140800,S004,temperature,11.121984824693218,-30.47416110809087,27.264787070184752
2026-08-11 01:52:29.140800,S002,ec,1.695943703313978,-32.90085401390866,22.040099898133835
2026-10-16 15:52:29.140800,S004,temperature,34.986683459882656,-27.746968066850382,23.284996287007125
2026-04-12 17:52:29.140800,S005,humidity,65.08787637582547,-26.102878042517656,29.421429327635785
2025-10-19 11:52:29.140800,S005,temperature,33.995018237285095,-27.037507493006494,23.746419004645098
2026-08-18 02:52:29.140800,S001,temperature,28.157199267295148,-29.331280888087516,28.792022962825854
2025-12-06 18:52:29.140800,S002,humidity,12.578041825382805,-32.54724212276761,20.350315888327366
2026-10-15 09:52:29.140800,S001,ph,6.355987881144267,-24.43090164305616,21.40510281097817
2025-12-19 02:52:29.140800,S002,ec,1.3963285567433368,-26.794754361254576,22.643019654568235
2026-06-27 17:52:29.140800,S003,ph,5.450652625448676,-27.09850482190881,28.14270204520283
2025-11-11 21:52:29.140800,S001,humidity,49.43737818447563,-28.92853292009217,19.336745210008786
2026-04-25 22:52:29.140800,S001,soil_moisture,0.47542408343382947,-32.49286730707105,26.760582574058024
2026-08-21 07:52:29.140800,S005,ph,6.374818787911484,-33.35047173774568,18.415502206476877
2025-12-05 21:52:29.140800,S003,ec,2.139682917154444,-24.361886960180417,29.320214347162704
2026-07-09 05:52:29.140800,S005,ph,6.062457250168127,-30.567827425422376,19.134776875756486
2026-01-17 14:52:29.140800,S005,humidity,99.61523249522861,-26.6162098197777,18.878157031853583
2026-10-05 21:52:29.140800,S004,ec,1.378582635463622,-33.15738625086947,23.75959027356028
2025-11-30 14:52:29.140800,S002,ph,6.285538274659675,-28.657827953213463,24.40823593001249
2026-01-07 02:52:29.140800,S001,humidity,71.02642414817255,-33.97831375861043,24.322797762551335
2026-05-27 18:52:29.140800,S003,soil_moisture,0.49953353599556943,-33.88123316035665,25.467827339828176
2026-06-09 22:52:29.140800,S005,soil_moisture,0.6007675354516752,-28.756479587838598,22.196238195917918
2026-08-16 20:52:29.140800,S002,humidity,49.736259491640524,-33.775249549960265,25.434703767942377
2026-09-17 18:52:29.140800,S003,ec,2.2893228387218185,-27.971057963516586,23.15831864493894
2026-08-05 17:52:29.140800,S001,humidity,62.538704840452354,-26.548510398146114,27.836633847304228
2026-11-03 02:52:29.140800,S001,temperature,23.079334893949635,-30.70845622120962,22.619614413030078
2025-12-29 12:52:29.140800,S002,humidity,58.744332407613776,-31.078552098345348,30.830523598254786
2026-11-12 17:52:29.140800,S005,ec,1.2180302673818306,-32.66304351595619,18.925554856170677
2026-05-26 21:52:29.140800,S003,humidity,53.31684781608617,-29.491131891573303,21.29126571408959
2025-11-11 02:52:29.140800,S005,humidity,58.197591764473344,-33.10723024354729,19.87805527705358
2026-09-14 15:52:29.140800,S003,ph,5.706792031029806,-27.374998852548327,18.874936593809817
2026-11-20 14:52:29.140800,S004,ec,1.3672200842551552,-26.790889482952466,30.915715149500123
2026-11-02 23:52:29.140800,S001,soil_moisture,0.3960052473097852,-27.44740694361001,29.741319922947728
2025-12-20 01:52:29.140800,S003,humidity,79.40421757643898,-27.04318989387719,21.1333465676309
2026-03-12 13:52:29.140800,S003,ph,6.423165126026167,-33.63673757685798,18.014437513312355
2025-11-23 07:52:29.140800,S003,ph,6.0281465953304725,-33.82547500182345,23.5569127557837
2026-09-25 01:52:29.140800,S005,temperature,44.804470112397254,-31.822127176786406,18.47416075778438
2026-10-02 17:52:29.140800,S001,humidity,43.833393656745756,-31.11909988636821,30.15197403540858
2026-01-26 21:52:29.140800,S005,humidity,85.33268100839851,-32.71855252917985,19.938969671960795
2026-06-01 18:52:29.140800,S003,temperature,18.717588089242696,-25.189611293989216,31.433076974098274
2026-10-25 15:52:29.140800,S004,ec,1.1800141778802633,-32.954329416548816,20.178710381620856
2026-05-06 05:52:29.140800,S004,ec,0.6538002899050069,-31.79754346319492,29.113154554756466
2026-02-03 04:52:29.140800,S001,soil_moisture,0.658670553926828,-28.935922182154258,19.202309343328817
2026-07-06 01:52:29.140800,S002,soil_moisture,0.6956201722716995,-32.564064707554266,31.333564067959507
2026-09-02 20:52:29.140800,S003,ph,6.240469630995412,-27.11489353085171,22.76401013382577
2025-11-23 10:52:29.140800,S004,temperature,25.61090309006064,-28.957102388872098,23.328678302046733
2026-10-16 01:52:29.140800,S004,ec,0.5039475606030468,-26.762829375753,21.456922417210123
2026-03-30 20:52:29.140800,S005,ph,6.514325792948482,-24.12815856869264,29.356393446614646
2026-05-05 14:52:29.140800,S002,soil_moisture,0.31798396126051465,-30.36242093924164,28.64130509311834
2025-12-10 15:52:29.140800,S002,humidity,47.34560817306267,-31.116215117074667,21.495885532109206
2025-11-13 21:52:29.140800,S001,ph,5.889192746548014,-25.352393970300497,23.706148020113876
2026-09-01 08:52:29.140800,S001,ph,6.794943484557538,-28.96005884524275,19.943269091111144
2025-10-26 06:52:29.140800,S001,ec,1.67331286965418,-28.872218874949162,26.381971368750726
2025-11-18 19:52:29.140800,S001,ec,1.1985893279275537,-24.533384858880655,22.336447895651034
2026-11-08 17:52:29.140800,S002,humidity,83.37020091894594,-25.39068853905509,30.21735842808328
2026-06-18 19:52:29.140800,S003,ec,0.8819632356159857,-31.98866070418524,31.48125600509225
2026-09-14 16:52:29.140800,S003,ec,1.3047944391382145,-28.660326044047956,21.61206401407034
2025-12-23 00:52:29.140800,S001,ec,1.2037353313635106,-26.712181416330473,21.113980776211726
2025-10-12 19:52:29.140800,S004,ph,6.712214106630243,-30.8154964522653,26.17424359620412
2026-09-28 17:52:29.140800,S003,soil_moisture,0.49340195747233134,-32.76098193942569,25.505014011997574
2025-11-07 21:52:29.140800,S003,humidity,70.46439312393923,-28.547914348286117,20.755531693474563
2026-09-11 23:52:29.140800,S002,soil_moisture,0.49336194804443206,-32.31622939344891,24.86034519022416
2026-05-17 08:52:29.140800,S001,temperature,28.164577283874873,-32.95107620189112,21.448219247066618
2026-05-08 23:52:29.140800,S004,ec,1.89529074858699,-25.482847603639296,27.10424882747845
2026-07-27 08:52:29.140800,S001,soil_moisture,0.26234068388586096,-25.819736058399844,28.776049883110808
2026-07-30 09:52:29.140800,S004,humidity,67.91686527431625,-31.92519214902188,26.15827517566475
2026-06-23 20:52:29.140800,S004,temperature,17.28567397155385,-26.652365926745155,27.333327134844417
2026-05-11 10:52:29.140800,S005,temperature,11.802125953153778,-28.018050030288702,21.672703530659717
2025-12-06 14:52:29.140800,S002,soil_moisture,0.5064514354170769,-24.999259622174005,24.768607275545943
2026-08-18 10:52:29.140800,S003,temperature,12.465548607434194,-28.961312437983608,25.5652388830232
2026-03-02 14:52:29.140800,S001,ph,6.400763538398915,-33.817245618143346,27.622528316308973
2026-03-09 21:52:29.140800,S003,soil_moisture,0.7226104682852671,-27.212830373615645,30.686182377197238
2026-11-16 19:52:29.140800,S001,soil_moisture,0.052693883671738995,-25.860190835438743,31.358161878271048
2026-11-10 19:52:29.140800,S002,temperature,8.453069138352028,-30.383014858969172,28.218272381164468
2025-11-09 03:52:29.140800,S001,ph,5.977523696501682,-27.02378642972075,21.426790826970862
2026-01-09 15:52:29.140800,S005,humidity,77.80824791128448,-27.673137708374895,22.759807818957423
2026-02-17 04:52:29.140800,S003,temperature,18.935090178089144,-32.252809999448466,30.617558196300834
2025-11-19 15:52:29.140800,S005,temperature,29.27240521042075,-32.00313796035762,18.193060057497938
2026-08-08 04:52:29.140800,S004,humidity,50.16128923442739,-30.89009178527629,31.714188558406285
2026-08-30 08:52:29.140800,S004,ec,1.3199523667379354,-25.172679421713568,18.78743144316487
2026-04-19 03:52:29.140800,S005,ec,1.6652832886540472,-25.755081225026768,30.18128442986882
2026-06-28 04:52:29.140800,S005,soil_moisture,0.45637546421140857,-33.097689233153,24.081493078494653
2026-02-06 23:52:29.140800,S002,ec,0.8142212857529859,-30.697933626075447,19.87818415860946
2026-03-29 17:52:29.140800,S002,temperature,24.129554635806404,-30.959738646648802,26.97154595699837
2026-05-19 02:52:29.140800,S004,soil_moisture,0.5206067007011382,-28.167348879521594,27.597202864284398
2026-10-19 08:52:29.140800,S001,ph,6.943409364183333,-30.031367225312742,19.858582258282148
2026-06-07 11:52:29.140800,S003,humidity,49.65114624450778,-33.87567299839934,22.75251039971973
2026-08-23 18:52:29.140800,S004,ec,1.1265838227780547,-29.09599886190506,21.530500461631284
2026-01-07 08:52:29.140800,S003,ph,6.294414573419918,-29.524225072710024,23.349461417850144
2026-07-23 23:52:29.140800,S003,humidity,47.09672729233739,-31.22806087500903,18.380691653681286
2026-06-20 02:52:29.140800,S001,temperature,34.24246189039768,-33.39966300163703,31.33514672477029
2026-08-15 05:52:29.140800,S003,ec,1.1478272648189063,-29.294081186276575,30.846844188326024
2025-11-08 04:52:29.140800,S004,humidity,68.03237708733398,-31.66427787404681,21.636391424010583
2026-08-07 17:52:29.140800,S004,ph,6.119633316298591,-28.994338180755292,22.360417212174152
2026-01-27 15:52:29.140800,S004,humidity,54.67381027266599,-30.933609321638464,25.772396199515285
2025-12-11 20:52:29.140800,S002,humidity,89.00185331200636,-31.962692784626725,18.45314866619335
2026-04-25 19:52:29.140800,S001,ph,6.802710911826512,-25.372306296286716,25.443066684537392
2025-11-28 20:52:29.140800,S005,ph,6.250106104024612,-27.692041806371037,22.20484463535835
2025-12-07 12:52:29.140800,S003,ph,7.576104458767159,-25.03752618021293,25.560691792494428
2026-06-01 00:52:29.140800,S003,temperature,14.478081350015556,-32.81290199797164,22.06778113635631
2026-08-15 17:52:29.140800,S004,soil_moisture,0.4065545729689674,-25.442732484190103,27.60770019987032
2026-02-16 22:52:29.140800,S002,ec,0.5180197401332686,-27.888338941557805,23.530947980207678
2026-06-27 04:52:29.140800,S004,temperature,44.380376053427966,-32.0952103368881,21.80992973193453
2026-01-04 13:52:29.140800,S002,soil_moisture,0.5051664738542485,-27.0693740512039,31.063194808226037
2026-04-02 19:52:29.140800,S003,temperature,26.55416853988729,-25.810003478775034,30.083239113136212
2026-02-11 09:52:29.140800,S005,ph,6.793489287637996,-25.312466628581813,20.191201985471373
2026-07-16 08:52:29.140800,S004,ec,2.01481465788258,-33.450031473716095,25.865128739432166
2025-11-28 16:52:29.140800,S004,humidity,45.16948377095187,-28.70639077563808,23.435087451403877
2026-01-04 01:52:29.140800,S001,ph,5.827723399998817,-25.59308196146702,31.704078757252802
2025-10-20 00:52:29.140800,S001,ph,7.791302813120723,-32.853325029939946,25.923566615258707
2026-06-19 10:52:29.140800,S004,ec,1.8536437030279185,-24.08610581702358,19.825851099435788
2026-09-10 16:52:29.140800,S004,soil_moisture,0.43627348199879706,-29.3963318682866,24.86017430975169
2025-12-17 20:52:29.140800,S001,ph,6.95612166300918,-29.967037022841367,27.79957616491695
2025-12-21 09:52:29.140800,S001,ph,7.380628730113068,-30.94505772415521,21.262089592209847
2026-07-21 23:52:29.140800,S003,ph,5.842216408167322,-29.275416966120765,25.331839311362295
2026-01-31 15:52:29.140800,S005,ec,1.3538618400619926,-25.651414798765714,21.03134635612698
2026-01-20 11:52:29.140800,S004,soil_moisture,0.6015814517549439,-26.960176087272217,22.817677955108305
2026-06-14 15:52:29.140800,S005,temperature,20.213045441021585,-25.62830892615448,21.760654944143738
2026-06-08 19:52:29.140800,S001,temperature,31.274280153670944,-27.358931087222995,20.463260016075047
2025-11-18 10:52:29.140800,S002,humidity,101.2825473188983,-27.476774749426724,29.435124610896487
2026-04-09 08:52:29.140800,S002,ph,7.525270715257933,-28.273289797828852,31.095674796351975
2026-01-28 07:52:29.140800,S003,temperature,23.39974880506413,-27.434682593637312,30.629041871348697
2026-06-05 09:52:29.140800,S003,ph,6.598444534196189,-27.945178891834264,26.500224055885802
2026-02-21 01:52:29.140800,S002,ec,0.8142954636585913,-31.678282435055085,23.659569943384852
2026-08-18 21:52:29.140800,S005,ph,6.7828550842358375,-25.177056157877097,21.346262001122316
2026-10-21 15:52:29.140800,S002,temperature,16.47174269572241,-27.465668193385383,24.097455647822244
2026-10-01 18:52:29.140800,S005,humidity,120.19989096125218,-31.911511557148547,24.470603303399614
2026-02-06 09:52:29.140800,S005,temperature,16.71356754355685,-27.088820120098436,31.534834108966216
2026-06-02 21:52:29.140800,S002,ec,2.4336941482484487,-28.583988771627343,28.569281429096755
2026-08-11 11:52:29.140800,S001,ec,1.8941285172365783,-33.31392599673891,22.579690949444327
2025-12-09 09:52:29.140800,S003,ph,6.501642124606279,-30.14844115281697,22.599406934595862
2026-03-27 22:52:29.140800,S003,soil_moisture,0.680190062123473,-26.57116907196024,26.979493865599284
2026-10-18 16:52:29.140800,S002,ph,5.745375693635958,-30.85549914937864,29.97902348213447
2026-06-02 11:52:29.140800,S001,ph,7.594920334598962,-31.900072634960082,28.578414167671177
2026-10-20 10:52:29.140800,S002,temperature,29.08734417441257,-30.99521665215753,23.153599632082283
2026-10-25 00:52:29.140800,S001,humidity,67.42774623326318,-30.72878837257276,31.43461474194851
2025-10-10 21:52:29.140800,S005,ec,1.730370419467456,-24.144234126201752,25.56483648004624
2026-10-14 09:52:29.140800,S002,ec,2.3212061568621056,-30.310314815554637,31.731301469244325
2025-10-17 15:52:29.140800,S003,temperature,30.437698195590933,-29.83603282687139,21.385136070622867
2026-06-10 06:52:29.140800,S003,ec,1.8029479754568252,-28.954167645798265,22.730149311860266
2025-10-14 08:52:29.140800,S005,soil_moisture,0.493819937708675,-25.535109969100727,29.755312823333547
2026-05-01 07:52:29.140800,S002,humidity,85.34663857097259,-29.89598192300454,23.678290477935228
2026-02-26 12:52:29.140800,S004,ph,6.536119123293766,-27.509166791466754,21.515843781006488
2026-05-08 05:52:29.140800,S001,ph,6.3633726317099715,-24.42119311637031,27.485731040585527
2025-11-08 22:52:29.140800,S003,humidity,96.16723982834895,-31.68941353715682,19.440383419527944
2026-03-01 14:52:29.140800,S005,ph,14.64327969729605,-25.268708408200617,20.481222903546126
2026-06-06 16:52:29.140800,S001,soil_moisture,0.6125926554104599,-26.989218615880063,22.93661267113304
2026-04-06 20:52:29.140800,S005,humidity,17.554690803184712,-31.444574186085774,20.489364711131604
2025-10-09 21:52:29.140800,S001,ph,6.325005940819689,-32.06738589232623,23.103776468838127
2026-07-28 22:52:29.140800,S004,temperature,20.27416708647954,-32.11905305201598,22.263904298818606
2025-11-30 17:52:29.140800,S002,soil_moisture,0.6044375246065146,-24.277922820158132,26.05051503765025
2026-01-25 13:52:29.140800,S001,soil_moisture,0.6331984671100748,-26.382682482466777,27.466152390024632
2026-04-15 15:52:29.140800,S001,ec,1.8036053334174278,-30.128959552452727,30.544066484902373
2026-08-24 09:52:29.140800,S002,humidity,60.40391480055611,-28.72351761193802,25.361625585320233
2026-06-15 11:52:29.140800,S005,ph,7.287264714060796,-31.717351163916366,25.86398228957224
2026-06-08 06:52:29.140800,S005,ec,1.2581057129502398,-28.16384348898886,23.92621120248544
2026-08-16 13:52:29.140800,S001,ph,7.0076687111650635,-31.44575947235215,22.52119331466937
2026-01-29 03:52:29.140800,S003,ec,1.7991596826348637,-27.858213686381188,27.63193821959983
2026-01-07 15:52:29.140800,S001,humidity,85.09281460116512,-24.57270751031257,25.759776951755104
2026-01-13 22:52:29.140800,S001,humidity,46.57249679659466,-33.45039857780297,24.755033244828063
2026-09-10 11:52:29.140800,S001,temperature,24.638089594761723,-30.425523892539697,22.790976934825192
2026-02-27 23:52:29.140800,S005,humidity,62.03018609731272,-32.80092706458637,26.703806888333332
2026-11-07 07:52:29.140800,S003,ph,5.6345717002210085,-25.713616734587937,25.92538218183619
2026-06-09 23:52:29.140800,S004,ec,2.17059621863769,-28.40514373884781,21.87567202413928
2026-01-24 03:52:29.140800,S004,soil_moisture,0.5199182735947561,-28.71725572306198,21.54216634021842
2025-11-03 16:52:29.140800,S004,humidity,65.4624233929304,-28.79815894968676,23.684986468543045
2026-05-14 02:52:29.140800,S001,ph,6.625269318427847,-32.60566043303429,21.617492227728725
2026-07-11 23:52:29.140800,S002,humidity,33.90943883142002,-32.34615290627488,30.73791937746048
2026-03-26 13:52:29.140800,S005,ec,1.5866166301943014,-32.946276215711215,22.913862927424184
2026-01-08 22:52:29.140800,S005,ph,6.494045932585234,-25.88889428172603,25.940337213624723
2025-12-08 06:52:29.140800,S005,ph,6.339147412056088,-27.76795084278141,29.953883086362158
2026-11-16 21:52:29.140800,S001,soil_moisture,0.5882256890617098,-27.691047153496775,31.361769091671746
2026-09-08 15:52:29.140800,S005,soil_moisture,0.6337358687533149,-28.563173546938224,22.098284697085248
2026-06-25 14:52:29.140800,S004,ph,5.993640305054377,-26.87767091046525,20.72551147435183
2025-11-04 20:52:29.140800,S004,humidity,83.06648511684855,-27.97491253858382,21.962780326716192
2026-02-21 06:52:29.140800,S001,temperature,32.02281793424774,-25.037160344180563,20.132718329803307
2026-08-08 12:52:29.140800,S002,humidity,57.639339865613316,-29.883983927075978,31.160620321405176
2025-12-24 12:52:29.140800,S005,ph,5.390653625357949,-29.172128329075566,28.330699761227034
2026-01-03 05:52:29.140800,S002,humidity,56.980789393289974,-30.449131113672195,20.610466525150855
2025-11-14 15:52:29.140800,S003,ec,1.2484990991976845,-24.40260298467951,29.15080032468719
2026-02-13 04:52:29.140800,S001,ph,7.150828415983598,-27.70963819717236,18.401184008702298
2026-08-04 05:52:29.140800,S004,humidity,89.78482894358109,-25.61918878802421,27.98672874408833
2025-10-05 15:52:29.140800,S002,soil_moisture,0.6181286719475791,-30.488896853012076,29.465976627426045
2026-02-16 19:52:29.140800,S002,ec,1.718244714260072,-27.0324670721769,21.9996748834506
2026-04-28 20:52:29.140800,S005,humidity,86.35122794221941,-24.379534058989076,24.427624945263414
2025-11-20 14:52:29.140800,S004,temperature,12.251693710942735,-32.3156167669835,22.522052753796267
2026-03-20 02:52:29.140800,S002,ec,1.5205296695141743,-24.425786308635015,30.662765023277984
2025-11-20 21:52:29.140800,S002,ec,0.574333683683887,-31.43731925200376,25.392728275272674
2026-07-28 11:52:29.140800,S004,temperature,32.5780972097067,-28.021432142453435,25.949808337331614
2026-02-13 08:52:29.140800,S004,ec,2.14278689219476,-28.09461312683754,18.05798803875275
2026-02-15 04:52:29.140800,S002,temperature,23.691708554206024,-24.793918486259404,23.754408485096405
2025-12-02 12:52:29.140800,S005,temperature,29.624918323990304,-28.711551216633207,30.77912964938443
2026-09-26 07:52:29.140800,S002,humidity,33.67639380241456,-25.00549321008331,23.842961006827665
2026-07-12 09:52:29.140800,S004,soil_moisture,0.27297362075318954,-25.03938560899732,20.289442748643708
2026-07-31 21:52:29.140800,S001,soil_moisture,0.4248970003469267,-25.201570751725168,29.9475829789742
2026-09-09 19:52:29.140800,S002,humidity,74.4818467680395,-33.677838105316745,25.6630811585909
2026-04-28 06:52:29.140800,S003,humidity,48.18063338145146,-28.674150348819882,26.50388959993174
2026-07-30 20:52:29.140800,S001,ph,6.733260060180898,-33.777573793573616,19.30057121006059
2026-08-31 11:52:29.140800,S003,temperature,20.686018712188883,-30.16408488139048,24.570975267958012
2025-12-16 09:52:29.140800,S004,soil_moisture,0.6105994417713834,-25.146131710215876,20.866363178438554
2026-04-15 07:52:29.140800,S001,ph,6.785560042566194,-32.17849141563647,25.349450434465837
2026-09-16 08:52:29.140800,S001,soil_moisture,0.8323597668855962,-29.264349785624354,19.308516597454428
2026-07-04 10:52:29.140800,S002,ec,1.6761504222103967,-27.192651146842167,28.889403441075427
2026-03-06 02:52:29.140800,S005,humidity,73.619834805941,-24.720820644540307,31.20632364699219
2025-11-06 13:52:29.140800,S005,ph,5.802240399840571,-26.848548998923334,31.193442429021555
2026-08-02 07:52:29.140800,S004,soil_moisture,0.41802314155510656,-29.492844388530017,24.25594699729238
2026-01-24 23:52:29.140800,S005,ph,6.900688130273138,-33.972394783311415,31.761516312353095
2026-11-08 02:52:29.140800,S003,ph,6.8989509833870635,-25.285431847653992,28.105376701598697
2025-10-27 06:52:29.140800,S003,soil_moisture,0.8780750023739501,-28.538117933986552,24.95347208522359
2026-10-13 16:52:29.140800,S004,soil_moisture,0.4494484558157443,-24.269827281510565,29.108461215122507
2026-10-03 16:52:29.140800,S004,soil_moisture,0.3509081585888507,-33.83069039673233,25.197407906751252
2025-12-18 05:52:29.140800,S001,ph,5.8122169304741185,-33.25337902113761,23.885575391941508
2026-09-09 18:52:29.140800,S005,humidity,73.63317445021954,-32.25466255583732,20.435223768345786
2025-10-09 10:52:29.140800,S002,ph,5.510663838047319,-33.66749646780613,28.820600334459762
2026-02-15 17:52:29.140800,S003,ph,6.714844022192941,-32.89700868448317,21.37760510018406
2026-07-10 19:52:29.140800,S005,ph,6.197084986946646,-31.927730556565123,27.035121752908474
2026-09-22 10:52:29.140800,S002,soil_moisture,0.345196631169894,-32.349872895710426,29.64143521624979
2025-11-01 17:52:29.140800,S003,ec,1.5490652598060424,-28.897636061732534,22.02431944039993
2026-08-04 20:52:29.140800,S001,ec,1.779514566028697,-28.315492268483357,31.085419970327337
2026-08-12 20:52:29.140800,S005,soil_moisture,0.830823571549825,-26.205400459820765,27.118872703695253
2026-07-29 16:52:29.140800,S004,ec,1.5004892550518796,-25.28104569220865,20.520034991459482
2026-09-01 22:52:29.140800,S001,soil_moisture,0.3743747395384241,-29.7350389826741,18.29877729888071
2026-10-13 21:52:29.140800,S005,ec,1.833996753614443,-31.55951973721021,26.719071034490483
2026-09-27 06:52:29.140800,S003,soil_moisture,0.40919126307099163,-31.301754417562595,19.006503695714517
2026-10-28 13:52:29.140800,S001,ec,1.2461194661203583,-32.38519318330266,21.54232638680016
2026-06-04 22:52:29.140800,S001,soil_moisture,0.46074940867953806,-27.995585953718056,21.046198402481252
2025-10-07 17:52:29.140800,S001,ph,6.042980509813648,-24.698412176047476,26.302609371201193
2025-10-30 06:52:29.140800,S001,ph,6.86088547268994,-27.51063296340505,23.994725253818537
2026-10-30 02:52:29.140800,S001,ec,1.6251521149723962,-31.218499243612662,27.827045912386843
2026-01-14 14:52:29.140800,S004,temperature,29.00543884003784,-32.04749725488887,27.13566710055185
2026-07-12 18:52:29.140800,S002,soil_moisture,0.47218391975914525,-33.873911277009384,21.771650249816158
2025-12-11 00:52:29.140800,S002,ec,1.437667834303352,-27.911504557155396,31.854311294473174
2026-03-10 02:52:29.140800,S004,temperature,27.972499733260076,-33.557444155181365,23.881226659262637
2026-02-04 00:52:29.140800,S005,temperature,24.695560153085733,-24.988600375271155,19.062454809308655
2025-11-16 07:52:29.140800,S005,ec,1.2724289882678785,-26.89923870144984,26.370234922119288
2025-12-28 13:52:29.140800,S003,ph,6.222659874823478,-30.310781555286866,21.44763524691927
2026-05-05 08:52:29.140800,S004,ph,6.941426558052435,-31.92005353703108,24.8329517597368
2026-01-17 07:52:29.140800,S002,humidity,90.34185019951849,-26.848401637417247,27.441305059445984
2026-10-10 12:52:29.140800,S004,soil_moisture,0.6336641575243056,-26.44873880848062,29.041261715222326
2026-05-02 19:52:29.140800,S004,ph,6.423867259859195,-24.616625665140326,18.17935533905137
2026-07-27 16:52:29.140800,S002,temperature,40.77097967254617,-33.116145361459196,24.308724337964325
2025-11-02 03:52:29.140800,S004,soil_moisture,0.22147645073529076,-33.34771558211683,18.271059577586506
2026-08-19 16:52:29.140800,S003,temperature,30.796570921565216,-24.701456149673163,21.43501902233419
2026-02-28 03:52:29.140800,S005,ec,1.2143506047451083,-32.59937311087858,27.609598832640962
2026-04-20 15:52:29.140800,S004,temperature,24.86255942174358,-27.886254266128443,25.678269094300262
2026-08-03 11:52:29.140800,S004,soil_moisture,0.4148220961026961,-29.16523281866399,26.71939901907919
2025-11-06 14:52:29.140800,S001,temperature,35.28270140225706,-31.256987487801634,21.86032559689372
2026-06-25 03:52:29.140800,S004,temperature,19.232242739266933,-33.67880625106376,27.187238690511265
2026-01-05 12:52:29.140800,S003,ec,1.0595850397587991,-27.932194892701766,21.653135449508547
2026-03-07 15:52:29.140800,S002,soil_moisture,0.2668972323596531,-27.60234716028976,20.791980886721817
2025-11-11 09:52:29.140800,S003,ec,2.341040424531011,-30.513759705742554,20.56350218067248
2026-08-14 01:52:29.140800,S001,ec,0.7264421589257962,-33.61917015196316,19.486586493872487
2026-02-25 02:52:29.140800,S004,temperature,25.274544090075995,-30.450407975876917,30.218497345783355
2026-09-01 01:52:29.140800,S004,soil_moisture,0.34081132583943546,-24.9990457820168,22.63043577374658
2026-03-13 01:52:29.140800,S002,humidity,68.6515977619893,-31.878759015214253,23.96620733240074
2026-10-24 08:52:29.140800,S004,ph,6.019691789456351,-27.586156577407223,23.35209187746109
2026-01-31 09:52:29.140800,S004,ec,1.5664697549486095,-26.709862593148227,30.04190081715675
2026-09-27 15:52:29.140800,S005,temperature,34.76368048005264,-29.445751036134467,24.03787300601576
2026-09-28 04:52:29.140800,S003,ph,5.639918887259225,-27.54449175391548,31.537657624425414
2026-06-14 19:52:29.140800,S004,humidity,86.95853410936007,-30.47527019542915,31.381900236892143
2026-10-08 05:52:29.140800,S005,ec,1.5340662232908753,-24.050743289383764,26.70271530719475
2026-08-13 02:52:29.140800,S005,humidity,52.42085324151925,-30.67834413591196,19.273104030300996
2025-12-21 22:52:29.140800,S002,humidity,46.21731969489068,-30.028026784702067,24.713377302423964
2026-03-06 22:52:29.140800,S001,ph,6.6595740138433825,-26.707463438603387,21.65863706773169
2026-08-26 14:52:29.140800,S003,ph,7.279661237590529,-26.274307810619717,24.051141781128255
2026-08-24 21:52:29.140800,S003,ec,0.5390699943534936,-32.56325955245121,25.11157387580063
2026-01-20 17:52:29.140800,S004,ph,6.780736964686142,-26.424237020411244,25.280191952751274
2026-02-07 17:52:29.140800,S004,temperature,6.628122216263982,-32.354176062979974,20.37780446392009
2026-01-22 08:52:29.140800,S003,humidity,67.45061966875613,-33.789446306999785,29.868978427731804
2025-10-13 06:52:29.140800,S002,temperature,30.079584213504376,-25.39781687144891,18.858347810358133
2026-03-28 04:52:29.140800,S004,ec,2.0796730782286974,-27.29691226944001,31.632510758568948
2026-05-22 12:52:29.140800,S004,soil_moisture,0.34909365894205807,-26.00464914624694,24.791709125537828
2026-05-08 07:52:29.140800,S004,ph,-7.170985212512559,-28.899846854117094,24.580739965704502
2026-10-23 23:52:29.140800,S002,humidity,82.79868171867716,-24.019340461947493,28.798306786592548
2026-06-10 22:52:29.140800,S001,humidity,39.07029590794568,-33.23798850437822,19.367066230275803
2026-04-19 20:52:29.140800,S001,temperature,40.22443576281803,-31.92390148486828,18.262992288819373
2026-04-21 21:52:29.140800,S002,ph,5.908106098803806,-28.23686443616765,22.606372533996716
2026-09-24 19:52:29.140800,S004,ec,1.6015172005231484,-25.418786108389014,20.72371373192674
2026-10-03 09:52:29.140800,S002,ph,6.371562701214526,-32.490133022573374,19.22495965380482
2026-11-01 00:52:29.140800,S001,soil_moisture,0.30301000455245397,-30.705581924956192,29.583337218000622
2026-05-18 04:52:29.140800,S004,ec,0.2836844286728719,-30.802142626349035,31.398754055504412
2026-10-19 23:52:29.140800,S002,temperature,28.520539548233167,-29.856487414990106,28.939907409778883
2026-09-09 13:52:29.140800,S005,temperature,41.23859056491729,-27.612189367979127,20.477615377691727
2025-12-18 12:52:29.140800,S002,humidity,78.13752141970473,-29.540838065586968,21.093812367207654
2026-04-20 22:52:29.140800,S004,ec,1.9003166251622787,-28.919148218195595,22.392438214990484
2026-07-04 19:52:29.140800,S004,humidity,85.71061295942769,-32.230382376825105,23.608462429261408
2026-10-06 06:52:29.140800,S003,temperature,38.63132187628988,-32.738201829605124,29.34635372724923
2026-05-04 01:52:29.140800,S003,ec,0.6620906510092953,-24.179067980617017,19.331567256052427
2025-12-13 09:52:29.140800,S001,humidity,100.72442617784142,-27.161768645615304,25.88805723640766
2026-06-04 07:52:29.140800,S001,temperature,16.320445782390138,-25.777317631228055,23.09914767317271
2026-06-01 18:52:29.140800,S003,ph,6.3444150455935056,-25.895270667983716,20.83834989075807
2026-01-31 20:52:29.140800,S002,ec,1.398530107510955,-26.71464652145424,23.674006814210337
2025-12-03 22:52:29.140800,S005,soil_moisture,0.39663353368277776,-25.48604756296295,22.5950733969105
2026-10-08 17:52:29.140800,S004,ph,-4.619672530180491,-32.30059830320497,23.100893817737276
2026-08-23 23:52:29.140800,S001,humidity,71.71028873400043,-28.17956781915172,24.858531359780528
2025-12-23 14:52:29.140800,S004,temperature,28.19924297847669,-25.15866913117582,30.44352518653215
2026-11-06 19:52:29.140800,S001,ph,6.076909708398418,-30.765948348656593,19.478362756028424
2025-12-05 14:52:29.140800,S002,temperature,34.933310887745506,-28.192940427384407,26.820317709525845
2026-08-04 06:52:29.140800,S003,ph,6.8030979771028735,-27.750368139475825,22.21906904739074
2026-01-04 15:52:29.140800,S001,soil_moisture,-15.295679501213703,-26.129070294252227,27.26461031755742
2026-09-19 07:52:29.140800,S003,ec,1.368829090726315,-28.515373269723206,25.258345351420665
2026-07-01 02:52:29.140800,S004,humidity,51.19040837120668,-25.37906415268611,20.469368560475562
2025-10-20 09:52:29.140800,S003,ph,6.204714141731436,-25.163030815028264,21.400334829795362
2025-11-27 02:52:29.140800,S005,humidity,71.69849664827034,-31.911932408848877,30.364002097065175
2026-03-26 19:52:29.140800,S001,ec,1.1277515124849238,-28.093131936200223,19.830213398402137
2026-01-29 02:52:29.140800,S004,ph,6.772330792253149,-32.253942365612446,24.163324363607536
2025-10-20 11:52:29.140800,S002,temperature,12.560099752005275,-31.40504606770155,18.934623032834793
2025-12-25 04:52:29.140800,S004,ph,5.599187389250265,-25.722716760140877,18.17898870093611
2026-10-13 05:52:29.140800,S002,ph,6.126377162603619,-26.209729601567226,21.746813513375493
2026-03-29 18:52:29.140800,S005,ec,1.1876313504243252,-29.074267816265532,27.567250784229582
2025-12-06 12:52:29.140800,S001,ph,6.575256989870967,-30.880725718646048,24.392883304949148
2025-10-30 21:52:29.140800,S003,ph,5.966477552550711,-30.126241634261582,22.787117079157017
2026-11-19 12:52:29.140800,S001,temperature,12.84016464817413,-25.441553808200425,22.464035967870505
2026-01-27 15:52:29.140800,S002,humidity,74.1462456798026,-24.734542636779526,30.807529326826412
2026-05-01 18:52:29.140800,S004,temperature,5.407329079244445,-32.94375372476491,23.830781590148298
2025-10-08 22:52:29.140800,S005,ec,1.7776094440696535,-32.17874007549948,23.457759939824268
2026-10-25 15:52:29.140800,S002,ec,1.411794762975493,-28.321492090181756,22.67119671265116
2026-05-31 04:52:29.140800,S005,temperature,28.14295442112128,-29.58659385487074,30.12592087741347
2026-08-15 09:52:29.140800,S003,temperature,22.352287801757733,-31.40209227537823,28.505635260048336
2026-09-02 10:52:29.140800,S001,temperature,24.713907971978056,-33.00018121479075,28.541627503962445
2025-10-15 06:52:29.140800,S004,soil_moisture,0.4704902638068258,-29.853966811968945,20.33356226438346
2025-10-07 02:52:29.140800,S002,soil_moisture,0.6764806000145402,-26.99350056700385,18.823300925804112
2026-08-09 03:52:29.140800,S005,temperature,18.370719182373886,-30.983790318205138,22.236520667398388
2026-08-21 09:52:29.140800,S004,soil_moisture,0.35121390874446357,-31.086199183986263,21.727529204284593
2026-05-25 12:52:29.140800,S002,humidity,78.15926834086441,-28.91099102469005,31.802082917957463
2026-10-14 07:52:29.140800,S002,temperature,15.442799885981447,-32.44729080035334,19.995846618336305
2026-05-24 04:52:29.140800,S003,humidity,47.838846468939764,-29.148022158726178,26.982005399312598
2026-04-06 03:52:29.140800,S003,humidity,67.02830437880164,-32.37898903914335,28.367163619066332
2026-01-10 11:52:29.140800,S005,ph,6.37670676975634,-30.285446804892928,19.336271857057934
2026-11-06 21:52:29.140800,S005,ph,6.380831406076728,-28.14586351818702,20.055189581181825
2025-11-21 15:52:29.140800,S002,temperature,25.835482662168808,-30.35496592797476,28.342526734100975
2026-10-27 08:52:29.140800,S005,ec,1.3176141319603614,-29.412314865298306,20.933163948734318
2026-09-16 17:52:29.140800,S002,ph,-6.272957895680106,-25.127195912298628,28.290288474072057
2026-06-10 16:52:29.140800,S001,ec,1.267790904069157,-30.221629429874753,21.166780202004134
2026-03-19 09:52:29.140800,S001,ec,2.3368426471116113,-26.210935188848374,25.017262870336147
2026-10-11 11:52:29.140800,S005,temperature,14.554240778729527,-29.8520577861246,31.330323738866074
2026-04-10 06:52:29.140800,S001,ec,1.6728638951402564,-25.09639476074426,27.068714960175523
2025-12-16 20:52:29.140800,S003,ph,6.95447232160457,-28.612084394454527,27.217159482471402
2026-08-19 06:52:29.140800,S003,ec,1.3329165534735634,-25.762208670228215,24.434018554666192
2026-11-17 19:52:29.140800,S002,humidity,86.89724030543383,-31.091310318300227,26.532233789780285
2026-06-03 08:52:29.140800,S001,ec,1.2532728645456175,-31.050193114268314,25.27072849485365
2026-06-25 13:52:29.140800,S003,ph,5.764589436918905,-32.18303788681665,20.688201713451036
2026-06-14 06:52:29.140800,S001,temperature,18.908139145300854,-33.96229161684122,20.917688419001532
2026-07-25 21:52:29.140800,S002,ec,1.2184817580190375,-31.769478794541104,25.614266474448055
2025-12-21 05:52:29.140800,S003,soil_moisture,0.3271500792334523,-32.47496209023965,25.02982619865368
2025-11-15 09:52:29.140800,S002,ec,1.1519399697575512,-29.141154137841923,24.45427345938655
2026-10-21 04:52:29.140800,S003,ec,1.247080608828155,-26.23578443533448,25.116854401973367
2026-10-11 05:52:29.140800,S005,ec,2.0812237025495377,-25.95047308807878,26.717413729759812
2025-10-16 07:52:29.140800,S001,soil_moisture,0.5657316456535268,-28.327722493746606,22.454547601257467
2025-12-08 23:52:29.140800,S002,ec,1.7881193537830709,-24.73209107061499,30.850953375296974
2026-07-11 21:52:29.140800,S003,temperature,35.68997839739306,-33.73435699966841,23.774348622913994
2026-04-25 07:52:29.140800,S003,ec,1.1278318633388333,-28.010272380819792,29.178915256314433
2026-08-23 04:52:29.140800,S004,humidity,66.40465734373447,-28.484977769847806,22.579037781606274
2026-08-14 03:52:29.140800,S003,soil_moisture,0.3493190024057565,-25.70719747907705,21.312402025654034
2026-10-06 07:52:29.140800,S002,ph,5.4545817080506245,-25.6404302962334,22.402950562388178
2026-08-13 09:52:29.140800,S004,ph,6.337062340822133,-28.471067812919372,28.417340294592314
2026-07-12 01:52:29.140800,S001,ec,0.48845789568907927,-25.096370327804337,24.46406835475727
2026-09-03 21:52:29.140800,S002,soil_moisture,0.5155457971229951,-30.297184702684902,19.878782221507443
2026-06-30 10:52:29.140800,S002,ph,6.723571283798063,-30.980232627862414,24.437179241946136
2026-01-14 22:52:29.140800,S002,ph,6.98875135761788,-26.557977807300922,31.375267202887407
2026-08-02 14:52:29.140800,S004,ph,6.860115774884583,-25.160571283113377,25.901254939288705
2026-10-13 18:52:29.140800,S002,ec,1.5143923260052412,-24.390866006671427,27.19155380951002
2026-05-08 23:52:29.140800,S005,ec,1.8364862521162548,-28.16077591042315,22.867817562447737
2025-10-05 12:52:29.140800,S003,ph,8.110397827464796,-31.422180912689193,27.090399165096112
2026-08-31 09:52:29.140800,S003,temperature,8.116244065399439,-30.968569430737375,20.601616412202045
2026-03-09 18:52:29.140800,S002,temperature,18.30085256365863,-26.546314407643145,25.640863359333363
2025-11-08 17:52:29.140800,S004,humidity,55.73701216333542,-29.603987761638134,26.412185546650115
2025-12-29 13:52:29.140800,S004,humidity,26.383735976838317,-27.079543754763026,25.251461333173076
2025-11-15 05:52:29.140800,S002,soil_moisture,0.554677480019096,-24.32702383062061,26.621120284890008
2026-04-23 15:52:29.140800,S001,humidity,91.2191121860127,-30.020972697186956,20.09301661401903
2026-04-18 16:52:29.140800,S005,ec,1.610315019819597,-30.92965112471661,26.678607725807403
2026-09-06 19:52:29.140800,S003,soil_moisture,0.3488079476519675,-33.07343700000156,27.73700181653601
2026-05-23 19:52:29.140800,S004,temperature,23.33497053136707,-28.177117512824175,21.68795084460054
2026-11-20 07:52:29.140800,S001,temperature,30.76161403971867,-26.41341562976168,30.80537367024287
2026-02-03 23:52:29.140800,S002,ec,1.8795677068987744,-33.2012580074967,20.524794207265064
2026-08-19 10:52:29.140800,S003,ph,6.508445411198443,-29.135431753133048,18.084146133507698
2026-02-17 07:52:29.140800,S004,soil_moisture,0.5128595680643934,-30.86566751524263,26.156760095198358
2026-04-29 16:52:29.140800,S005,temperature,34.17995135281746,-29.534231304787323,26.96532892543494
2026-02-03 10:52:29.140800,S002,ec,2.211803658540975,-28.700861388699813,26.20713654860277
2026-11-01 15:52:29.140800,S004,soil_moisture,0.24769288519769106,-24.51522042351712,19.839802927900962
2026-11-22 20:52:29.140800,S001,humidity,72.88100991323388,-32.88207103093758,29.539780664594005
2026-09-29 04:52:29.140800,S003,ec,2.3573584281817626,-32.38070156328362,20.455413897995133
2026-10-20 19:52:29.140800,S003,humidity,63.514068207911265,-26.86950878537987,25.563877089321853
2026-03-18 14:52:29.140800,S005,temperature,27.419239168847394,-24.922282441323198,27.084073528621555
2026-02-05 08:52:29.140800,S005,temperature,27.30725481718435,-31.837117009197804,28.3311675203759
2026-01-10 11:52:29.140800,S004,temperature,25.163627179908286,-26.708101267371156,20.189489112612225
2025-11-26 00:52:29.140800,S001,temperature,11.120460314447397,-32.562121424807664,19.68384102376579
2026-09-30 14:52:29.140800,S001,soil_moisture,0.44501536867130365,-29.259053410853934,31.507755994777916
2025-10-03 14:52:29.140800,S002,temperature,20.22273272472913,-32.799102051550705,27.214182984277407
2026-07-21 11:52:29.140800,S005,humidity,29.46464923977362,-31.127731814707673,28.0752376223869
2026-08-06 15:52:29.140800,S001,ph,6.698767759826458,-28.27136534405703,25.84183689486435
2026-07-02 13:52:29.140800,S002,soil_moisture,0.5922722826933997,-25.4926370286814,20.33607949256872
2026-06-08 22:52:29.140800,S002,humidity,71.10348684427434,-26.06052555241748,21.006950539061435
2026-10-26 23:52:29.140800,S002,temperature,20.459414182686746,-30.56626284996333,30.381295412042526
2026-10-26 09:52:29.140800,S001,humidity,42.91434719602333,-24.425523809100284,23.988021869707232
2026-02-27 04:52:29.140800,S001,humidity,58.29356815259479,-29.545104294550416,26.613774364541648
2026-03-23 17:52:29.140800,S005,soil_moisture,0.24541497882983376,-24.796735582255707,23.889518173864882
2025-10-31 07:52:29.140800,S002,ec,1.4954049044143165,-32.89495032167926,28.460980452612617
2025-11-11 12:52:29.140800,S003,temperature,14.554649393547948,-25.405748083922894,28.397359612769808
2026-08-20 07:52:29.140800,S001,soil_moisture,0.37368196907848983,-31.06113039863118,26.936192054828595
2026-08-04 14:52:29.140800,S005,ph,7.037633060984498,-25.126193078567017,30.529479193273893
2026-06-25 23:52:29.140800,S001,temperature,19.381357652232165,-33.70964997982452,29.24817004475057
2026-04-01 22:52:29.140800,S004,soil_moisture,0.3344895914656791,-25.839432208847356,30.479453067779083
2025-12-03 22:52:29.140800,S004,temperature,18.18771416550612,-29.905273431487373,18.396400708534802
2026-09-09 11:52:29.140800,S002,ec,0.6213604004776535,-29.300137044657696,26.850929005764463
2026-02-28 13:52:29.140800,S005,humidity,48.50897057354407,-31.339989588152505,29.934501569377588
2026-05-07 03:52:29.140800,S002,soil_moisture,-5.186960323977184,-24.09165893430435,26.68850259787782
2026-03-17 12:52:29.140800,S002,ec,2.104253178861441,-29.727688412516557,19.498021817909258
2026-08-07 04:52:29.140800,S005,humidity,86.36250076736698,-33.32161542118227,27.532173160275544
2026-01-02 00:52:29.140800,S003,ec,0.744227032860538,-30.209395210416314,31.304855064422412
2026-08-22 18:52:29.140800,S003,soil_moisture,0.30662811453126326,-32.17132622166618,21.667632873089747
2026-07-31 16:52:29.140800,S004,ph,6.609709963403406,-29.844667346388974,20.708291372914125
2025-12-30 15:52:29.140800,S003,soil_moisture,0.7885690416820577,-29.540236057633386,25.395876972615795
2025-11-26 03:52:29.140800,S001,soil_moisture,0.3648502961560246,-25.15669601345034,19.50916505243089
2026-08-10 02:52:29.140800,S005,ec,1.975380933240798,-32.28852686482307,24.85703279025551
2025-11-22 22:52:29.140800,S004,soil_moisture,-5.421216912861603,-31.939699873030143,30.37332684245917
2026-08-19 13:52:29.140800,S002,ph,6.627111877676023,-31.872807850608257,19.853605006437736
2026-02-27 13:52:29.140800,S003,humidity,45.158358809018154,-28.959288254722644,31.060078454692196
2025-12-23 21:52:29.140800,S001,soil_moisture,0.32709091679815083,-24.374564603059945,28.4753656781847
2025-12-17 22:52:29.140800,S004,temperature,40.246557506383844,-25.01418678815275,27.91563374287182
2025-11-10 04:52:29.140800,S001,ec,1.640510268524937,-26.04439395790297,23.124479606414443
2026-01-05 22:52:29.140800,S005,ec,0.9880673588229167,-32.539304603807146,26.834985712899265
2026-06-09 10:52:29.140800,S003,humidity,90.72246708363716,-30.742384564466327,27.731365740522662
2026-01-05 11:52:29.140800,S003,humidity,58.01761773207862,-33.37511314601685,18.82809151342145
2026-02-02 20:52:29.140800,S005,ph,6.570356360371058,-27.028338457989918,31.560365304519777
2025-11-18 17:52:29.140800,S002,ph,7.161589214287597,-25.46409435747175,28.092744051981477
2026-09-11 07:52:29.140800,S001,humidity,68.00610862594057,-33.45971304540927,18.488155102250886
2026-04-04 04:52:29.140800,S002,temperature,12.43566681731169,-33.388039218054445,26.76968411679453
2026-05-11 04:52:29.140800,S005,ec,0.09880661235772492,-28.78691261800339,27.033679585411655
2026-07-25 18:52:29.140800,S001,temperature,38.886319306295654,-28.316955690863217,19.5552602697749
2026-04-15 15:52:29.140800,S001,humidity,48.57592215595652,-32.85667967212464,22.613485154406796
2026-08-06 15:52:29.140800,S002,ph,6.84583726189847,-28.33269403011573,25.492140986303525
2025-12-08 11:52:29.140800,S001,humidity,67.39682060944551,-26.71028037092622,25.342664897355885
2026-09-22 16:52:29.140800,S005,soil_moisture,0.5319262489865665,-30.06149139397353,31.430960020913126
2026-02-19 23:52:29.140800,S004,ec,1.2016683243393522,-24.565537430731442,30.867071216343135
2026-03-22 06:52:29.140800,S002,ec,1.8468442318140847,-32.07920863657955,29.227612553292605
2026-04-26 02:52:29.140800,S003,ph,6.592776583312108,-29.703371667977365,27.00220119707348
2026-10-18 17:52:29.140800,S004,ec,1.1822138043774126,-32.96254124472805,29.26533763092548
2025-11-18 03:52:29.140800,S002,ph,5.709350353047571,-25.479548267494053,26.48676507754864
2026-08-09 15:52:29.140800,S004,ec,0.8583345781788672,-31.73447195206192,22.713936799259383
2026-09-17 10:52:29.140800,S004,temperature,10.125055163890595,-32.759171336099364,20.40792599468346
2026-11-11 06:52:29.140800,S003,humidity,30.101361916067475,-29.029501326204237,18.515937407000862
2026-09-16 01:52:29.140800,S003,soil_moisture,0.5436451368954238,-31.995212189310223,26.46438736469309
2025-11-22 22:52:29.140800,S005,temperature,25.07748940715832,-29.07082875601268,23.535165503682123
2026-06-26 07:52:29.140800,S005,ec,1.7017969228236258,-30.847010237484216,31.342413580121715
2026-06-19 16:52:29.140800,S002,ph,6.143860280986999,-25.31443739804427,30.005761588933794
2025-11-19 15:52:29.140800,S005,soil_moisture,0.6105723355706915,-28.230687708749024,20.36671691134977
2026-05-22 16:52:29.140800,S002,ph,-4.863325239503426,-27.828307117845263,29.573021694291263
2026-01-27 01:52:29.140800,S002,ph,6.657476914979154,-33.620947257890485,31.47033478131916
2026-04-23 16:52:29.140800,S003,humidity,37.215931184057865,-33.73519921811144,24.062579578627798
2026-03-01 12:52:29.140800,S003,temperature,32.53373034603461,-30.640363125252186,22.13098300329046
2026-09-07 18:52:29.140800,S004,temperature,25.121735445469437,-25.72809950581965,20.470336629488088
2026-01-10 14:52:29.140800,S001,soil_moisture,0.6056243605694016,-31.6223453319687,19.654987620690523
2026-06-28 23:52:29.140800,S001,humidity,82.1876458261814,-29.978961058978943,20.52691310712701
2026-05-20 02:52:29.140800,S002,temperature,30.59958015949327,-30.642414308537717,21.335963397425267
2026-11-11 19:52:29.140800,S001,temperature,17.433472040308978,-31.764641809866617,19.87274775945235
2025-12-03 04:52:29.140800,S001,soil_moisture,0.3702379423563448,-26.046807822048528,26.58569604448398
2026-11-20 03:52:29.140800,S005,ph,6.6550537446008,-28.117855208233024,21.7820092255906
2026-04-09 14:52:29.140800,S003,ec,0.463139304518309,-33.53687732743604,29.92570254415675
2026-09-26 20:52:29.140800,S004,ph,6.331534448274543,-24.12029167939211,27.391833076404296
2026-01-13 20:52:29.140800,S002,soil_moisture,0.8713967018906151,-25.008024019094783,23.327283308146015
2026-02-05 10:52:29.140800,S001,ph,6.542158543770737,-25.859200725185588,21.71811132238613
2026-03-20 03:52:29.140800,S004,ec,1.4291194223766026,-29.427210092225796,20.06853891350375
2026-02-10 22:52:29.140800,S005,ph,6.220448376646411,-29.011963340339314,19.179251345823037
2026-06-03 23:52:29.140800,S002,ph,6.439217227541732,-31.63602879311719,29.141790803323882
2025-11-16 02:52:29.140800,S004,soil_moisture,0.5245293273747167,-26.827580666935958,22.02253434618074
2026-05-16 05:52:29.140800,S004,soil_moisture,0.5546176316050883,-33.96752527340362,31.61761578239812
2026-11-08 05:52:29.140800,S003,ph,5.484706727220587,-33.023439356848456,21.050449241629774
2026-08-24 07:52:29.140800,S004,soil_moisture,0.2779502571535364,-29.08086633842315,22.209407303242664
2026-01-27 05:52:29.140800,S001,soil_moisture,-2.577029135280925,-24.109287441040273,30.963714505908655
2026-07-17 00:52:29.140800,S005,humidity,78.49546173611184,-24.894853955722084,23.823719928578782
2026-09-25 15:52:29.140800,S003,humidity,37.56914206294627,-33.646534614870156,18.28645705688832
2026-08-29 14:52:29.140800,S002,ec,1.7903809462344347,-24.89165071328929,31.128007524934116
2026-04-30 01:52:29.140800,S001,ec,0.48875448636888197,-24.72119071570866,18.570675902220515
2026-07-28 00:52:29.140800,S001,humidity,62.82671054979347,-31.073502570848884,27.32007058953282
2026-04-14 06:52:29.140800,S002,soil_moisture,0.21448340297355956,-33.036856859909385,28.116993914967836
2025-11-21 19:52:29.140800,S002,ec,0.7864186365327172,-30.967909840713865,31.968069629332824
2026-09-01 09:52:29.140800,S002,humidity,78.79327221225418,-24.507913430132128,19.169485106731656
2025-10-26 00:52:29.140800,S003,ph,5.728814090454886,-24.59267204963851,27.342303019302417
2026-03-06 15:52:29.140800,S003,humidity,51.014341312283584,-26.24668197799444,24.84355556261159
2026-04-14 08:52:29.140800,S005,ec,0.8075527306241274,-31.697564007223065,31.21269692381813
2026-10-15 16:52:29.140800,S005,ph,6.084566635202458,-32.54694903332872,27.307904734061125
2026-08-25 02:52:29.140800,S004,soil_moisture,0.39542760876753213,-30.398895614025214,31.272235929139946
2026-10-23 20:52:29.140800,S005,temperature,35.14023151773732,-33.29048144020552,18.379821410714783
2025-12-22 20:52:29.140800,S003,ph,6.820767334872988,-30.46272964864676,27.455511617724408
2026-08-31 07:52:29.140800,S005,ec,0.9829983658141084,-29.07493643380537,23.66841275946555
2026-01-02 23:52:29.140800,S001,soil_moisture,0.5074962578773632,-30.676211156319255,22.55365928918632
2026-09-18 03:52:29.140800,S005,ph,7.110946156510103,-31.992735136715204,25.826097297386134
2026-07-01 20:52:29.140800,S003,temperature,25.011273904351672,-31.12873686096351,19.528268963536853
2025-11-17 14:52:29.140800,S001,ec,1.5353418498428164,-26.239158022822124,31.9136619102184
2026-10-27 02:52:29.140800,S003,ec,1.2520911328266437,-29.82602804781957,20.771792506000676
2026-03-09 13:52:29.140800,S003,ec,0.9034388649215579,-26.117094526329517,30.97666005158247
2026-09-27 17:52:29.140800,S004,soil_moisture,0.7727096033611992,-32.07707535518947,24.310577322813494
2026-08-27 21:52:29.140800,S001,humidity,61.049921027594564,-29.832179781108664,31.72871488209214
2026-11-07 10:52:29.140800,S001,ph,6.154546558323422,-31.421659058152102,25.721155428813837
2026-01-19 10:52:29.140800,S002,ec,1.4671088253098816,-33.08414638001809,25.411176070061863
2026-06-03 05:52:29.140800,S001,ph,7.100500279407259,-24.030954003101584,31.04358173037575
2026-02-12 01:52:29.140800,S004,humidity,64.57013220359217,-32.75778542404974,30.725450616025825
2026-03-21 23:52:29.140800,S002,ec,1.105699674372436,-29.54325867642252,23.483826621276457
2026-02-19 01:52:29.140800,S005,soil_moisture,0.5532462348887911,-28.28981063551005,22.3799381290638
2026-04-13 11:52:29.140800,S004,temperature,25.599198035875453,-30.086893684108063,28.43359851689439
2026-11-13 02:52:29.140800,S004,temperature,21.71046432046127,-28.066808354036322,18.70991735547296
2026-08-29 06:52:29.140800,S005,soil_moisture,0.4997775563533953,-28.775511842336524,30.555846649277637
2026-04-23 08:52:29.140800,S002,ph,6.465799489813885,-27.39069192147241,23.986038192449524
2026-06-03 15:52:29.140800,S004,humidity,52.33417542436058,-29.747450766200295,26.709046949356402
2026-06-03 12:52:29.140800,S001,temperature,26.000659107703925,-33.482349301810906,29.10487512629374
2025-12-24 21:52:29.140800,S005,soil_moisture,12.670482760079874,-27.0411179918992,23.27927197639159
2026-02-21 13:52:29.140800,S005,ph,6.050245388987031,-26.76968199137056,25.896690974014746
2026-06-06 06:52:29.140800,S002,soil_moisture,0.42013121052489016,-31.84677922789942,31.22124447892991
2026-10-07 02:52:29.140800,S002,ec,2.5114905839476744,-27.15051254616869,25.16808700580833
2025-10-04 12:52:29.140800,S002,temperature,24.669697746736873,-29.131397789784888,21.991182272899355
2026-09-12 11:52:29.140800,S003,ph,6.94654450193786,-27.453291614932482,20.8808392435936
2026-08-31 22:52:29.140800,S005,temperature,34.12396967057452,-28.4730453962611,30.634604757546114
2026-04-29 23:52:29.140800,S005,ec,1.63846042436882,-27.657691444309442,23.129847519842706
2026-06-15 00:52:29.140800,S003,temperature,19.684835776895497,-32.2283673176793,28.92361643170453
2026-02-12 22:52:29.140800,S001,ph,6.6421181096545165,-28.624244906573423,25.623012774279033
2025-11-16 06:52:29.140800,S005,humidity,74.39999772704326,-28.593511529148124,30.196398764076058
2026-10-21 15:52:29.140800,S004,humidity,67.06948297029315,-24.913510676606347,24.065583849918234
2025-11-24 21:52:29.140800,S001,humidity,88.58802921778361,-33.498144321680854,27.828175678463513
2026-06-23 23:52:29.140800,S003,ph,5.929039522755679,-27.73703776051697,31.864751780795984
2025-11-05 04:52:29.140800,S002,soil_moisture,0.6250146048020098,-24.173762611871652,22.506919002165468
2026-11-14 02:52:29.140800,S002,ph,7.229459303201202,-30.82170013579115,23.131494012771988
2026-03-31 04:52:29.140800,S004,ph,6.496901588439845,-31.329179124215905,26.04469728225431
2025-10-13 06:52:29.140800,S003,humidity,67.22420169104092,-32.481676259914245,18.851371742088784
2026-11-04 21:52:29.140800,S003,soil_moisture,0.6144346072714156,-31.30160839803549,19.44781543229986
2026-03-06 13:52:29.140800,S003,ph,6.413964063952301,-31.027162417794646,24.418425422596123
2026-06-05 22:52:29.140800,S002,soil_moisture,0.383163238187266,-25.34090577556539,19.553837722036505
2026-05-21 21:52:29.140800,S005,ph,6.865963019689181,-27.325532148632522,28.4853910925283
2026-04-14 19:52:29.140800,S005,ph,5.866204260798284,-29.108909434529757,23.261613252326814
2026-06-24 17:52:29.140800,S001,ec,1.6482986572983567,-24.27956477575763,26.373496190216102
2026-07-15 12:52:29.140800,S002,temperature,28.875478664705202,-25.966450506681326,30.863492596647916
2026-10-05 19:52:29.140800,S005,humidity,88.73502468277646,-31.503849277537274,21.161345729758523
2025-11-08 03:52:29.140800,S005,ec,1.6639039183017321,-28.1581813599082,30.0334566453242
2026-08-04 09:52:29.140800,S005,ph,6.4738826817478135,-24.511961822043062,28.363831223034584
2026-08-18 17:52:29.140800,S005,temperature,30.42657401705099,-26.30620410923777,30.40342622778188
2026-09-09 23:52:29.140800,S002,ph,7.390857109354541,-27.092308856102306,24.052104409636954
2025-12-02 15:52:29.140800,S001,temperature,25.669718380012945,-31.75264700509839,20.62805694441456
2026-09-18 22:52:29.140800,S004,ph,6.946551926604395,-31.773475068306134,28.12960525535462
2025-10-08 13:52:29.140800,S005,soil_moisture,0.627465620800256,-29.14286443969627,27.38620795106261
2025-10-23 16:52:29.140800,S004,soil_moisture,0.5400621802416972,-28.260674333431584,20.31987943946299
2026-06-15 18:52:29.140800,S002,ec,1.7210560548785554,-32.52947311815299,22.62581040728321
2026-11-16 06:52:29.140800,S002,soil_moisture,0.457105490077779,-32.761703225364,29.32063023148512
2026-02-13 05:52:29.140800,S005,humidity,64.40153765537995,-33.18697468832935,29.595746441743294
2025-10-18 18:52:29.140800,S001,temperature,21.431686478137916,-28.402806761196715,20.77827723362255
2026-04-03 16:52:29.140800,S003,ec,-10.464323213750712,-26.016266629959816,31.217866013687413
2026-05-17 15:52:29.140800,S005,temperature,32.34422084209365,-28.811659707189015,18.617834842776112
2025-11-24 02:52:29.140800,S003,soil_moisture,0.5048107363211731,-31.28315783157891,19.63312210311674
2025-11-20 21:52:29.140800,S005,humidity,67.42425792683272,-28.145145638230044,18.291136001335968
2026-04-06 10:52:29.140800,S001,humidity,71.03443143361066,-30.76674439007396,29.359183197582716
2025-10-31 06:52:29.140800,S004,ec,1.1616956072275304,-26.562012446475133,26.945023374204183
2026-11-04 03:52:29.140800,S003,humidity,54.72031957355583,-27.622680231152074,23.257222912423103
2025-10-17 20:52:29.140800,S002,temperature,27.64519982636814,-27.73487142166333,19.500388921190254
2025-11-11 17:52:29.140800,S001,temperature,23.992870685912493,-31.50196569949896,22.93877370648876
2026-05-17 04:52:29.140800,S004,ec,2.0620318664909547,-24.836095630455574,19.152421369935812
2026-06-29 02:52:29.140800,S003,humidity,61.49283455794297,-28.482182066053753,20.77747400562808
2026-04-09 07:52:29.140800,S004,humidity,71.89748282537761,-28.764450369425553,30.42864304733109
2026-05-21 19:52:29.140800,S005,temperature,24.802634365830723,-26.241963999520213,23.24888556440525
2026-07-04 08:52:29.140800,S003,humidity,55.72852117162063,-33.7769589200871,28.937996203382617
2026-01-03 03:52:29.140800,S002,ph,6.293478774410565,-33.302341401328604,20.64449814238079
2026-07-29 04:52:29.140800,S003,ec,0.7362775996632598,-32.008601669876974,29.232909146665893
2025-10-09 02:52:29.140800,S001,ec,1.970020232598445,-27.19023637787834,22.535525828592714
2025-10-15 22:52:29.140800,S001,temperature,24.059229078305187,-28.193497900643553,22.11883997620055
2026-04-06 17:52:29.140800,S002,ec,1.800151687093373,-27.165512714571037,28.00113300555119
2026-06-18 21:52:29.140800,S001,temperature,10.433935706785187,-26.892338813629138,18.87282772469814
2025-10-21 14:52:29.140800,S002,humidity,83.99818325585879,-32.86560077341029,24.66303026110939
2026-03-27 14:52:29.140800,S005,humidity,54.19856688789241,-24.156279599080698,29.139939920466972
2026-01-11 07:52:29.140800,S003,ph,5.69253571697904,-26.309366875419407,25.11233176437151
2026-04-15 14:52:29.140800,S003,temperature,21.568839721867956,-27.23895237368646,27.703574511038973
2025-11-22 00:52:29.140800,S005,ec,1.5356003136766272,-33.6200357182042,22.043794164879582
2025-11-23 13:52:29.140800,S004,ec,1.7859009687827538,-25.304351887686426,21.34092308592291
2026-04-28 22:52:29.140800,S002,humidity,54.46957832019573,-24.732285521724776,18.32249929202291
2025-10-13 17:52:29.140800,S005,temperature,32.080174162339674,-33.245214449414696,18.16678690955728
2026-05-29 17:52:29.140800,S001,temperature,23.96067420021972,-32.33208550872401,20.719547634165128
2025-12-30 08:52:29.140800,S004,humidity,74.20653381666384,-24.879098613789324,25.531550669308256
2026-02-03 20:52:29.140800,S003,soil_moisture,0.660055570619251,-29.55133996026931,30.232341893642303
2026-08-12 01:52:29.140800,S001,ec,1.8488346392740571,-29.738272064403674,27.852600441409194
2026-05-29 11:52:29.140800,S003,temperature,26.457335358468814,-25.78964520217573,23.954861002024213
2026-02-27 21:52:29.140800,S003,temperature,23.192973928013547,-33.30301138851491,21.927835807914455
2026-01-17 09:52:29.140800,S004,ec,1.4764977792379723,-27.703615288872392,18.633281945159695
2026-02-27 00:52:29.140800,S003,temperature,37.223465196926476,-25.017548627875115,28.123017682643958
2026-06-09 04:52:29.140800,S002,soil_moisture,0.39806635247212924,-25.658303897459103,24.240106914475067
2026-06-15 07:52:29.140800,S004,soil_moisture,0.253597986155668,-30.010384677712047,27.6677176407138
2026-09-22 16:52:29.140800,S001,ph,5.771938200877708,-29.948477633972455,20.066334018276947
2026-07-11 14:52:29.140800,S005,soil_moisture,0.558981961984054,-32.30898029272881,30.73681194987972
2026-10-13 13:52:29.140800,S001,humidity,47.80813510366164,-32.10639417387003,30.82489107069561
2026-07-12 03:52:29.140800,S005,ph,6.269311291616374,-33.398483093609,24.215967946757278
2026-03-27 17:52:29.140800,S001,temperature,19.663593057938773,-29.32299427406228,19.586321859460092
2026-09-08 03:52:29.140800,S001,ph,6.563041529586945,-24.614395783967332,31.66576660358686
2026-11-01 23:52:29.140800,S003,temperature,39.03910385388251,-32.36748429204864,20.081420566099013
2026-03-16 10:52:29.140800,S005,ph,6.901216776183233,-28.53422974352309,30.600646456206164
2025-12-06 13:52:29.140800,S004,humidity,92.48112617239394,-31.046142054575782,27.916126088654558
2026-03-20 17:52:29.140800,S001,ph,6.909696997242273,-30.325301282926123,25.63603955352621
2026-02-24 13:52:29.140800,S002,humidity,67.52685227829876,-26.970709958386927,25.756272164672296
2026-03-08 19:52:29.140800,S001,humidity,51.59134143693253,-28.69285110177523,29.93491705735704
2026-01-22 17:52:29.140800,S001,ph,6.910991741742979,-31.643790995856413,31.75166625928412
2026-10-23 03:52:29.140800,S005,ec,1.6633944542788681,-26.470714269487907,20.893661030664305
2025-11-11 09:52:29.140800,S002,temperature,18.5908675719328,-32.581804312213045,30.982060707969858
2025-12-20 06:52:29.140800,S001,temperature,29.36529527777003,-28.318569579824796,18.756278707674277
2025-12-01 00:52:29.140800,S005,humidity,46.55687671129239,-24.472130104058053,22.13862798226315
2026-09-25 14:52:29.140800,S002,humidity,95.0912692995578,-27.121646817867347,24.19204420543889
2026-08-27 17:52:29.140800,S003,ec,1.1389867038361627,-32.85515706298754,30.454422611835152
2026-01-01 13:52:29.140800,S001,soil_moisture,0.3727412590607412,-31.121888115823005,18.967551653642396
2026-06-16 10:52:29.140800,S001,soil_moisture,0.9381626511939406,-24.663189775659138,27.91579534621204
2026-04-20 16:52:29.140800,S002,temperature,30.071718608666774,-33.462072022771245,31.623945403366616
2026-04-13 16:52:29.140800,S003,humidity,49.58426567261389,-28.79821970226034,29.20639757038004
2026-05-19 23:52:29.140800,S005,humidity,69.23855771100193,-27.060820328823436,29.008628965614044
2026-06-15 07:52:29.140800,S001,humidity,63.01944422857567,-26.657328612762804,27.22792401091944
2026-09-10 23:52:29.140800,S004,temperature,19.899681592077958,-26.391065568641665,23.82396126813497
2026-08-24 12:52:29.140800,S003,ph,6.068717652960256,-25.688844582134195,18.319105615631983
2025-12-31 03:52:29.140800,S005,ph,7.092483609456909,-31.017994940603845,30.997899293186315
2025-12-04 11:52:29.140800,S001,ph,5.444674926018227,-30.283359042763703,21.474089397314806
2026-04-18 20:52:29.140800,S005,temperature,37.71976780952737,-32.75068030487268,26.621965690818584
2026-01-14 13:52:29.140800,S005,humidity,60.121977587705345,-31.074461892100437,23.478625145788087
2026-05-06 08:52:29.140800,S004,ec,6.812944898905398,-29.611936883069674,29.79565543665275
2026-04-26 14:52:29.140800,S005,humidity,61.60367159073321,-31.67438452107279,20.406042771612743
2026-04-04 02:52:29.140800,S005,ec,1.389776477960294,-26.809330173186282,20.358068768270265
2026-02-07 13:52:29.140800,S005,ec,1.2442550320356562,-33.21883281410985,19.939653433444427
2026-08-06 10:52:29.140800,S003,soil_moisture,0.5301582055716089,-25.587544918175187,26.472572988379596
2026-09-26 17:52:29.140800,S004,ec,2.1762966373210615,-29.287669432784032,28.982213316696257
2026-03-25 00:52:29.140800,S005,humidity,98.08686489637921,-33.06543112831405,28.084936357449436
2026-10-20 04:52:29.140800,S005,ec,1.6344170947275998,-26.220886081803368,26.607614313234826
2026-01-25 02:52:29.140800,S004,humidity,41.30856403754942,-26.382892068612456,31.78679168899502
2026-08-26 22:52:29.140800,S004,soil_moisture,0.46099826033132457,-25.516566254219413,25.428890628491096
2026-08-13 17:52:29.140800,S005,humidity,70.11117034925572,-25.951997698612814,20.785252545177542
2026-02-07 21:52:29.140800,S001,ec,0.9883305199929932,-33.90953024541538,20.112829814738888
2026-03-10 23:52:29.140800,S004,ec,1.2435223021374688,-28.758246512509718,23.71233010313735
2026-04-24 21:52:29.140800,S002,ph,6.493711994528784,-26.37159083382224,25.117854191395793
2026-03-23 23:52:29.140800,S005,humidity,55.10916165361688,-25.75396346475437,23.06633658781974
2025-11-02 18:52:29.140800,S002,temperature,16.73512498464803,-29.747730542325254,30.402424023686194
2026-09-27 03:52:29.140800,S002,ec,1.8005031321611082,-31.935175689243508,30.981987338462623
2026-03-27 03:52:29.140800,S002,soil_moisture,0.5139995795983763,-33.00297456007322,20.970866691236363
2025-12-13 20:52:29.140800,S001,soil_moisture,0.5691258361136808,-27.07081303056465,22.029566618488424
2026-03-16 19:52:29.140800,S001,temperature,39.33302435948709,-33.81959550345318,29.28352282874942
2026-10-30 18:52:29.140800,S002,ec,1.4240966817030456,-33.40050124187527,23.207719832499084
2026-09-28 15:52:29.140800,S001,ph,7.36111592580621,-27.459540333543764,21.00527701383292
2026-04-30 08:52:29.140800,S004,temperature,31.787869571130692,-28.42219615825558,24.38739674965298
2025-11-21 10:52:29.140800,S002,ec,1.1249674185470524,-24.818493957735754,29.105579341890127
2026-09-09 04:52:29.140800,S003,ph,6.103208104855538,-29.525924935608924,24.81335223788408
2026-07-07 22:52:29.140800,S002,temperature,20.36154381810922,-32.80467351289447,26.827721542987582
2026-02-28 17:52:29.140800,S003,ec,1.2342044071984297,-25.895589122996586,20.5553538900904
2026-08-03 09:52:29.140800,S003,soil_moisture,0.5588609415982064,-31.621125224680156,23.57443205825855
2025-11-27 04:52:29.140800,S001,ph,6.334322896495723,-28.893637677225282,20.452960075151896
2026-06-04 06:52:29.140800,S002,ec,1.806576995844488,-30.810504132197256,21.948733381155492
2026-04-07 05:52:29.140800,S005,soil_moisture,0.5106187225439551,-26.84402853688393,31.54443351564614
2026-04-15 13:52:29.140800,S002,humidity,49.05764240718845,-33.053667349425154,25.0431045700282
2026-03-13 08:52:29.140800,S003,temperature,38.12183353935332,-28.872994768818483,26.21890069880029
2026-06-10 10:52:29.140800,S003,soil_moisture,0.648486691907792,-28.570654971557648,18.433460820585637
2026-02-15 21:52:29.140800,S002,temperature,32.94571602095442,-32.48075664043726,20.56512976407169
2026-04-17 02:52:29.140800,S004,temperature,17.190611073596834,-31.515444660222574,18.982281549220136
2026-10-12 00:52:29.140800,S005,humidity,35.583572227319664,-32.09926038972744,26.844057438329717
2025-11-04 09:52:29.140800,S003,humidity,62.18945656519948,-26.096538230413522,31.82389644324367
2026-08-07 01:52:29.140800,S004,soil_moisture,0.38789283606034536,-30.111461024061683,27.63324079599495
2026-01-26 02:52:29.140800,S001,temperature,12.088123197699803,-26.940867516016482,18.25414865316793
2026-04-16 07:52:29.140800,S001,ec,2.2878070487900892,-31.759429237477534,28.338409120960826
2026-03-08 06:52:29.140800,S005,humidity,66.67964344957554,-33.64440784575163,28.01400808250702
2026-08-11 12:52:29.140800,S004,ph,7.686686088536133,-24.64829101808713,27.47845484340857
2026-03-16 17:52:29.140800,S003,soil_moisture,0.748756372638573,-25.848266554430023,25.2092309624127
2025-11-19 11:52:29.140800,S004,ph,6.713781632027277,-31.20234589873318,30.95202521248804
2026-05-24 00:52:29.140800,S001,temperature,19.067839701467225,-31.402389924935687,21.59984813781179
2025-12-12 01:52:29.140800,S003,humidity,91.53586998314537,-29.39069423057473,29.430113215422438
2026-05-03 07:52:29.140800,S001,humidity,38.66511907627891,-26.733899130015402,20.84913638784399
2026-09-15 10:52:29.140800,S004,soil_moisture,0.2872925044818124,-31.926709646496032,29.22328363137094
2026-11-03 12:52:29.140800,S004,ec,1.6798964689397051,-24.90738661062499,26.38946452037501
2025-11-02 11:52:29.140800,S002,temperature,27.83968047480946,-31.760569064643423,24.952855900392326
2026-05-25 14:52:29.140800,S004,soil_moisture,0.4222030915580729,-33.36673022502644,28.60373510038752
2025-12-27 15:52:29.140800,S004,ec,1.5388782528209661,-26.90715662773776,23.60574430074049
2025-10-14 22:52:29.140800,S003,ph,6.331634815558165,-29.847641339326458,19.223866086822873
2026-11-16 05:52:29.140800,S001,soil_moisture,0.30344386835710524,-29.105808470045986,20.146189279452393
2026-10-28 21:52:29.140800,S001,ph,6.904385676065221,-31.901361454115644,27.669197435633787
2026-05-21 19:52:29.140800,S003,humidity,104.59785252469554,-33.71026178420185,19.9919507690997
2026-09-03 10:52:29.140800,S005,humidity,69.55207744720002,-27.90859492596329,24.919598012010297
2026-02-25 05:52:29.140800,S005,ph,6.954346553967817,-29.21481638366825,31.835768534698488
2026-04-17 20:52:29.140800,S001,humidity,48.17053169791294,-25.259660419981042,31.428745944070943
2026-06-20 13:52:29.140800,S004,ph,6.291806039255741,-24.0843954879267,23.295688013128377
2026-02-14 09:52:29.140800,S004,temperature,26.618458049234405,-24.83394808773684,29.000804562630776
2026-05-01 00:52:29.140800,S003,soil_moisture,0.8434281443970653,-24.09028955356721,25.901359570495938
2026-07-19 13:52:29.140800,S005,ph,5.759967180782675,-30.843006270546347,23.181112021803273
2025-11-24 15:52:29.140800,S005,temperature,24.762321261021466,-24.527502476638677,26.57338985594857
2026-07-06 14:52:29.140800,S004,temperature,19.27780679307512,-31.732691168912396,29.2813313615259
2026-10-04 07:52:29.140800,S005,ph,6.282541370211787,-32.31713655556983,29.03649586955312
2026-02-16 08:52:29.140800,S005,soil_moisture,0.4505050624995165,-33.319788413312224,30.052200102723297
2026-01-27 11:52:29.140800,S004,soil_moisture,0.35592577668618564,-25.68601043552888,28.82622128054601
2026-02-21 11:52:29.140800,S002,soil_moisture,0.40463110342829534,-27.65277378654958,29.462134995232866
2026-09-06 19:52:29.140800,S002,temperature,22.234880098497193,-27.529986370278397,21.551090249611693
2026-06-14 04:52:29.140800,S001,ec,1.0872088989179796,-24.206274804587075,23.060914447150523
2026-10-05 10:52:29.140800,S004,temperature,29.62248645172846,-28.174336949941775,23.879083961168963
2025-11-07 21:52:29.140800,S003,soil_moisture,0.47334499866940477,-28.067230514779432,26.234869117483612
2025-12-08 14:52:29.140800,S004,humidity,-10.404520114570886,-25.298086819227308,22.490700788639856
2025-12-08 12:52:29.140800,S001,ph,6.391996874218382,-26.26592537572596,20.039201314630397
2026-03-03 12:52:29.140800,S002,humidity,90.11553359567046,-24.717669938309804,30.64208042361289
2026-10-11 10:52:29.140800,S005,humidity,75.46246765951003,-31.885225810040108,19.86186121182317
2025-11-14 16:52:29.140800,S004,soil_moisture,0.4920996757136444,-30.255715580272074,21.410400458515817
2026-02-25 17:52:29.140800,S003,humidity,30.305852447361183,-31.65224985013616,19.87075449551833
2026-07-28 00:52:29.140800,S005,ec,2.2364631528943297,-27.369413287812947,25.264776247189058
2026-10-05 17:52:29.140800,S003,ec,2.280299676068839,-29.52347357772053,21.671469699812867
2026-05-16 11:52:29.140800,S003,temperature,26.413677376529982,-33.97127188593182,20.970194105805213
2026-01-07 09:52:29.140800,S003,ph,6.309509826435144,-26.109065292403564,20.391782852130852
2026-10-09 09:52:29.140800,S005,humidity,71.82058816139146,-28.485329481083085,23.215763601321093
2026-02-19 08:52:29.140800,S002,temperature,-0.21205043318875028,-28.045390180441547,23.87532268140885
2026-03-28 22:52:29.140800,S005,ec,1.7887621114625654,-28.924894245481028,18.417175137690755
2026-11-09 12:52:29.140800,S005,ec,1.760270611612266,-25.746092894046214,26.19018121169345
2026-02-28 12:52:29.140800,S003,ph,7.684993310332036,-29.834072051676735,22.30610167813191
2026-05-27 11:52:29.140800,S001,temperature,21.56776425929116,-25.14539118430671,19.9561637210308
2026-07-12 08:52:29.140800,S005,humidity,67.9045525230326,-32.01421899584153,25.44311865184865
2026-02-23 17:52:29.140800,S004,temperature,13.998614592848941,-28.61367267175494,26.050661134841913
2026-03-14 17:52:29.140800,S001,ph,6.514057570763144,-28.08727101182204,18.739483631853574
2025-12-24 10:52:29.140800,S005,humidity,71.40773990581903,-26.180364640542304,23.794751005889015
2026-05-15 11:52:29.140800,S002,temperature,26.158809316332665,-30.623970350280597,29.57585864409557
2026-07-21 04:52:29.140800,S004,humidity,105.45949598740368,-33.73846240428904,22.97445676627357
2025-10-19 22:52:29.140800,S003,ph,6.496625964835868,-30.625621246237138,20.680230228310627
2026-04-15 16:52:29.140800,S001,humidity,114.18098209548143,-24.008943309612373,20.35748821057915
2025-11-19 23:52:29.140800,S001,temperature,21.83188940643076,-26.001572279577182,23.3592650674573
2026-04-04 06:52:29.140800,S001,ph,6.665298809537087,-33.84319167294535,25.37445960368821
2026-09-28 15:52:29.140800,S005,humidity,70.91604504065512,-27.244919746071744,28.174134794030085
2026-08-07 17:52:29.140800,S005,ph,6.534093309546602,-30.248959660957787,21.29598956400409
2025-10-15 03:52:29.140800,S001,temperature,29.32706279642014,-28.119490920481688,21.51651157783757
2026-06-15 13:52:29.140800,S005,soil_moisture,0.3995638715423899,-32.95019788981895,20.986765299395742
2026-11-07 14:52:29.140800,S003,ph,7.161991168988953,-28.686897690077195,28.67484950901884
2026-05-15 04:52:29.140800,S003,soil_moisture,0.3043756117142803,-26.34290029731929,25.44760937088813
2026-07-20 13:52:29.140800,S001,temperature,19.745157310117815,-27.848573985191926,21.859615226500562
2026-11-07 04:52:29.140800,S001,soil_moisture,0.31524635222743147,-29.038163919721033,27.394570507081692
2026-03-21 13:52:29.140800,S003,humidity,79.58795833508431,-33.45598682824009,27.13239006209748
2025-11-13 06:52:29.140800,S003,ec,1.4158756820165257,-25.797513535570904,24.922092486485187
2025-12-08 12:52:29.140800,S005,soil_moisture,7.165748919220757,-31.37296358694752,22.026192761213483
2026-04-28 19:52:29.140800,S002,ph,6.530388849604997,-32.918970382868196,22.570213241643806
2026-06-03 09:52:29.140800,S001,ph,6.097415924406027,-26.407455178652015,20.389769719803745
2026-05-05 18:52:29.140800,S004,humidity,73.56841122521702,-27.8221958654714,26.60944177159241
2025-10-04 18:52:29.140800,S003,soil_moisture,0.6171364445645955,-25.147524738835973,26.656854790689103
2026-08-22 05:52:29.140800,S005,temperature,22.874656705291272,-25.98767648207148,29.167641569941814
2026-03-30 10:52:29.140800,S001,humidity,42.403688292229745,-25.20025486945128,20.782161555599828
2025-12-22 04:52:29.140800,S005,soil_moisture,0.6675906014740607,-31.594515136205942,21.17824051017325
2026-06-26 19:52:29.140800,S003,soil_moisture,0.3909280727387297,-28.48881577594688,19.08891937170437
2026-09-28 11:52:29.140800,S005,temperature,28.74569815714696,-24.77892336872619,30.183415301756057
2026-05-27 01:52:29.140800,S003,ph,5.9789296946945205,-27.003989534684166,29.135695638752907
2026-01-04 06:52:29.140800,S003,soil_moisture,0.6203464343243714,-33.394527338549736,20.753987209010287
2026-02-28 18:52:29.140800,S004,ph,6.178861800328705,-24.049875676432293,22.826174453562096
2025-11-13 01:52:29.140800,S001,ec,1.6635102963593986,-25.35306090528083,22.478649834310055
2026-06-13 13:52:29.140800,S005,humidity,40.14246006031214,-25.0258283541667,28.755112174749144
2025-12-20 23:52:29.140800,S001,soil_moisture,0.3810043820475893,-32.3697988334974,19.404508242789866
2025-11-29 08:52:29.140800,S002,temperature,21.063639761618774,-24.480916553293298,24.47485968466153
2025-10-20 02:52:29.140800,S005,ec,1.9731933304687785,-25.29493899372427,27.08369024288651
2026-01-02 00:52:29.140800,S004,ec,0.667365940538651,-32.656178656656614,29.802872109774437
2026-11-12 20:52:29.140800,S001,humidity,94.57894442296822,-32.26503168042759,31.878890113556672
2026-10-04 03:52:29.140800,S005,temperature,35.313839744624566,-28.771901187712864,18.008514202612577
2026-01-20 22:52:29.140800,S004,ec,1.1784790085580297,-33.76069338924003,29.263193584589466
2025-11-10 20:52:29.140800,S002,temperature,12.094046923152662,-31.418582470805923,26.664694269669127
2026-09-04 07:52:29.140800,S001,ph,6.325151049980093,-28.87195736110378,26.88585349645167
2026-04-29 22:52:29.140800,S005,soil_moisture,0.505318482304591,-29.690536937944593,26.264892009607475
2026-03-11 10:52:29.140800,S003,ec,1.2366144075868042,-30.65047608409417,28.88483303277409
2026-10-26 04:52:29.140800,S004,humidity,72.97859919699741,-30.629515179673742,31.422016038427273
2026-05-22 23:52:29.140800,S005,ec,1.7582752017351657,-32.884696070599404,27.224989675128207
2025-11-05 19:52:29.140800,S001,soil_moisture,0.5094503569764134,-29.492861474629695,18.625611638622022
2026-08-30 20:52:29.140800,S004,ec,0.945105146951687,-29.05970393446625,31.304539366589456
2025-12-03 07:52:29.140800,S004,ec,2.1232157119068606,-28.8505949265111,30.92767948431674
2026-11-17 21:52:29.140800,S002,soil_moisture,0.5360146505285552,-33.13661201123616,29.65012261025393
2026-11-12 13:52:29.140800,S004,ph,6.513557323626468,-30.169921501255992,18.014052542319988
2026-11-11 23:52:29.140800,S001,ec,1.8826656480982387,-30.257448413630314,22.128559785699025
2025-12-15 15:52:29.140800,S004,humidity,76.69558186585253,-24.814332136391627,25.39632032306385
2026-07-14 03:52:29.140800,S002,soil_moisture,0.3780942996968321,-28.119075305004934,21.015306626439354
2026-10-16 08:52:29.140800,S002,humidity,40.076480508064236,-26.846639076741077,20.704210918291356
2026-03-31 14:52:29.140800,S002,temperature,38.58353441141527,-30.150360805741613,20.72375329566582
2026-03-21 08:52:29.140800,S004,ec,1.7086410939677052,-25.343167294237055,24.924764562323766
2025-10-07 22:52:29.140800,S005,ec,1.19209072707371,-28.408748046836862,29.240178090181715
2026-02-16 03:52:29.140800,S002,ph,6.77910019378335,-32.41628605542262,18.26504091564158
2026-01-03 23:52:29.140800,S005,ph,6.793764672139048,-30.712655443477317,28.00392457543932
2026-10-16 12:52:29.140800,S003,temperature,20.833679440336347,-29.449072353742363,25.159306079248807
2026-08-01 18:52:29.140800,S001,ph,6.690428754666198,-30.88576859235787,29.315786261883922
2026-11-07 02:52:29.140800,S001,ec,1.2606546626708592,-25.00958198597678,22.64661016604448
2025-12-17 15:52:29.140800,S003,humidity,65.76207448508526,-31.633873095020668,28.62978761712227
2025-12-30 22:52:29.140800,S005,humidity,65.21724511667155,-28.85045027541958,20.06918981806754
2026-03-07 06:52:29.140800,S001,soil_moisture,0.17526050842232432,-28.323920111569983,20.6056035431089
2025-11-04 04:52:29.140800,S003,ec,0.6816330022031541,-33.77189454455146,27.289501439684884
2025-10-23 20:52:29.140800,S001,humidity,79.0657214731445,-26.44360460574095,18.959609776134076
2026-09-15 18:52:29.140800,S001,temperature,26.599808314511503,-33.00073592672287,27.2892530496749
2026-11-11 23:52:29.140800,S005,temperature,32.76399718261834,-26.456280754403515,27.750072422157523
2025-10-14 05:52:29.140800,S003,temperature,20.651962597995848,-30.025465654676296,21.067704056481567
2026-02-20 20:52:29.140800,S002,temperature,26.136234661621423,-25.02529809085241,23.52068963955967
2026-03-25 19:52:29.140800,S005,ec,0.8910076688974646,-32.94222468413928,21.926210089700675
2025-11-28 03:52:29.140800,S001,ec,1.4175846021958591,-32.85387399525085,31.714893572322694
2026-04-12 17:52:29.140800,S005,humidity,64.71327481972482,-32.915495188255704,20.775324160380638
2026-08-22 14:52:29.140800,S001,ph,6.6963357618670045,-26.958122236058045,19.9558846872586
2026-08-24 10:52:29.140800,S001,humidity,25.9752096416019,-28.824239238400857,20.892786273768987
2025-11-30 00:52:29.140800,S002,temperature,21.462947728483368,-26.932756938094215,24.535117946983263
2026-06-18 19:52:29.140800,S005,humidity,95.66411422462689,-29.018437084303713,18.256746407194864
2026-07-08 11:52:29.140800,S001,ec,1.1090965376754542,-24.837823256788056,22.936300397073577
2025-11-18 07:52:29.140800,S003,ec,1.8468232944266818,-30.10605591829937,21.24884002721486
2026-08-08 19:52:29.140800,S003,ph,6.113718481189148,-28.408612898360005,18.742688684174166
2025-10-24 22:52:29.140800,S002,soil_moisture,0.5694639208010889,-29.42309609747976,20.5271729612548
2026-02-06 00:52:29.140800,S004,temperature,39.85381291338936,-33.42084271500506,25.673679669109433
2026-06-09 22:52:29.140800,S003,temperature,26.367474175515337,-24.22777389435406,22.15928831022812
2026-10-29 13:52:29.140800,S005,soil_moisture,0.7024488946242926,-33.61802295867651,19.253662557864086
2026-03-21 17:52:29.140800,S004,ph,6.060060242709453,-32.135664112811014,18.715759322920682
2025-11-14 09:52:29.140800,S002,ec,1.300207887472073,-32.640050649790865,26.566973232020267
2026-02-08 23:52:29.140800,S001,temperature,36.89077257448102,-30.85179366420632,24.26224400615513
2026-10-14 15:52:29.140800,S001,humidity,58.55353550226753,-30.658533642378547,27.385775900352414
2026-10-13 18:52:29.140800,S004,ec,1.3227165435684967,-31.46596109072803,29.32382131670597
2025-10-23 04:52:29.140800,S001,soil_moisture,0.3761685724127481,-33.672589282463946,27.502993698739296
2025-12-25 13:52:29.140800,S003,humidity,78.358509421281,-25.476515484416836,23.062393334282532
2026-01-10 12:52:29.140800,S002,soil_moisture,-5.136347279463816,-28.759227172123904,21.21852960519838
2026-08-26 01:52:29.140800,S002,temperature,26.739907680136618,-33.102946898974835,30.137487503230844
2026-09-01 00:52:29.140800,S005,ph,-9.465646164577706,-30.664286671906716,18.96230894886125
2026-11-15 01:52:29.140800,S005,temperature,33.97556931447227,-29.38370978349529,19.980161870663846
2026-05-07 00:52:29.140800,S003,temperature,30.163022315603207,-27.39803289158531,20.034431794223117
2026-05-04 02:52:29.140800,S004,ph,7.228230020913924,-28.605382337935087,28.971198216384444
2026-10-31 02:52:29.140800,S005,ec,1.5250335786338676,-30.642902063850975,22.948130442640043
2026-02-25 07:52:29.140800,S004,soil_moisture,0.228304259582161,-27.81136452778493,21.79548571104868
2026-05-29 18:52:29.140800,S002,humidity,101.37891070230097,-27.135842678706634,27.02930049701297
2026-04-21 02:52:29.140800,S005,temperature,14.700944269606154,-32.7723183996343,28.507132429832332
2026-03-10 16:52:29.140800,S002,soil_moisture,0.33115679190956393,-26.197624267073813,18.70629704052163
2026-05-07 08:52:29.140800,S002,ph,6.682355170599156,-25.911193377269065,18.781440798045058
2026-09-21 18:52:29.140800,S004,temperature,26.253560285808796,-33.761249125894246,26.481367136269093
2026-11-08 13:52:29.140800,S003,soil_moisture,0.7128017625725331,-30.924736568863192,26.70477607021721
2025-12-20 13:52:29.140800,S004,soil_moisture,0.5807210165722426,-27.61365565321112,18.12779103486567
2025-12-21 14:52:29.140800,S005,ph,5.919853606560486,-24.200026413521613,27.127062550773015
2025-11-14 04:52:29.140800,S003,soil_moisture,0.6869814713462221,-25.49464677556027,30.671276908699934
2026-02-28 22:52:29.140800,S002,ec,0.9731767353156417,-30.344170536919957,31.371065887708696
2026-06-15 16:52:29.140800,S002,soil_moisture,0.5248425637690679,-33.876250914051944,26.179927050502496
2026-06-02 07:52:29.140800,S002,ph,-2.6140895655408825,-29.285640361991916,20.820244328227673
2026-11-03 23:52:29.140800,S004,ph,7.539752681387141,-33.86987164122758,31.58982900713562
2025-12-12 08:52:29.140800,S005,temperature,21.678130547551557,-33.86694608809299,27.227869180423692
2026-04-29 23:52:29.140800,S005,ec,1.4700058211801437,-31.544444449649344,29.233614629990022
2026-09-23 12:52:29.140800,S001,soil_moisture,0.5084854995878536,-25.445857334118077,31.909734639322075
2026-01-03 08:52:29.140800,S003,ph,6.021324512983442,-28.745822254366104,31.94106132565908
2026-04-18 12:52:29.140800,S003,temperature,30.79148391619437,-25.795707878473227,19.65449090987727
2025-11-22 21:52:29.140800,S004,ph,6.516563037803114,-29.77318287851088,21.786856545758592
2025-12-03 20:52:29.140800,S005,humidity,62.80487371224301,-33.219001906237075,28.343407493179875
2025-11-28 12:52:29.140800,S005,soil_moisture,0.4959162521601541,-32.01614828231379,24.477968849498474
2026-07-29 10:52:29.140800,S002,soil_moisture,0.3386258019441872,-32.42838849869518,22.228942256286913
2026-11-04 09:52:29.140800,S002,ec,1.2677629168700018,-27.92741316881164,23.853217673934854
2026-07-22 04:52:29.140800,S001,temperature,33.808702035870105,-32.2300063306318,22.41183000733862
2026-01-07 12:52:29.140800,S002,ph,7.212938960988158,-28.033618740717603,20.576871649981285
2025-12-15 11:52:29.140800,S002,ph,5.399151137034214,-27.946268970744228,27.63411299968005
2025-11-07 05:52:29.140800,S004,soil_moisture,0.4094945501978907,-28.332789619516927,22.645642388521026
2025-11-24 20:52:29.140800,S004,soil_moisture,0.5181448078400543,-27.605964955183246,27.450945615415392
2025-10-30 19:52:29.140800,S005,temperature,27.93307542835464,-32.31783569479053,28.58779705699149
2026-09-26 10:52:29.140800,S003,temperature,31.613006569064556,-32.96389415625206,28.64577651879213
2026-06-21 18:52:29.140800,S002,ph,7.431535145220077,-30.172712339581235,31.629982304865933
2026-03-29 04:52:29.140800,S003,ec,1.5292779693903256,-30.419694234444915,19.211115245451097
2026-09-17 00:52:29.140800,S004,ph,6.24149805060034,-29.53017461531727,21.428374892805923
2026-05-13 18:52:29.140800,S005,ec,1.6264220607740312,-30.188807352278637,18.752844200034417
2026-11-23 17:52:29.140800,S002,ph,6.41477384544588,-27.65338289554056,31.572354268812134
2026-05-15 01:52:29.140800,S003,temperature,19.20533229962998,-32.31178359791338,23.300855804572294
2025-10-15 01:52:29.140800,S002,ph,6.588262996536934,-29.958054444493996,25.59046965855108
2026-01-09 23:52:29.140800,S001,temperature,10.204109229730323,-31.400063258670407,25.328747207814704
2026-08-08 03:52:29.140800,S002,humidity,54.50983128543048,-33.17105198771249,29.8419712137082
2025-12-19 09:52:29.140800,S005,ph,6.726641666083964,-25.699864671123294,28.219770007364325
2025-11-30 08:52:29.140800,S004,temperature,15.03432633602301,-28.466379535172106,25.72027924927233
2026-09-10 10:52:29.140800,S003,ec,2.9467027292647634,-24.867343508010386,25.24017401179777
2025-12-10 17:52:29.140800,S001,humidity,53.043579993157095,-30.020416565386643,31.523977396900946
2025-12-28 04:52:29.140800,S005,soil_moisture,0.552942085452373,-29.67645730392611,27.9966560875428
2026-08-10 09:52:29.140800,S004,ph,6.671534645634455,-33.44962238704042,27.621293922226894
2026-08-17 14:52:29.140800,S004,ec,1.1935322492588423,-25.99728196905044,24.298408307375645
2026-07-03 07:52:29.140800,S002,humidity,69.36509747257799,-30.64416169809906,23.53653296313854
2026-01-12 03:52:29.140800,S001,ph,6.753479636302017,-26.818628601667204,27.48572584757398
2026-07-07 18:52:29.140800,S005,ec,1.3646983921720277,-26.31995508396733,28.963789607226964
2025-10-24 23:52:29.140800,S004,humidity,68.00031282877347,-30.13916984602643,28.81153488925282
2026-09-13 11:52:29.140800,S005,soil_moisture,0.3884652603738863,-29.55992128008031,31.114285662129653
2026-03-10 20:52:29.140800,S002,humidity,87.57530026670642,-31.004869306907732,31.459792224800907
2026-11-21 01:52:29.140800,S003,humidity,97.26014092492326,-31.00625198985987,20.787756176286745
2026-06-14 23:52:29.140800,S002,ph,6.048425834022928,-27.692194381856048,29.415943911445304
2026-06-07 12:52:29.140800,S002,ec,1.0344487735123005,-33.5938661551073,25.71479369045879
2026-02-27 22:52:29.140800,S004,soil_moisture,0.6184313000832254,-27.858845307527808,29.55007532598041
2025-12-04 14:52:29.140800,S005,temperature,23.38703815382015,-24.08460678042424,28.788414501778938
2025-11-09 07:52:29.140800,S004,soil_moisture,0.5341271383564967,-30.06478823922436,22.41896159914186
2026-02-11 12:52:29.140800,S001,humidity,75.05932303861407,-29.047603573227697,19.33142357382975
2025-11-26 21:52:29.140800,S005,humidity,24.921404588542075,-24.253002628721347,24.754383120259472
2025-12-02 06:52:29.140800,S005,soil_moisture,0.2950019788118873,-29.230960236046087,28.21864472474413
2025-12-03 01:52:29.140800,S004,temperature,20.679688702456225,-31.960673778376005,26.028303104540633
2026-02-20 13:52:29.140800,S004,ph,5.9877965760169225,-32.13324400125787,30.952345833682774
2026-08-04 06:52:29.140800,S003,temperature,30.01565988676197,-31.370775267471615,27.275680954810788
2026-03-03 12:52:29.140800,S001,ph,6.224512307717109,-26.549653407660788,28.65000665584912
2026-06-29 22:52:29.140800,S001,soil_moisture,0.7435973452657085,-32.82234422318883,26.007740352355412
2026-09-05 02:52:29.140800,S001,soil_moisture,9.924269915663551,-30.754024296238978,19.233651219412614
2025-12-23 11:52:29.140800,S004,soil_moisture,0.4159843677167969,-29.337681059023044,26.824984287170786
2026-03-10 23:52:29.140800,S005,ec,1.5531567788313108,-25.653539221930103,20.66164791782183
2025-12-29 11:52:29.140800,S001,temperature,32.19046217336336,-24.812565284557227,26.563204064920154
2026-10-28 04:52:29.140800,S005,soil_moisture,0.5742668449511158,-33.120110121642,31.429862241829177
2026-06-09 19:52:29.140800,S003,temperature,25.243293419449618,-26.792053398506766,27.019887837470996
2025-12-31 15:52:29.140800,S003,ph,6.400237687444663,-32.350807120387245,24.842107914089667
2026-11-14 23:52:29.140800,S003,humidity,57.815404561741715,-26.06276251893242,23.404894021257515
2026-04-29 04:52:29.140800,S003,temperature,19.07397388909004,-28.1219186593311,24.401627397521317
2026-06-28 09:52:29.140800,S005,ph,7.381959751983658,-31.912676509546408,29.420294592497815
2026-01-20 14:52:29.140800,S002,humidity,-4.445347545862859,-29.413892239214935,25.164659267185062
2026-03-01 18:52:29.140800,S001,ph,7.178825808256716,-25.502993978951224,24.569451120961723
2026-09-04 06:52:29.140800,S003,temperature,35.95121954464257,-28.776994987084937,31.369888334473362
2026-03-22 05:52:29.140800,S005,ph,-8.005887672283716,-26.543760950070713,20.349057004758055
2026-01-23 19:52:29.140800,S005,ec,1.6815034090639482,-30.836864830694566,18.7522421252298
2025-12-24 03:52:29.140800,S005,ph,6.220234493458167,-30.422505435528702,19.308520604665105
2026-03-03 20:52:29.140800,S003,ph,7.062611252767583,-27.545341788881366,24.230991492380333
2026-02-14 15:52:29.140800,S003,soil_moisture,0.6341787904886867,-29.977124895909693,24.03814631908412
2026-08-08 19:52:29.140800,S001,ph,6.003527353838932,-33.5662626840541,27.519259485681207
2026-09-15 01:52:29.140800,S001,humidity,74.13469232507215,-24.202053997548745,25.586791704950556
2026-09-12 22:52:29.140800,S002,soil_moisture,17.316021773667202,-27.974342393919944,20.732629576768993
2025-12-12 17:52:29.140800,S005,ec,1.5627836468984742,-28.588055443134103,22.672119709128488
2026-06-09 13:52:29.140800,S004,ph,-12.673717258181837,-32.75956861853076,24.950492423852687
2026-02-24 04:52:29.140800,S004,soil_moisture,0.27223304274973903,-26.388017624921968,22.361937806124935
2026-04-30 13:52:29.140800,S004,ec,-3.3488137841444465,-24.602814860676027,31.05830440228126
2026-09-11 09:52:29.140800,S003,soil_moisture,0.45671706607726154,-24.632567608374995,19.363066407803213
2026-06-29 15:52:29.140800,S005,ph,7.0905699405309015,-28.94507129562461,21.785461578110766
2026-05-06 13:52:29.140800,S001,temperature,20.626373779543936,-31.562968130650066,27.08576188936335
2026-05-04 04:52:29.140800,S004,ec,1.5657919948704342,-32.283888842762615,24.170438425063786
2025-10-04 01:52:29.140800,S001,ph,7.488456171708137,-28.862424022249527,26.436830326021784
2025-12-03 23:52:29.140800,S004,soil_moisture,0.5882297168966697,-33.000939734915974,20.04892301823171
2025-10-29 05:52:29.140800,S005,soil_moisture,0.3280606279254977,-28.550721156360638,29.51995879686948
2026-09-19 21:52:29.140800,S001,ec,1.7181510409067888,-27.94573797131349,25.320573180488786
2026-11-23 20:52:29.140800,S003,humidity,45.212051408374066,-31.154283138378688,29.78322646065744
2026-08-05 06:52:29.140800,S001,temperature,19.33359796491758,-32.67516323347426,23.997497957042217
2026-10-27 05:52:29.140800,S001,ec,1.6929498196155666,-32.71551444883498,19.263726829653095
2025-12-02 05:52:29.140800,S001,ph,21.242822482612375,-33.65889199933813,24.97037475900763
2026-06-29 11:52:29.140800,S002,ec,1.2974531729654548,-31.962855243652225,20.75829073420481
2026-07-16 08:52:29.140800,S003,temperature,42.144322931566954,-26.813700277615236,23.712067860967807
2025-10-17 00:52:29.140800,S002,humidity,51.12819634246046,-30.34149089961963,27.286916436921455
2025-11-08 23:52:29.140800,S002,ec,2.364945968179849,-30.892681187257523,22.07025094725659
2026-04-10 07:52:29.140800,S001,ph,6.354922691649083,-30.338877358929473,26.947987289664937
2026-08-02 19:52:29.140800,S001,soil_moisture,0.6331348451734393,-26.605117342101213,18.51324698508278
2026-07-22 21:52:29.140800,S003,humidity,49.228651813716155,-30.749394736182076,25.404633768086825
2025-11-01 16:52:29.140800,S003,soil_moisture,0.3113609565838013,-33.63730161312776,21.95320978566003
2026-07-07 06:52:29.140800,S005,temperature,26.780451843615488,-32.567816718529656,25.73472370337831
2026-10-11 01:52:29.140800,S002,humidity,58.06592254346379,-29.0749339633222,30.70350548542735
2026-05-17 07:52:29.140800,S002,temperature,30.65792725021917,-31.822728124132073,23.53096659074403
2026-10-11 02:52:29.140800,S003,ph,5.661097252960641,-27.686260339230106,19.984779749009085
2026-10-11 02:52:29.140800,S004,humidity,63.122371423885205,-24.21586630639209,25.25775206146527
2026-07-30 00:52:29.140800,S004,humidity,88.89480577231613,-31.06253581247101,23.737072451999023
2026-03-08 11:52:29.140800,S005,ec,1.4004203407215619,-31.63568587964288,18.167643274007396
2026-03-11 21:52:29.140800,S005,humidity,50.37985554629214,-32.14314847621233,18.224367599718928
2026-01-20 13:52:29.140800,S005,humidity,50.32228753706528,-32.39183013030223,26.176845347962406
2026-08-20 22:52:29.140800,S003,temperature,18.695836330266815,-32.135773138097065,20.440927842752032
2025-12-31 01:52:29.140800,S003,ph,5.850256919080984,-29.485255503330094,18.84913213017324
2026-10-25 04:52:29.140800,S003,humidity,79.54105606748382,-30.62491832265109,18.96305985792813
2026-04-12 04:52:29.140800,S002,humidity,87.60947631806815,-31.336791895121138,29.912252849389617
2026-01-08 13:52:29.140800,S003,humidity,67.06864555806065,-26.179453938317266,21.02307341039041
2025-11-17 09:52:29.140800,S003,ec,1.2081922777074734,-27.764996229695274,25.429539231402238
2026-08-26 04:52:29.140800,S001,ph,6.5209070445406425,-32.25342927055348,29.449391224494384
2026-01-11 02:52:29.140800,S004,humidity,94.60735538037187,-31.184808305831172,25.082249541788606
2026-07-21 16:52:29.140800,S003,temperature,15.807930026886753,-27.13513791210751,20.220417583994912
2026-04-25 17:52:29.140800,S004,ec,1.8877019036476101,-26.346399043774863,18.77900963019356
2025-12-10 17:52:29.140800,S001,ec,0.9842387872263704,-28.059325731063385,22.8341463555118
2025-11-26 09:52:29.140800,S001,soil_moisture,0.39337733882286907,-32.00938954775289,22.825766578951242
2026-04-07 09:52:29.140800,S002,ph,5.866111276226773,-33.92672894462049,29.705690133841173
2026-07-22 06:52:29.140800,S001,humidity,44.64609469547549,-32.234802188632884,20.113860390934683
2026-04-08 09:52:29.140800,S001,temperature,29.662401261974757,-26.19213287030625,31.778226187864092
2026-09-23 06:52:29.140800,S004,ph,5.761190890622453,-31.541715845767058,24.987356513551603
2026-03-27 13:52:29.140800,S004,humidity,70.11921234817264,-25.63984116698139,30.339747969818873
2026-11-20 06:52:29.140800,S005,soil_moisture,0.514690305006744,-32.93166367431695,24.968343739556857
2026-10-02 15:52:29.140800,S003,humidity,29.47780434896417,-33.935903429426745,24.374418192877155
2026-01-31 04:52:29.140800,S005,temperature,27.224853267159475,-28.133894062790468,20.035504914348284
2026-06-21 13:52:29.140800,S001,ec,0.8545022386684964,-25.06549356024071,22.86069736361501
2026-06-23 05:52:29.140800,S005,temperature,43.09402222880895,-27.123458333188168,20.67972483134468
2026-08-15 18:52:29.140800,S002,ph,9.418328993028988,-26.062382105650396,31.766952011653935
2025-10-21 22:52:29.140800,S005,soil_moisture,0.5338412192289675,-25.939568497013596,25.358278116406005
2026-08-12 11:52:29.140800,S002,temperature,22.59358195336767,-24.854452756208712,24.185239993876475
2026-02-03 17:52:29.140800,S003,ec,2.1218754100402317,-32.75708608527081,21.834590621640196
2026-11-04 07:52:29.140800,S002,temperature,15.51646147404146,-28.728895128089043,29.7242268539312
2026-08-14 07:52:29.140800,S001,ph,7.0951822185226945,-30.90700228432341,28.959943776920603
2025-10-19 23:52:29.140800,S003,temperature,25.05731190521922,-31.446235087451228,27.017882395141605
2025-11-15 23:52:29.140800,S002,humidity,76.49515898631294,-30.77979134062142,28.02913912505607
2026-04-02 03:52:29.140800,S005,ec,1.6723282479698178,-29.966180452418495,26.675462143052673
2026-08-23 23:52:29.140800,S001,temperature,24.635650623318472,-24.01459690228488,21.18792194092567
2026-06-24 14:52:29.140800,S003,temperature,24.614858534069953,-30.381870779401837,25.37544779142647
2026-09-03 20:52:29.140800,S004,ph,5.88633039719324,-25.528630924066512,31.6235879811183
2026-10-27 17:52:29.140800,S003,temperature,28.70043236277726,-27.53926380644944,19.822511899450436
2026-07-26 09:52:29.140800,S002,ec,1.7074068152790616,-27.76097874524736,23.25406637781364
2026-07-29 16:52:29.140800,S005,soil_moisture,0.47286294192318984,-26.470492073309458,27.434423407880878
2026-04-15 15:52:29.140800,S001,humidity,48.596489540669864,-31.79370857743409,18.125972356145766
2026-09-17 11:52:29.140800,S001,ec,1.4930392405849928,-32.09192426368051,19.24089233111881
2026-06-15 13:52:29.140800,S001,temperature,30.46527251001819,-33.68398658432629,19.460853121427427
2026-04-08 06:52:29.140800,S005,soil_moisture,0.16005234871081186,-32.45960751658528,22.314359684244437
2026-04-06 06:52:29.140800,S002,temperature,39.06621591583785,-30.024685226125072,26.63154007034275
2026-04-04 08:52:29.140800,S001,ec,1.8538268445769681,-30.483795671186247,21.72246508771061
2025-10-24 07:52:29.140800,S003,humidity,85.69672897978471,-32.8036698197017,28.146004109835346
2026-09-17 06:52:29.140800,S001,ec,2.4300182941686157,-27.131426392383375,24.433031431795165
2025-11-19 17:52:29.140800,S004,ec,1.2560814787928873,-27.55328488128748,30.19118977178372
2026-09-01 04:52:29.140800,S001,temperature,33.60765209420278,-33.460819546243066,19.229152250454845
2026-10-09 20:52:29.140800,S003,humidity,89.18781698566926,-26.47377374705593,25.02585232857639
2026-03-07 01:52:29.140800,S003,temperature,18.04902464090333,-27.48905803096666,25.500136019820598
2025-11-01 17:52:29.140800,S004,temperature,23.563284050050612,-31.571243711196864,23.059895275089872
2025-10-09 13:52:29.140800,S005,soil_moisture,0.5061744083672498,-29.99500401683566,30.66708247486591
2026-06-19 21:52:29.140800,S005,ph,6.399158249497129,-29.020001366309337,25.619174567817172
2026-08-18 01:52:29.140800,S003,humidity,75.96804171641057,-31.737025073501798,23.53906629504588
2026-06-20 06:52:29.140800,S002,humidity,22.241986642850932,-24.573335338118348,31.35020481927295
2025-11-12 03:52:29.140800,S003,ph,5.948232031541997,-24.26863692783627,31.59324562935155
2026-11-19 05:52:29.140800,S004,temperature,20.7670904668255,-29.876774395022288,23.530411226900902
2026-10-02 07:52:29.140800,S004,humidity,65.54753506036641,-31.202706959191122,30.179163012227537
2026-01-10 02:52:29.140800,S005,temperature,13.414263052714714,-32.88424341865135,26.374582616388196
2025-12-01 09:52:29.140800,S005,temperature,16.0979024490225,-33.38591636719697,19.60807903326385
2025-10-05 18:52:29.140800,S001,humidity,64.58543231107157,-29.761093304632254,21.81558510655821
2025-11-30 17:52:29.140800,S005,temperature,32.678966112852855,-30.725930204682676,30.413302788141912
2026-02-24 07:52:29.140800,S001,ec,1.2551881633865596,-32.61553256343165,24.79531118229727
2025-10-18 16:52:29.140800,S002,ph,7.673836742594328,-24.374992386966056,24.202492411322424
2025-12-09 02:52:29.140800,S001,temperature,19.587506180166418,-27.049924366733485,18.67323620947349
2026-03-06 06:52:29.140800,S003,ec,1.002733613845729,-25.996532664368416,25.338297080881446
2026-03-03 15:52:29.140800,S004,humidity,53.41665330203574,-32.68526010566121,31.79337378436141
2026-01-23 07:52:29.140800,S002,ec,1.8249710411897335,-28.31271030136969,28.24769244780217
2026-02-08 10:52:29.140800,S002,humidity,44.110355025531604,-27.45188725428883,29.40309330129861
2026-04-19 08:52:29.140800,S005,ec,1.4241205988028527,-30.542713233218237,22.13947824094793
2026-09-04 17:52:29.140800,S002,soil_moisture,0.8053265054059393,-26.71816243553566,18.51534300096371
2026-03-16 20:52:29.140800,S002,humidity,82.72088067923055,-26.07603237255811,30.816056564824887
2026-06-15 05:52:29.140800,S001,ec,1.612503687773875,-25.16014477468117,22.843715428639598
2026-03-21 15:52:29.140800,S001,ph,6.980348088858624,-24.79686237190314,30.881219106622517
2026-03-07 12:52:29.140800,S001,temperature,37.547747785954684,-28.14368296283515,26.978381580149385
2026-02-14 10:52:29.140800,S003,ph,6.596330859701063,-25.76007831773612,21.20724052457039
2025-12-30 14:52:29.140800,S003,ph,6.407619188100793,-33.079966430083296,19.407715883702977
2026-10-01 13:52:29.140800,S005,ec,0.7013456927943562,-27.97617084817709,26.11959795831129
2026-06-20 16:52:29.140800,S001,ph,6.254835340138916,-32.30869767570226,26.146076917326187
2025-10-16 23:52:29.140800,S001,temperature,22.867818398284143,-24.488743075505376,26.727936039894246
2026-08-04 08:52:29.140800,S005,temperature,17.058611291945038,-31.425387639236718,24.19598650900553
2026-02-01 02:52:29.140800,S003,temperature,22.355927097064367,-30.795539701362017,28.99696236947733
2026-02-02 18:52:29.140800,S005,soil_moisture,0.35385549322877596,-29.42548644362524,31.088087820708328
2025-12-27 03:52:29.140800,S005,soil_moisture,0.41981393812690343,-31.565596536133878,29.32411152945668
2026-09-20 07:52:29.140800,S003,ec,1.4412751353876259,-27.647710188158925,24.91006114270107
2025-10-21 01:52:29.140800,S001,ph,6.657311152905901,-29.16597013657478,18.91631244146454
2026-08-25 13:52:29.140800,S003,soil_moisture,0.8114800890919716,-32.71445643358859,29.54129275985042
2026-09-03 08:52:29.140800,S001,soil_moisture,0.7810825761441442,-25.415022215220183,19.627262118925774
2026-03-01 05:52:29.140800,S004,ph,6.64064236340702,-25.035621898017503,20.05830132147126
2026-02-19 02:52:29.140800,S001,ph,6.7512144020408025,-33.47589079676146,22.64101791628399
2026-05-04 09:52:29.140800,S001,temperature,30.36953145045252,-28.524171773952048,29.37507772991981
2025-10-23 19:52:29.140800,S004,temperature,20.580577706073683,-33.97531697660344,20.79975025582694
2025-11-07 18:52:29.140800,S004,ec,1.558304687055086,-31.402339062288924,27.132018332253978
2026-07-29 00:52:29.140800,S002,ec,1.4845955780178297,-28.56655013156921,27.368408800619157
2026-05-26 09:52:29.140800,S005,ph,6.384235089051754,-33.570296651845055,20.091851003039114
2026-11-12 23:52:29.140800,S002,ec,1.9521949039095388,-30.637400739129347,23.63023624444671
2026-09-10 17:52:29.140800,S001,humidity,94.0097883314463,-26.04629684290174,30.616652432317352
2025-12-07 01:52:29.140800,S002,ph,6.227088742668272,-28.80164722357754,18.474130662044068
2026-06-04 18:52:29.140800,S002,temperature,28.4634688092223,-25.354154090906462,29.648968056628245
2025-11-28 17:52:29.140800,S004,soil_moisture,0.3825963373986949,-31.51235810491188,21.05808951368413
2026-01-20 03:52:29.140800,S001,ec,1.7558481643722805,-33.70269126874375,30.75209932903337
2026-01-06 10:52:29.140800,S003,ec,2.1736819924520825,-27.42860635104173,18.31694434283612
2026-09-02 21:52:29.140800,S004,soil_moisture,0.5208537336266701,-24.027809817019584,31.074927661321816
2026-04-24 12:52:29.140800,S003,soil_moisture,0.4468341799392192,-26.539253096097553,27.844408297281973
2026-01-07 04:52:29.140800,S001,ph,6.647789760926936,-30.768103391083013,20.544251089417493
2026-08-12 00:52:29.140800,S005,temperature,28.222373438176604,-28.42264573840724,25.534460097818865
2026-08-03 11:52:29.140800,S003,ph,6.862932498663525,-26.215713439239142,21.3653948186398
2026-11-14 23:52:29.140800,S003,humidity,16.50270189934613,-33.41338045313073,30.262810474807107
2026-05-26 07:52:29.140800,S005,temperature,29.929687225621233,-30.95329941218483,26.076577415929314
2026-08-11 21:52:29.140800,S001,humidity,51.59496635500891,-28.46790217483884,31.474860656381
2026-05-23 23:52:29.140800,S002,ec,1.5269224538364659,-32.88501973450296,27.86054807450344
2026-02-23 02:52:29.140800,S001,ph,7.210712673110286,-28.09640346012121,31.237452455431452
2025-12-07 20:52:29.140800,S001,ec,1.2153267122650728,-24.65957406333395,28.6071524731194
2026-07-17 17:52:29.140800,S004,soil_moisture,0.5408986877544074,-27.33856858677736,21.31823008340469
2026-04-22 00:52:29.140800,S004,humidity,24.03469615603977,-33.489176674644646,25.185219705305357
2025-12-17 17:52:29.140800,S001,humidity,101.03762078104661,-26.94733153093932,23.939757018029404
2025-10-30 16:52:29.140800,S004,ph,6.902531306773167,-32.52984444298293,22.57300764551166
2026-09-17 08:52:29.140800,S001,humidity,59.623142312497606,-30.497059432545534,29.550846704873685
2026-02-06 08:52:29.140800,S001,temperature,22.403577888560832,-25.191416716292014,27.51163157515888
2026-04-16 04:52:29.140800,S004,ec,1.1645438244397772,-31.566209744265134,19.198405697941773
2026-03-08 03:52:29.140800,S003,humidity,54.6551412223678,-27.36658437612899,29.198965049822498
2026-06-05 10:52:29.140800,S001,ec,0.6889323614191285,-28.28092595587397,22.221382962311566
2026-02-07 21:52:29.140800,S004,ph,6.216170593003137,-24.81805612273456,22.885309371570713
2026-02-07 21:52:29.140800,S003,ph,5.828611183280667,-32.1521229166438,20.2039163074244
2026-04-03 00:52:29.140800,S004,temperature,24.032950173173283,-25.84949392694251,23.67692808967437
2026-07-10 22:52:29.140800,S004,ec,1.80522031280783,-24.21438952785772,23.164445189956524
2026-03-15 14:52:29.140800,S005,temperature,24.862440998096528,-27.487519696461213,26.11585744581208
2026-09-26 11:52:29.140800,S001,soil_moisture,0.4601207558979632,-27.590390091536626,24.488707960983707
2026-02-16 00:52:29.140800,S004,ph,6.693460221418541,-33.76794135991665,27.375145991069026
2026-02-15 06:52:29.140800,S004,ph,6.507339675613416,-26.586473345464185,24.157860593160027
2026-05-16 04:52:29.140800,S003,ph,6.353939048144385,-28.998591636444917,21.7858099650255
2026-07-14 18:52:29.140800,S001,soil_moisture,0.2843840291343275,-31.513486607404182,24.37912571939441
2026-10-03 23:52:29.140800,S004,ph,6.6126334415761425,-27.13827900110841,24.572437522849285
2026-04-22 16:52:29.140800,S004,ec,1.9306790867708146,-26.62172002929534,25.92535787522313
2026-02-27 00:52:29.140800,S001,soil_moisture,0.7645363040188315,-32.85159419711395,27.574391941022352
2025-12-06 13:52:29.140800,S003,humidity,56.071612447938016,-28.312274719790256,30.86127997552078
2026-07-04 13:52:29.140800,S003,soil_moisture,0.4626069100843365,-26.666411727155158,23.020751093056777
2026-09-03 00:52:29.140800,S005,humidity,65.61393809202255,-30.120675101738506,26.62589661123944
2026-09-25 01:52:29.140800,S005,ec,1.5464929716319624,-29.427956371831264,24.278586084023175
2026-02-05 06:52:29.140800,S004,soil_moisture,0.13811733274333365,-28.32942236506633,22.786522015149316
2025-11-26 00:52:29.140800,S001,ph,5.50768323087193,-27.497776775904224,28.802951675049663
2025-12-22 15:52:29.140800,S004,temperature,23.44679780733382,-26.70067896712778,31.980257840439883
2026-06-11 03:52:29.140800,S003,temperature,25.128398245956436,-26.267524024436185,20.620736557056638
2026-09-27 01:52:29.140800,S004,humidity,67.16172707168047,-25.362856300563966,18.179840428379393
2026-09-16 22:52:29.140800,S005,ph,6.058832573660614,-25.646330159138433,27.50468439631523
2025-12-16 00:52:29.140800,S003,humidity,78.31790682465736,-31.709595958866917,25.559134956734837
2026-11-06 18:52:29.140800,S002,ec,2.0111309152392054,-28.038789855509325,18.92313979073503
2026-10-07 20:52:29.140800,S001,humidity,90.5967856753447,-33.524611250262105,30.273625564038724
2025-11-12 12:52:29.140800,S002,temperature,28.855734415534222,-30.808970449724587,25.77732893937917
2025-10-18 19:52:29.140800,S003,humidity,52.52514021952078,-27.86251745390087,31.261689171304212
2026-10-18 11:52:29.140800,S003,soil_moisture,0.46004980404564966,-32.601069563248885,20.433838342171843
2026-07-27 21:52:29.140800,S005,soil_moisture,0.5292866031843996,-27.14590796597628,23.59255499528349
2026-10-21 09:52:29.140800,S004,ph,6.044112955150825,-32.038921441518006,29.862658827301768
2025-11-03 11:52:29.140800,S004,soil_moisture,0.4527399579842888,-29.68595330358194,24.36761508763674
2025-10-20 18:52:29.140800,S004,temperature,32.130317373243415,-28.001925021057325,20.257806008500857
2026-06-04 11:52:29.140800,S004,ph,7.026812611784292,-31.124964138091777,20.659146742662127
2026-01-28 03:52:29.140800,S005,ph,6.95078399640653,-29.016210872916858,29.864262729029303
2026-10-16 09:52:29.140800,S004,ec,1.284232905138281,-28.68541560589025,21.40105099412331
2026-03-23 23:52:29.140800,S005,temperature,22.180896862290613,-30.276923519458144,29.290196615139816
2026-05-23 07:52:29.140800,S003,ph,6.220284438322731,-26.309500353076473,20.582446026134853
2026-10-19 23:52:29.140800,S002,ec,1.8218846429321829,-33.9044393341065,27.729908626129536
2026-02-18 00:52:29.140800,S003,ph,6.002304702673709,-31.724152742403014,23.066079617825718
2025-10-07 17:52:29.140800,S001,soil_moisture,0.5632787466984516,-24.9561481144677,20.090714148135852
2026-06-19 00:52:29.140800,S003,ec,0.5829755429692209,-30.217814840549266,26.48382168492208
2026-06-06 18:52:29.140800,S003,soil_moisture,0.662024246394056,-27.9105096730958,30.636299132103208
2026-09-11 07:52:29.140800,S004,temperature,35.47775538994172,-24.60271314549034,26.331249829592785
2025-10-31 02:52:29.140800,S002,soil_moisture,0.43083433717145536,-31.362114200706497,20.90734344244934
2026-09-24 07:52:29.140800,S004,soil_moisture,0.5611216923205423,-32.01246975557841,31.931845780962476
2025-11-30 05:52:29.140800,S004,humidity,60.283276841207176,-25.419534246109272,28.582338243205385
2026-03-29 05:52:29.140800,S003,temperature,43.99173432537883,-30.197233492563647,30.530838450132997
2025-11-18 05:52:29.140800,S003,soil_moisture,0.20305759374762633,-28.29056018211459,24.353304861959533
2026-05-27 04:52:29.140800,S004,soil_moisture,0.6595077783358216,-29.605806508563635,29.300177781718844
2025-10-18 20:52:29.140800,S005,soil_moisture,0.42492763480172097,-28.908934842459765,30.483280023511057
2026-02-13 13:52:29.140800,S003,ph,6.766207165498829,-33.611091586535984,30.381553210301348
2025-11-09 23:52:29.140800,S003,soil_moisture,0.2901749743206047,-28.539813510425788,19.2921392418228
2025-10-14 07:52:29.140800,S002,ph,6.648489399378505,-31.18766948251943,18.601555068595673
2026-05-14 12:52:29.140800,S005,ph,6.6829731883717916,-32.20557077052983,22.63845443732202
2026-01-31 09:52:29.140800,S004,ph,6.365784225338016,-32.97350745955683,28.449913624661487
2026-10-07 07:52:29.140800,S001,soil_moisture,0.7268983598418846,-31.980684036456942,24.838271917526203
2026-05-26 12:52:29.140800,S005,ec,1.853468700698893,-26.896105727773026,29.48757346161228
2026-08-21 14:52:29.140800,S001,temperature,24.243413419293358,-30.659828133543137,25.264172045034073
2026-08-14 04:52:29.140800,S001,ec,1.0203009031713337,-29.921523184375967,19.8856493691471
2026-06-17 15:52:29.140800,S003,soil_moisture,0.6246373596816713,-31.97290461405575,22.071072744474932
2026-06-16 05:52:29.140800,S001,soil_moisture,0.6824873098960073,-30.242346647844926,31.298842483800996
2025-10-29 11:52:29.140800,S001,ec,-0.04997376176400126,-30.056239956680166,21.378213328455875
2026-05-22 16:52:29.140800,S003,temperature,11.780161312460958,-25.088640392260764,26.57966632175954
2026-01-03 09:52:29.140800,S002,ec,2.287132627191241,-26.993385386922313,26.989442571110267
2026-02-16 08:52:29.140800,S001,ph,6.634776507945062,-30.533128848071883,27.955227373398365
2026-10-10 04:52:29.140800,S004,soil_moisture,0.5924460926290007,-24.259692752838614,22.13007716772015
2026-08-08 07:52:29.140800,S003,temperature,26.88598547477173,-24.35159198112583,21.02691165978287
2025-12-26 22:52:29.140800,S004,soil_moisture,0.3909445382892087,-27.986489461495445,18.505044850642946
2026-03-14 22:52:29.140800,S002,ph,6.0305088040187265,-30.495690721740527,18.16041955043815
2026-02-12 12:52:29.140800,S002,humidity,96.66516526519882,-28.120061333088515,25.010239661642732
2026-03-05 02:52:29.140800,S005,humidity,41.92105894973721,-27.455719112707907,24.805416080147292
2026-11-17 01:52:29.140800,S001,ph,6.964361616075066,-27.941811863690035,27.539166903592672
2025-11-09 17:52:29.140800,S001,humidity,56.75533380441179,-26.642132195634197,22.702957519146278
2026-02-06 16:52:29.140800,S001,humidity,46.14569786644711,-33.34788584431815,28.283337210686145
2025-11-18 05:52:29.140800,S003,soil_moisture,0.481911067147803,-30.831665213003223,18.710977441693064
2026-07-05 06:52:29.140800,S005,temperature,35.34731950063889,-28.036991825212557,27.091677165856183
2026-03-14 22:52:29.140800,S001,temperature,32.47269203579653,-25.750914357959545,24.4182239357862
2026-05-17 17:52:29.140800,S002,soil_moisture,0.6715944116888394,-31.83324471932707,28.16507225865024
2025-11-16 07:52:29.140800,S003,temperature,33.30530661946911,-27.080048282114355,23.591666963470033
2026-01-27 10:52:29.140800,S005,temperature,24.60647395163159,-25.3934591546409,18.365923916724675
2026-08-29 03:52:29.140800,S001,soil_moisture,0.641263785325659,-24.856628321280034,27.701773366031702
2026-09-28 03:52:29.140800,S002,ec,2.2767676199922975,-27.390808267304593,30.791821583114665
2026-06-01 07:52:29.140800,S004,ec,1.4745630773821186,-26.529913195424314,20.939928074785463
2026-08-18 16:52:29.140800,S005,soil_moisture,0.4128542923358193,-28.316398682962223,31.5298804326888
2025-12-17 02:52:29.140800,S003,ph,6.948083079616107,-31.898721980105996,25.193401534645908
2025-12-15 11:52:29.140800,S004,soil_moisture,0.6778077512701659,-29.818421975809173,24.90065204521273
2026-09-20 09:52:29.140800,S001,ec,-9.16348109487028,-27.708896023921568,19.294417347750244
2026-05-22 00:52:29.140800,S005,soil_moisture,0.5292842792468029,-31.084006199879372,25.939838392431575
2025-11-04 22:52:29.140800,S005,ec,2.0452216947257695,-27.455931756048944,21.32394134018443
2026-06-08 07:52:29.140800,S005,ec,2.413738423707969,-33.30074591429755,20.972111115507065
2026-01-10 17:52:29.140800,S005,temperature,34.341061191003625,-28.791125142632474,31.485326219495256
2026-05-09 03:52:29.140800,S002,temperature,19.744012720799645,-24.22665309190789,24.09658525297387
2026-01-16 21:52:29.140800,S003,humidity,61.527495949706555,-27.09732459271398,29.49001452418527
2026-04-11 11:52:29.140800,S004,ec,0.8488521150349657,-28.12080820597615,31.233898972791593
2026-05-20 13:52:29.140800,S002,ph,6.55146411372994,-31.97164449957416,24.789890674599945
2026-07-12 10:52:29.140800,S002,ec,1.02597759759475,-26.961035480096477,24.68215304736389
2026-05-16 04:52:29.140800,S004,ph,6.844503790592649,-27.449255454943152,28.488855570900963
2025-12-06 01:52:29.140800,S003,ec,1.557959400394586,-31.88813572658626,22.27552627580075
2026-06-16 12:52:29.140800,S001,ec,1.372068780764831,-24.637385495240707,25.70662437680236
2026-06-15 02:52:29.140800,S003,soil_moisture,0.3229341733359239,-31.731014586878782,29.163995385640654
2026-09-16 13:52:29.140800,S005,ec,1.7273069191312183,-33.071600236358364,18.85525206377698
2026-08-17 10:52:29.140800,S002,soil_moisture,0.39416246322411996,-30.263011825514717,19.058924356230143
2026-08-03 06:52:29.140800,S003,soil_moisture,0.5224516083873032,-32.07952254797247,23.806719348823158
2026-01-30 22:52:29.140800,S001,ph,12.117333726440293,-26.766812048433636,26.87561761988008
2026-07-16 14:52:29.140800,S005,ec,1.1650899179163632,-24.033051642696414,27.353107873869718
2026-05-13 14:52:29.140800,S004,soil_moisture,0.5874898853016004,-24.881165779879908,26.50495882935488
2025-12-17 16:52:29.140800,S005,humidity,73.50962567490619,-31.927190017604808,22.422160194307384
2026-07-17 00:52:29.140800,S002,soil_moisture,0.36147567736206176,-29.483131745302767,26.758364756765104
2026-09-09 21:52:29.140800,S005,humidity,88.04038694747118,-29.80854218387889,25.21417448266258
2026-05-20 02:52:29.140800,S002,ph,6.822237759005203,-25.907531868934747,29.86829938957824
2026-03-25 07:52:29.140800,S002,ph,6.111910901448499,-32.106016185587954,23.570892424756973
2025-10-14 15:52:29.140800,S001,soil_moisture,0.5408885593250227,-29.892991474610742,28.760072606373512
2026-01-16 17:52:29.140800,S004,humidity,80.66610836831481,-24.166144591750918,27.99283138611352
2026-02-05 17:52:29.140800,S001,soil_moisture,0.2118677003502305,-32.97093523804909,29.41363527105328
2026-04-29 06:52:29.140800,S004,humidity,82.9687656743507,-32.72501115623105,22.746347663832502
2026-04-27 07:52:29.140800,S004,soil_moisture,11.420105605982503,-32.27549666981031,27.13856182360903
2026-10-15 03:52:29.140800,S004,soil_moisture,-0.8301663797679091,-31.343669589743573,26.011194292503586
2026-06-29 17:52:29.140800,S005,ph,6.282771775892277,-30.21084165268393,27.99325227006903
2025-10-19 22:52:29.140800,S001,humidity,43.32757740366837,-29.490899957618254,22.133225298687808
2025-12-04 09:52:29.140800,S004,soil_moisture,0.7602738943480791,-29.31700543051527,19.968641769967586
2026-10-27 05:52:29.140800,S001,humidity,50.570425470020794,-26.871583014807705,20.759025678833737
2026-01-12 01:52:29.140800,S005,ec,1.0163958916366893,-30.745844412221278,23.785835592590868
2026-08-13 06:52:29.140800,S005,ph,5.41237265100073,-28.391279006732017,26.1102725427279
2026-03-12 23:52:29.140800,S002,temperature,27.658376862911567,-33.8849706694824,29.24812903078437
2026-07-12 13:52:29.140800,S001,ec,1.8829714586943374,-28.70998591507749,21.481267492711922
2026-02-18 01:52:29.140800,S001,ec,1.0205448329105018,-29.69228771286612,18.527342954908523
2026-08-27 16:52:29.140800,S001,humidity,58.878540045694024,-26.78113493364683,23.894083979359017
2025-11-16 09:52:29.140800,S002,humidity,86.78129532086808,-33.42386850734189,21.832856821526967
2026-11-03 23:52:29.140800,S004,humidity,67.00444852555907,-30.01254001534164,28.4316017089446
2026-04-24 17:52:29.140800,S004,ph,6.081099760057158,-32.576227581509954,31.688598100131998
2026-10-24 11:52:29.140800,S004,humidity,55.15928344578469,-33.002345679028544,24.88406713276121
2026-09-24 03:52:29.140800,S005,soil_moisture,0.5838908015009899,-25.41746064008261,28.65722382903192
2026-09-23 22:52:29.140800,S002,ph,10.348058659383792,-33.82724805328193,23.436083497598652
2026-08-26 17:52:29.140800,S001,humidity,57.33109672413815,-29.880855835249783,30.378140361003837
2025-10-12 06:52:29.140800,S005,ec,0.953363356032172,-24.38240992236164,28.330828267575342
2026-05-21 00:52:29.140800,S004,temperature,19.726483559618018,-32.65243944356403,23.938346963510824
2026-08-31 22:52:29.140800,S001,ph,6.143609421654171,-31.968089574132314,26.78446180967814
2026-08-09 03:52:29.140800,S003,soil_moisture,0.5655964737506959,-25.944977343190494,30.590508657549282
2025-12-17 02:52:29.140800,S005,ph,5.5811486843289355,-25.322370550544147,27.404328133959712
2025-12-18 07:52:29.140800,S001,humidity,61.77464308074906,-26.713039308812498,30.843734624662396
2026-06-01 15:52:29.140800,S005,humidity,40.59642611996605,-28.976416948990156,23.79641097167996
2026-06-16 13:52:29.140800,S001,soil_moisture,0.21712558810749077,-33.654789113146094,21.2027570029732
2025-11-11 02:52:29.140800,S005,temperature,28.619036051852696,-26.822342267851013,25.391062706526814
2025-11-24 18:52:29.140800,S002,soil_moisture,0.5484371433673871,-33.42019256499718,26.279524256400773
2026-07-01 13:52:29.140800,S004,ph,6.6901972100802105,-30.883006291424092,26.462465454433858
2025-10-20 23:52:29.140800,S004,humidity,65.46541878010324,-29.81150426911371,29.493055711181448
2026-04-23 04:52:29.140800,S001,ec,2.287551715394335,-25.733066872614742,25.298555437262117
2026-09-18 01:52:29.140800,S005,soil_moisture,0.2923927096404886,-32.185542287459725,30.41604756201269
2026-05-07 17:52:29.140800,S004,humidity,20.88426854607951,-32.78091445885338,18.958003033990636
2026-06-13 12:52:29.140800,S001,ec,-7.1953894808594,-27.85940865573469,22.940618100478112
2026-03-15 08:52:29.140800,S004,humidity,74.21386272417337,-29.09712304522721,26.973092291936513
2026-06-25 12:52:29.140800,S004,soil_moisture,0.6007434370918097,-24.42771838566413,23.638716479813766
2026-08-22 09:52:29.140800,S002,ph,6.863283926568954,-31.986221998371356,27.083189072579025
2026-05-02 05:52:29.140800,S004,soil_moisture,0.6782623618053318,-30.260830797997997,31.574765850697347
2026-09-15 09:52:29.140800,S005,ph,6.056509184378313,-31.35231735298755,29.967898499354337
2025-11-23 15:52:29.140800,S003,soil_moisture,0.38020276141614295,-32.06572506753932,18.275400707105153
2026-09-21 13:52:29.140800,S004,ec,1.2397053829643494,-26.47720592913693,23.932801230093837
2026-01-19 23:52:29.140800,S001,temperature,32.03195179210202,-25.939446727037186,21.90757267455592
2026-10-21 06:52:29.140800,S002,humidity,71.12573570774545,-28.901950272045728,28.531839185106076
2026-01-14 07:52:29.140800,S005,humidity,56.07990445878894,-26.406363861278052,29.647923288785954
2025-12-29 02:52:29.140800,S004,temperature,25.514545254034235,-31.608816435648308,22.823663742218972
2026-10-18 10:52:29.140800,S004,humidity,79.08959441123773,-32.84792874840676,27.49652923136447
2025-11-14 12:52:29.140800,S002,ec,2.0449092900173205,-27.601392612010443,18.939225883944776
2026-02-11 00:52:29.140800,S001,ec,1.2788851467572044,-25.72746697726175,27.263453914357648
2026-02-25 09:52:29.140800,S002,ec,1.4530273866487327,-30.154721282091003,28.91649703074603
2026-09-18 00:52:29.140800,S004,humidity,77.08538063075216,-29.7100482807532,27.455033376670336
2026-03-01 04:52:29.140800,S003,ec,2.1557275597588608,-32.11503636341276,27.864797578796917
2026-02-02 13:52:29.140800,S001,humidity,92.50735407804896,-27.310687374815238,19.337453347503047
2026-09-11 08:52:29.140800,S002,ec,1.2125132659215074,-33.65627290191357,23.949864240997194
2026-06-10 00:52:29.140800,S002,soil_moisture,-5.223971476811039,-32.204034371031995,28.26407774257241
2026-06-09 23:52:29.140800,S001,ec,0.682445481204745,-24.027608301746426,18.100542360644695
2026-06-09 18:52:29.140800,S003,ec,0.9371976615125508,-29.90972923640092,29.013944619061526
2026-11-20 00:52:29.140800,S001,temperature,15.862618687463176,-27.41067925063484,21.337350840359118
2025-10-06 12:52:29.140800,S004,ec,1.1379248642750341,-26.380581173996628,31.91001753213351
2026-04-30 01:52:29.140800,S001,ph,6.035620695135914,-31.87136846704846,26.4807408232343
2025-11-28 08:52:29.140800,S004,ph,6.2230681789616575,-28.147111176354002,28.406448463121798
2025-12-18 18:52:29.140800,S002,soil_moisture,0.34611057588822547,-33.90998783397495,27.684117085814197
2026-05-10 17:52:29.140800,S002,temperature,32.481818330653915,-25.284731860331068,22.472487575340672
2026-09-08 10:52:29.140800,S001,humidity,33.065165826016504,-26.676591653076557,30.196632271121167
2025-11-06 01:52:29.140800,S001,temperature,24.61421602694732,-33.70985627653203,20.668340709745014
2026-07-23 23:52:29.140800,S004,temperature,26.375542097498414,-25.026502949165348,30.746574397804014
2025-11-03 19:52:29.140800,S005,ph,-4.628852010104678,-30.437095546413914,23.683813481398165
2026-01-19 21:52:29.140800,S003,ec,1.8275874397251792,-33.959183980050895,22.45027393670275
2026-06-21 23:52:29.140800,S001,ec,1.5729844050828643,-30.14919486558579,21.556863147973818
2026-04-30 14:52:29.140800,S002,soil_moisture,20.11105618815834,-29.645507488667363,20.015304099918527
2026-09-24 08:52:29.140800,S001,humidity,76.29521776709251,-28.761971241129014,22.15257667771721
2025-10-04 20:52:29.140800,S005,temperature,42.12047975239241,-33.40020887618122,26.39839487300311
2025-12-10 12:52:29.140800,S002,humidity,85.28475623433249,-25.910028187147798,25.03272157044067
2026-01-22 06:52:29.140800,S005,temperature,18.72760524981726,-33.993213013730596,26.45247902089461
2025-12-08 20:52:29.140800,S004,temperature,15.856272500529286,-25.251986542227364,23.126136489170428
2026-02-04 01:52:29.140800,S002,ph,6.871051119632312,-25.486973431202962,31.647491106538325
2025-11-05 22:52:29.140800,S001,ec,1.919975583620318,-28.97610736971928,29.662300308478923
2026-08-15 19:52:29.140800,S002,temperature,26.131215095744306,-33.22914649530599,27.428962333985
2026-03-03 18:52:29.140800,S002,ec,1.7755015136728005,-24.733490505649733,23.59502380546045
2025-11-27 02:52:29.140800,S005,ec,1.3562154304391862,-29.07965715364773,28.882679835523923
2026-03-27 11:52:29.140800,S005,ec,1.522370706316689,-31.56613150087339,30.36014338149448
2026-07-23 23:52:29.140800,S003,humidity,13.025660370505044,-29.259664412768466,31.37039543774074
2026-09-12 20:52:29.140800,S005,ph,6.617439740201313,-28.584207459217602,19.76601719976742
2026-05-12 02:52:29.140800,S003,soil_moisture,0.6991641450366537,-31.5166558006115,27.778625694697013
2026-09-11 05:52:29.140800,S002,humidity,73.31544288573912,-27.630937914967056,19.15967251866633
2026-08-05 04:52:29.140800,S002,temperature,25.711391757244506,-31.365065445686596,25.289505573253543
2025-11-15 22:52:29.140800,S001,ec,1.1406815260225305,-30.000452617786728,22.235366056450037
2026-01-23 12:52:29.140800,S001,humidity,49.902746951554775,-27.057053528370247,19.79841888937873
2026-08-16 03:52:29.140800,S001,temperature,46.2714436481979,-24.407641675612957,20.32048038033591
2026-08-01 22:52:29.140800,S004,ph,9.101468817095302,-24.916150069128143,28.418987654627887
2026-05-06 21:52:29.140800,S004,humidity,65.85859972699528,-30.485751112572494,30.114097900201344
2026-01-29 06:52:29.140800,S003,ph,6.6689729793309445,-28.65086069442441,26.021102601973617
2026-06-07 17:52:29.140800,S002,soil_moisture,0.35911685837034835,-27.127152016854822,18.499357306795954
2026-01-21 22:52:29.140800,S005,temperature,34.50736438397852,-27.999822010852956,18.907769356642564
2025-12-27 11:52:29.140800,S003,soil_moisture,0.3822063214506788,-32.36032244255373,26.834029567135417
2025-12-02 20:52:29.140800,S004,temperature,20.537800637287745,-32.99272306258822,18.778400993921387
2026-08-20 07:52:29.140800,S005,soil_moisture,0.5344657689735254,-25.700782701654784,21.531933358289045
2026-06-20 11:52:29.140800,S002,soil_moisture,4.511462376392909,-26.849242229091125,26.03332113616886
2025-12-21 06:52:29.140800,S003,humidity,59.523572439210255,-26.94892619391584,21.769794061754155
2026-04-25 20:52:29.140800,S005,soil_moisture,0.6049080421413462,-30.129194225033295,20.169147696134416
2026-03-31 18:52:29.140800,S001,ec,1.3542392414419355,-26.869885946336453,31.982252485059817
2025-12-28 11:52:29.140800,S001,humidity,57.82049802644065,-28.346141844930045,28.172282114271425
2026-06-09 13:52:29.140800,S002,soil_moisture,0.358056826251402,-26.778600886656534,30.9825424250866
2026-07-15 16:52:29.140800,S005,soil_moisture,0.34677051064108466,-29.259938297661535,30.551441687361567
2025-10-24 07:52:29.140800,S004,soil_moisture,0.5112131515246838,-33.86740292150182,22.554331301990544
2026-11-07 14:52:29.140800,S005,temperature,27.367692199351453,-25.916940995628195,21.905280029724143
2026-02-04 16:52:29.140800,S005,humidity,36.25875061749203,-33.021295946065536,26.316395199266893
2026-11-10 02:52:29.140800,S004,humidity,61.23337940362332,-33.96344244152656,25.119849858230808
2025-11-09 06:52:29.140800,S001,ec,1.3609166311864676,-32.58088274323889,24.89494750945389
2026-06-06 06:52:29.140800,S003,humidity,46.30472464947465,-27.63116305236737,30.04655558111847
2026-08-20 14:52:29.140800,S004,humidity,74.36498294981773,-24.761553424811865,23.149516013319836
2026-04-12 19:52:29.140800,S001,humidity,59.61760663105438,-27.868913779247695,27.727786459359386
2026-09-16 08:52:29.140800,S003,temperature,29.397886233559248,-28.8668237951041,25.502823989726288
2026-06-07 03:52:29.140800,S003,soil_moisture,0.34850157299607626,-26.692187992237706,18.258699987338517
2026-07-15 01:52:29.140800,S003,ph,6.332046459904077,-29.292052988180963,21.189030699648878
2026-06-18 22:52:29.140800,S005,humidity,81.90311957107633,-29.19572047536902,19.066092043354487
2026-09-24 13:52:29.140800,S003,ec,2.0710749308896617,-29.237784517378984,29.92685345957866
2026-03-29 04:52:29.140800,S004,ec,1.6587007462766175,-29.720442622803304,28.319552787131457
2026-06-11 10:52:29.140800,S004,ec,2.8172085598991856,-27.740816399846267,28.671085847743
2026-10-05 12:52:29.140800,S001,soil_moisture,0.5635378695432182,-27.856401002625475,22.394147704396303
2025-10-18 17:52:29.140800,S002,ph,6.823824710157599,-26.795454635810287,26.889213598862693
2026-11-09 01:52:29.140800,S003,humidity,91.97839877478155,-29.308192979371075,26.7993300823319
2026-01-28 03:52:29.140800,S005,ph,6.315503164354139,-31.258294420257922,23.038718560645965
2026-09-20 13:52:29.140800,S005,soil_moisture,0.10970441587551594,-29.424704682858536,23.007907505843527
2025-10-24 02:52:29.140800,S005,temperature,26.60552025015517,-28.632468477998252,25.205621462072017
2026-01-10 03:52:29.140800,S002,temperature,36.011476885306415,-27.934670845419344,19.16424426153577
2026-04-13 20:52:29.140800,S003,ph,6.680852595949777,-30.58513339322848,19.06350764231402
2026-08-10 02:52:29.140800,S001,humidity,36.93813424750235,-33.40395878488539,31.75308383676152
2026-09-03 05:52:29.140800,S005,ec,14.070030949445098,-26.011578657405625,30.686423633612378
2025-12-07 16:52:29.140800,S005,humidity,31.70481180273616,-31.93806333368518,19.3126205740401
2026-09-13 11:52:29.140800,S005,ec,1.6255491745611843,-28.794334368174443,23.64889457344465
2025-11-30 22:52:29.140800,S005,ec,-0.4845270127924377,-26.657313287866444,31.511009451542847
2026-08-18 22:52:29.140800,S002,humidity,90.41828672882797,-31.573761070076806,31.12537478343849
2026-03-08 20:52:29.140800,S002,soil_moisture,0.3702849794256689,-33.66893083155966,29.84294186428732
2026-03-09 18:52:29.140800,S005,humidity,46.1947337209282,-26.99005879778261,21.646149622300015
2026-09-03 17:52:29.140800,S005,ec,0.8142775678571477,-27.500456803979997,27.58813449963575
2026-01-23 16:52:29.140800,S002,soil_moisture,0.7805752647161246,-31.860905473555476,26.685401399899646
2026-03-01 11:52:29.140800,S004,soil_moisture,0.4140967776346327,-32.3187331201388,30.241243832229756
2026-04-26 09:52:29.140800,S001,soil_moisture,0.08626139245076198,-26.031961942214863,27.87560624766265
2025-10-24 02:52:29.140800,S005,soil_moisture,0.3768688632541499,-24.065542644738052,19.8013939147001
2026-07-05 18:52:29.140800,S001,temperature,33.53980811064652,-24.50092955545297,25.582121288039698
2026-03-28 00:52:29.140800,S004,humidity,76.45380917908973,-26.26888853894441,19.80319063174907
2026-08-14 00:52:29.140800,S003,temperature,31.798941045978452,-28.87418474887665,27.506646358438847
2026-08-11 18:52:29.140800,S004,ec,1.1149054784048613,-28.866798417988132,22.632355489112786
2026-07-22 20:52:29.140800,S002,temperature,36.52128868762394,-29.112492886147244,30.93993464312447
2026-04-15 21:52:29.140800,S005,soil_moisture,0.5757841065236986,-26.318928403652436,30.048187471197817
2026-02-12 14:52:29.140800,S003,humidity,29.86209384150517,-33.7120206148306,20.679989038453208
2025-11-04 00:52:29.140800,S005,soil_moisture,0.32872819322417846,-27.861136175514616,24.90404219606565
2026-02-23 21:52:29.140800,S001,humidity,43.2996390862708,-28.37465917777269,23.849177287696648
2026-06-04 07:52:29.140800,S004,humidity,61.37862542679599,-29.895452405500325,29.784642054001957
2026-03-30 00:52:29.140800,S002,ph,-2.1960559237364663,-31.301437526517528,30.417003367126128
2026-07-26 14:52:29.140800,S002,ph,7.321909240158576,-28.43003681302778,28.91541191216524
2026-08-28 10:52:29.140800,S003,soil_moisture,-0.7887537996320505,-24.258586127214368,20.98873887833951
2026-09-08 16:52:29.140800,S003,soil_moisture,0.38079875679453346,-32.56180918723611,25.99994381978619
2026-06-03 20:52:29.140800,S004,ec,1.4536127044175609,-26.208269697101507,24.717031750813703
2026-07-21 14:52:29.140800,S002,ec,1.1793965883135253,-32.26765863271354,27.655988717099596
2026-08-13 10:52:29.140800,S004,temperature,18.597724064032487,-30.432659557963312,26.607769502999865
2026-11-09 19:52:29.140800,S004,temperature,30.241008674206704,-30.06924672982124,31.996374288878858
2026-10-19 19:52:29.140800,S003,humidity,57.00793051050693,-27.16177394299504,27.724591815297526
2026-02-03 09:52:29.140800,S004,ph,6.1032425982169345,-28.011207125622754,31.816417556323692
2026-03-31 08:52:29.140800,S003,ph,6.311168928064406,-27.52138103296427,22.070909054502195
2026-05-29 01:52:29.140800,S003,ec,0.7947045705126367,-27.647327617901677,22.74227568720461
2026-04-08 13:52:29.140800,S004,ph,6.475049946310892,-33.23196381864174,19.135477732648102
2025-10-21 12:52:29.140800,S001,ec,1.6857073576985104,-32.9904406235919,28.76416998973223
2026-08-21 11:52:29.140800,S002,temperature,19.313245055621202,-26.820423208331796,31.91326604314881
2026-04-10 15:52:29.140800,S003,temperature,25.475207598583946,-25.23424718232488,25.646672676580692
2025-10-18 21:52:29.140800,S002,ph,7.592499896716439,-25.62084810343208,18.838759045846047
2026-02-02 08:52:29.140800,S001,soil_moisture,0.14131532289709597,-32.83350486783243,29.767209782425567
2025-10-27 01:52:29.140800,S004,soil_moisture,0.5802379542933096,-24.89406805459363,22.02595755885645
2026-03-03 10:52:29.140800,S002,humidity,53.20922321436013,-29.901513087873326,23.759687521527177
2026-06-15 07:52:29.140800,S005,ec,1.9911949918015588,-32.15156395877574,31.849594535360502
2026-05-25 19:52:29.140800,S003,ph,7.707236273030993,-28.986625343575263,31.686286823093738
2026-08-31 10:52:29.140800,S005,ph,7.286457408243125,-32.07023296551431,23.99163093037495
2026-11-15 11:52:29.140800,S001,temperature,28.25470543783021,-24.1790111548975,31.597379445478865
2026-06-27 04:52:29.140800,S001,soil_moisture,0.6276123743103993,-30.555567423577322,28.059267810615005
2025-11-26 23:52:29.140800,S005,ec,2.0988293296221947,-33.07384529253006,26.78776657984421
2025-12-27 20:52:29.140800,S003,ph,5.513185905689218,-28.529483372258454,19.678307399224597
2026-07-06 17:52:29.140800,S004,humidity,71.62712111414977,-28.264520363301877,29.12836796022432
2026-03-21 19:52:29.140800,S004,temperature,19.479958511703042,-24.769927515752713,18.20112426178291
2025-10-11 11:52:29.140800,S003,ph,7.05655647106602,-26.578609882705344,18.03916318108887
2025-10-28 13:52:29.140800,S002,soil_moisture,0.6427390914813838,-28.455739713335202,22.214769125450854
2026-09-11 12:52:29.140800,S002,ph,6.796235021613442,-26.798161265833567,23.698209274197602
2026-06-18 00:52:29.140800,S004,ec,1.2864898823849638,-31.68938080389632,19.214586896445585
2026-02-14 14:52:29.140800,S001,humidity,98.6044477072455,-26.973216578664918,20.41912191570112
2025-10-27 04:52:29.140800,S005,ec,1.8713422785667224,-26.799079609188897,21.521542752049537
2025-12-23 14:52:29.140800,S001,ec,1.7647478315639495,-32.82650090913959,24.897053775837435
2025-10-27 11:52:29.140800,S003,soil_moisture,0.5146195912375485,-26.738107808323686,27.333765107484872
2026-06-23 09:52:29.140800,S005,ec,1.509763646652169,-33.87612708719375,28.12919111665358
2025-12-13 09:52:29.140800,S004,humidity,27.79999573819792,-32.42371997603737,21.917234784846528
2025-10-09 05:52:29.140800,S004,ec,1.393565298845588,-30.350632188670424,18.016332743708425
2026-02-08 14:52:29.140800,S002,humidity,82.20944412921105,-29.226673697348982,27.35400848958732
2026-07-14 14:52:29.140800,S001,temperature,22.736401505685656,-25.129445214535277,28.58329727692372
2025-11-22 20:52:29.140800,S001,soil_moisture,-9.048515457688078,-33.63457765008912,20.247662547158395
2026-07-15 20:52:29.140800,S004,humidity,39.15208111563907,-28.16553531170896,23.870654473391525
2026-06-21 14:52:29.140800,S004,humidity,53.685089436164716,-29.46875224348618,24.04335887948756
2026-05-09 17:52:29.140800,S003,soil_moisture,0.8528339941375953,-24.90632501604629,31.900506008792043
2026-06-09 04:52:29.140800,S005,ec,1.06295830264175,-29.432108951096733,24.602958221657047
2026-06-09 14:52:29.140800,S002,ph,6.317518472958593,-25.588626259549613,23.833536927688698
2026-02-17 17:52:29.140800,S004,ph,6.3393226761848505,-24.789026970842087,20.568152348653218
2025-11-30 04:52:29.140800,S005,humidity,64.86852696766324,-27.957391496856626,31.148288139321558
2025-11-13 17:52:29.140800,S001,temperature,22.80028423319839,-27.56712493241826,20.09505069025327
2025-10-26 18:52:29.140800,S004,humidity,44.59039498149639,-32.79974819880659,29.82347447464402
2026-04-29 02:52:29.140800,S001,ec,2.5415237863313904,-31.83235151334975,28.941293420103886
2026-06-10 01:52:29.140800,S002,humidity,64.38820559068859,-28.25568368705795,26.265254889350345
2026-05-11 15:52:29.140800,S005,ec,0.5951733680556843,-32.10984351968985,29.315619703048295
2026-02-26 14:52:29.140800,S004,soil_moisture,0.49182827531592277,-31.613375410383284,25.528349192842064
2025-12-16 16:52:29.140800,S001,ec,1.5419964400315638,-25.805847536042222,22.063359335294777
2026-05-18 09:52:29.140800,S001,ec,1.5117148225857964,-31.77531748778101,26.20052794915736
2026-10-21 01:52:29.140800,S002,ph,-0.8034062045435766,-30.25550085438003,30.2116139343441
2026-11-13 08:52:29.140800,S002,temperature,24.736594159458903,-30.11394143099265,29.948042825183208
2026-09-27 22:52:29.140800,S001,soil_moisture,0.19448543924909473,-25.742091603887147,18.606866475006846
2026-01-15 17:52:29.140800,S002,ph,6.5825398554831125,-28.99455379588958,18.952904346407433
2026-06-12 17:52:29.140800,S004,ph,5.883306826315394,-26.553664499396906,22.376367541503424
2025-11-23 19:52:29.140800,S002,ec,2.012873254168115,-28.356116667852433,24.39711955086408
2026-04-22 09:52:29.140800,S003,ec,1.621074581135433,-25.11782093316279,21.626068774835648
2026-06-22 23:52:29.140800,S002,ph,6.714369993583828,-24.692237833834866,18.01390018544042
2026-04-15 20:52:29.140800,S005,soil_moisture,0.6276827218937587,-28.342430476074995,21.57660156419758
2026-08-22 13:52:29.140800,S004,temperature,20.35308448530392,-27.959632290567043,20.614634318582457
2025-12-08 09:52:29.140800,S001,ec,2.044706315446083,-26.80531641601923,30.9373033420981
2026-01-01 22:52:29.140800,S002,humidity,44.713954635751115,-29.289983658003063,20.080614612721437
2026-07-15 19:52:29.140800,S001,temperature,27.725785882639915,-30.609422897308594,26.53283494229173
2026-06-20 13:52:29.140800,S005,humidity,52.829383183971984,-33.688255810958644,30.997247852438022
2026-04-20 15:52:29.140800,S005,ph,14.211260102412247,-27.7904602657806,23.389289865496007
2026-07-15 19:52:29.140800,S003,ec,0.5458589446491784,-26.930893761177195,19.031853809802907
2026-09-14 11:52:29.140800,S005,ec,1.5703855959400526,-30.29663623727458,29.51779012701428
2026-05-08 04:52:29.140800,S001,ph,6.341551703536291,-30.379057373470957,26.60918858586345
2026-01-14 18:52:29.140800,S005,temperature,22.34407668601782,-24.91640573127161,23.509115025664435
2025-11-21 02:52:29.140800,S003,ph,5.62196327907351,-30.421980886546212,28.230723600934226
2026-07-23 23:52:29.140800,S003,temperature,18.783874197158745,-29.920901518805746,23.69525132512009
2026-11-17 05:52:29.140800,S003,ec,1.2580265379936244,-28.00271586423911,25.9026629419849
2026-01-30 13:52:29.140800,S004,ec,1.9816027690968783,-30.82039967343859,29.68696522935675
2026-10-08 02:52:29.140800,S002,temperature,21.29163406127009,-25.754369438077767,30.82725477439586
2026-08-27 10:52:29.140800,S002,soil_moisture,0.31581561886529286,-33.085802823448326,23.101153107950473
2025-12-15 23:52:29.140800,S002,ec,2.217423602540922,-30.338657770817395,18.497894970136475
2026-03-03 19:52:29.140800,S005,ec,16.217060168757797,-25.1904452773881,25.729861413343556
2026-09-03 02:52:29.140800,S004,soil_moisture,0.6772655075729558,-28.61748884041579,23.531037831339624
2025-12-27 00:52:29.140800,S001,ec,2.193094506443391,-26.755076244374955,22.308559082966916
2026-04-21 16:52:29.140800,S003,humidity,71.17452391151596,-31.171455313358184,21.601619979586513
2026-03-15 00:52:29.140800,S005,soil_moisture,0.5542526528535396,-29.972227708509976,24.601245869216896
2026-01-26 20:52:29.140800,S005,temperature,27.833652234441146,-28.801631488114392,31.235706270060916
2025-10-28 18:52:29.140800,S005,ph,7.605896879142808,-28.917849549080437,24.24407239940557
2026-10-27 17:52:29.140800,S005,ec,1.5466934541856334,-30.72681358730351,24.809768931923863
2026-07-23 20:52:29.140800,S005,soil_moisture,0.44939407430714856,-26.76970916912575,27.030268323530173
2025-11-28 10:52:29.140800,S003,soil_moisture,0.6019999764942107,-27.123066684672686,26.32464240119876
2025-12-29 09:52:29.140800,S003,ec,1.215116876497282,-25.644890062088177,19.407692063152595
2026-09-12 10:52:29.140800,S004,humidity,65.78911547044244,-32.55462638354607,30.918392205105327
2026-10-18 02:52:29.140800,S004,ph,5.76749876801259,-26.792374876661913,20.592896552085364
2025-10-30 18:52:29.140800,S005,ec,1.8119172730315336,-24.349751170050993,25.91568294661718
2026-11-23 00:52:29.140800,S002,soil_moisture,0.5780650220449304,-29.70811389242778,27.63954131937742
2026-10-24 08:52:29.140800,S001,soil_moisture,0.6026457798218041,-33.86290174540582,30.016177790246676
2025-10-13 14:52:29.140800,S004,ec,0.562744476549425,-32.14614242273859,26.132129760439184
2026-04-16 02:52:29.140800,S001,temperature,16.002574652145366,-30.2047809775541,29.70393075781413
2026-03-29 00:52:29.140800,S001,temperature,39.850738665612454,-33.07260068042326,19.519103775486784
2026-11-20 20:52:29.140800,S004,ec,1.8940272409403085,-30.314090772426,25.327802143548915
2026-07-23 01:52:29.140800,S004,temperature,28.69423240407547,-32.728468538373235,24.94394625682304
2026-02-06 14:52:29.140800,S005,ec,1.12915280457727,-26.927656559714592,30.412132179915833
2026-06-18 17:52:29.140800,S005,ph,7.0807850622928905,-31.629574095351526,26.72234795196676
2026-10-28 11:52:29.140800,S002,ph,6.4730060430553555,-25.65349558203668,24.455060392612733
2026-01-03 06:52:29.140800,S003,soil_moisture,0.6050919723429533,-28.81765399021314,29.542299813046938
2026-04-11 05:52:29.140800,S002,humidity,43.48023777509491,-29.00551301351788,28.136859255033905
2025-10-25 05:52:29.140800,S004,ph,7.294973940275622,-27.19076119475956,31.17276706911982
2026-04-28 16:52:29.140800,S001,soil_moisture,0.4842085357293071,-32.09012953524668,22.72869170229766
2026-04-22 12:52:29.140800,S005,humidity,86.02728388076605,-31.344742598077186,29.815320780119873
2026-10-03 18:52:29.140800,S004,soil_moisture,0.5361111647051893,-31.64447186676768,23.412624233547472
2026-11-23 01:52:29.140800,S002,soil_moisture,0.2928467015028523,-24.0559606535687,28.08407990243041
2026-01-07 07:52:29.140800,S001,ec,1.632578971136967,-27.187929843493365,18.137748013772057
2025-11-26 08:52:29.140800,S002,ec,1.4553473372857026,-25.07306320739012,30.688068502960228
2025-10-25 19:52:29.140800,S001,soil_moisture,0.5718862387562003,-32.082413462233454,25.874653571979852
2025-11-02 07:52:29.140800,S005,temperature,32.432042298567936,-32.72114631065964,18.393257610066296
2026-01-13 15:52:29.140800,S004,temperature,28.251144344004743,-31.837349966252425,23.723154435081316
2026-08-18 23:52:29.140800,S001,ph,7.745267027632879,-25.960593009179973,31.504926489731027
2026-03-10 04:52:29.140800,S004,soil_moisture,0.34244037376384573,-32.60365640243525,18.350660488345234
2026-06-01 08:52:29.140800,S004,humidity,72.19080802789644,-26.53282411661732,27.912656806326634
2025-11-29 09:52:29.140800,S001,soil_moisture,0.7170155658357172,-28.205970692415757,20.212181630082554
2026-08-09 20:52:29.140800,S001,soil_moisture,0.5518354904821837,-32.06835694439127,24.62001827302707
2026-10-21 08:52:29.140800,S001,ec,0.6648362920426248,-27.086482186720275,28.477750142932628
2025-11-18 21:52:29.140800,S005,ec,0.3315620142334643,-32.815814339441495,28.63871235962555
2026-06-13 12:52:29.140800,S005,temperature,31.96069288926732,-26.27916152677838,20.511028988729056
2026-08-01 17:52:29.140800,S004,humidity,48.590054709019206,-24.88425407566136,31.481716728519274
2025-10-31 03:52:29.140800,S003,ec,1.7755395075452343,-27.09315472804622,22.600557293844794
2026-09-30 06:52:29.140800,S001,humidity,43.3308375338014,-24.195475793990845,30.181043438886306
2025-11-03 07:52:29.140800,S002,temperature,11.15326074378176,-25.49160419571785,31.793772963695275
2026-09-12 22:52:29.140800,S003,temperature,38.31000083893814,-26.92708242675624,19.757761609119516
2026-11-12 10:52:29.140800,S002,temperature,17.884265275923696,-24.9451778461248,19.36309812799131
2026-11-05 13:52:29.140800,S003,temperature,18.076238475582993,-26.969234982139874,22.34821874658843
2026-03-11 16:52:29.140800,S004,humidity,59.15445898459822,-29.36153483310415,22.384576879594825
2025-11-10 12:52:29.140800,S001,temperature,34.22886781244295,-24.325815308127638,28.421029567044602
2026-08-26 10:52:29.140800,S002,ec,2.109163548550698,-32.30826370085842,22.324157532740223
2026-06-27 22:52:29.140800,S004,soil_moisture,0.628510637157333,-27.598553457689285,18.23123501914521
2025-12-21 00:52:29.140800,S005,ec,2.770680799691519,-31.873111892999056,29.487787246293145
2026-09-03 00:52:29.140800,S003,humidity,43.60380316018944,-32.31126138342452,19.056453630807194
2026-03-21 18:52:29.140800,S003,ec,2.077377179028707,-32.04573879166179,23.80304577119422
2025-12-26 07:52:29.140800,S005,ec,1.1271875896308303,-28.577748335142438,25.684425566256884
2026-01-24 11:52:29.140800,S003,humidity,68.46471776788152,-32.63728601450377,30.359506765583994
2026-04-26 12:52:29.140800,S001,temperature,24.718397526233044,-30.407519809366505,22.82280616475667
2026-07-29 11:52:29.140800,S002,ph,6.837360301335697,-33.572423955131626,24.89028749468757
2026-08-02 01:52:29.140800,S005,temperature,15.699841292083761,-31.285470808262893,24.652548228875954
2026-04-30 14:52:29.140800,S001,ph,6.052557035337504,-24.551441885569034,23.917701863364943
2026-07-06 18:52:29.140800,S003,ph,6.622623817430281,-26.531015670553906,29.906028622977797
2026-09-18 20:52:29.140800,S003,temperature,39.899257575037595,-29.60815997327443,27.295431975152844
2026-05-20 23:52:29.140800,S004,ec,1.1380307845569462,-31.177553318653665,26.244100952954817
2026-07-19 16:52:29.140800,S004,soil_moisture,0.6287485728301182,-28.061749484882263,30.323172715289484
2025-10-25 11:52:29.140800,S005,ec,0.9285075230632779,-26.542783454530532,28.20719108747671
2025-12-30 19:52:29.140800,S004,ph,5.593306908985969,-32.32051531308619,26.213635575261613
2025-10-05 08:52:29.140800,S001,soil_moisture,0.6339524433080741,-32.96204581147272,18.80650507660594
2026-01-07 15:52:29.140800,S003,humidity,59.314264635896514,-27.71205525651045,23.57241671674631
2026-08-22 01:52:29.140800,S005,ec,1.6883843378652306,-28.915957844565796,25.11757231980056
2026-11-01 14:52:29.140800,S002,ec,1.710057050483232,-29.857551112762405,29.251172557317098
2026-07-14 03:52:29.140800,S001,soil_moisture,0.5169204375577319,-27.15006660769257,30.19848044214684
2026-07-31 17:52:29.140800,S001,soil_moisture,0.5733669775680713,-32.217404473529164,31.574380716636497
2026-08-15 09:52:29.140800,S004,soil_moisture,0.5700596981885753,-29.99498415061688,27.36323429961252
2026-04-20 21:52:29.140800,S002,ec,1.7175702780074449,-26.516605063429903,21.816703609271073
2025-11-30 19:52:29.140800,S003,soil_moisture,0.46505036086445406,-27.282276207016576,18.89404161687975
2026-09-29 16:52:29.140800,S003,soil_moisture,0.3374271595152167,-33.20155665613025,20.29505306030511
2026-05-01 04:52:29.140800,S004,temperature,16.385623762508544,-27.632902922763943,28.311094689324158
2026-06-01 14:52:29.140800,S002,temperature,8.66925866955496,-27.68301058141689,19.375921797975188
2026-02-06 20:52:29.140800,S001,soil_moisture,0.5522548188475753,-24.933775341252705,25.88193595596012
2026-02-14 04:52:29.140800,S004,ph,6.663271982295855,-24.27796967217673,25.186233021426993
2026-07-10 18:52:29.140800,S004,humidity,40.33170962188995,-33.24323916062436,21.881232376503238
2026-09-24 16:52:29.140800,S004,soil_moisture,0.2202359789031758,-27.554629349351693,29.770797326545484
2026-10-13 00:52:29.140800,S001,ec,1.778102744811925,-32.95663598699282,27.41551612592493
2026-02-28 01:52:29.140800,S003,ph,6.762667435460182,-32.00636583481529,29.964234054505603
2026-07-13 07:52:29.140800,S003,ph,6.077770286513876,-32.77712013151574,26.973726456917525
2026-01-07 00:52:29.140800,S003,humidity,104.76509041807535,-33.033087141630894,21.105144539171814
2026-08-25 20:52:29.140800,S002,humidity,55.21163952218325,-25.69809456081201,31.207241766835455
2025-12-25 18:52:29.140800,S001,temperature,21.297433642896586,-28.296451256551208,30.027114374029992
2026-06-19 18:52:29.140800,S003,ph,6.2825258780885145,-27.17998740383058,26.675678824325416
2026-02-26 06:52:29.140800,S001,temperature,34.02256844703741,-25.475325003258575,19.36123765758343
2026-03-18 08:52:29.140800,S005,temperature,35.671219253061786,-30.56104068395946,21.24023396167405
2026-03-26 23:52:29.140800,S001,ec,1.3176465532059327,-27.902923868822775,31.17973485842176
2025-12-13 03:52:29.140800,S005,soil_moisture,0.6447540434455205,-33.82856799245311,18.46909644764678
2026-10-15 22:52:29.140800,S001,ec,1.6380518554151513,-24.755938811173415,28.028816200648436
2026-07-18 22:52:29.140800,S001,ph,6.352468278707694,-25.34837314918993,19.980553009500383
2025-10-29 19:52:29.140800,S001,temperature,22.762884063589617,-27.428540497162157,28.825005531999256
2026-10-09 04:52:29.140800,S004,humidity,55.06286837755285,-26.7128836452682,31.475108326133984
2026-04-09 11:52:29.140800,S005,soil_moisture,0.4647961841035358,-33.50026559510941,25.430248311795758
2025-10-30 00:52:29.140800,S003,ph,6.8612395710980385,-24.060345751697476,25.444991003548964
2026-08-12 05:52:29.140800,S002,ph,6.015798900666897,-33.67266219475001,27.42324816488994
2025-11-26 04:52:29.140800,S005,ph,6.608420080886397,-33.867237943213155,19.152052487358745
2025-11-11 10:52:29.140800,S003,temperature,36.85607064494373,-28.973648893365304,20.78118620560843
2025-10-29 21:52:29.140800,S002,ec,1.7117615911537714,-25.38345944431264,26.387847425521098
2026-02-24 20:52:29.140800,S005,ph,5.652761392558328,-27.511224158967178,21.151249510946993
2026-02-13 21:52:29.140800,S005,ec,1.1562668709276298,-33.076625576659836,26.41624426977781
2026-05-07 21:52:29.140800,S002,ph,6.77311514140811,-25.101271986000008,27.732792570543197
2026-11-20 15:52:29.140800,S005,ph,6.362527362664601,-32.94671364139145,26.80179585154449
2026-11-07 22:52:29.140800,S002,ec,1.0636895119038665,-27.849280017507645,31.031677322396746
2026-07-14 07:52:29.140800,S003,soil_moisture,0.6909946653678352,-30.801090455674316,21.92565736542303
2025-10-10 14:52:29.140800,S005,ph,6.368093018246592,-26.769822100603456,19.47458818559036
2026-10-01 00:52:29.140800,S001,humidity,82.02138675370082,-24.753182395887265,19.135335203742027
2026-07-21 07:52:29.140800,S002,soil_moisture,0.221321708237266,-25.006189895623358,20.371052235081237
2026-05-30 19:52:29.140800,S004,temperature,24.791270528793497,-25.58045923755881,30.14130542374916
2025-10-17 07:52:29.140800,S005,ph,6.13069688842991,-25.08728928206469,24.275953499974825
2026-09-17 04:52:29.140800,S003,soil_moisture,0.3975785140503263,-28.150582356752345,31.67887480396224
2026-09-30 13:52:29.140800,S003,soil_moisture,0.21754334231596206,-30.647426595302576,28.746214943762425
2026-05-02 16:52:29.140800,S001,ec,1.6009455170573261,-24.911657146367908,20.912698669854706
2026-05-02 16:52:29.140800,S005,temperature,21.914287575308304,-24.264777769376327,28.605221043531962
2026-06-10 04:52:29.140800,S004,humidity,35.10861640781575,-33.239578713313286,28.9973711678081
2026-04-11 06:52:29.140800,S004,temperature,15.745033298494057,-28.876510373209953,21.278921129292282
2026-05-26 13:52:29.140800,S002,ph,7.270834524592354,-29.390540197784937,20.66489124278462
2026-01-12 13:52:29.140800,S004,ec,1.0381203374276984,-33.45640197384669,25.776552415914622
2026-08-26 05:52:29.140800,S005,ph,6.23033878900009,-27.639631249442957,30.35722903649259
2026-01-28 06:52:29.140800,S001,soil_moisture,0.6341168214646582,-24.22241210946214,29.77612921024981
2025-11-24 04:52:29.140800,S001,temperature,26.307283573061316,-25.091340865378662,22.964396089987833
2025-11-26 19:52:29.140800,S002,ec,0.9188898146935299,-32.04410943375609,29.658738665978863
2025-12-27 20:52:29.140800,S003,humidity,56.097001185081645,-32.03833619607383,22.355554999643342
2026-08-26 11:52:29.140800,S004,temperature,20.53704278932223,-31.35830750636842,18.136559372865655
2026-07-20 18:52:29.140800,S004,temperature,32.520951103494994,-25.815786242076516,31.775446115121948
2026-11-03 00:52:29.140800,S001,soil_moisture,0.6054572072512232,-33.72934537120766,24.54167010290886
2026-09-28 14:52:29.140800,S002,humidity,31.47123842520695,-33.91659150459107,30.78994352818554
2026-08-19 20:52:29.140800,S005,soil_moisture,-1.061100797820195,-31.487219514121076,21.089504503707406
2026-05-21 05:52:29.140800,S003,humidity,31.552520189135116,-27.14433668452477,30.641552156039708
2026-03-03 02:52:29.140800,S003,humidity,74.19259569325817,-25.008269402931337,24.79057041861838
2026-08-24 14:52:29.140800,S004,temperature,16.43912494030149,-30.90396888385435,26.75616434494006
2025-11-03 07:52:29.140800,S002,ec,1.6215476631182038,-24.783111619113765,31.803467057585618
2026-03-05 08:52:29.140800,S001,temperature,20.957426001650774,-25.69230318723149,27.395644334992824
2026-02-12 21:52:29.140800,S003,humidity,75.2780394846336,-24.539855397706066,24.854270600689027
2026-05-24 11:52:29.140800,S004,temperature,22.71616362542324,-32.05055394207875,18.68251570990083
2025-10-16 05:52:29.140800,S001,soil_moisture,0.4845821437762413,-27.603820779571425,28.426236310386805
2026-10-01 06:52:29.140800,S001,ec,1.6193268385263528,-31.909544600839382,23.98497408372443
2026-02-14 18:52:29.140800,S003,humidity,93.09917612735931,-29.50197165566759,28.98960958311664
2026-04-17 17:52:29.140800,S005,temperature,23.436982414776573,-26.60751136060501,20.844364521772246
2026-01-22 22:52:29.140800,S004,humidity,75.7460314610911,-25.508664846044162,23.63776945383883
2026-10-13 15:52:29.140800,S001,temperature,18.04311881646044,-32.46398304425571,19.963568364312945
2026-04-23 00:52:29.140800,S004,soil_moisture,0.47205780401492325,-29.771933298730698,25.188634025721115
2026-04-09 12:52:29.140800,S001,temperature,27.360975091616062,-33.982736962100006,29.22922403743647
2026-03-28 10:52:29.140800,S004,soil_moisture,0.5020927283288982,-28.90914174393319,31.047191945207224
2026-10-08 23:52:29.140800,S001,ec,0.6134984430172986,-32.28451781986475,31.54146941464952
2026-10-02 12:52:29.140800,S002,temperature,22.369908791488104,-29.157097349374087,29.83050423968968
2026-04-01 20:52:29.140800,S004,humidity,59.67240027426311,-25.224756050468912,30.53901920412095
2026-08-19 19:52:29.140800,S001,temperature,24.848286868517935,-27.045465436470735,18.476846891424604
2026-07-29 04:52:29.140800,S002,temperature,17.751984415811158,-24.11799179543535,25.38039773824355
2025-11-28 14:52:29.140800,S002,ph,6.637423569007714,-24.22750346591043,19.95434255491977
2026-02-09 20:52:29.140800,S001,soil_moisture,0.44857153779964537,-31.1807316551367,19.817282110329433
2026-06-04 03:52:29.140800,S002,ec,1.5088280685836377,-24.064602461734808,18.034372509047074
2026-06-20 19:52:29.140800,S003,soil_moisture,0.38508118559559296,-29.353119379458,24.323168177222662
2026-07-16 12:52:29.140800,S005,humidity,58.10031544544241,-28.77327263669693,27.350259093322375
2026-03-28 14:52:29.140800,S002,temperature,20.467805992030385,-32.02050527511463,20.559157563550258
2026-05-12 19:52:29.140800,S004,ec,1.1915784420557185,-33.09567307317015,31.202196770147008
2025-12-05 17:52:29.140800,S005,humidity,98.43372248214082,-33.84700261548212,30.618908049700302
2026-11-08 20:52:29.140800,S002,ph,6.763196741701069,-29.111736901624496,21.47305684477149
2025-12-04 07:52:29.140800,S003,ec,1.8083331494346084,-31.049828982362737,20.83604483686401
2026-05-15 02:52:29.140800,S005,ph,6.792544581515171,-29.759104355595817,27.182565061610724
2026-04-01 01:52:29.140800,S005,ec,1.9679169145877806,-26.415661288944406,19.51272269499145
2026-06-16 07:52:29.140800,S004,soil_moisture,0.8308358679816608,-33.44446707858322,31.889646683569072
2026-07-11 04:52:29.140800,S002,ph,6.613554932974219,-27.044912069500686,18.17835464574081
2026-06-07 15:52:29.140800,S001,ph,6.268035284597129,-29.602637965354283,28.9592606088539
2026-04-02 22:52:29.140800,S005,temperature,23.79431352882412,-33.03078815990276,23.344109471618665
2026-02-27 13:52:29.140800,S004,temperature,38.804231261717895,-25.270325543440464,19.05148624490771
2026-10-02 16:52:29.140800,S003,humidity,50.10777304109192,-32.89407502914806,29.311326098224264
2026-04-21 06:52:29.140800,S005,temperature,31.93435718015443,-33.20996888496098,19.049808600968817
2026-06-24 21:52:29.140800,S002,ph,6.456379462432085,-31.37516357503626,24.904928692902537
2026-03-23 13:52:29.140800,S001,humidity,74.23500352856374,-24.073932574966687,25.849531904953903
2026-01-29 00:52:29.140800,S001,soil_moisture,3.8990422826503424,-31.501160505315205,30.743217427025993
2026-05-31 03:52:29.140800,S003,ph,6.4377457689553745,-25.593894528004572,21.21244962839221
2026-01-13 11:52:29.140800,S001,temperature,24.937747752299753,-29.497553117407378,30.124574297742043
2026-04-12 18:52:29.140800,S002,humidity,102.04492426609781,-28.405212811529072,27.798636328437752
2026-04-05 17:52:29.140800,S004,ec,1.4609931496735469,-28.010094621219324,20.161833811677806
2026-03-24 05:52:29.140800,S003,temperature,27.303067842970105,-30.50953872341658,24.06784563575023
2026-07-05 03:52:29.140800,S004,ec,1.501515758399156,-28.63198438695469,19.107494560051755
2026-06-21 20:52:29.140800,S003,soil_moisture,0.3844728711525343,-25.806784197828698,31.32439272203238
2026-03-05 19:52:29.140800,S004,soil_moisture,0.6472599160113975,-24.704180015380445,25.257491204729007
2026-05-04 18:52:29.140800,S005,humidity,71.91754261029395,-32.874016267703766,18.02787673764492
2026-04-08 12:52:29.140800,S003,temperature,20.148973025951985,-27.40585516287138,28.073875453934413
2026-08-29 10:52:29.140800,S001,temperature,34.95533946780437,-30.78959746501273,29.18270354523154
2025-10-03 16:52:29.140800,S004,temperature,28.76768677655823,-31.401696650837405,27.19100994164246
2026-01-20 20:52:29.140800,S003,soil_moisture,0.5672318481050338,-31.54778816274778,31.750670766710122
2025-12-22 02:52:29.140800,S001,humidity,54.00706840777614,-31.526563402669847,21.462225253336936
2025-11-13 09:52:29.140800,S001,ec,2.0499042273695545,-25.275761479294445,31.494893877105994
2025-12-11 07:52:29.140800,S003,humidity,66.18141221844685,-26.078364380656375,30.09668162209887
2025-12-02 04:52:29.140800,S005,ec,2.110009490801952,-32.893027824857846,31.32123230511747
2026-08-06 22:52:29.140800,S001,humidity,67.0625388103407,-27.638764426353976,23.819453515267153
2026-08-18 14:52:29.140800,S004,ec,1.549617932060752,-33.840897495560604,31.734452387435994
2025-10-20 01:52:29.140800,S002,soil_moisture,0.5501844290895039,-31.69381343840304,24.125030767347717
2026-03-01 19:52:29.140800,S004,ph,6.177799801855522,-31.62846348405628,19.587829115327345
2026-06-10 18:52:29.140800,S004,ph,5.707813087199249,-30.043921236369012,26.97775623820104
2026-03-16 22:52:29.140800,S003,soil_moisture,0.8633978829714608,-27.966396973093175,23.352005541912582
2025-12-04 15:52:29.140800,S001,ec,1.7757593010611732,-25.494220921900798,21.4968339286648
2026-06-22 12:52:29.140800,S003,temperature,18.78389356046285,-24.307676439562904,30.540958718136245
2026-02-07 00:52:29.140800,S001,ph,5.608768615966042,-29.814180585569304,28.04650709737723
2026-07-13 00:52:29.140800,S003,humidity,65.46883426935207,-33.42231309079227,20.131163060627554
2026-03-06 12:52:29.140800,S005,ec,1.4341790840917914,-32.75730335415556,24.527413197567718
2026-01-04 07:52:29.140800,S005,soil_moisture,0.4087503483819816,-30.541880905821724,24.399194038852947
2026-09-18 04:52:29.140800,S004,soil_moisture,0.3118298866707462,-30.091668289406705,23.719155416983455
2026-08-30 03:52:29.140800,S002,humidity,105.79870719519717,-28.402871071665242,23.634745050757356
2026-05-02 09:52:29.140800,S004,humidity,43.88416375265505,-32.18721216045625,28.88267631682432
2026-09-28 05:52:29.140800,S003,temperature,25.54519979305966,-28.21285789080803,22.757380890545203
2026-01-10 04:52:29.140800,S003,humidity,11.444131394427288,-33.8084480760578,26.012993644147812
2025-11-07 08:52:29.140800,S004,ph,23.386272541695725,-26.557057032329105,31.13671433643605
2026-03-05 17:52:29.140800,S003,soil_moisture,0.49821067185058976,-30.696171612835546,24.0240129003398
2025-10-24 13:52:29.140800,S001,humidity,94.07598648473375,-26.86073391113014,30.44434533127779
2026-10-27 00:52:29.140800,S002,soil_moisture,0.6281018478594662,-30.8361102213222,24.319298355309705
2026-01-14 14:52:29.140800,S003,humidity,57.822637054713276,-32.80310351729886,24.394861618404747
2026-06-17 12:52:29.140800,S003,ph,6.757803411925272,-31.062539252831762,21.81523313454447
2026-03-28 14:52:29.140800,S005,humidity,44.91377556326333,-27.29147272949613,22.505365456129883
2026-11-04 16:52:29.140800,S003,ph,6.780970641768666,-26.81213025640193,25.945397270792906
2026-05-20 16:52:29.140800,S004,ec,0.4693747465666005,-26.967408737414996,30.73561766872788
2026-10-19 00:52:29.140800,S002,humidity,29.60758065866181,-26.638443688248792,22.938412575517965
2026-09-01 15:52:29.140800,S004,temperature,30.299730681369724,-26.7880331436701,29.116725671513855
2026-05-17 05:52:29.140800,S001,humidity,68.4973715874168,-30.387165224810644,24.024771359064278
2026-01-11 10:52:29.140800,S003,ec,1.977860518431983,-33.27121787011239,21.421360230411974
2026-02-18 21:52:29.140800,S001,ph,6.263047208946497,-30.929041762026873,31.582791499910442
2026-01-17 08:52:29.140800,S002,soil_moisture,0.8013732773101121,-30.176781067671865,23.167828005676284
2026-10-16 15:52:29.140800,S001,ph,6.834008376123469,-28.720352867615283,18.58781892800575
2026-07-01 11:52:29.140800,S005,ph,6.391662475393525,-24.171965440127604,22.067926363064473
2025-12-23 20:52:29.140800,S005,temperature,22.735345817607087,-33.638860222774845,30.993886088657074
2026-09-28 05:52:29.140800,S001,ph,6.9406708334085385,-32.2315921632201,30.038219302930184
2025-12-26 22:52:29.140800,S001,ec,1.385394937201828,-24.60435251495067,21.379519896186235
2025-12-07 21:52:29.140800,S003,ec,1.9705521926758434,-29.36215626086185,22.260712332676988
2025-12-12 15:52:29.140800,S001,temperature,39.68868944011514,-29.68566769200232,31.49078664368745
2026-07-08 09:52:29.140800,S001,humidity,56.987031930128744,-33.00174515954102,25.258114532435638
2026-09-15 06:52:29.140800,S004,ph,7.233520233412717,-31.97679633642403,19.264007645497806
2026-03-04 10:52:29.140800,S005,ec,1.5537372343309614,-25.167707857713058,30.13515867756674
2026-07-22 15:52:29.140800,S004,ec,1.5912293607321435,-24.64001050470477,25.74606086125521
2026-07-25 01:52:29.140800,S002,soil_moisture,0.42404210672450915,-26.41659860914777,25.419788001436128
2025-11-20 05:52:29.140800,S004,humidity,92.12505421471937,-27.97260274138274,26.283908505160095
2025-10-05 19:52:29.140800,S002,soil_moisture,0.6359826715217406,-28.46393157100672,20.558386411055977
2025-12-10 11:52:29.140800,S005,ec,2.1590643765576183,-30.742976117589535,22.722625851352582
2026-07-07 19:52:29.140800,S005,humidity,61.64603400622885,-30.32597257282251,25.692515136848485
2026-01-17 18:52:29.140800,S003,ec,2.109778487281301,-27.79324523001472,31.434104409237168
2026-10-27 21:52:29.140800,S003,ph,7.031975564658882,-33.34761430503624,29.18292877745991
2026-09-20 08:52:29.140800,S001,humidity,53.95756481839062,-28.698100027859155,22.003130013415184
2026-11-10 22:52:29.140800,S004,temperature,28.460037684422826,-31.243738799418566,22.978698187147238
2025-10-25 15:52:29.140800,S005,ec,-16.470983971462072,-31.47152172705514,21.32093042313882
2026-02-16 22:52:29.140800,S005,ec,1.489606822988444,-28.57882898110259,18.771853977475356
2025-12-01 04:52:29.140800,S002,humidity,73.20834844559539,-28.679573698032968,22.899375713130468
2026-10-27 11:52:29.140800,S005,temperature,29.220373104534623,-30.549572226763956,27.42902166496438
2026-08-24 12:52:29.140800,S001,temperature,36.651742364771756,-27.909920684016445,20.924690420598655
2025-11-21 19:52:29.140800,S001,humidity,77.53110109902421,-29.085925131507445,24.014224930933217
2025-11-10 20:52:29.140800,S001,humidity,70.15946259756691,-31.377453819230016,26.660533632811706
2026-06-08 05:52:29.140800,S004,ph,5.914162488519825,-24.667333052011706,23.65005647165124
2026-02-17 10:52:29.140800,S002,temperature,30.244897761178354,-31.749469964433594,23.11179830816763
2026-06-13 02:52:29.140800,S004,ph,6.038225856163997,-26.137762968813064,30.006501060838872
2026-10-04 03:52:29.140800,S001,soil_moisture,0.7506290859380993,-32.716390665764465,30.088797969238904
2025-10-29 02:52:29.140800,S002,ec,1.5869764485389317,-26.88972605952769,19.490035724450255
2026-01-23 00:52:29.140800,S005,ec,1.0026252568666716,-26.60745326280488,24.109733475195945
2026-01-19 15:52:29.140800,S005,humidity,81.68578614078189,-32.25160732579279,20.88963046830107
2026-11-10 05:52:29.140800,S002,soil_moisture,0.3569636324056421,-29.404538912054274,20.588793137217113
2026-03-10 21:52:29.140800,S004,humidity,72.8499908768887,-26.0287177658387,22.28383934921165
2026-02-07 16:52:29.140800,S004,humidity,84.70493384387979,-32.628624949479246,19.93841879101877
2026-07-09 01:52:29.140800,S002,ec,1.2667243336750866,-27.891507924541003,19.2233604770926
2026-04-10 03:52:29.140800,S001,ph,6.3357496761771595,-28.150965542637792,22.463610421112016
2026-02-09 19:52:29.140800,S002,temperature,29.34965176655154,-32.09933798842404,19.115885911276955
2026-05-29 22:52:29.140800,S001,soil_moisture,0.6911675231733567,-32.191011643061536,31.716886418198516
2026-07-13 09:52:29.140800,S002,temperature,39.23624518428452,-33.33918239890202,18.18258011367012
2026-07-15 02:52:29.140800,S004,ec,1.7325206114162188,-31.19417593232578,26.986402451152568
2026-10-25 13:52:29.140800,S005,temperature,27.952899596977332,-29.93720505514323,26.263293655605374
2026-02-20 00:52:29.140800,S002,soil_moisture,0.22037330481608158,-29.855962254115003,20.082465042049318
2025-12-14 23:52:29.140800,S002,humidity,45.33434860322332,-32.38401029077997,26.62377732655937
2026-06-12 11:52:29.140800,S004,ph,6.558645322468036,-27.49438885889014,27.462644538904172
2026-05-23 14:52:29.140800,S002,ph,6.480576459156094,-33.52831421049333,27.929433771417646
2026-10-05 22:52:29.140800,S004,ph,5.932872653767477,-26.0473980701693,31.803188966922825
2025-11-04 19:52:29.140800,S005,soil_moisture,0.6352265455769848,-32.420318914990325,30.557537392395684
2026-07-16 17:52:29.140800,S005,humidity,45.230811651335465,-33.39392523532704,31.089839578673434
2026-08-18 12:52:29.140800,S002,soil_moisture,0.33481163681509685,-24.849682303495843,31.39131370456263
2025-10-23 14:52:29.140800,S004,ph,6.172595048078048,-28.53307164786341,31.727566687295365
2026-08-25 23:52:29.140800,S002,ph,6.260694311488507,-33.70475596723049,25.376263108406327
2025-11-05 19:52:29.140800,S001,humidity,52.60035506819129,-25.12213874887079,30.020143341728073
2026-02-01 04:52:29.140800,S001,temperature,13.229185429224165,-27.694411560912275,18.712019622689112
2026-06-10 08:52:29.140800,S001,temperature,26.426793671770042,-24.316993367602123,28.37202256921353
2025-12-02 09:52:29.140800,S004,temperature,29.305177616411893,-28.346206681807054,21.005928215587357
2026-03-24 18:52:29.140800,S001,humidity,39.32321251523766,-28.287731449889144,26.047918493802914
2026-03-17 20:52:29.140800,S003,humidity,80.36545492007114,-33.18631624203066,22.438259002258114
2026-03-11 21:52:29.140800,S001,soil_moisture,0.4637407360908898,-24.51988887254216,23.919623676714423
2026-06-17 08:52:29.140800,S005,ec,1.9438870033803437,-29.99250106892229,27.877618225164355
2026-08-24 07:52:29.140800,S004,temperature,32.41914195836782,-24.603380364342016,26.687687638842103
2026-08-07 03:52:29.140800,S004,soil_moisture,0.5419433748157602,-27.6980872005442,30.486584640224358
2026-09-12 06:52:29.140800,S004,temperature,33.204702912471824,-26.442788401230473,24.38127225748176
2025-12-11 16:52:29.140800,S004,soil_moisture,0.4588375442671948,-30.101917702939698,25.122895223300453
2026-03-21 02:52:29.140800,S004,temperature,24.393529416100964,-32.31876410632183,27.129269495476002
2025-12-14 17:52:29.140800,S005,ph,5.521473493080763,-29.251983487441727,30.337003339695656
2026-08-17 11:52:29.140800,S002,ec,1.679673505834829,-29.50674138143076,23.735462362308898
2026-09-03 05:52:29.140800,S001,ec,0.8282352664351927,-27.3785261938931,25.098100375690535
2026-01-15 11:52:29.140800,S005,humidity,69.75899154793025,-33.10415366232383,28.73917943606699
2026-03-05 04:52:29.140800,S005,soil_moisture,0.47070371404562955,-26.366767463795316,18.184727733880194
2025-11-13 03:52:29.140800,S002,ec,1.7945224076986148,-25.212277311228505,27.210559761148442
2026-03-20 05:52:29.140800,S003,ph,6.953502604940924,-27.962834776372503,23.203688787716047
2026-01-19 04:52:29.140800,S004,soil_moisture,0.5834257726130556,-27.760900757000922,22.78493646610049
2025-11-10 01:52:29.140800,S002,temperature,36.37368802427715,-28.602862853698582,19.002034613824335
2025-12-03 09:52:29.140800,S003,ec,1.9815096421601557,-29.740289093894916,30.43828930867944
2026-09-21 11:52:29.140800,S002,ph,6.273500594755582,-30.825568488245157,26.66042834804349
2025-10-10 11:52:29.140800,S001,ph,6.700887149292386,-31.9722692987749,22.003867539340103
2026-05-24 06:52:29.140800,S004,ec,1.4879406284427195,-28.362885534422865,29.824183238025153
2026-07-03 20:52:29.140800,S002,ph,6.3727353231435435,-26.262967387067814,29.521488927021473
2025-12-07 19:52:29.140800,S004,humidity,64.19173487248861,-32.64006314482406,26.986728798142927
2025-12-26 14:52:29.140800,S002,ec,-13.235786266315328,-26.309843850101338,30.000053346273184
2025-10-31 17:52:29.140800,S003,ph,7.442436983524263,-26.060990609401728,25.08871975443592
2025-12-02 06:52:29.140800,S003,ph,6.914909040026782,-26.595731048545847,22.09063751507894
2026-10-22 13:52:29.140800,S005,humidity,45.03136340101096,-24.698975399062896,22.717548744405352
2026-11-12 16:52:29.140800,S002,humidity,43.36480628876362,-30.983195220442646,25.534949817429663
2026-10-03 16:52:29.140800,S005,soil_moisture,0.5803175411329111,-29.43575418408099,25.98197229426104
2026-07-13 07:52:29.140800,S003,temperature,17.231876095374677,-33.02045571476318,19.296042858219202
2026-10-05 22:52:29.140800,S005,soil_moisture,0.5216449296731267,-28.33660783555406,30.15999113521392
2025-11-05 15:52:29.140800,S004,temperature,19.91056513704672,-32.27147743876357,26.33087592489474
2026-02-04 18:52:29.140800,S004,temperature,28.322067788120226,-31.690580268916996,18.271887951405393
2026-06-10 21:52:29.140800,S005,soil_moisture,0.5906373420027038,-29.78973380845807,27.983885904208
2025-12-05 07:52:29.140800,S001,humidity,77.73760745626927,-33.4309007842078,28.554867324608324
2026-08-25 02:52:29.140800,S001,humidity,65.77603304521745,-30.53822978049216,29.51076979578081
2026-06-03 17:52:29.140800,S002,soil_moisture,0.40479456137395503,-25.660212416156153,27.451839693788003
2025-10-07 00:52:29.140800,S002,ph,7.287273932070942,-30.651451679437194,20.829752930468825
2026-10-22 21:52:29.140800,S003,ph,5.598270457058112,-24.37169088878661,19.5679623981248
2026-04-17 05:52:29.140800,S001,ec,0.8896368497948159,-25.01851531052391,29.563442965667406
2025-10-30 06:52:29.140800,S005,humidity,11.23799818180754,-24.89308593181336,28.300379374516446
2026-01-14 19:52:29.140800,S004,ec,1.2385803732851084,-32.8329268337095,26.9277104543404
2026-08-05 08:52:29.140800,S002,soil_moisture,0.62802641884555,-31.374912688254224,20.13637309269744
2025-12-27 08:52:29.140800,S002,soil_moisture,0.4690343674220547,-31.990679010423808,22.09117946590574
2026-11-10 18:52:29.140800,S003,ec,1.9282271706389131,-25.464522983372973,31.756533683279223
2026-06-02 20:52:29.140800,S001,temperature,18.40435544936204,-27.43646906080135,28.646658227935813
2026-08-28 19:52:29.140800,S005,ph,6.394803985857309,-24.88692703433645,21.11832084728841
2026-07-09 09:52:29.140800,S001,ph,6.452179165012929,-27.818750457562032,18.791604114073582
2026-10-15 00:52:29.140800,S001,ec,1.1464846230007257,-30.50056125106913,31.80182311121856
2026-04-06 06:52:29.140800,S003,humidity,36.0363234903278,-32.757057942599225,25.922856233128062
2026-11-15 00:52:29.140800,S005,soil_moisture,0.37154171098772776,-30.933727996096483,27.66520339598739
2026-08-11 18:52:29.140800,S003,ec,1.6226549341137768,-29.169315357647477,30.35376240058275
2026-03-27 12:52:29.140800,S001,soil_moisture,0.4333887121524201,-30.373520262437424,22.21245971136421
2025-10-27 23:52:29.140800,S005,soil_moisture,0.3642954646844354,-32.26278200726218,24.270681135751488
2025-11-06 07:52:29.140800,S003,soil_moisture,0.6101442467619976,-24.078189689854028,31.36603354528675
2026-01-01 17:52:29.140800,S003,soil_moisture,0.5168670942119318,-29.580514608505585,25.151175503046773
2025-10-13 19:52:29.140800,S004,humidity,69.59210785234325,-28.477899619080095,26.834258823093617
2026-06-05 05:52:29.140800,S001,ec,1.6790388985320257,-30.423068080062453,22.072471886748726
2025-10-07 10:52:29.140800,S004,ph,6.546176082827754,-33.11440052790278,28.81980132619516
2026-06-13 17:52:29.140800,S003,ph,7.161981953597952,-25.262554798258233,31.537417857072775
2026-10-31 18:52:29.140800,S005,ec,2.058968815938873,-33.11486346008723,23.47880618241394
2026-07-30 18:52:29.140800,S001,ph,6.883615738233984,-25.990107920417167,27.75983262369713
2026-02-18 06:52:29.140800,S002,humidity,72.38663643366675,-30.968312226974028,26.02539425282958
2025-11-06 00:52:29.140800,S005,ph,6.52951437592949,-25.311054126805615,20.923506778122157
2026-07-01 06:52:29.140800,S005,temperature,30.469916790115672,-29.844354873593513,21.04238220184023
2026-09-20 11:52:29.140800,S004,temperature,17.35633807838859,-29.55683250224199,26.68344567421606
2026-04-11 20:52:29.140800,S005,soil_moisture,0.31794171317736664,-32.128501797153284,25.998891686723596
2026-04-26 02:52:29.140800,S002,soil_moisture,0.6889389673192388,-26.91384591284053,28.597172635713953
2026-09-25 05:52:29.140800,S004,soil_moisture,0.6453248664772044,-26.50672068957812,23.986817957839303
2025-11-12 15:52:29.140800,S004,humidity,35.243217159965006,-26.39331301911644,24.52599986141295
2026-07-04 22:52:29.140800,S004,soil_moisture,0.30656171615362493,-31.59164727805244,25.885724541918506
2026-04-23 08:52:29.140800,S002,temperature,18.572656553718396,-24.116937563595894,24.8697084055485
2026-09-04 01:52:29.140800,S003,ph,6.799732414463928,-29.319098812042412,29.4819563423479
2026-03-08 07:52:29.140800,S001,ec,1.5330579649935407,-24.395097779365855,29.426568865133312
2026-05-10 17:52:29.140800,S002,ec,2.1876152628715824,-30.570729202240145,21.40522970431611
2025-12-16 14:52:29.140800,S002,ec,1.3073374186657183,-29.70281960582458,25.428864669671068
2025-12-09 09:52:29.140800,S004,soil_moisture,0.5651946763923306,-27.078967624158906,24.78274234644369
2026-11-07 00:52:29.140800,S004,soil_moisture,0.2923912827719466,-24.32719393032403,22.68467476778746
2025-12-07 19:52:29.140800,S001,humidity,69.19117844019534,-28.85348420988746,31.632672014247383
2026-03-30 16:52:29.140800,S003,ph,6.108536244599428,-29.939375391056945,24.799229006135462
2026-08-28 01:52:29.140800,S001,soil_moisture,0.44186273397662956,-32.04025429488617,18.700832778441747
2026-11-12 02:52:29.140800,S001,temperature,32.993923700573575,-28.6207113968178,24.67217685801375
2026-07-28 12:52:29.140800,S005,temperature,28.296735325572097,-33.3422079596536,26.444510522554896
2025-10-04 11:52:29.140800,S002,temperature,16.98049760860888,-30.714715866794513,27.922307958619644
2026-08-20 10:52:29.140800,S001,soil_moisture,0.4566064009210334,-30.26320133028736,24.516752641874326
2025-11-21 10:52:29.140800,S003,humidity,47.76728784842158,-32.59463633804653,18.32046324828209
2026-05-05 15:52:29.140800,S004,ph,6.495110111806069,-33.75823139248047,19.77256095615349
2026-08-07 14:52:29.140800,S003,ph,7.0281643066521795,-30.416608405419844,24.669102166036282
2026-02-22 19:52:29.140800,S001,ph,7.7415475137119785,-28.708609897110662,30.279378814872985
2026-11-20 09:52:29.140800,S004,soil_moisture,0.5927977317971143,-33.848212355252905,26.764877323999258
2026-06-26 17:52:29.140800,S004,ec,1.7100799125895743,-31.408926139888965,26.278872319663257
2026-08-16 08:52:29.140800,S005,humidity,63.49151202957376,-24.188009728104348,29.385043583789
2026-09-08 12:52:29.140800,S001,ec,2.084468151577979,-24.05031993549018,27.63695418274046
2025-10-09 13:52:29.140800,S002,ec,0.45620738643872993,-30.123282990631942,18.48267237624454
2026-08-11 13:52:29.140800,S005,ph,7.7271315701118,-24.327557777824254,26.62898251654193
2026-01-02 19:52:29.140800,S004,soil_moisture,0.4880420545450361,-31.92459181655271,22.73995372888341
2026-10-16 19:52:29.140800,S001,soil_moisture,0.39017820358470295,-26.829617440017522,18.11749432360577
2026-10-28 21:52:29.140800,S001,ph,7.300494882478618,-24.453189431520723,19.023802654321496
2026-02-10 03:52:29.140800,S001,ec,1.2208739914613935,-25.88141172740653,24.171525203032765
2026-04-23 12:52:29.140800,S003,soil_moisture,0.7620850635827388,-29.113017398823995,27.48403467191347
2026-01-01 15:52:29.140800,S003,soil_moisture,0.7324463543590122,-25.66023016719607,21.053566116201658
2025-12-29 20:52:29.140800,S005,temperature,28.219550571791224,-32.94712162779239,19.126865326600292
2026-04-14 09:52:29.140800,S004,temperature,26.95980910955023,-29.80545104223197,19.43392924680607
2026-05-04 16:52:29.140800,S004,humidity,65.16403200768177,-26.56441637406668,22.173434447986665
2025-11-22 04:52:29.140800,S005,ec,1.548804686401784,-24.931466371161953,31.476900494917807
2026-03-29 22:52:29.140800,S004,ec,0.6495734036900229,-28.09641621516629,27.61245988449139
2026-04-02 04:52:29.140800,S001,ec,1.0065323613995765,-24.703232124327144,20.103101209356183
2026-02-03 16:52:29.140800,S002,ph,5.703099859977388,-31.79507563999723,20.122508538951163
2026-08-30 23:52:29.140800,S002,temperature,19.867136127605168,-25.53003469174972,23.67169549902339
2026-04-21 09:52:29.140800,S004,soil_moisture,0.6634073615119429,-31.80632783983234,28.412733106495768
2026-01-18 13:52:29.140800,S002,temperature,26.83331833063165,-30.938448938718917,20.980204840766646
2026-07-25 00:52:29.140800,S003,soil_moisture,0.5229718742867522,-27.091974273231628,23.817121197555657
2025-12-04 17:52:29.140800,S003,ph,5.484574898132319,-28.45572876651444,25.87547840432417
2026-09-04 16:52:29.140800,S005,ec,0.4718943045832895,-25.528178120496754,28.61311937669053
2026-10-23 05:52:29.140800,S002,soil_moisture,0.26698553197006847,-29.12100922553858,29.850201461322577
2026-08-06 06:52:29.140800,S005,temperature,12.164972951512864,-26.340493859883768,28.56475950506731
2026-11-03 04:52:29.140800,S002,temperature,29.328333378145537,-31.696161567247284,31.538242486104117
2026-01-22 17:52:29.140800,S004,ph,6.463056841518114,-33.0413290425273,25.65893897247812
2025-11-30 08:52:29.140800,S001,humidity,41.29974042162211,-24.640484100880688,25.556630497843045
2026-08-10 18:52:29.140800,S002,temperature,22.52520122745117,-27.400228931622365,30.197797024304542
2026-04-02 07:52:29.140800,S004,temperature,29.798231653813815,-32.764559240585164,27.587488889091187
2026-01-29 06:52:29.140800,S004,soil_moisture,0.5355331679394131,-26.07818352105355,19.239237222819536
2026-08-16 17:52:29.140800,S005,humidity,80.84673466464312,-31.730144495509553,25.950379438798546
2026-04-26 06:52:29.140800,S003,humidity,69.06464210800665,-24.237079602100618,29.744416464641162
2026-10-10 15:52:29.140800,S005,temperature,37.98143933813128,-32.97130025238955,18.99715080592781
2026-07-26 12:52:29.140800,S003,soil_moisture,0.34361496313064654,-30.205147629733908,25.625521209150218
2026-08-12 03:52:29.140800,S001,humidity,83.06192091916908,-27.804169906502878,23.11908698756558
2026-09-17 11:52:29.140800,S001,ec,0.8122273475990941,-24.882289309943662,22.763152689056902
2025-10-04 20:52:29.140800,S001,ph,5.7506617518658265,-31.29008696694583,27.183592013611058
2025-10-05 12:52:29.140800,S005,temperature,28.879887732771266,-29.48040603726254,22.063504356956255
2026-03-26 18:52:29.140800,S005,soil_moisture,0.3947301708724661,-31.4990512105353,27.00906385727706
2026-01-10 02:52:29.140800,S004,ec,1.8140633536904816,-32.32021284562056,28.671704707445677
2025-10-12 14:52:29.140800,S005,temperature,16.929410864551922,-30.04345385954042,20.51103610271636
2026-03-10 09:52:29.140800,S002,humidity,48.774826374426986,-33.38362439792377,27.873520523044895
2026-10-11 21:52:29.140800,S005,temperature,10.099072306761233,-27.496335347974643,30.759381850644814
2026-07-23 21:52:29.140800,S004,humidity,90.70764064440621,-24.058156988407212,19.255635046184153
2025-12-20 08:52:29.140800,S004,ph,6.809593632513021,-25.402757384136443,31.246365715237236
2026-06-06 03:52:29.140800,S003,ec,1.200271282927795,-30.069110590902657,27.085858121097644
2025-11-03 17:52:29.140800,S005,ph,7.555806929058562,-32.74521658861502,20.80892064342449
2026-05-18 11:52:29.140800,S003,ec,0.7709472317088465,-24.911422629141505,19.302851536514062
2026-01-07 10:52:29.140800,S002,temperature,24.12723009932935,-27.88917810224076,27.896151653477876
2025-11-07 07:52:29.140800,S005,humidity,59.57434344579396,-24.938125026117127,31.269870908915575
2026-01-01 09:52:29.140800,S003,temperature,21.47978015105545,-32.40722407116734,24.223608182129787
2026-06-02 12:52:29.140800,S004,temperature,37.034939209423406,-28.491976747325953,21.630757834104084
2026-07-12 05:52:29.140800,S002,soil_moisture,0.616943217305035,-31.36484567750918,31.793548689254745
2026-10-20 11:52:29.140800,S003,ec,1.4502471612436738,-33.61872140725489,20.662349546680595
2026-02-16 17:52:29.140800,S002,temperature,26.03002747685661,-25.382578929476075,25.26216868859367
2025-11-09 21:52:29.140800,S003,humidity,90.80086422955654,-28.298427550474713,26.134579295233443
2025-10-31 17:52:29.140800,S005,humidity,41.50584230128388,-31.353711761966316,31.95199720797197
2026-04-19 15:52:29.140800,S003,humidity,88.87361402117186,-30.834507958983846,23.865103054821063
2026-04-10 18:52:29.140800,S005,ph,7.008857639546838,-32.772619434140644,26.035926389901004
2026-07-23 15:52:29.140800,S001,soil_moisture,0.5427162067073251,-26.362361849260637,22.50037551230844
2026-05-04 09:52:29.140800,S001,humidity,66.77082030193347,-30.550292757400783,28.18623056275329
2026-04-21 06:52:29.140800,S005,ph,6.010821179156138,-29.211542924363894,26.174379044436847
2026-01-13 23:52:29.140800,S003,humidity,64.85127211672815,-24.138552968782054,18.06580129054919
2026-07-14 00:52:29.140800,S003,soil_moisture,0.39717059962025253,-25.43429853668495,29.122247805893256
2026-05-20 11:52:29.140800,S004,humidity,54.67316146860256,-25.1536441527114,23.381102834313687
2025-12-31 05:52:29.140800,S004,ec,-12.944011410452232,-26.997800372909612,24.626985408750656
2026-11-22 04:52:29.140800,S005,ec,1.0856651126382806,-26.816479229839654,22.966087536880988
2026-08-01 11:52:29.140800,S003,soil_moisture,0.2911124426801156,-26.114500850673593,18.935010306745024
2026-08-19 22:52:29.140800,S003,ph,6.460141333167082,-33.087555703318515,24.997084293273808
2026-10-08 22:52:29.140800,S003,temperature,16.323591693102777,-31.483687234986526,20.422467658256934
2026-01-04 21:52:29.140800,S005,temperature,19.192956060667488,-25.869612676766636,28.80833101726048
2026-11-02 16:52:29.140800,S002,humidity,36.366521763429446,-28.23249285795472,30.04894873182674
2026-09-19 07:52:29.140800,S003,humidity,74.59084882724385,-29.95485758037379,20.71887301117475
2025-10-22 02:52:29.140800,S004,ph,7.0698450096378656,-24.5582941563835,21.726633419009634
2026-01-19 14:52:29.140800,S004,soil_moisture,0.38997765779782123,-27.208971087176998,18.920647318720093
2026-03-21 05:52:29.140800,S005,soil_moisture,-2.2508538878175135,-27.728320196231884,28.77071763141423
2026-08-21 01:52:29.140800,S002,ec,1.100920345413762,-33.27838689698772,31.120503155916495
2026-09-02 14:52:29.140800,S001,temperature,30.653641726677883,-26.491332681614722,27.176741673692504
2026-10-01 19:52:29.140800,S005,ec,1.0716504383021168,-28.600186934249017,18.056952107104127
2026-01-19 05:52:29.140800,S001,soil_moisture,0.5157342072347196,-28.524182639402426,19.206734314559334
2026-08-13 22:52:29.140800,S003,ph,6.607321563294838,-29.21990584281983,28.29040597683622
2026-05-28 01:52:29.140800,S001,ph,6.440485064255775,-28.40686384875137,18.397728820728982
2025-11-26 06:52:29.140800,S003,ph,6.090941324775002,-30.430133817983155,20.53373395134101
2026-07-14 09:52:29.140800,S002,humidity,80.28604359357972,-32.65117583077768,19.409913276710704
2026-01-22 03:52:29.140800,S005,humidity,70.43021985222023,-32.79260159148696,24.291108284918753
2026-07-16 13:52:29.140800,S002,ph,6.634236760645095,-32.89584128058614,29.387787632557714
2026-06-03 04:52:29.140800,S004,temperature,17.384462228496464,-28.677950510220466,25.68749651444725
2025-10-29 03:52:29.140800,S001,soil_moisture,0.3374686508389929,-25.514283794321067,27.34838906793357
2026-11-12 18:52:29.140800,S003,ph,6.962731476330334,-24.242685862199817,23.73221808319444
2026-07-13 13:52:29.140800,S004,soil_moisture,0.36709780862899444,-24.00238354725547,20.90588530838329
2026-11-02 15:52:29.140800,S001,ph,5.43647486136668,-31.522624791499496,29.635972165290617
2026-01-05 16:52:29.140800,S003,soil_moisture,0.4488397572977544,-27.577413122492576,18.490857387790566
2026-08-18 13:52:29.140800,S003,soil_moisture,0.6181454265861713,-33.480333471233806,27.873378565172047
2026-05-10 12:52:29.140800,S004,soil_moisture,0.4365277722273758,-31.431370670913793,22.946698698296224
2026-02-14 14:52:29.140800,S005,humidity,76.92445349160582,-25.67116094766747,30.66956331096768
2026-11-18 03:52:29.140800,S001,ec,0.7738545406546693,-26.20096601614177,27.175185018822138
2026-07-23 08:52:29.140800,S004,soil_moisture,0.14857773818451186,-27.66163685151743,23.313185413522394
2026-09-07 03:52:29.140800,S005,ec,1.7968406346685883,-30.335946281486304,22.537420934878288
2026-06-19 22:52:29.140800,S005,soil_moisture,0.4703118655380248,-26.424737598282725,18.768883369526193
2025-11-21 06:52:29.140800,S005,ec,0.6483634535244843,-33.333511835949224,23.91867433110825
2026-08-27 00:52:29.140800,S002,ph,7.179731660999515,-30.91552097776642,23.851215122798113
2026-11-11 02:52:29.140800,S004,ec,1.5305526625528254,-30.550767401824118,28.283236682865144
2026-05-30 21:52:29.140800,S001,temperature,11.502763814304554,-24.482305642289226,22.051357089034028
2026-05-12 09:52:29.140800,S004,ph,7.121473209081617,-31.218381108097677,27.07669744934507
2026-04-17 15:52:29.140800,S002,ph,6.237219570102496,-26.4270773437878,31.376390239021887
2026-04-10 00:52:29.140800,S001,ph,5.690489479691349,-25.687562252265167,28.096923301186834
2026-09-15 08:52:29.140800,S005,soil_moisture,0.6917844563095147,-25.910481896207386,29.710700953130562
2026-05-29 14:52:29.140800,S003,ec,1.6944300597429762,-25.36458534150797,29.908558655271108
2025-11-25 00:52:29.140800,S004,ec,1.2710141314109962,-25.01415067159403,31.61535373630702
2026-07-06 20:52:29.140800,S005,temperature,22.105262337520024,-31.451529589490615,18.773471463111836
2025-10-24 06:52:29.140800,S001,ec,0.9135929586917078,-25.899534732295773,30.16088496981302
2026-02-28 08:52:29.140800,S003,ph,7.077417692063074,-24.600350675586547,22.266702007163463
2026-04-09 01:52:29.140800,S001,ec,1.8893367802791947,-27.546830483071975,25.75859498415652
2026-03-13 12:52:29.140800,S004,ec,0.5002297607755645,-31.459741574374934,29.45662633010054
2026-03-16 08:52:29.140800,S002,humidity,78.76268282053806,-32.11788763912089,29.733312544365397
2026-08-13 05:52:29.140800,S003,ec,1.108085442733332,-24.84273038310692,22.280682899324564
2026-04-23 14:52:29.140800,S001,ph,6.41910861971054,-32.06528198970933,26.353388831993424
2026-10-03 23:52:29.140800,S005,temperature,17.114430475646714,-28.86683666628585,27.507303247260346
2026-11-22 18:52:29.140800,S004,soil_moisture,0.5356326227111753,-31.016028127980448,25.01184518646493
2026-08-17 21:52:29.140800,S002,ec,1.1321996259851799,-25.204575649366376,23.66233075563342
2026-09-13 19:52:29.140800,S001,ec,1.9771637703919138,-33.56337786858874,31.37914411550019
2025-10-15 11:52:29.140800,S001,temperature,36.934223934496,-31.5164973818819,23.822427125910906
2026-06-16 08:52:29.140800,S001,ph,6.295854013577274,-28.56922262237904,30.51288932750743
2026-05-18 13:52:29.140800,S005,ec,2.3678823490432337,-25.15171155652668,20.11643649310466
2026-01-10 11:52:29.140800,S002,humidity,37.592435504092734,-26.205692301912684,22.4236110998857
2025-12-07 04:52:29.140800,S003,humidity,51.842953020854246,-30.331139365290205,22.040185140273575
2025-11-02 00:52:29.140800,S002,soil_moisture,0.45939423399317464,-24.141569467532292,30.187599280479898
2026-06-18 13:52:29.140800,S004,temperature,35.991094297908205,-32.509183004242644,21.489944127804097
2026-10-11 13:52:29.140800,S002,ec,1.3310306374218244,-30.70373930500737,28.502042912020556
2025-12-15 23:52:29.140800,S003,temperature,14.137692372651175,-30.98901416699715,27.759201731620628
2026-02-08 02:52:29.140800,S004,ph,6.350629869613863,-24.47202818346046,18.82330630199457
2026-02-05 08:52:29.140800,S004,ph,7.037720717493284,-29.7729785526988,27.408322090974362
2026-09-19 23:52:29.140800,S002,ph,7.139741275494098,-24.17258947191911,19.559275428255226
2026-04-12 13:52:29.140800,S004,ec,1.417612543387873,-33.86129171816469,22.33043800606396
2026-01-27 20:52:29.140800,S003,ec,1.820195743747149,-24.06554099496299,27.529997290944358
2026-11-07 07:52:29.140800,S003,temperature,17.0047973789163,-25.840388991346163,27.461459569888053
2026-07-14 16:52:29.140800,S005,humidity,72.34734487239083,-31.16711654960141,24.625842086802752
2026-09-05 07:52:29.140800,S002,temperature,35.41707097334494,-32.81121138638713,21.613226737796026
2025-10-19 17:52:29.140800,S003,ph,6.210852407678045,-32.685873890798014,28.465732572832824
2026-08-03 16:52:29.140800,S001,soil_moisture,0.341178881347609,-30.2225777938336,25.1745498052077
2025-11-02 18:52:29.140800,S004,ph,6.4000467783153425,-30.576651231547917,20.938041166180888
2026-04-01 13:52:29.140800,S002,humidity,102.32678677736325,-30.350426202267975,26.767013792503967
2026-01-19 13:52:29.140800,S002,temperature,17.512088978867567,-32.51737243198091,19.75762632612626
2025-11-13 18:52:29.140800,S001,ec,1.8754872001448775,-28.431354344771833,31.343852497706678
2025-11-17 19:52:29.140800,S004,humidity,59.387492661783,-30.506184585956817,27.538141530240566
2026-09-04 06:52:29.140800,S003,soil_moisture,0.31911003122143533,-24.16286458136213,23.370800728568312
2026-10-19 19:52:29.140800,S003,humidity,52.44174361361267,-33.878666119069365,27.74558761553145
2025-12-17 13:52:29.140800,S003,humidity,49.473545678575526,-25.285504709646574,25.727301030083726
2026-01-20 02:52:29.140800,S002,ec,0.34932878299563774,-24.945762653856022,29.652939284818885
2026-09-22 00:52:29.140800,S005,ph,6.8861278542342435,-29.290495309655707,20.945599154860254
2025-12-18 15:52:29.140800,S002,humidity,65.85879893450245,-33.88474004628754,23.069136109612508
2026-02-01 12:52:29.140800,S005,ec,1.4599141284039039,-26.75388913379239,27.246785279566677
2026-10-12 01:52:29.140800,S001,ec,1.4100025648193153,-30.010531541724053,21.94934855489725
2026-04-16 15:52:29.140800,S005,temperature,35.77589671668659,-30.02658482772385,26.022102307922445
2026-10-06 13:52:29.140800,S002,temperature,33.22974062727771,-25.514592797522177,26.238039913910153
2026-11-09 20:52:29.140800,S005,temperature,24.583170834907506,-33.296490440700026,25.544875036688765
2026-04-16 09:52:29.140800,S005,ph,6.950745620365381,-26.875443076805638,27.125229616863233
2026-09-07 00:52:29.140800,S001,soil_moisture,0.5642956642078265,-31.388658087483137,30.211906934278403
2026-05-21 09:52:29.140800,S003,soil_moisture,0.6660364992178296,-31.367044152310534,22.042260503487213
2026-06-30 13:52:29.140800,S003,temperature,22.864630163070988,-28.68573274513779,23.586361097930705
2026-11-14 16:52:29.140800,S003,ec,1.5478102670153213,-30.744249021951084,27.061562747411088
2025-12-13 21:52:29.140800,S003,temperature,32.29524636828538,-31.429704788753625,29.868982047152244
2026-10-18 07:52:29.140800,S001,soil_moisture,0.4685302787996626,-32.5136779323629,19.081278507326168
2026-03-19 01:52:29.140800,S002,soil_moisture,0.5493216639728968,-26.936743621865322,19.53257380037761
2025-12-03 22:52:29.140800,S003,soil_moisture,0.43781860099311276,-27.263980217317904,26.736338952213362
2026-03-07 09:52:29.140800,S001,ph,7.1082589561776075,-29.23933244778614,30.049092888741953
2026-08-29 21:52:29.140800,S003,temperature,13.250756722638666,-31.039486665152612,29.44051828991843
2026-10-01 06:52:29.140800,S005,soil_moisture,0.5939556129607674,-31.49023714995585,21.78627500996183
2026-01-28 10:52:29.140800,S004,ec,12.995487169694465,-24.99040151872963,20.498634206253968
2025-10-10 08:52:29.140800,S004,ph,5.641853145435284,-31.056633502971863,23.936636177509662
2025-10-29 22:52:29.140800,S001,ph,6.759107750810237,-31.530556883160564,20.899515330547935
2025-10-15 05:52:29.140800,S002,ec,1.6062650399486096,-25.785903112161556,21.62982233931585
2026-06-21 05:52:29.140800,S005,humidity,83.88568018990688,-29.964451581205488,22.767345232719073
2026-02-18 18:52:29.140800,S004,temperature,26.510979225151324,-26.966159794270396,29.24154645265584
2026-02-21 18:52:29.140800,S004,humidity,41.98126938114969,-24.725107022611578,25.176907875380657
2026-02-26 15:52:29.140800,S003,ph,6.102225760583286,-31.26218563051234,25.88717382544919
2026-11-14 06:52:29.140800,S003,temperature,29.078740014906842,-32.41862383054036,27.49244586218058
2026-11-13 18:52:29.140800,S005,temperature,27.90867976293269,-30.48834671209759,20.81427573004925
2026-03-02 22:52:29.140800,S004,ec,1.5022351718846116,-26.764631400621923,30.836571324873976
2026-08-27 00:52:29.140800,S001,temperature,44.94409864290125,-33.15918836709652,31.384478334664422
2026-04-26 14:52:29.140800,S002,temperature,31.11437019646911,-28.858005691777578,26.849602979708862
2026-03-11 02:52:29.140800,S004,temperature,22.001620756057996,-29.31742466223794,22.415643794837166
2026-07-07 15:52:29.140800,S003,soil_moisture,0.21931273379953886,-24.05481123568994,28.619437585628035
2026-05-16 17:52:29.140800,S002,soil_moisture,0.5011192883306506,-24.839966703702554,24.557287048871054
2025-12-12 08:52:29.140800,S003,temperature,23.85573536942924,-25.583729893522452,25.55508589018927
2026-08-20 18:52:29.140800,S002,humidity,80.41014314934901,-27.749930157394093,29.17492300427199
2026-10-28 05:52:29.140800,S005,ph,7.38420914634897,-26.856637167454526,19.203037616728665
2026-02-03 06:52:29.140800,S001,soil_moisture,0.4987064695904661,-33.39729194339983,19.513766277692767
2026-08-23 02:52:29.140800,S001,ec,0.3842115323058508,-24.307272625084533,21.223128708545236
2026-09-02 02:52:29.140800,S002,ph,7.033240727241747,-27.312474266400407,31.808563112082517
2026-06-15 22:52:29.140800,S001,temperature,32.01660449037115,-29.742828923349926,26.745905436550196
2026-04-03 02:52:29.140800,S002,humidity,74.39076961268769,-31.03580460077626,29.221294062230633
2026-03-09 21:52:29.140800,S001,ec,1.0338901967156644,-28.816915165045472,18.785513659385757
2026-08-14 16:52:29.140800,S002,humidity,25.931801119628112,-25.032662398215717,27.085708605486968
2026-02-16 12:52:29.140800,S005,humidity,44.95205879977616,-27.480117773181906,31.57165016315104
2026-06-09 09:52:29.140800,S004,ph,7.072533547089047,-31.304458063306377,26.47989562175028
2026-02-04 04:52:29.140800,S002,ph,6.4665841947845575,-30.54596582986858,18.575484247162233
2026-02-09 21:52:29.140800,S003,soil_moisture,0.7923946540468003,-26.04483521364554,23.489504153467934
2026-11-16 06:52:29.140800,S001,ph,6.428188488534997,-24.88974526738825,19.511407688858025
2026-01-23 11:52:29.140800,S002,ph,6.8784713174019,-29.667987260370946,23.845700690583488
2025-11-21 16:52:29.140800,S005,temperature,21.212126117370623,-31.579451553856774,30.437982904529765
2025-10-15 16:52:29.140800,S004,ec,1.4383956193343412,-32.577340667345275,18.799644960440933
2026-07-30 14:52:29.140800,S001,ec,0.5018288678571544,-27.823881222228245,20.731438722138474
2026-02-24 11:52:29.140800,S001,temperature,23.737661669698603,-31.98691158191943,18.489541612227587
2026-06-03 16:52:29.140800,S001,ec,2.2532883530407926,-31.020236430751517,23.7354775560976
2026-03-04 18:52:29.140800,S001,soil_moisture,0.43010195404924634,-30.726645881381298,26.37779146809005
2026-05-23 21:52:29.140800,S003,soil_moisture,0.6047787648715561,-24.382037275454934,26.023958279687193
2026-07-22 22:52:29.140800,S005,humidity,46.27605563449947,-27.037364969544203,31.22404546018445
2026-02-19 03:52:29.140800,S001,temperature,27.045570598238026,-33.14747313015695,22.008391111303702
2025-11-21 11:52:29.140800,S003,humidity,64.80504968239921,-25.524390751027973,28.78973990776046
2025-11-26 17:52:29.140800,S005,soil_moisture,0.48972158559933787,-29.119493089741574,22.577456972840693
2026-04-26 01:52:29.140800,S004,humidity,50.693897893730735,-28.02987023870792,22.904020948626908
2026-06-02 13:52:29.140800,S003,soil_moisture,-5.503784599616843,-30.105734165611715,25.402534668163646
2026-03-14 14:52:29.140800,S001,soil_moisture,0.4442167567021545,-24.865563594719227,21.05065026828346
2026-04-18 03:52:29.140800,S001,humidity,78.38646403995317,-25.374872197272644,19.662768006444512
2026-03-27 07:52:29.140800,S003,humidity,70.63079389384042,-31.100456387241202,18.702780526401067
2026-11-21 22:52:29.140800,S004,ph,6.519070274432999,-30.420557117657033,30.31123421209126
2026-01-07 03:52:29.140800,S001,soil_moisture,0.6642495692008856,-30.623021787680972,31.361257119556225
2025-12-28 15:52:29.140800,S002,ec,0.9444383473089709,-25.62976333506714,30.122074387282673
2026-10-19 03:52:29.140800,S002,ec,1.9094265603792056,-27.54743336226785,29.682395286434485
2026-05-17 20:52:29.140800,S002,soil_moisture,0.4679097543273661,-28.29236633935596,18.013281460726837
2026-04-28 08:52:29.140800,S004,ec,1.9623629737498849,-24.50797581759998,30.496367862938868
2026-08-20 23:52:29.140800,S001,humidity,59.82616040529818,-25.398206856331917,29.744882952267933
2025-11-10 01:52:29.140800,S005,ph,6.913996286349679,-25.985927766093575,18.830474956627526
2026-08-23 14:52:29.140800,S001,soil_moisture,0.38270215670847996,-26.02593228577929,25.48900439906065
2026-01-27 13:52:29.140800,S004,ec,1.856549499386142,-25.449414286319808,24.029315256181945
2026-02-16 08:52:29.140800,S002,soil_moisture,0.5967870531171126,-31.02756880258368,29.874074228351596
2026-02-18 02:52:29.140800,S003,ph,6.518739930222355,-28.495718995037066,27.53862690436061
2026-02-17 02:52:29.140800,S001,humidity,39.012583651029715,-27.225132859529044,21.12856304715779
2026-11-20 16:52:29.140800,S005,ph,-3.8381800558313355,-32.97052522084921,27.94278923836167
2026-10-16 05:52:29.140800,S001,humidity,125.61394510824172,-26.036264464125992,23.03096674661058
2026-09-01 13:52:29.140800,S001,humidity,94.3606067750413,-32.514394846189845,30.942658564132408
2026-06-18 09:52:29.140800,S001,ec,2.3528998359545925,-24.663749647218594,30.828610566788264
2026-02-08 18:52:29.140800,S004,soil_moisture,0.4278518024311642,-31.647397663518582,18.39896973403847
2026-03-15 06:52:29.140800,S001,temperature,40.0644894083309,-26.139959229326895,19.577004361729994
2026-10-18 15:52:29.140800,S005,ec,1.6809795194826747,-27.71490718021405,30.793548903324744
2026-11-19 07:52:29.140800,S005,soil_moisture,0.7221261900848195,-33.3831613815883,26.71946390958086
2026-10-10 16:52:29.140800,S003,soil_moisture,0.5587225931432653,-28.505682605048147,31.677604969373583
2026-02-22 00:52:29.140800,S002,ec,2.2608783121573084,-32.44993036823113,20.939020038326653
2025-12-29 22:52:29.140800,S004,ec,1.540932488249045,-30.290645214559305,26.786797761692284
2026-09-06 06:52:29.140800,S002,soil_moisture,0.3316633967603797,-29.61791907688439,31.826182555826644
2026-05-14 02:52:29.140800,S002,soil_moisture,0.33595700360101066,-27.4904060976487,20.03373169297624
2026-03-28 05:52:29.140800,S001,ph,6.407154070871239,-31.343438835882974,30.55528149699667
2025-12-01 12:52:29.140800,S002,ec,1.86710750778383,-24.2313683989885,19.758265198765148
2026-10-08 07:52:29.140800,S005,humidity,45.6071433164967,-27.90269313354166,24.76571867056355
2026-01-06 08:52:29.140800,S001,ec,2.0883997852196883,-33.15564109414474,18.063992957305572
2026-05-22 04:52:29.140800,S001,ph,6.211724400358188,-29.720505358022265,29.929770290448065
2026-01-13 03:52:29.140800,S001,soil_moisture,0.45688999079744363,-33.16577857665513,27.903940102864897
2026-05-17 14:52:29.140800,S004,ec,0.8668880772193627,-32.627149913104006,26.354902412568755
2026-11-17 12:52:29.140800,S001,temperature,22.800963171399378,-29.06026619332377,24.867126814517448
2026-10-05 08:52:29.140800,S003,soil_moisture,0.4567917796326611,-32.525035825314774,23.19662719431558
2025-11-18 08:52:29.140800,S004,humidity,18.35615576833446,-29.235076002505256,20.257477127751482
2025-10-07 16:52:29.140800,S003,soil_moisture,0.3311407775138159,-26.354254577463337,28.463673925363963
2026-10-07 04:52:29.140800,S002,humidity,69.19619702030334,-29.712459122715686,31.026766131937062
2026-06-30 22:52:29.140800,S005,temperature,28.080479108306733,-30.082514269918335,24.550832051562377
2026-06-16 12:52:29.140800,S005,ph,6.725462573829674,-32.301907035587945,23.820785497843197
2025-11-23 12:52:29.140800,S002,temperature,23.795781239499878,-30.95326364777619,26.978646398177634
2025-11-25 23:52:29.140800,S004,ec,1.0047385915595042,-25.593959692397807,21.002730294693205
2025-11-26 15:52:29.140800,S003,soil_moisture,0.3392502595071395,-29.88651260625165,25.62601184516836
2025-12-07 04:52:29.140800,S004,temperature,36.13900120835457,-27.49780275434147,29.899659453133307
2026-06-11 01:52:29.140800,S002,ec,16.6008650499925,-33.799411911603265,29.240041898355102
2026-03-30 19:52:29.140800,S004,ph,6.98401677391298,-32.457784661147876,18.471616582890167
2025-12-14 17:52:29.140800,S003,temperature,23.81009308614827,-24.413756467890185,29.205699143644964
2026-07-15 12:52:29.140800,S001,ph,6.607801203454754,-27.996540785011607,31.046898974822792
2026-10-01 18:52:29.140800,S004,temperature,23.681227672268424,-24.506782270055524,20.86524866575627
2026-04-21 19:52:29.140800,S003,ph,-11.90949042913737,-26.02035707537326,19.106141069685624
2026-08-29 22:52:29.140800,S004,ph,6.4727287048268485,-25.526189744153577,19.16764792957174
2026-04-04 19:52:29.140800,S001,ph,6.461753218875363,-33.15352040735183,30.93216019814536
2026-03-14 16:52:29.140800,S005,temperature,36.32085404534314,-30.29690839632858,18.43296115390304
2026-05-21 05:52:29.140800,S001,ec,1.2342744844282303,-29.217117463036686,22.312650773776895
2025-10-05 16:52:29.140800,S001,humidity,84.2051727759607,-33.653946689638744,18.422056394190367
2026-10-22 17:52:29.140800,S003,humidity,50.90262626155249,-25.694745570913554,18.03510662646463
2026-06-22 16:52:29.140800,S001,humidity,40.887517377955476,-29.71067447724031,18.237280417368847
2026-05-03 05:52:29.140800,S003,temperature,42.289626593519145,-25.84280883780258,24.394470373167643
2026-06-20 21:52:29.140800,S005,ec,1.872208115562404,-27.15442670074545,31.258246885580785
2026-07-26 13:52:29.140800,S005,humidity,56.44664574339461,-31.43119900120793,30.287150825414905
2026-09-30 05:52:29.140800,S002,temperature,24.823383853803918,-31.62442563436918,25.380597374696347
2026-03-06 08:52:29.140800,S004,ec,1.5334009363123766,-29.959542039387458,27.085166772629854
2025-10-28 17:52:29.140800,S004,soil_moisture,0.47706693909018877,-24.367775020185686,28.172862934992043
2026-01-26 08:52:29.140800,S001,ec,1.3812624595571497,-29.89440396222956,26.08478850603901
2025-10-05 16:52:29.140800,S005,humidity,71.65366157258886,-28.67408769127323,30.697469721023687
2025-10-30 23:52:29.140800,S002,soil_moisture,-17.186242334319047,-33.75743706241908,19.19923038220871
2026-08-04 07:52:29.140800,S005,soil_moisture,0.4132896698624292,-25.483096535778046,22.0561740149618
2026-03-05 03:52:29.140800,S002,temperature,30.20290319519281,-27.20281897269763,25.742304716947466
2026-07-22 23:52:29.140800,S005,soil_moisture,0.2862120720733181,-31.61589830353123,26.318885011619265
2026-01-04 11:52:29.140800,S003,ph,6.772885106338481,-31.64911881764562,22.05702712994094
2026-05-04 09:52:29.140800,S005,temperature,24.093502990788217,-25.864003943076106,25.885203861769202
2026-04-14 09:52:29.140800,S003,humidity,46.294469328687526,-33.73343968909038,29.74875717429614
2026-05-16 05:52:29.140800,S002,temperature,36.17669140953529,-32.89497098832306,28.512901894323768
2025-12-29 14:52:29.140800,S004,temperature,37.04395979564981,-32.5791975909007,25.864912619931548
2026-09-27 07:52:29.140800,S001,ec,1.2219142007193837,-32.13558292492838,21.84254730439242
2026-05-07 11:52:29.140800,S004,soil_moisture,0.41656691528218615,-28.633210416487497,21.872017434615945
2026-01-10 06:52:29.140800,S002,ec,2.267038699212356,-27.47580804986302,30.12105319618061
2026-06-20 07:52:29.140800,S001,ec,1.3676208203175344,-25.065588220294245,30.08794571404323
2026-05-30 00:52:29.140800,S003,temperature,16.49358326915498,-31.24559569485207,18.901073639112397
2026-08-09 06:52:29.140800,S002,ph,5.870910890965202,-28.932788784688444,21.834744532532778
2026-08-25 13:52:29.140800,S001,ec,1.9694707498253212,-26.620069858954253,24.375265832495938
2026-06-14 03:52:29.140800,S003,ph,6.7045483039434215,-33.96968289535261,25.996182335685
2026-09-04 06:52:29.140800,S001,ph,5.891015061516459,-25.566812273053323,24.32486076418743
2025-10-20 02:52:29.140800,S005,humidity,57.64718376175064,-24.63613769741226,28.282722283960844
2026-03-12 11:52:29.140800,S005,ph,4.021180829669073,-25.10969844716582,25.392723272065616
2025-10-31 23:52:29.140800,S001,ph,5.230125065031717,-27.047070078576173,28.50349360853091
2026-01-10 11:52:29.140800,S003,soil_moisture,0.6424505309737493,-26.50837168578728,26.990509955266862
2025-10-06 18:52:29.140800,S003,ph,7.315613558390398,-25.094343815473746,24.953796430512504
2026-03-16 15:52:29.140800,S003,humidity,61.55939327843632,-27.40180688708821,19.387548408923152
2026-07-01 06:52:29.140800,S003,ph,4.613800167341182,-31.670202131982542,23.010303699289274
2025-12-17 18:52:29.140800,S002,soil_moisture,0.4225094764831403,-33.75635268271019,19.386029892088757
2026-06-29 00:52:29.140800,S005,temperature,26.34710350762311,-33.05854913541149,29.073262017001518
2026-09-23 13:52:29.140800,S001,ec,2.366458470114745,-30.83364912189239,31.601792244990975
2025-12-16 17:52:29.140800,S005,soil_moisture,0.493592075347025,-24.541916568767373,29.9753374234691
2026-01-11 04:52:29.140800,S001,ph,6.768878748853975,-32.21002667859536,19.168318564428997
2026-08-07 19:52:29.140800,S002,ph,6.423926806308959,-31.170358166671406,31.642658059091204
2025-10-11 13:52:29.140800,S005,humidity,106.75949739995474,-30.9844817094595,25.55337488595072
2026-09-21 13:52:29.140800,S005,humidity,72.85994494118954,-26.188888987013144,27.97011512849079
2025-10-11 05:52:29.140800,S005,humidity,60.6084778483214,-28.692047337831816,31.227804650361193
2026-06-16 11:52:29.140800,S001,soil_moisture,0.5938550328615445,-25.673226079737496,30.843179216978655
2025-10-14 22:52:29.140800,S001,soil_moisture,0.6232838903758249,-28.78750583800963,25.279588951604566
2026-07-31 14:52:29.140800,S003,ph,6.152811622117,-31.98025014504051,19.39507818995668
2026-02-13 00:52:29.140800,S001,soil_moisture,0.5201764131363357,-25.924640316339254,21.118771314571774
2026-02-13 21:52:29.140800,S005,temperature,26.20532050067358,-26.11282061781698,30.423253535080224
2026-08-18 23:52:29.140800,S002,ph,6.4743933900203565,-27.23737842918471,28.69209264403313
2026-10-26 18:52:29.140800,S002,humidity,52.71722953545688,-27.523851760219472,22.635949024349898
2025-12-04 22:52:29.140800,S004,temperature,33.00479549345737,-29.18201546616635,19.441419286639036
2026-05-28 11:52:29.140800,S004,temperature,7.20894962838058,-24.776754738180458,25.02619503341748
2026-04-17 23:52:29.140800,S003,humidity,58.139838226426406,-25.637839163858878,19.175892461906464
2026-06-27 12:52:29.140800,S003,ph,5.039455907868164,-26.169578470892446,19.195148807197985
2026-09-12 02:52:29.140800,S001,humidity,63.94129905466975,-26.72722347168844,21.152879636476477
2026-03-08 16:52:29.140800,S002,temperature,16.263292122665533,-29.262110858515655,28.385551168838717
2025-11-26 03:52:29.140800,S001,ec,1.496601417100104,-29.58510057728285,28.394364699906905
2026-06-22 13:52:29.140800,S005,ph,6.527412853471679,-28.098822323343782,24.149019271390223
2025-11-20 21:52:29.140800,S002,ec,1.2687957195638457,-29.170929463877627,21.180528723563533
2026-10-27 00:52:29.140800,S002,ph,5.260780634373145,-30.7121975100057,23.451890678774276
2026-08-13 13:52:29.140800,S005,ec,1.4393720424793588,-28.217439773813435,28.88550756059747
2025-11-07 02:52:29.140800,S001,ph,6.171883153840665,-25.29855365768275,26.614104891508838
2025-12-13 15:52:29.140800,S004,ph,5.413277217592578,-30.47347351583443,18.956143518498912
2026-07-20 07:52:29.140800,S003,humidity,46.63020890717767,-25.006652734724693,24.042323670759533
2026-05-01 05:52:29.140800,S004,soil_moisture,0.37187364613151763,-27.668842642964307,19.295415095824968
2026-08-02 13:52:29.140800,S005,ec,-2.4355739971286177,-28.198478308495886,23.263597614085143
2026-04-29 06:52:29.140800,S002,humidity,77.40567043611931,-27.684436396483676,21.791506702118266
2025-10-18 12:52:29.140800,S001,humidity,69.80085119414379,-33.52892817874203,31.625343879719335
2026-05-08 08:52:29.140800,S005,temperature,26.41706026943115,-29.188299757924515,22.32442476466468
2026-10-07 16:52:29.140800,S005,ph,6.315374828171542,-27.286656259567202,18.509206714225655
2026-10-17 20:52:29.140800,S004,humidity,75.72694853615303,-26.835888630706943,21.963086565711862
2026-01-23 06:52:29.140800,S005,temperature,11.743841130232981,-30.278065182738374,19.4684787432018
2026-09-29 21:52:29.140800,S004,temperature,24.08313520914133,-29.426966719646828,18.54686168201761
2026-07-06 00:52:29.140800,S001,ph,6.120421900894343,-33.61792592262276,18.411804427990585
2026-02-10 01:52:29.140800,S002,ph,5.570473824095304,-31.25549925657251,20.845260063730432
2026-08-29 12:52:29.140800,S003,humidity,68.29550734360028,-30.742922702927455,26.46401554582757
2026-09-02 11:52:29.140800,S004,ph,5.792363846911585,-27.182387904892927,19.199318290281536
2025-11-30 12:52:29.140800,S003,soil_moisture,0.5606547115350655,-33.48460207666449,30.014204231000242
2026-05-14 09:52:29.140800,S001,soil_moisture,0.478010711471697,-26.841597917577815,20.294045283265916
2026-04-14 08:52:29.140800,S005,ec,1.230593847015207,-27.84376692496814,22.754874969635942
2026-07-18 16:52:29.140800,S001,soil_moisture,0.47605529276788927,-30.31932366027107,20.979624681615178
2025-10-25 02:52:29.140800,S003,humidity,33.74769149472433,-29.43073556172998,28.341721922452393
2026-03-22 16:52:29.140800,S002,soil_moisture,0.8471072623847148,-26.042119367829883,25.66037778185639
2025-12-09 20:52:29.140800,S005,soil_moisture,0.5735497085270651,-33.03888603109344,31.880904984777075
2025-10-27 17:52:29.140800,S005,soil_moisture,0.35240357213157103,-25.426558771524878,26.159794496083162
2025-12-06 16:52:29.140800,S005,temperature,28.58083599700675,-25.5163532791919,26.85570550993365
2026-05-25 18:52:29.140800,S001,ph,5.807645481654208,-26.20528148299487,30.992962732390684
2026-10-09 01:52:29.140800,S001,ph,7.070588955162021,-33.67858723410475,20.933322626820427
2026-01-26 00:52:29.140800,S003,humidity,63.12058612540041,-27.09066440425942,30.959942205243564
2026-09-11 06:52:29.140800,S004,temperature,28.06959036555382,-26.816773650645775,31.01602406257316
2025-10-14 14:52:29.140800,S002,humidity,59.5911492781434,-25.02551874325461,22.41373367356451
2026-05-31 16:52:29.140800,S003,humidity,64.10426844973956,-33.0268017081751,19.1479320303221
2025-12-10 21:52:29.140800,S005,soil_moisture,2.793028893492259,-33.40746304023961,20.424961746052286
2026-03-02 22:52:29.140800,S001,soil_moisture,0.4422978479203997,-25.38791508350753,18.933178245012698
2026-10-18 11:52:29.140800,S001,humidity,91.81024786193889,-30.947013021054154,28.09315992730926
2026-11-07 23:52:29.140800,S001,temperature,30.5143406426064,-32.980858792982474,18.453834950813473
2025-12-20 12:52:29.140800,S005,ec,1.8929979851883203,-29.582901417443505,18.011970924144208
2025-10-15 04:52:29.140800,S005,humidity,67.479217209741,-32.830493941540865,22.020851299191
2026-08-27 11:52:29.140800,S002,ec,1.861507052995049,-29.91897764007566,24.674312887345852
2026-07-13 14:52:29.140800,S003,ph,7.255201017346203,-31.38331755182336,28.081875890446582
2025-11-26 13:52:29.140800,S001,temperature,29.045476651219893,-24.93968835136525,31.560465777834082
2026-09-22 16:52:29.140800,S002,ph,6.341155543018057,-32.443285102143676,31.318932608895437
2026-06-23 06:52:29.140800,S004,temperature,25.046948959161092,-31.20106305308547,31.236950566150743
2025-11-21 10:52:29.140800,S003,soil_moisture,0.5895212684624733,-24.74586841319328,27.990069768293495
2026-03-17 23:52:29.140800,S003,ph,6.729151733270185,-31.485269596617478,24.53523466974186
2026-05-02 23:52:29.140800,S005,humidity,14.905786777905014,-26.261877392802386,25.57565080038327
2026-02-20 13:52:29.140800,S004,temperature,36.86667108401609,-32.6116627332854,19.717996266995943
2026-04-07 00:52:29.140800,S005,humidity,85.19163464222738,-26.10064967006587,21.178146210802687
2026-01-30 20:52:29.140800,S002,ec,1.45224447914213,-27.665714021205257,25.68171324599728
2026-03-14 13:52:29.140800,S005,soil_moisture,0.40143181296949737,-30.79843599243077,26.48672381384014
2025-12-05 19:52:29.140800,S003,soil_moisture,0.39774672222156043,-29.665200610285723,24.492098269130526
2026-06-14 11:52:29.140800,S001,ph,7.072703765251277,-27.09873999326162,20.810226223558082
2026-01-28 22:52:29.140800,S004,ph,6.658134713926789,-32.87114379916462,22.77780651395146
2026-04-30 10:52:29.140800,S002,ph,6.239723960831284,-28.822384736749136,26.709569974358054
2026-02-28 15:52:29.140800,S002,temperature,22.973652241761553,-33.30692969165095,21.775308140959055
2025-10-07 20:52:29.140800,S003,temperature,26.696339193855984,-25.09474835847268,19.01521612337358
2025-12-09 03:52:29.140800,S002,soil_moisture,0.606414199312249,-33.157935971292495,23.7871701247307
2026-10-20 07:52:29.140800,S001,ph,-2.7135703252506485,-30.57232751024745,25.679177263410246
2025-10-14 09:52:29.140800,S001,ph,6.299213549978383,-32.19052989269988,23.17847520522938
2025-12-14 03:52:29.140800,S001,soil_moisture,0.4451099275716151,-28.801217770123262,21.35247117736036
2026-07-01 08:52:29.140800,S005,ec,1.1490380649260705,-25.90203569342296,21.64417259989762
2026-11-02 22:52:29.140800,S004,ph,5.922808320995982,-30.43169386229608,25.352818771851975
2026-08-08 07:52:29.140800,S003,soil_moisture,0.4545037841674841,-33.709158227701515,26.669090333963524
2026-03-30 01:52:29.140800,S002,soil_moisture,0.1626816587264695,-28.200582254365507,18.423288897088284
2026-10-09 02:52:29.140800,S005,soil_moisture,0.41905900191893186,-31.751611362096526,29.30507670165695
2026-10-26 15:52:29.140800,S003,humidity,65.6068389977456,-33.86032249834475,27.315007308470552
2026-11-04 21:52:29.140800,S003,ph,6.354905525865272,-26.818115926671233,24.01020658034698
2025-12-22 03:52:29.140800,S003,ph,6.237086706452102,-30.3742968179873,30.79800607862172
2026-02-04 22:52:29.140800,S003,ph,7.158329957412706,-27.858055265234334,21.78355374251166
2026-02-05 18:52:29.140800,S004,ph,6.02114303847672,-33.84617041457127,26.527704701347357
2025-11-21 15:52:29.140800,S003,ph,6.894964202088226,-27.35818209872637,22.479619307193925
2026-03-17 03:52:29.140800,S004,humidity,82.71398563950474,-32.410184225466494,19.31803431010766
2026-07-16 00:52:29.140800,S002,soil_moisture,0.8813314499231935,-26.95139701720941,23.743624630475296
2026-01-16 14:52:29.140800,S003,humidity,79.82987941185355,-27.177098589533458,31.151987353511213
2025-10-08 07:52:29.140800,S005,humidity,74.35133403702183,-30.812108920500393,31.77614893301807
2026-04-29 23:52:29.140800,S004,soil_moisture,0.5504694202071504,-24.97826178007349,20.166721888506387
2026-08-22 10:52:29.140800,S004,humidity,34.24009025647818,-25.233590848844827,19.565570834155928
2026-06-10 14:52:29.140800,S002,ph,6.1195480686377905,-32.458685011435364,31.980000401207676
2026-03-29 06:52:29.140800,S002,ph,5.690439323707979,-32.03307569204706,18.50919192846933
2026-04-27 22:52:29.140800,S003,ec,2.1329858023388013,-27.945539729017767,22.070662652074837
2026-04-22 03:52:29.140800,S002,ec,1.5222500105180752,-27.373050566321975,21.67187440401381
2026-05-04 10:52:29.140800,S002,soil_moisture,0.44401529594286526,-29.70255677247396,22.463325749371403
2026-01-12 13:52:29.140800,S005,temperature,20.91813725094151,-32.43608660244576,24.674720326287222
2025-12-26 17:52:29.140800,S002,humidity,56.29474528667323,-32.178051242744814,29.695397882279337
2026-04-09 16:52:29.140800,S001,temperature,25.605136228679644,-26.99378904690387,21.302119904307663
2026-05-01 00:52:29.140800,S003,ph,6.655447777030174,-32.26398372509201,27.769869413143873
2026-05-11 16:52:29.140800,S002,ph,5.788445178238035,-26.646749259229907,26.46781801728963
2026-08-28 11:52:29.140800,S002,ph,7.149081660121161,-26.887320515012142,18.734510821720608
2026-08-18 06:52:29.140800,S001,soil_moisture,0.6425893092297401,-30.97320155745341,31.47805550203156
2025-10-19 15:52:29.140800,S005,soil_moisture,0.4717895491313308,-28.44231696019575,31.448695998113866
2025-11-28 23:52:29.140800,S001,temperature,19.262158049156895,-24.237054286437356,25.169800528508823
2026-09-19 16:52:29.140800,S002,ec,1.653673188382108,-25.09588716433305,18.142849914725122
2026-01-17 00:52:29.140800,S004,ec,1.3560979030796616,-26.441880179564706,26.763465342003727
2026-01-13 06:52:29.140800,S005,humidity,49.99393854533559,-27.579801171788866,24.996854103198316
2026-11-18 10:52:29.140800,S001,temperature,24.757854940260884,-30.524646371423984,29.577067532856027
2025-12-03 22:52:29.140800,S003,temperature,17.788419071678113,-28.688988030085522,27.627388610079386
2026-04-27 04:52:29.140800,S002,humidity,71.68325186919256,-28.843204253807677,27.94527738983222
2026-02-10 02:52:29.140800,S004,ec,2.2810821769160454,-27.44152943878635,25.24987042593738
2025-11-19 22:52:29.140800,S004,humidity,84.12035729795582,-32.11097813785899,30.97378334901178
2026-01-28 15:52:29.140800,S005,ph,6.3933123683085595,-24.367410609661768,27.29971313169358
2026-06-09 22:52:29.140800,S005,ph,6.067793572804326,-32.35771287566067,29.771346262364112
2026-08-17 21:52:29.140800,S003,temperature,13.559558014114987,-32.55386141468387,29.730136535464865
2025-11-28 03:52:29.140800,S005,humidity,65.95923131859416,-31.91278242493413,20.413394163665647
2026-10-22 11:52:29.140800,S005,ec,1.0700153262363608,-28.875029209761294,20.0929018176196
2026-08-05 10:52:29.140800,S005,humidity,105.41961482374336,-25.09768747349068,26.14393020013049
2026-01-01 14:52:29.140800,S001,ec,1.5976076915563031,-32.2210918368884,19.194430187496938
2026-03-13 07:52:29.140800,S003,ph,6.83952287983774,-24.15709398921819,28.184052756316145
2026-07-08 17:52:29.140800,S005,soil_moisture,0.46094425273538286,-27.545645340950834,19.930444059165453
2026-01-23 09:52:29.140800,S001,ec,1.4531144596455086,-25.542546710375824,26.714025950151303
2026-07-30 17:52:29.140800,S005,humidity,68.3933654425265,-33.608030249824466,21.14989003361964
2026-09-16 05:52:29.140800,S002,humidity,31.764905662606438,-26.56656446078373,27.875337778449477
2026-04-10 13:52:29.140800,S001,humidity,90.67111025081202,-33.256552607732395,27.21334211775978
2026-10-18 15:52:29.140800,S005,humidity,44.60454044224265,-33.52515448161688,18.12326415004639
2026-01-03 06:52:29.140800,S002,soil_moisture,0.541196214005236,-26.18137778062087,24.68107113591386
2025-12-03 11:52:29.140800,S003,humidity,83.45464308065209,-29.234702613206675,23.987155282337792
2025-11-18 03:52:29.140800,S003,soil_moisture,0.5670271473189954,-26.38658697274051,28.478956383593356
2026-02-22 02:52:29.140800,S005,ec,1.2792676760813433,-24.19252921771411,29.122318219332396
2026-02-24 08:52:29.140800,S001,soil_moisture,0.7429769191627911,-26.92958052662119,19.314342406154452
2026-07-14 00:52:29.140800,S005,soil_moisture,0.5682396954935761,-29.15636838472828,19.355647229341823
2026-07-23 21:52:29.140800,S005,ph,7.291017370666879,-30.23743016394629,20.003809674855304
2026-05-31 17:52:29.140800,S002,ph,6.598540123821176,-26.502011905407574,18.429546144904307
2026-01-30 13:52:29.140800,S002,soil_moisture,0.36150827964975735,-28.574696683515665,31.507579081717097
2026-03-22 13:52:29.140800,S001,soil_moisture,0.33911374564034713,-25.196611773385886,28.19364568083057
2026-06-06 07:52:29.140800,S004,soil_moisture,0.7191608419091492,-28.220362045247366,24.14670541202721
2026-10-10 20:52:29.140800,S001,humidity,63.71093368744709,-33.382164375213904,24.60403008470164
2026-07-11 21:52:29.140800,S002,ec,1.4826430732930365,-26.297097343555265,19.158143438777472
2026-11-15 07:52:29.140800,S002,temperature,36.67803878613119,-27.25243057325322,25.150639045930163
2026-10-05 17:52:29.140800,S005,ph,6.570119534312217,-26.942495341640146,24.3728723646453
2025-12-31 15:52:29.140800,S001,humidity,54.54183867016663,-31.23822750501001,19.097799781844643
2026-03-08 14:52:29.140800,S003,humidity,58.025448757278006,-30.771123167481285,28.582314594837896
2026-06-05 18:52:29.140800,S003,ec,1.4222185186708889,-28.227019081586413,21.137361044945074
2025-10-24 03:52:29.140800,S001,temperature,21.77317102743936,-30.369645287681127,21.014607737480965
2026-03-10 22:52:29.140800,S002,temperature,20.945823948721596,-25.397071548165712,23.612046245949237
2026-07-28 20:52:29.140800,S005,humidity,36.51842412193872,-28.4889380704002,26.084649098221625
2026-06-14 04:52:29.140800,S002,humidity,73.85265395194787,-30.119335722857905,28.833104700454882
2026-06-10 01:52:29.140800,S005,temperature,32.97037280035461,-27.327007223884223,27.451963682508897
2025-11-10 10:52:29.140800,S003,ec,1.16013077435475,-27.060198147107982,25.60248130892129
2025-11-19 03:52:29.140800,S005,ec,-16.841392777843335,-33.00437405425593,30.04093544208186
2025-12-28 06:52:29.140800,S004,ec,1.3117300628590203,-27.135357220339245,19.840330069293763
2026-10-10 02:52:29.140800,S002,soil_moisture,0.4459582514693484,-24.973208996691795,29.58015905465028
2026-07-23 17:52:29.140800,S002,temperature,27.58763795066911,-25.53945469683108,30.39649784090194
2026-01-18 15:52:29.140800,S002,humidity,58.93450817486327,-32.17147042171056,18.349091369114554
2026-05-02 10:52:29.140800,S004,ec,1.583330919880355,-24.30806593013382,23.137263660307212
2025-11-03 21:52:29.140800,S001,ph,6.898029454669673,-32.113745718281194,21.157338036702466
2026-09-29 23:52:29.140800,S005,temperature,26.582636664839633,-28.1660705615584,18.98622780707689
2026-04-13 02:52:29.140800,S001,temperature,32.65848370256731,-24.57016630766904,31.49854575734875
2025-12-18 06:52:29.140800,S002,ph,6.836060981453334,-28.271290146161768,20.15367655367702
2025-10-18 19:52:29.140800,S005,temperature,30.673261616219648,-31.347411911878922,29.62341974240837
2026-07-11 07:52:29.140800,S005,ec,1.4061339527640284,-25.769959230304565,20.013292798473536
2026-09-25 07:52:29.140800,S004,ec,2.008181373581585,-31.567893663430745,26.03511943500481
2026-02-10 14:52:29.140800,S005,soil_moisture,0.17527117918145263,-32.24506834299842,31.476874333557387
2025-10-04 18:52:29.140800,S004,ph,7.698557398694794,-28.115418827309867,26.20050520196203
2025-10-19 18:52:29.140800,S004,ec,1.1485951788896844,-28.124296107658957,27.14246456908204
2026-02-27 16:52:29.140800,S005,temperature,15.228949697476969,-25.042578749240853,24.16574114851168
2026-04-11 23:52:29.140800,S001,temperature,30.323915676018636,-26.493535499698826,18.262117070900988
2025-10-26 23:52:29.140800,S003,ec,1.6272553262062985,-26.54926005992601,28.872640483791457
2026-06-24 13:52:29.140800,S002,soil_moisture,0.4486133968390184,-29.268077581701327,28.62889700572906
2026-09-12 18:52:29.140800,S001,temperature,37.50963963907451,-26.655922671737596,18.952505026705275
2025-12-03 00:52:29.140800,S004,ph,5.689765192325693,-26.079099497013473,22.723716155503972
2025-11-30 07:52:29.140800,S004,temperature,21.23344050685136,-30.754646371908816,26.836536703449166
2026-06-29 00:52:29.140800,S005,ec,1.7842133510491216,-24.763538812898773,27.2351045689673
2026-08-21 10:52:29.140800,S005,soil_moisture,0.2891193850521596,-33.82028652944032,25.911970728258808
2026-04-13 19:52:29.140800,S003,temperature,25.16174088179989,-33.28613277971945,26.3530134673534
2026-10-19 18:52:29.140800,S004,ec,1.5168471115223479,-26.324328210128485,18.621519537225456
2025-10-04 23:52:29.140800,S001,humidity,75.79188448164133,-28.18592977581185,25.12510691595653
2026-11-03 07:52:29.140800,S005,humidity,70.2403238609752,-24.68093228381015,19.30007972371758
2026-10-12 00:52:29.140800,S004,ec,1.3880934642775486,-28.125703394488216,25.423558951344575
2026-02-16 01:52:29.140800,S005,temperature,28.41606890227114,-33.44031464452227,22.844994767904087
2026-10-06 04:52:29.140800,S002,ph,5.472721639231857,-32.4042611801061,25.970329452963316
2026-07-31 17:52:29.140800,S003,ph,6.373048091119208,-32.92012964608184,22.534326852732423
2026-07-16 21:52:29.140800,S004,humidity,67.09829916662397,-24.08337563840499,30.057263538326474
2026-01-04 23:52:29.140800,S001,ph,6.793539202998927,-30.54272099655684,18.025215766386665
2026-10-19 18:52:29.140800,S003,ph,7.178974396123123,-29.737544779176496,27.658769037772004
2026-08-09 07:52:29.140800,S002,ec,2.160307991783581,-29.333919533313995,26.7968713278445
2026-04-15 08:52:29.140800,S004,temperature,14.493357886199384,-29.228463105073047,22.463404893879638
2026-10-19 08:52:29.140800,S003,soil_moisture,0.478381755577088,-32.483302746559076,30.571107672799286
2026-06-08 16:52:29.140800,S001,ec,1.9031199444341458,-25.919519533822648,20.91206491157734
2026-05-29 01:52:29.140800,S003,ec,0.8740605786741439,-30.65045387631034,19.679417468278928
2026-06-12 06:52:29.140800,S005,soil_moisture,0.26246408361813917,-32.46172405868104,30.529566168498658
2025-12-10 12:52:29.140800,S004,ph,1.305390710282146,-26.71000286571776,26.456083662191904
2025-12-14 09:52:29.140800,S003,ec,1.146022131235872,-24.357912322238587,20.585622658679476
2026-02-26 14:52:29.140800,S004,humidity,34.740576703747735,-27.470066547151852,29.8818480665349
2025-10-26 04:52:29.140800,S004,ph,-8.709136857948248,-24.12291122989886,30.35186810760242
2025-10-16 14:52:29.140800,S002,ph,7.3860004911296695,-26.21764986420008,21.50507271330445
2026-05-08 02:52:29.140800,S004,ph,7.07090296712544,-29.032913616730525,30.21151507985885
2026-04-29 09:52:29.140800,S003,temperature,37.67796358760881,-27.50194094337401,30.889132224520715
2026-10-14 06:52:29.140800,S004,soil_moisture,0.516263736474362,-26.352590888348377,31.257515551873265
2026-11-15 09:52:29.140800,S001,ec,2.2878700952678757,-27.640830090011686,21.390801991516806
2026-03-02 17:52:29.140800,S001,humidity,98.41385532463609,-26.034255947723207,18.98740717514017
2026-08-22 23:52:29.140800,S005,soil_moisture,10.562477326140892,-26.18037030314807,22.14993142486285
2026-09-04 11:52:29.140800,S004,humidity,63.55653853410222,-24.968462914744194,28.421585633783497
2026-09-19 14:52:29.140800,S003,humidity,75.86419140468058,-30.935870636447042,29.235719852015396
2026-02-21 19:52:29.140800,S004,ph,5.507134384836877,-26.744982976245254,25.021660401691545
2026-11-12 16:52:29.140800,S005,ec,0.48020825842335424,-28.527810982430267,19.05361492581499
2025-11-24 08:52:29.140800,S005,ph,5.965246885829241,-33.62470068817506,21.12339637264401
2026-03-11 11:52:29.140800,S004,ph,6.9641661531611865,-27.798787107590968,19.178698964065404
2026-07-07 07:52:29.140800,S002,humidity,61.417098822209155,-29.584768475521543,29.676825188426832
2026-07-07 06:52:29.140800,S004,temperature,26.70062543255333,-27.33398790400254,23.7731244676132
2025-12-30 15:52:29.140800,S005,ph,5.787374594063571,-27.168045391021714,26.436516081879358
2026-06-08 18:52:29.140800,S002,ph,6.789605126175867,-26.074169666047794,26.096071692625337
2026-05-22 23:52:29.140800,S002,soil_moisture,0.46349950572794774,-31.555434093900665,18.24611954294416
2026-06-25 05:52:29.140800,S004,temperature,20.4293105969815,-33.13578683433226,30.690292096140105
2026-08-25 06:52:29.140800,S003,ec,2.253650577469745,-24.29434265296484,27.13157763543412
2026-01-23 21:52:29.140800,S005,soil_moisture,0.5107919362952833,-29.975083699217116,19.405093240502197
2026-11-16 12:52:29.140800,S005,humidity,59.75761607645755,-24.771347776296007,22.97875420190524
2026-04-23 23:52:29.140800,S002,ec,0.8562735712963048,-27.720540345472973,26.696817744647767
2025-12-11 19:52:29.140800,S001,soil_moisture,0.5556551653741998,-32.48168682835991,30.16118125233733
2026-08-18 09:52:29.140800,S002,ec,2.278724093657667,-31.285145928848717,27.43816202090606
2026-02-23 10:52:29.140800,S001,humidity,61.64724770227382,-31.593694695905043,21.675705623380434
2026-02-28 01:52:29.140800,S002,ec,1.3170548412128058,-25.33626694080899,30.080496935737976
2026-03-20 14:52:29.140800,S005,humidity,86.09698225552333,-32.87754094659035,29.532360395927576
2026-11-01 07:52:29.140800,S005,ec,1.3609313397978258,-26.214354051835027,30.08613002802028
2026-05-16 20:52:29.140800,S005,ec,0.9852966013320639,-32.06564915067453,21.150293940087913
2026-06-18 03:52:29.140800,S001,ec,1.4972169293961952,-32.152751276550056,26.544337240548497
2026-03-23 06:52:29.140800,S004,ph,6.961760144069337,-27.063629055806445,24.58363061382193
2025-12-30 23:52:29.140800,S001,temperature,21.008104778158234,-30.56128921958669,25.906872947229346
2026-08-21 18:52:29.140800,S001,soil_moisture,0.8480534699046332,-29.653739465322165,28.35842826451554
2026-03-18 13:52:29.140800,S004,temperature,15.768631415628176,-28.437286387307374,20.18879898498185
2026-03-06 09:52:29.140800,S003,soil_moisture,0.548910691597458,-27.460274152904102,18.784223611583258
2026-11-12 09:52:29.140800,S002,temperature,21.444082813301478,-29.07777178657819,22.253720372719737
2025-10-29 02:52:29.140800,S003,ec,1.597155952409447,-25.029729478595037,31.345587089305678
2026-03-15 20:52:29.140800,S001,ec,1.3642655241437647,-25.016707968411197,23.82094071328344
2026-07-18 06:52:29.140800,S005,temperature,26.222692106285656,-31.913989914247775,23.843436614694088
2025-12-08 03:52:29.140800,S003,ec,0.9481843595849533,-30.39254162082532,29.710617818130807
2026-04-14 17:52:29.140800,S004,temperature,36.50909277222301,-26.40455233293457,26.78591603441221
2026-05-10 21:52:29.140800,S003,ph,6.347567775078639,-24.110765425457032,23.835906510341452
2025-11-14 16:52:29.140800,S003,soil_moisture,0.5475435390638218,-28.957680981550872,19.916886561157913
2026-03-09 04:52:29.140800,S005,temperature,25.268775599310853,-25.71093771893633,19.65605045768857
2026-02-08 03:52:29.140800,S005,ec,1.7559962340669986,-27.374581741993218,24.814492747655066
2026-06-23 19:52:29.140800,S002,humidity,79.99403681494924,-31.79150904343367,30.62577937116481
2025-10-05 04:52:29.140800,S003,temperature,15.172475881231366,-26.968940966953348,19.38590742918315
2026-04-07 23:52:29.140800,S002,ec,2.3438186860012222,-30.885761998104076,20.013777610528926
2025-12-30 03:52:29.140800,S001,humidity,70.1637118366896,-25.815604527325064,25.876186532774717
2026-09-15 02:52:29.140800,S001,temperature,26.138755932727033,-28.002569215817307,22.848610155361023
2026-03-15 04:52:29.140800,S004,ec,1.3774934536020762,-30.093564278863493,21.674817157033495
2026-04-24 05:52:29.140800,S001,soil_moisture,0.4110268689080803,-27.89622709117132,20.494106300355163
2026-04-13 13:52:29.140800,S001,humidity,59.947869524101264,-31.631575502022685,18.191065674648183
2026-03-01 15:52:29.140800,S004,humidity,73.78248403841222,-25.922230612280387,23.105460349421676
2026-10-03 21:52:29.140800,S002,ph,7.2327198353738895,-29.686412652082982,30.203677107539807
2026-04-28 22:52:29.140800,S002,humidity,61.956202538011304,-33.81192908137359,24.40026465478607
2026-11-03 02:52:29.140800,S004,temperature,16.15376617175997,-33.204855032328965,20.75356342996595
2026-09-11 22:52:29.140800,S005,ec,1.4519370771714195,-28.247324689052245,30.438822910468964
2026-11-08 07:52:29.140800,S005,humidity,37.760637829284775,-27.100950649710157,18.04742836280749
2026-04-22 00:52:29.140800,S002,ph,6.482608890573449,-29.73415194960928,19.471989185492646
2026-10-13 05:52:29.140800,S002,soil_moisture,0.4726877129776067,-27.923489019025162,28.291837640195528
2026-05-19 06:52:29.140800,S005,soil_moisture,0.685030409986786,-30.552708679297723,27.941697253700664
2025-10-30 22:52:29.140800,S001,temperature,24.53933395517745,-31.74493788481423,31.809954251919628
2026-02-13 12:52:29.140800,S003,ph,5.891815552618756,-30.221988631200382,23.492616615800937
2025-11-08 08:52:29.140800,S005,temperature,22.161948506773637,-26.985170017480684,28.24733206235681
2026-04-16 17:52:29.140800,S001,ph,6.726256699222402,-28.141883400434217,23.288085814682386
2026-06-08 22:52:29.140800,S005,ph,6.633537843704119,-25.928632373158322,28.497490089789117
2026-06-09 13:52:29.140800,S005,temperature,5.190263333344575,-25.178742515452875,22.13169171204609
2026-04-08 13:52:29.140800,S002,humidity,57.76293297856321,-26.325462452016346,31.234343647214907
2026-05-16 13:52:29.140800,S005,soil_moisture,13.615249374485442,-24.307144289215415,31.107028590743695
2026-11-22 13:52:29.140800,S001,humidity,58.77647353504661,-24.927025558413845,25.237805141030826
2026-05-25 19:52:29.140800,S001,soil_moisture,0.5662534603162259,-30.945420240939463,18.389551617067752
2026-10-06 09:52:29.140800,S002,ec,1.668210524333165,-27.16389847736805,24.261142589860814
2026-11-16 15:52:29.140800,S002,soil_moisture,0.7287073127083015,-24.816710277748776,20.438891918692008
2026-03-20 09:52:29.140800,S003,ec,1.208643920625332,-29.219844114356327,21.320419303380337
2025-12-30 08:52:29.140800,S001,ph,6.664759488141407,-25.82757066672295,25.32202621552735
2026-11-17 05:52:29.140800,S001,humidity,46.93713006218585,-26.12240130275067,30.057475329664534
2026-06-19 08:52:29.140800,S003,humidity,20.86316088330687,-26.67026340616646,28.777386136015334
2026-01-24 21:52:29.140800,S001,humidity,64.46255153172716,-28.05873072539847,18.19465104433751
2026-02-05 13:52:29.140800,S002,temperature,32.45066701701077,-27.14503997006587,31.564810107651976
2026-09-18 15:52:29.140800,S004,soil_moisture,12.791921773768701,-32.54516583982347,21.17496559602517
2026-06-06 22:52:29.140800,S003,temperature,22.600752217281446,-29.750271588055675,25.65465164276531
2025-10-06 09:52:29.140800,S003,ec,1.3955911614408822,-25.951568228075185,22.78438782318351
2026-04-06 10:52:29.140800,S003,temperature,27.415589776349382,-25.736623771246723,18.09907855636049
2026-03-15 01:52:29.140800,S002,soil_moisture,0.686646345341094,-26.329023815969972,25.22701132080228
2025-12-08 22:52:29.140800,S001,soil_moisture,0.15361826042304383,-26.998173329361915,25.37211382211487
2026-08-09 00:52:29.140800,S003,ec,1.8381088867612874,-33.69004029321993,27.12788997604516
2026-07-14 07:52:29.140800,S005,soil_moisture,16.12870012076774,-26.775325358929198,29.329235530255943
2026-02-13 01:52:29.140800,S003,humidity,66.60524218758344,-26.92695273712797,25.13431763117579
2026-02-03 17:52:29.140800,S005,ec,1.477811996358191,-33.282708262678014,21.769580768702856
2025-12-23 15:52:29.140800,S001,ec,1.4965734738646836,-31.515667019084177,26.384135480618234
2025-11-26 04:52:29.140800,S001,soil_moisture,0.3189478023371246,-33.73145357425245,24.000015413137252
2026-09-13 13:52:29.140800,S002,ec,2.4492634273494818,-31.9151092071215,20.089323263457256
2026-03-19 02:52:29.140800,S004,temperature,36.8281595162948,-30.684732995917017,28.501482148389425
2026-04-06 19:52:29.140800,S005,soil_moisture,0.4968813512477638,-33.08962555095074,29.11192649420838
2026-09-10 16:52:29.140800,S002,humidity,70.69455764761571,-33.730333098495414,24.92589855075877
2026-09-26 11:52:29.140800,S003,ec,1.6662793443155877,-28.488809478207614,31.77311690344292
2026-03-30 22:52:29.140800,S001,temperature,25.794187657659887,-27.189602922486998,25.27360252888893
2026-01-27 08:52:29.140800,S002,soil_moisture,0.6738209495138598,-26.379392346491468,19.18491589472611
2025-11-13 19:52:29.140800,S005,ec,1.4759344379582495,-30.0190200510729,21.496167425778626
2026-02-07 02:52:29.140800,S004,soil_moisture,0.2065653262892153,-24.036937625736513,29.04966463065808
2026-09-09 20:52:29.140800,S002,ec,1.5552251894963243,-33.443839696296806,25.040559972890524
2026-01-01 18:52:29.140800,S002,temperature,18.018606427574436,-31.59027273572468,25.12038347226268
2025-10-23 02:52:29.140800,S004,ph,6.987896374372356,-32.16463839684564,27.971918835261278
2025-11-13 19:52:29.140800,S001,ph,6.431152266080781,-32.320960132537124,28.0899059463215
2026-03-25 10:52:29.140800,S002,humidity,104.9787055184313,-31.6885184697408,25.888993174208217
2025-10-21 12:52:29.140800,S004,soil_moisture,0.3086044646649127,-32.290695827171646,28.743300224866964
2025-12-16 09:52:29.140800,S003,humidity,82.37524538676973,-27.41021316816665,21.388751340121733
2026-09-02 18:52:29.140800,S005,temperature,19.782425449824274,-26.290630859081848,20.844342289465793
2026-01-07 14:52:29.140800,S004,temperature,33.00060586141494,-27.004231212562978,19.992422026393328
2026-06-27 14:52:29.140800,S003,soil_moisture,0.30418323727465546,-28.044324132535618,24.530370993306665
2025-11-11 11:52:29.140800,S004,humidity,41.88071591420707,-24.147147503216765,31.99208414190973
2026-08-24 06:52:29.140800,S004,temperature,21.10825963781205,-30.189559236868977,22.91367499831952
2026-08-25 10:52:29.140800,S003,ec,1.2816768303738826,-24.469147275369107,30.026176491834484
2026-08-10 00:52:29.140800,S001,temperature,27.921412794099716,-27.767471678707274,21.229853008734963
2026-11-09 15:52:29.140800,S001,ec,1.8013436250937858,-30.718503079650418,28.006549580929892
2026-04-07 04:52:29.140800,S004,ph,6.675838120825472,-33.1481814641459,18.669498767615043
2026-03-08 19:52:29.140800,S003,soil_moisture,0.2090239933266913,-31.198407643486494,20.87424190775006
2026-09-08 20:52:29.140800,S005,ec,0.45267606704066,-24.40866235682428,19.97296705815909
2026-11-21 03:52:29.140800,S003,soil_moisture,0.50725648440475,-28.10698024600058,27.041090990144365
2026-07-09 05:52:29.140800,S004,ph,6.473056253439194,-31.976092801383714,18.5434932825564
2026-08-14 19:52:29.140800,S005,soil_moisture,0.7983327485361209,-27.79459778068868,25.114601791962137
2026-06-11 06:52:29.140800,S002,ec,1.4809416517439224,-33.85392926280533,28.678916516330506
2025-12-18 18:52:29.140800,S001,humidity,49.757031154089425,-27.911945817769585,20.142832449627157
2026-07-13 15:52:29.140800,S001,soil_moisture,0.7137220890469373,-26.5925112730832,21.893964435227506
2026-09-29 20:52:29.140800,S001,ec,1.5662588220673095,-26.32467941434988,27.58745314472921
2026-06-26 00:52:29.140800,S005,soil_moisture,0.40458130614300847,-28.73335765967831,29.098815350493823
2026-11-10 02:52:29.140800,S002,ec,1.4986087473801462,-25.92706653399856,29.517971003900065
2026-02-02 08:52:29.140800,S004,humidity,100.77543951686687,-28.156558324612355,20.01080346028389
2026-10-24 01:52:29.140800,S003,soil_moisture,0.5139916478661847,-26.146680445648606,28.545526794149602
2026-04-25 18:52:29.140800,S003,ec,0.05058216697518758,-30.656910769847308,31.38087858722726
2025-12-25 05:52:29.140800,S005,temperature,27.35473910530655,-33.611334088049254,29.68155056155792
2026-02-12 19:52:29.140800,S001,humidity,75.50850756231728,-32.51791310494327,21.62610713856068
2026-10-23 22:52:29.140800,S004,soil_moisture,0.6969519637546517,-29.711478020680282,26.471969015203037
2026-05-31 18:52:29.140800,S005,ph,6.656256025003261,-31.677851466141252,21.19584278538573
2026-01-22 19:52:29.140800,S001,ph,5.87680586034357,-30.536526067788543,27.348736377807537
2026-10-29 19:52:29.140800,S002,temperature,35.869796279718905,-28.56543344426099,30.799727445958798
2025-12-03 08:52:29.140800,S004,soil_moisture,3.805562868352323,-25.57595032087363,28.077326841918435
2025-11-09 10:52:29.140800,S005,ec,1.8734560969471206,-25.765599942066473,29.562851809893814
2025-12-08 08:52:29.140800,S003,soil_moisture,3.046098214207305,-29.4075088722884,26.06879271907688
2026-11-03 13:52:29.140800,S003,ph,7.3170633230374875,-32.355881941742275,21.267110547299424
2026-07-25 21:52:29.140800,S001,ec,1.4367145955804452,-28.051853246438018,18.483696626359922
2026-08-20 17:52:29.140800,S002,ec,1.2823039025623968,-30.73365103199148,21.991409581892533
2026-04-23 19:52:29.140800,S001,temperature,14.928529724076094,-26.616921166571757,19.088456428388636
2026-09-15 06:52:29.140800,S002,ph,5.911789500617299,-32.73802592123051,27.428293391285326
2026-04-13 07:52:29.140800,S005,humidity,58.81503961292306,-24.56310491180147,26.889891437945884
2026-10-16 20:52:29.140800,S002,ec,1.4447144708882698,-27.64651466004251,31.318792633970173
2025-10-12 17:52:29.140800,S005,temperature,22.857075810694933,-25.378976321147814,21.52684625231197
2026-01-10 14:52:29.140800,S003,humidity,111.51592627321806,-30.892138827166633,25.886727722734502
2025-11-18 19:52:29.140800,S001,humidity,71.05783254287395,-33.653366893028775,26.27316694945644
2026-04-19 08:52:29.140800,S002,humidity,36.39368050062853,-25.998192107869407,20.692158140098137
2026-11-18 11:52:29.140800,S003,ph,7.541667856118229,-29.894736159284278,29.23503270495818
2026-04-01 23:52:29.140800,S003,ec,1.5679971909759078,-31.1274426731309,31.43460294555808
2026-04-17 19:52:29.140800,S004,ph,6.934255341354858,-25.207723301620657,21.772748741292027
2026-09-20 10:52:29.140800,S003,temperature,26.561904906795828,-30.542220006855047,26.516299254438696
2026-11-22 08:52:29.140800,S004,humidity,69.99509913123244,-32.871153208397075,22.310653784383632
2026-01-19 18:52:29.140800,S003,temperature,29.94507731060258,-25.77896027031649,24.114364529347213
2026-08-23 15:52:29.140800,S005,ec,1.4232460449188618,-31.80442253812398,24.932018301488355
2025-12-16 13:52:29.140800,S003,ph,6.103928811761447,-30.39001607325553,26.693469257714664
2026-03-29 09:52:29.140800,S004,soil_moisture,0.18161221857240417,-24.24416072718033,19.254128646545624
2026-10-27 12:52:29.140800,S003,temperature,18.93127956634718,-33.43622966403974,31.497610783203285
2026-03-04 20:52:29.140800,S003,humidity,110.8168681484725,-33.35332061502601,18.790839216816586
2026-07-20 21:52:29.140800,S001,temperature,39.66660035580458,-26.66659142243094,18.6347961093687
2026-10-09 13:52:29.140800,S002,ph,26.053813732295495,-30.044537020801233,23.936285185010384
2026-04-20 17:52:29.140800,S005,soil_moisture,0.38627542396826803,-26.606707146383332,23.688906472701
2026-11-11 07:52:29.140800,S001,temperature,31.959053690629386,-24.908413852082447,31.26730281086281
2026-04-11 00:52:29.140800,S005,soil_moisture,0.38474384423110775,-30.310276871897173,22.703015093644154
2026-05-06 14:52:29.140800,S004,humidity,70.89374048989025,-25.691510000407515,28.887579024327454
2026-10-19 12:52:29.140800,S004,temperature,8.935882137633161,-25.925273941402068,19.79604380922514
2025-10-16 21:52:29.140800,S001,ec,1.8215883024286201,-28.04412881725748,31.55879671363339
2025-12-04 18:52:29.140800,S003,temperature,18.07377470174375,-26.71511725222149,20.718839095051674
2026-05-25 22:52:29.140800,S003,ph,6.36743910819663,-28.82316597895766,26.71851078028431
2025-12-05 12:52:29.140800,S005,ph,6.486648578212389,-24.49871213275309,22.089090188851586
2025-11-30 16:52:29.140800,S003,humidity,57.36437710756183,-32.86988319674213,21.31268904823964
2025-10-21 17:52:29.140800,S004,humidity,41.45358129307048,-27.75494550153571,28.83797756308394
2026-06-23 15:52:29.140800,S004,ec,0.751400491336042,-30.610008563211153,29.804289371367076
2026-01-26 08:52:29.140800,S005,humidity,28.245299833589513,-26.98134252368863,24.516629431446255
2026-09-17 20:52:29.140800,S004,ec,1.9771942447967552,-25.762817255023993,27.07734604639157
2026-01-21 02:52:29.140800,S002,ec,2.0533911764031845,-26.488070643279972,21.931060996510965
2026-11-13 21:52:29.140800,S004,temperature,36.63582257632732,-26.64879287525158,31.53955207254989
2026-07-31 04:52:29.140800,S005,temperature,25.201781046473506,-25.993106590072244,20.6977743095071
2026-10-10 07:52:29.140800,S005,soil_moisture,0.21770816882108818,-29.084558895007692,29.653909429333524
2026-08-24 07:52:29.140800,S002,ec,2.070405416883513,-31.50805286735544,27.684296265124942
2025-12-22 05:52:29.140800,S005,temperature,5.273259555774892,-31.020511023616287,20.512389947932334
2026-10-20 20:52:29.140800,S001,humidity,41.21710489244782,-32.448363463176484,23.012083518886264
2026-05-02 18:52:29.140800,S005,soil_moisture,0.6618580826569054,-28.523063596730758,29.326230278777857
2026-07-29 00:52:29.140800,S001,humidity,7.350712184578121,-24.732167394498042,25.896643979140322
2026-11-11 20:52:29.140800,S001,temperature,26.472142539944876,-27.27572764691195,29.88457064759612
2026-06-09 19:52:29.140800,S004,temperature,16.057457742813718,-30.04156280260705,25.021798955196736
2026-11-05 08:52:29.140800,S003,temperature,28.228995880032393,-33.9265079111856,28.8503331219335
2026-10-23 11:52:29.140800,S002,ph,6.141849827937143,-26.35665209691941,20.903109037340474
2026-11-07 22:52:29.140800,S003,ph,6.952323745125658,-28.903175162724693,28.687304423307125
2026-03-17 07:52:29.140800,S003,ph,6.441517270563512,-25.973818463269552,18.17949471179785
2026-08-23 23:52:29.140800,S004,temperature,25.69065441735615,-26.767793302251526,23.423539467750366
2025-11-06 00:52:29.140800,S002,temperature,29.489176062853293,-33.98171186107652,30.990708625321773
2025-12-05 21:52:29.140800,S003,ph,6.117971438701298,-28.38519296080408,20.97518464787733
2025-11-05 04:52:29.140800,S004,ph,6.965555646059546,-26.564512783863776,26.366254918651283
2026-02-11 14:52:29.140800,S005,ph,6.465347788082324,-28.61612953698699,27.664590647418564
2026-02-09 14:52:29.140800,S002,ph,6.443915320837646,-32.44384811784987,29.643034136617
2026-08-19 15:52:29.140800,S005,ph,5.918318946529434,-30.935477721152008,18.511571424687457
2026-11-17 12:52:29.140800,S002,humidity,80.95407292888169,-29.493655405297766,21.458801293622873
2025-12-01 19:52:29.140800,S001,ph,6.824024162496471,-26.595875621860166,30.887604792217402
2025-11-28 11:52:29.140800,S001,ec,1.1622969939651273,-29.607319527302153,21.276272804319134
2026-04-15 02:52:29.140800,S002,ph,4.749463361046602,-24.249622600892103,27.585079870069116
2025-11-22 13:52:29.140800,S001,soil_moisture,-19.06204633966988,-26.25435552808584,27.77364826361576
2026-09-04 11:52:29.140800,S004,temperature,29.099030616976307,-28.33166330022305,29.52889949140362
2026-08-26 15:52:29.140800,S001,soil_moisture,0.3053038506731607,-30.915353900389366,23.24232719425326
2026-10-07 22:52:29.140800,S005,ec,1.5235190664288576,-29.72414934608212,21.237693534410354
2026-06-28 10:52:29.140800,S004,ec,1.4121074539572434,-31.76223722909633,18.125178786137496
2026-09-23 18:52:29.140800,S003,ec,1.8392797158222467,-28.756103806861866,22.466435636911644
2026-04-25 08:52:29.140800,S003,ph,7.029691305720515,-24.31793257854835,28.9911338062807
2025-11-14 21:52:29.140800,S005,ph,6.634339800221379,-24.954967973090305,22.96168279471243
2026-08-18 17:52:29.140800,S002,ec,1.032113684836407,-30.613544871811833,21.272840221366387
2026-10-14 07:52:29.140800,S003,ph,6.7294265250763745,-29.70558925521115,29.908804001787576
2025-10-12 22:52:29.140800,S001,ph,5.812022208250447,-31.28556106786886,29.204244556819724
2026-02-07 22:52:29.140800,S001,ph,5.974969490538348,-30.242045187740107,27.043666170272555
2026-09-29 09:52:29.140800,S004,soil_moisture,0.5392811804062505,-28.05446517605848,27.33683680321406
2025-11-23 05:52:29.140800,S003,humidity,44.44848097141055,-25.41937702325231,19.139410412807393
2026-03-06 17:52:29.140800,S003,soil_moisture,0.5920505102861323,-25.5839082649115,21.040245451673197
2026-05-05 00:52:29.140800,S004,temperature,32.7660845237219,-30.278238992870953,29.06269630907743
2026-05-10 18:52:29.140800,S003,ph,7.1344760325396885,-27.509002853398044,29.408962800445046
2025-11-23 21:52:29.140800,S003,humidity,27.925287255812265,-28.57619050547424,30.507128658663746
2026-09-26 13:52:29.140800,S002,ec,1.7223218399239462,-30.42345179559821,27.750598054992718
2026-01-26 01:52:29.140800,S002,humidity,110.92535002526307,-30.458319704712313,27.286393542479875
2026-11-13 02:52:29.140800,S004,soil_moisture,0.6078233430570736,-26.19059634229275,29.40944179433037
2026-06-27 13:52:29.140800,S005,ec,1.728882675905602,-25.356854534984734,21.217587519006475
2026-06-10 03:52:29.140800,S003,soil_moisture,0.3486199535960987,-29.86391243787928,18.157138417386758
2026-08-02 20:52:29.140800,S003,temperature,25.679027395053254,-28.391059446917474,28.754556564908494
2025-10-30 20:52:29.140800,S005,humidity,79.68071581848272,-29.089655111656572,30.94250278619439
2026-03-14 00:52:29.140800,S003,soil_moisture,0.5591872446400818,-33.907407696629,26.44311498822443
2025-12-31 21:52:29.140800,S003,ec,1.3467245080381764,-32.53600959627216,29.15835958000041
2026-07-04 16:52:29.140800,S002,humidity,77.75400592732876,-25.856802172151305,23.801205864106304
2026-08-21 17:52:29.140800,S005,soil_moisture,0.4266182213231285,-26.677777481944428,30.50730474565674
2026-05-13 13:52:29.140800,S002,humidity,84.34996683168907,-25.986418477180543,19.04875462986028
2026-10-06 13:52:29.140800,S001,ph,6.716728556129914,-32.59599615312013,26.90478304742885
2026-02-17 20:52:29.140800,S003,soil_moisture,0.6234823443687949,-33.36906813566018,23.404803957826363
2026-08-10 10:52:29.140800,S003,humidity,94.05275117921748,-33.618787740278584,23.04302053786682
2026-06-29 12:52:29.140800,S002,soil_moisture,0.5310891786618555,-32.5622567054353,25.496092184526255
2026-02-04 23:52:29.140800,S005,ph,5.003084307023987,-29.146327304205073,23.399743324437424
2026-01-01 01:52:29.140800,S004,ec,0.6532041399487597,-32.70896026531004,19.898725171754496
2026-05-26 21:52:29.140800,S001,ec,1.4666386707529904,-27.718864399986685,25.279957560668024
2026-06-29 05:52:29.140800,S003,temperature,31.37480721333441,-33.55729153999698,22.487996234879233
2026-06-18 06:52:29.140800,S004,humidity,77.79333778205353,-31.915115816727297,29.573549462834077
2026-06-28 19:52:29.140800,S004,soil_moisture,0.38321623101170965,-28.719253529187945,22.767968050193385
2026-07-25 07:52:29.140800,S001,temperature,44.338403828745086,-26.812189320914698,19.9209646994002
2026-03-25 03:52:29.140800,S005,ec,0.6882021988193628,-24.118161387987698,20.051823479826652
2026-03-31 00:52:29.140800,S002,ph,5.8159094679870815,-28.927440253927777,22.41637004560649
2026-03-12 23:52:29.140800,S002,temperature,25.463827763234804,-25.640698598178957,19.778478989912113
2026-10-30 06:52:29.140800,S002,ph,6.583275370693688,-26.66435111014117,26.50251395717627
2026-11-23 18:52:29.140800,S001,humidity,73.47384471093625,-27.991870657418108,22.53852401198078
2026-10-08 04:52:29.140800,S002,humidity,72.5509297503646,-30.877210561705972,23.347813887277447
2026-01-19 02:52:29.140800,S004,soil_moisture,0.518221869475013,-26.387466535994733,27.46931072281808
2026-09-13 12:52:29.140800,S003,humidity,99.7392988696042,-27.159893432576716,27.662281029206003
2026-01-19 05:52:29.140800,S003,ec,2.1422343163317823,-32.893896724584664,25.683664695428202
2025-12-01 12:52:29.140800,S002,humidity,45.508945148254725,-25.98715197019289,30.983984262216463
2026-08-27 10:52:29.140800,S002,ph,6.690791915454544,-30.617705760938442,24.77767778074415
2025-10-12 03:52:29.140800,S005,ph,6.828185850030611,-31.702038734829014,26.998432555226458
2026-05-07 03:52:29.140800,S004,ec,1.9965041515161173,-28.11590488565756,22.25991406416494
2026-03-26 06:52:29.140800,S001,humidity,70.53698607988092,-27.96835789727814,26.160806874657787
2026-09-02 00:52:29.140800,S005,ph,6.576076820045388,-25.28715323214469,30.668914142687527
2025-10-14 02:52:29.140800,S005,soil_moisture,0.7304877869793567,-28.14088018649368,22.516092684196344
2026-07-06 22:52:29.140800,S004,soil_moisture,0.718429604861769,-27.07213326552869,18.927982648053717
2025-10-14 19:52:29.140800,S005,ec,1.9130199082475747,-33.35016630777899,27.724715065981805
2025-12-10 12:52:29.140800,S001,temperature,12.233979167073594,-32.8327949538215,27.743113969982844
2026-07-07 17:52:29.140800,S002,ec,0.9294526448761883,-28.716729716674692,23.598843620012715
2025-10-17 14:52:29.140800,S003,humidity,92.33319170043306,-26.400068265256383,28.303873918994633
2026-09-30 08:52:29.140800,S002,humidity,79.51605111923062,-29.951551756088847,26.39349012680569
2026-09-25 16:52:29.140800,S002,soil_moisture,0.4438086987365495,-24.209119753702034,31.676119322958623
2026-06-07 11:52:29.140800,S001,temperature,25.47528585306043,-29.58218667612747,18.49546867945439
2026-01-08 00:52:29.140800,S004,ec,1.7389490236419705,-25.94215163449403,24.790193797023118
2026-09-12 19:52:29.140800,S002,ec,1.2098394684789997,-32.758459065333156,18.80454741703378
2025-11-28 18:52:29.140800,S001,ec,0.4649269975377748,-25.03567030090018,29.992285893586555
2026-07-11 04:52:29.140800,S004,temperature,9.530773638137623,-25.944462235971734,26.9527496979029
2026-10-14 09:52:29.140800,S003,temperature,7.770524012240607,-28.390963407408133,30.811798071187024
2026-10-27 02:52:29.140800,S005,temperature,19.513846733184828,-28.134382502096667,21.756429148472762
2026-08-23 06:52:29.140800,S004,ph,6.468758063431579,-28.3115862156196,27.741720147656103
2026-04-14 01:52:29.140800,S003,humidity,54.09292524717043,-27.632968771596367,30.554170120988825
2025-12-09 09:52:29.140800,S004,ec,1.3818897348450963,-31.331275477650653,18.897926022334527
2026-04-01 12:52:29.140800,S003,soil_moisture,0.37532708926582375,-33.41786094994333,18.625530026011656
2026-03-22 21:52:29.140800,S003,temperature,26.21419122418179,-26.04970118901255,28.572944050311207
2026-10-05 17:52:29.140800,S001,temperature,28.235752923957428,-25.246230304610982,25.620218212312597
2025-11-11 23:52:29.140800,S002,humidity,49.086480893177274,-32.00933630061334,26.353641803610497
2026-05-27 12:52:29.140800,S002,humidity,32.09311139991119,-27.65632300448784,22.422134422153718
2026-10-14 08:52:29.140800,S005,humidity,46.35655277767449,-28.165663558325654,19.12727459063346
2025-10-31 12:52:29.140800,S001,soil_moisture,0.4847811408183582,-25.465910557272842,30.464262091253502
2025-11-29 17:52:29.140800,S002,temperature,25.992379844890536,-26.263402471076528,21.16606010445504
2026-08-25 20:52:29.140800,S001,ph,6.927062344054361,-30.90944036753107,24.295324586614782
2026-07-28 06:52:29.140800,S001,ec,1.5678323134107117,-30.230400591854128,25.889101561844505
2025-12-25 13:52:29.140800,S004,humidity,38.599322325059596,-27.50449791515249,31.60058156982322
2025-11-14 17:52:29.140800,S003,ec,1.9711051803001174,-28.596942254369523,29.19107311590557
2025-11-10 04:52:29.140800,S005,ec,1.173531299546506,-33.98106079232125,25.287860073088247
2026-03-30 03:52:29.140800,S001,ec,2.02171257592609,-32.07100563257299,30.294900026321983
2026-06-20 12:52:29.140800,S001,humidity,86.10820369228006,-26.93894110062683,30.20373805637341
2026-05-17 19:52:29.140800,S001,ec,2.0137911504156567,-24.79036989881005,23.21452087424579
2026-10-17 02:52:29.140800,S003,ph,5.390628358493512,-30.118417791360795,22.67528209652025
2026-11-04 07:52:29.140800,S004,ec,1.9120562229816995,-25.981085744871745,19.95239187860743
2026-06-17 12:52:29.140800,S003,ph,6.105056726040594,-25.946439970580997,27.371040248945647
2026-10-19 14:52:29.140800,S003,soil_moisture,0.2494842010424559,-30.546610152603158,22.599190952652375
2025-12-22 01:52:29.140800,S001,temperature,33.515667462721055,-26.311128050102536,22.79383585440442
2026-10-30 23:52:29.140800,S001,ph,5.76616745389545,-24.78500286195888,22.434671195006516
2026-07-27 09:52:29.140800,S002,ph,6.738489245125429,-27.48544965956536,27.990451409481203
2026-01-19 02:52:29.140800,S001,ec,-6.473478853016577,-28.13894059894242,31.826560947761926
2026-11-14 18:52:29.140800,S001,humidity,119.06985589548029,-27.25838938339121,28.31240977509893
2026-02-27 13:52:29.140800,S002,ec,0.8939696186513953,-25.372706045351897,29.72987998044504
2026-03-22 23:52:29.140800,S001,temperature,33.02021382578327,-33.16136920054318,18.358477718883922
2026-09-11 22:52:29.140800,S004,humidity,88.4106435813637,-27.473449491079705,24.99915378815407
2026-08-25 15:52:29.140800,S003,ph,6.057678019560102,-27.05501192670607,20.939592976910184
2025-11-21 16:52:29.140800,S001,soil_moisture,-9.830645055971324,-31.14774814784503,28.387497748898607
2026-06-08 00:52:29.140800,S004,humidity,70.5711626375167,-27.388320151439814,24.46674476961988
2026-10-29 09:52:29.140800,S003,temperature,34.444384318618965,-30.395115836739805,23.458235443638227
2026-11-03 22:52:29.140800,S005,temperature,13.778703819585632,-26.47784578135436,29.588512793770292
2025-10-08 21:52:29.140800,S005,ec,1.355909641099212,-25.66982000068986,29.910560190136657
2025-11-08 23:52:29.140800,S003,soil_moisture,0.4597249233773821,-29.783339984822735,28.794242085109794
2025-10-26 21:52:29.140800,S004,humidity,25.075852243606278,-29.408916506581807,24.140987627665503
2026-08-21 14:52:29.140800,S003,ph,6.482886880350661,-30.621012388170154,28.554462809714288
2026-07-26 04:52:29.140800,S002,temperature,23.53603497246149,-29.28139098454222,18.332758705528754
2026-11-02 01:52:29.140800,S005,ph,6.851500439617582,-24.63178790671516,31.384510611193846
2026-04-24 15:52:29.140800,S003,ec,1.530445397806411,-24.839955901711285,19.335960958734237
2026-06-27 18:52:29.140800,S001,ph,6.21250803744459,-26.871237941924193,18.063561273794647
2026-02-13 13:52:29.140800,S001,ec,8.457170622576847,-33.944123523641316,22.288552648897948
2025-10-16 23:52:29.140800,S002,soil_moisture,0.3775987933163718,-27.46467799091836,23.616575557564147
2026-05-26 21:52:29.140800,S005,ph,5.558529180467031,-24.32525306880902,28.52193601451393
2026-02-01 17:52:29.140800,S001,ph,7.226801687153863,-33.70321119773948,30.285909147255722
2025-10-10 07:52:29.140800,S002,soil_moisture,0.7258395511660619,-27.279643742677138,21.583396534874367
2026-04-29 11:52:29.140800,S004,ec,1.559849885633148,-26.897519597151224,26.344043927195163
2026-02-09 19:52:29.140800,S005,ec,2.825316823873926,-26.796947732911477,21.75284482857829
2026-02-10 11:52:29.140800,S004,soil_moisture,0.5253572090930078,-28.748251483046307,27.836968088360152
2025-10-10 17:52:29.140800,S001,ec,1.770929940566338,-27.47240443762308,20.969894050876913
2026-04-28 14:52:29.140800,S004,temperature,27.403120516139587,-28.170567804700944,22.22471063851153
2025-11-24 01:52:29.140800,S001,soil_moisture,0.6630258779053309,-24.551180674426423,25.246427031224158
2025-12-02 01:52:29.140800,S001,temperature,33.43775601733482,-25.716877870230853,27.064540902786845
2026-08-12 10:52:29.140800,S001,soil_moisture,0.35169261803513796,-24.015852876811287,27.513785407158068
2026-09-06 04:52:29.140800,S005,soil_moisture,0.32495764262983673,-28.3189274223991,28.6434363712579
2026-08-07 09:52:29.140800,S002,humidity,65.19501924052939,-32.561072842435976,19.266681170590303
2026-05-25 22:52:29.140800,S001,soil_moisture,0.34246677249662877,-25.944632457814812,30.266855276271123
2026-04-11 02:52:29.140800,S003,ec,2.0757015254325877,-28.947844994525013,18.045132341437444
2026-04-06 15:52:29.140800,S002,humidity,69.93502653613136,-26.68683379823288,26.26434475229867
2026-10-18 01:52:29.140800,S001,soil_moisture,0.4860152516177397,-25.664130160342317,27.089772133954586
2025-10-27 19:52:29.140800,S001,soil_moisture,0.6765716428316898,-27.913144646521523,25.254702769704586
2026-03-31 11:52:29.140800,S003,temperature,18.605007254271896,-32.70672255854747,20.976186844450957
2026-11-19 07:52:29.140800,S001,soil_moisture,0.9334692097542857,-24.57632196970795,28.887492150388788
2026-06-30 09:52:29.140800,S001,humidity,55.356298330071006,-31.538959083727573,30.114394680034472
2026-11-07 19:52:29.140800,S001,ph,6.08220924882148,-24.21585873698048,31.897303288473907
2026-06-08 13:52:29.140800,S004,temperature,24.9446683656489,-31.17769323410781,25.811792320222487
2026-09-19 18:52:29.140800,S005,ec,1.7276110309250496,-31.24060106069161,24.877307621157687
2026-08-05 06:52:29.140800,S005,humidity,56.16348371863984,-25.9314459463452,18.51272114640554
2026-11-15 05:52:29.140800,S004,temperature,37.63020384886394,-29.43832913326701,28.81183968488788
2026-06-24 20:52:29.140800,S001,temperature,5.943234538068307,-31.818795995038176,19.663882875533723
2025-11-16 02:52:29.140800,S004,soil_moisture,0.5909256364182399,-28.378900073159233,21.291769642981272
2026-10-25 04:52:29.140800,S004,ph,6.057358890256739,-25.25686423767735,28.490424224003732
2026-09-26 16:52:29.140800,S003,ec,2.0482630481905586,-25.46160749916705,18.961777030764193
2026-08-06 13:52:29.140800,S001,humidity,65.69946779130663,-31.441682555642842,25.25926914402842
2026-10-20 07:52:29.140800,S001,temperature,23.383683041508387,-28.811658413592355,20.672385079418017
2026-06-24 01:52:29.140800,S005,ec,2.132546334799054,-24.44974254144931,21.985214859682706
2026-07-12 14:52:29.140800,S002,temperature,0.7551823143745651,-27.882894301479713,26.68305923634898
2025-10-26 12:52:29.140800,S002,temperature,21.111461706417757,-28.38456817655133,19.17731273328553
2026-06-11 01:52:29.140800,S004,temperature,30.87662800356588,-26.28485806390754,31.412480644082038
2026-07-20 11:52:29.140800,S005,ph,6.381006774637676,-24.13741701408681,18.104165503861303
2026-03-07 11:52:29.140800,S005,soil_moisture,0.8019235126330662,-25.54557487831869,19.662205865499097
2026-03-19 01:52:29.140800,S003,ec,1.6881736586146863,-33.59799857571994,29.23861353508613
2026-11-11 02:52:29.140800,S003,soil_moisture,0.7885165349139492,-26.864386684883872,27.42797730206963
2026-02-23 19:52:29.140800,S001,humidity,103.93870491967817,-26.223302412888867,24.29828041098064
2026-06-22 00:52:29.140800,S004,humidity,37.00183700675166,-30.836317278854672,22.31652759416111
2025-10-25 21:52:29.140800,S005,temperature,23.141257616604438,-24.737928214618556,26.22622098271924
2025-10-07 02:52:29.140800,S003,ec,1.0766081753065762,-33.78077917840063,23.571460025204736
2026-05-02 20:52:29.140800,S004,soil_moisture,0.5715634700173252,-28.48481976680074,25.415450014462905
2026-07-03 02:52:29.140800,S004,soil_moisture,0.16504577791990122,-29.80896790048204,29.68992245409916
2026-05-11 19:52:29.140800,S004,temperature,36.21314379996303,-28.13154323182503,26.17123042025804
2026-08-31 20:52:29.140800,S004,humidity,70.83816571673904,-31.073166734358118,25.899803129270275
2026-05-31 22:52:29.140800,S001,humidity,89.19543268471429,-29.40819844993842,18.773048409914242
2026-10-25 20:52:29.140800,S002,ec,2.342181313332955,-30.464613948999148,30.62042398422275
2026-05-20 02:52:29.140800,S004,ec,0.6562802046643226,-30.059689326856567,29.840090424522927
2025-10-24 08:52:29.140800,S001,temperature,28.161013970192307,-25.08252567846006,21.635477842486274
2026-01-25 18:52:29.140800,S002,temperature,27.397592795196747,-29.914998353974056,22.94386526308265
2026-08-28 15:52:29.140800,S001,humidity,60.87285954666848,-29.891277314090104,28.153789272830807
2026-11-02 14:52:29.140800,S004,soil_moisture,0.6085628656623986,-26.784988665431186,28.0684809155503
2026-04-20 16:52:29.140800,S005,humidity,94.84633015488001,-30.569361687120463,20.874381220718945
2026-08-16 01:52:29.140800,S004,ph,6.750678412580743,-29.334803940716412,26.21138928062392
2026-09-08 13:52:29.140800,S002,ec,2.3293097715771047,-33.271929152786754,30.183021648889163
2025-12-14 21:52:29.140800,S004,ec,-7.901078415411614,-25.041171559688053,24.70240362176068
2026-06-07 14:52:29.140800,S003,ph,7.049644609744571,-33.43774381386259,31.51262596867707
2026-09-14 20:52:29.140800,S004,humidity,101.03697774782788,-26.20321324215184,19.0507822444691
2026-01-13 00:52:29.140800,S004,ph,6.215778182598665,-24.35046161190683,21.389946873023963
2026-10-18 20:52:29.140800,S003,temperature,11.478788637509806,-26.36153572073995,28.60323595109073
2026-04-06 08:52:29.140800,S001,humidity,93.59350817158686,-27.62693812724989,29.00071087561382
2026-05-03 10:52:29.140800,S005,ph,6.543102621480335,-32.13702871080531,27.53053792570082
2026-11-22 07:52:29.140800,S004,ec,1.7830440466573514,-25.51541983468241,30.04432176131871
2026-11-14 05:52:29.140800,S002,temperature,12.367549971083909,-24.00430633070168,20.838639865711805
2026-06-14 01:52:29.140800,S005,temperature,17.684965253109073,-27.694445519407854,22.06852679919395
2026-09-13 22:52:29.140800,S002,ec,1.84423593671917,-27.332809631960835,19.1160370469663
2026-07-10 15:52:29.140800,S002,ec,1.6564616274190884,-29.73148733778705,28.178019236351314
2026-01-13 07:52:29.140800,S002,soil_moisture,0.283717097710669,-24.038798242908747,25.004650202884754
2026-08-10 02:52:29.140800,S005,ec,2.192854992089237,-26.64330816320119,22.071517956246534
2026-05-06 13:52:29.140800,S003,temperature,22.55950173321969,-30.01836608322158,18.56245395486553
2026-08-29 08:52:29.140800,S001,humidity,78.89700956913546,-26.407765261752086,22.675669680041658
2026-10-02 02:52:29.140800,S003,temperature,38.99151355765522,-32.00324070909138,24.35912786394787
2025-11-28 05:52:29.140800,S002,temperature,23.10996275596851,-30.159967401172448,19.067856369122232
2026-02-06 04:52:29.140800,S002,ec,2.1087977072655053,-33.05070425185338,25.949074911931294
2026-02-19 03:52:29.140800,S002,soil_moisture,0.4206059373867052,-32.047123733561584,28.724048484450606
2026-01-19 11:52:29.140800,S004,temperature,21.361526778928642,-32.099072543114495,23.84556738240594
2026-04-27 01:52:29.140800,S002,ph,6.637456871884753,-24.415022713406053,29.925663062682013
2026-07-08 14:52:29.140800,S003,ec,1.4282121095964284,-25.89767412736931,23.76062765524548
2026-04-19 18:52:29.140800,S002,ec,0.9601395172596954,-29.158454434886938,28.717175188769396
2026-01-15 04:52:29.140800,S003,soil_moisture,0.3878535453349111,-26.19189298899064,23.518164277236167
2026-10-10 12:52:29.140800,S005,humidity,65.39841736240882,-25.81165271451043,27.2511025834904
2026-09-20 18:52:29.140800,S004,ec,1.5898287363577948,-30.671868095400132,29.970478637639395
2026-04-21 14:52:29.140800,S003,ph,6.071164701024721,-33.84550559626011,25.574458373716887
2026-03-20 18:52:29.140800,S004,ec,0.8851543206769754,-26.652432454307093,20.42957160796201
2025-11-03 12:52:29.140800,S002,soil_moisture,0.48175846864479044,-26.458681156259555,18.28592273158969
2026-08-18 16:52:29.140800,S001,ph,6.289982156812809,-28.878424029434967,21.736687714263308
2026-01-17 19:52:29.140800,S001,humidity,98.61071151824326,-32.92259247237463,28.918640516020105
2026-10-14 16:52:29.140800,S001,humidity,81.46939353643621,-33.895211091370506,19.60829613568757
2026-05-21 22:52:29.140800,S003,ec,2.247685779396908,-25.56880988505162,22.19751378941521
2026-05-05 19:52:29.140800,S002,humidity,77.17534278998434,-25.232754625008802,28.340449022833617
2026-11-16 10:52:29.140800,S004,soil_moisture,0.15806878199060603,-28.757840940077536,23.926514845633072
2026-09-02 16:52:29.140800,S001,humidity,81.72729443575354,-30.500351175992144,29.975753178868988
2026-10-23 07:52:29.140800,S002,ph,7.09656859248582,-27.900722767118296,31.27719392536261
2026-11-23 04:52:29.140800,S002,soil_moisture,0.5174584950949606,-33.47962986231356,20.507166072372375
2026-01-20 17:52:29.140800,S004,temperature,22.856664521229867,-32.52032943393133,25.06498312058274
2025-12-13 07:52:29.140800,S005,temperature,23.219586887269347,-26.50162740286017,19.50049690140017
2026-10-17 18:52:29.140800,S004,humidity,81.44289138681464,-30.49020418751801,26.037845090489057
2026-05-18 21:52:29.140800,S004,humidity,81.1211766667591,-25.644196909136078,24.07041585564577
2026-07-04 04:52:29.140800,S004,humidity,110.11207129147536,-30.781078503800906,22.655561222034933
2025-12-14 13:52:29.140800,S002,ph,6.0124781369057425,-27.394033037710823,28.439822358281717
2026-01-17 18:52:29.140800,S002,ph,25.666813457594948,-30.536393538606873,21.01371144488561
2026-03-30 18:52:29.140800,S004,humidity,83.13766090054332,-27.873184961263725,27.07958820870359
2026-08-10 00:52:29.140800,S001,ph,5.541846416170711,-24.961163895454817,31.743399610569337
2026-05-08 14:52:29.140800,S004,soil_moisture,0.2828381239985896,-33.18884246413385,21.376692139451453
2026-07-17 17:52:29.140800,S003,soil_moisture,17.066191825972613,-30.760023809433488,23.27588199107099
2026-02-03 22:52:29.140800,S003,temperature,22.15997478111054,-25.279342454616778,23.290376307734103
2026-04-26 09:52:29.140800,S003,ec,0.865855982504886,-26.4416450891674,24.441940252753017
2026-06-22 03:52:29.140800,S002,ph,6.822125990038584,-26.965677392875445,25.96330545681375
2025-10-17 16:52:29.140800,S002,temperature,22.792873390398494,-27.541940754837242,23.729359494906223
2026-09-19 09:52:29.140800,S004,ph,6.82535560057442,-29.02028123667628,30.9477898265674
2026-09-05 10:52:29.140800,S005,ph,5.8905584236274375,-24.365293908086322,29.976238737433327
2026-02-06 18:52:29.140800,S002,humidity,45.91834594530253,-26.16601431524179,22.627694697060072
2026-06-11 20:52:29.140800,S005,ph,7.124145952385069,-32.255485844039164,24.17729772824486
2026-10-06 18:52:29.140800,S005,soil_moisture,0.5272637079639396,-29.762428857716202,24.74188751922407
2026-07-28 11:52:29.140800,S004,ph,6.208126496603952,-28.56818632246889,30.864867294008157
2026-11-05 03:52:29.140800,S001,soil_moisture,0.6340648113061282,-31.36404575821996,23.324872185239457
2026-08-03 03:52:29.140800,S002,temperature,16.585192245709777,-30.973481054148174,26.697944409416458
2026-02-07 21:52:29.140800,S005,humidity,70.38700837995424,-26.65354839807447,24.17607752314985
2026-03-13 07:52:29.140800,S003,ph,5.961163771578959,-28.18738952939814,26.967795545180394
2026-07-30 17:52:29.140800,S002,ec,1.262603467551466,-24.47848646853665,28.866884001606863
2025-10-29 22:52:29.140800,S002,soil_moisture,0.5257424766884862,-25.17309939355599,21.61340299203288
2025-10-14 01:52:29.140800,S002,soil_moisture,0.5750437792528286,-24.52063154925412,23.02731882724264
2025-11-13 03:52:29.140800,S003,soil_moisture,0.36450331391038804,-32.3576529854864,31.16840545956778
2026-07-12 04:52:29.140800,S002,temperature,27.73537193369203,-28.52582625321343,31.342537618996346
2026-03-21 17:52:29.140800,S003,temperature,21.25493564644526,-31.145746838610446,30.92398887212813
2026-01-14 06:52:29.140800,S003,temperature,24.00047925538006,-32.501831898854036,26.930555876937337
2026-02-17 20:52:29.140800,S003,temperature,26.44396803624101,-29.70187113936794,30.744245629086794
2026-11-16 00:52:29.140800,S004,ec,-12.375155198003197,-29.95651841260651,30.342962884337673
2026-01-13 11:52:29.140800,S003,temperature,13.904539734361261,-30.977819982101902,25.640849810820814
2025-12-12 06:52:29.140800,S003,ph,6.792417052396652,-29.527625161586613,18.625487702556192
2026-08-19 15:52:29.140800,S003,soil_moisture,0.5378905706587606,-30.01143234789819,28.26709597094301
2026-04-23 16:52:29.140800,S003,humidity,63.98849527155068,-25.02011039780363,27.294508299249422
2026-07-27 01:52:29.140800,S003,soil_moisture,0.45595467692720937,-30.400734585319338,30.173673709095493
2026-07-13 21:52:29.140800,S005,temperature,30.498732494507614,-24.956484624204204,22.699594802416826
2026-06-25 06:52:29.140800,S003,temperature,25.65058815448182,-29.933939295986907,19.08715609520882
2026-04-28 02:52:29.140800,S004,ec,1.594740377188952,-32.046960327624966,23.14771321475584
2026-09-29 04:52:29.140800,S001,temperature,23.115561520998583,-33.69441309248416,27.20692514081964
2025-10-30 11:52:29.140800,S003,soil_moisture,0.5699810591680783,-27.789595915894395,23.988861563506816
2026-05-11 01:52:29.140800,S005,ph,6.237215242577455,-29.265665266258704,20.150755832940078
2026-01-06 04:52:29.140800,S004,ph,7.038414297848587,-32.002569665986876,20.39993299441591
2026-09-02 00:52:29.140800,S004,humidity,50.18319901322922,-31.38649274078259,19.62947325520926
2026-10-24 08:52:29.140800,S004,soil_moisture,0.634770107523424,-30.668328961801492,27.045218162489853
2026-08-03 23:52:29.140800,S004,ph,6.5728852613313045,-29.563015988925144,28.453597022136478
2026-10-15 02:52:29.140800,S003,soil_moisture,0.6944550087803991,-31.436492365533418,22.158213308379743
2026-11-09 08:52:29.140800,S001,humidity,116.07066084038269,-33.081381609188654,21.85042787534563
2026-03-19 22:52:29.140800,S004,temperature,30.31178239015079,-28.701487624485896,29.259686144425324
2026-10-05 14:52:29.140800,S004,ec,0.9227709551118617,-32.01087760208745,20.52499037885602
2026-08-18 11:52:29.140800,S005,ph,6.5212142941019735,-32.7911808234465,20.304703785242285
2026-05-17 10:52:29.140800,S001,ph,6.672854345457288,-31.058273069105415,18.146847031763933
2025-11-05 10:52:29.140800,S001,soil_moisture,0.393621340899646,-28.93154137584172,23.421312286082735
2026-05-25 08:52:29.140800,S003,ec,1.6594170161749768,-26.91908755834342,19.8727833808487
2026-04-08 14:52:29.140800,S004,ph,5.908887447820412,-27.160945805814137,25.389069769365864
2026-02-19 02:52:29.140800,S002,ph,5.981042069952467,-32.262184786722514,28.051959733254133
2025-11-17 11:52:29.140800,S003,humidity,34.414704929142275,-29.724613373479446,29.393196875808265
2025-11-05 09:52:29.140800,S002,ec,1.462292361363462,-28.12043795146976,24.898139792662217
2026-07-22 08:52:29.140800,S003,ph,5.9841021543563935,-33.321510716175986,28.353157358345747
2026-05-07 18:52:29.140800,S003,soil_moisture,0.6188639010221423,-29.6996643601691,30.503368101213812
2026-11-18 14:52:29.140800,S002,soil_moisture,0.33949071606386705,-24.126888513513244,29.94368424747018
2026-09-07 16:52:29.140800,S004,ec,1.340529834312538,-27.138077704213345,20.48077453977619
2026-09-06 21:52:29.140800,S004,soil_moisture,-4.391181131233965,-25.0180591664153,21.76665700908104
2026-01-30 07:52:29.140800,S004,temperature,19.818290426304205,-24.591919324253055,26.275924019618586
2026-06-11 17:52:29.140800,S005,soil_moisture,-9.895388525061385,-32.366962748987866,29.845078329505387
2025-12-15 18:52:29.140800,S004,ph,7.617590130690034,-24.36707725270798,21.021053642228093
2026-06-29 23:52:29.140800,S002,ec,-14.022245205768371,-30.067964841889516,31.897505017772318
2025-12-12 03:52:29.140800,S004,humidity,39.161238615288596,-32.96798208656318,29.550460446153796
2025-12-04 05:52:29.140800,S003,temperature,33.117116634500796,-32.65656202050539,18.96441708675315
2026-10-24 20:52:29.140800,S002,ph,5.756498700095167,-33.43703750465414,29.419109554856007
2026-01-25 03:52:29.140800,S004,humidity,50.24580316303896,-31.78309532873688,18.17120220792384
2025-10-23 17:52:29.140800,S002,ec,0.9244618339164068,-30.727371784682873,21.297410315035748
2026-03-28 17:52:29.140800,S002,soil_moisture,0.5937750528031878,-33.536420960997816,29.96649163339449
2026-07-26 03:52:29.140800,S004,soil_moisture,0.35137475725654965,-27.257838421984772,23.727268753041937
2026-03-25 22:52:29.140800,S003,temperature,27.65307155679314,-24.302433967441786,21.894807413123218
2026-04-05 15:52:29.140800,S004,ec,1.342208463926361,-32.27928609257308,23.54381986357401
2026-11-23 16:52:29.140800,S003,ph,6.8723906157469665,-24.15631571268689,31.88623417552681
2026-01-09 00:52:29.140800,S002,soil_moisture,0.47584885610938177,-29.397774246712395,24.481515902691783
2026-02-14 11:52:29.140800,S004,ph,6.143345634758502,-24.38152304239243,29.202536216890664
2026-09-30 20:52:29.140800,S004,temperature,22.184796242680413,-26.894918306098045,29.29271022832728
2025-11-15 11:52:29.140800,S001,temperature,37.34993563568339,-25.02946609641321,29.622724132690884
2026-03-05 23:52:29.140800,S005,soil_moisture,0.5792817261647687,-25.032790569541845,22.69362080952404
2026-08-08 13:52:29.140800,S003,ec,0.41783501944710033,-24.51136275916548,24.12417548868652
2026-01-22 07:52:29.140800,S001,ph,7.076756021088879,-33.35098927019539,23.104835834951587
2025-11-12 07:52:29.140800,S002,humidity,119.01569136332871,-24.78938062804189,24.155241361140682
2026-02-13 11:52:29.140800,S003,temperature,33.875741531239015,-31.116552674150896,29.343237413198977
2026-07-24 14:52:29.140800,S004,soil_moisture,0.5871356468939368,-28.62267387789102,27.31090535386956
2026-02-27 17:52:29.140800,S003,ph,6.1975077676608334,-33.44486282864585,30.716696468322073
2026-10-21 01:52:29.140800,S005,ec,0.8566193647341616,-33.55174465170063,30.235391367093083
2026-07-16 07:52:29.140800,S002,soil_moisture,0.7541977628014026,-26.016429007801698,25.567889761795712
2025-12-14 14:52:29.140800,S004,humidity,69.06404261992984,-32.99982112451741,22.3437085507487
2025-11-07 15:52:29.140800,S005,soil_moisture,0.6979110276511042,-28.251225237408622,19.246645109791704
2026-05-05 06:52:29.140800,S003,ec,0.24052408632566036,-30.82136128050114,22.509270517836484
2026-05-19 00:52:29.140800,S002,ph,6.928760051949714,-27.94880471849953,21.92847811564643
2026-05-28 00:52:29.140800,S004,humidity,68.15017134278527,-26.75649044004402,27.56355670205337
2026-09-12 12:52:29.140800,S004,humidity,71.17871659522768,-28.058319659766468,31.993999553564148
2026-11-07 19:52:29.140800,S002,ec,-4.174342619387911,-25.630413692310505,29.03751445347816
2025-11-07 02:52:29.140800,S002,temperature,17.75949734253232,-30.87112321501472,29.674782512105512
2026-09-05 13:52:29.140800,S002,temperature,16.245054317910114,-24.560552575107266,25.479651537600862
2026-04-26 22:52:29.140800,S005,soil_moisture,0.558412520943276,-32.721638319900904,25.638669520296773
2026-03-12 04:52:29.140800,S001,ec,0.8541028268525738,-31.670770761707203,28.942056640932442
2026-11-08 19:52:29.140800,S001,soil_moisture,0.6014421437851554,-33.08238003874113,26.321695926233794
2026-06-03 02:52:29.140800,S004,ec,0.8247337193156371,-25.177840723427693,24.29139414313327
2025-12-27 04:52:29.140800,S003,temperature,28.142951462265263,-24.535974703309773,21.698836916691853
2026-05-23 14:52:29.140800,S004,soil_moisture,0.4510847277780692,-32.380700851812385,29.93502865274693
2026-10-26 09:52:29.140800,S004,soil_moisture,0.5155024785629099,-30.45610034978388,25.290382202948212
2026-09-13 13:52:29.140800,S001,ph,6.401808010220998,-25.76300079997964,31.82007882854547
2026-07-08 09:52:29.140800,S002,soil_moisture,12.232284769881947,-28.158795371729603,21.896590431528544
2026-05-21 22:52:29.140800,S004,ph,5.482465981091346,-29.763516735932512,30.668288273477796
2026-04-23 18:52:29.140800,S003,humidity,88.21754495475187,-25.635115190562757,24.708236472593736
2026-05-21 00:52:29.140800,S004,humidity,24.636230142610316,-32.61209648142849,31.451546060737
2026-08-18 20:52:29.140800,S005,humidity,65.46173321185503,-25.85570023338302,18.923146262563726
2026-08-10 18:52:29.140800,S001,ec,1.750774391761881,-25.434839861580798,29.466648354181864
2026-06-09 22:52:29.140800,S001,ec,2.0246681594820237,-29.5416514774947,20.920253227786183
2025-12-09 02:52:29.140800,S004,soil_moisture,0.5520517039292685,-31.92627846932115,20.79590243253661
2026-09-30 11:52:29.140800,S003,ph,6.373251783470234,-32.927799425509775,19.830146733789867
2025-11-11 00:52:29.140800,S003,ph,6.498985516826424,-31.12817916957291,26.013191786038888
2026-07-24 03:52:29.140800,S003,temperature,26.616271191564223,-30.9369226880289,22.691855771444516
2026-03-15 02:52:29.140800,S002,soil_moisture,0.420729297685959,-30.16261049378149,19.97596396389247
2026-09-11 21:52:29.140800,S005,ph,6.946106337917391,-31.661275695274576,19.36619269315092
2025-10-25 23:52:29.140800,S005,temperature,20.126698924690725,-25.126837629169287,22.843175628698887
2025-11-22 09:52:29.140800,S001,humidity,35.261147491713764,-25.13811503058598,28.57691437034927
2026-05-21 17:52:29.140800,S005,humidity,31.93945528093399,-24.677600598271958,25.537378458157416
2026-11-02 04:52:29.140800,S004,ec,1.3968289281523476,-28.018482905636112,24.80769770507751
2026-07-02 03:52:29.140800,S005,temperature,27.690004156979015,-24.330003217281305,21.3726989059465
2025-11-25 00:52:29.140800,S003,humidity,48.97576805267457,-29.751348196298302,30.40500960639023
2026-11-04 14:52:29.140800,S001,ph,6.739859438216309,-33.616855848747235,31.961702241067997
2026-05-15 07:52:29.140800,S004,soil_moisture,0.4012011381411487,-29.10043756736947,23.806034814451575
2026-02-08 09:52:29.140800,S005,temperature,12.151085074733377,-33.49793693415516,30.834808434168842
2025-12-20 09:52:29.140800,S002,soil_moisture,0.4658492235290081,-33.70614378242508,21.13152808425948
2026-08-31 06:52:29.140800,S001,ec,1.4304607039896213,-28.495666658822888,28.034064879545234
2025-11-08 19:52:29.140800,S005,soil_moisture,0.167911107515884,-32.71211167771643,25.987792269404157
2026-07-03 21:52:29.140800,S003,temperature,29.175971459557502,-24.525999678904494,19.712654303428128
2026-05-05 07:52:29.140800,S002,ec,-15.036562081175717,-31.94489091484178,20.52242047279655
2026-11-23 07:52:29.140800,S003,ph,6.691997571574561,-31.050747812534617,18.743157174828227
2026-06-27 14:52:29.140800,S005,soil_moisture,0.11661997432222437,-25.57846464863867,23.83872032472168
2026-05-16 20:52:29.140800,S004,ph,6.741362292334632,-25.859056450300635,28.662009418728744
2026-09-02 21:52:29.140800,S002,humidity,35.63340955286978,-27.849320047589366,30.237623174050107
2025-12-29 10:52:29.140800,S004,humidity,42.88282013048347,-25.640894445741644,26.360473945459326
2026-06-29 17:52:29.140800,S002,temperature,36.961557691531745,-31.745800865519037,20.32526184484579
2025-12-21 11:52:29.140800,S003,ec,1.2388450163843734,-25.656639394364348,22.89002692632009
2026-05-04 17:52:29.140800,S005,soil_moisture,0.48626424881259395,-33.0604412667339,31.936622919094933
2026-06-01 08:52:29.140800,S001,ph,6.802408506300655,-26.663897895778582,23.755176355576058
2026-04-16 20:52:29.140800,S005,humidity,33.84515240602396,-26.655618101822135,29.987309890341194
2026-06-08 16:52:29.140800,S003,humidity,63.79719882310935,-32.161228213618934,27.946166347787383
2026-08-10 14:52:29.140800,S001,temperature,24.047078190535956,-29.453767790068802,25.572512288341418
2025-10-13 20:52:29.140800,S005,humidity,59.441717878140075,-28.290275546994604,20.83475639435774
2026-05-01 16:52:29.140800,S005,soil_moisture,0.46830405632595157,-32.054119238457,18.060971659853298
2025-12-11 15:52:29.140800,S003,ph,4.776305145283857,-33.86992465041658,25.130499614621318
2026-07-10 04:52:29.140800,S002,ph,6.842621060052822,-26.462190062528855,21.266207326117925
2026-10-27 07:52:29.140800,S004,ph,6.289684513794048,-31.430723357531942,27.427784881066003
2026-01-12 20:52:29.140800,S003,temperature,23.130092753798138,-25.53756609509719,21.05870279626125
2025-11-29 16:52:29.140800,S001,soil_moisture,0.4349842409491682,-32.846995476345676,24.624858017314633
2026-05-11 10:52:29.140800,S005,ec,1.7231942701519094,-30.15797690778591,27.586010042993475
2026-06-15 02:52:29.140800,S002,temperature,15.022266606169724,-26.583910915536322,18.50382157424159
2026-01-14 20:52:29.140800,S005,temperature,6.750162509084866,-30.49664879117045,24.6028130441632
2026-07-16 21:52:29.140800,S005,soil_moisture,0.562297134370226,-29.699075687173373,18.261650916679443
2026-01-15 20:52:29.140800,S002,soil_moisture,0.48381481286857564,-25.066399559005088,31.968633373634987
2025-10-07 09:52:29.140800,S001,ec,1.801842159004656,-26.962453198114133,31.320890463329064
2026-01-22 22:52:29.140800,S002,humidity,108.52661589998729,-33.70040121339939,22.625784285112296
2026-06-07 13:52:29.140800,S005,humidity,38.67808512486968,-27.25444276497216,20.904470962141097
2026-02-20 06:52:29.140800,S004,ph,6.954881469493202,-25.091081940613563,25.059426945678933
2026-10-30 03:52:29.140800,S001,soil_moisture,0.4369340805741715,-33.45801724041213,18.921804184675153
2026-09-05 13:52:29.140800,S003,ec,1.3242073249951551,-29.374523992235723,26.94207806549934
2025-12-03 12:52:29.140800,S003,temperature,13.049668888091858,-32.74588943127028,31.383773609940523
2026-05-26 14:52:29.140800,S004,ec,1.7515835217451998,-27.736198666172562,24.794018136741663
2026-07-24 12:52:29.140800,S002,ec,2.42164840178207,-30.658784828134145,21.44754541893741
2026-09-30 20:52:29.140800,S005,soil_moisture,0.4513918097651192,-28.31399270401026,19.755599169465146
2026-08-30 01:52:29.140800,S002,ec,1.6386584911629287,-28.81653294739951,21.10646168419799
2026-10-22 02:52:29.140800,S002,soil_moisture,0.5227222903823306,-24.863976233496096,19.076963713743627
2026-07-07 06:52:29.140800,S001,humidity,30.46022423770063,-25.76038974443711,20.529317187810058
2025-10-21 19:52:29.140800,S002,ec,0.9774294910050483,-29.86156725697633,22.657957781427655
2026-06-27 00:52:29.140800,S001,ph,6.884793632548333,-24.35719416714995,27.58291761974536
2025-10-19 06:52:29.140800,S005,ph,6.575641158619252,-29.705865351965123,20.023176538610223
2026-07-24 10:52:29.140800,S004,ph,6.181235844320395,-30.378969839870123,26.37733929053421
2026-04-01 20:52:29.140800,S004,humidity,86.74896135329612,-33.62445041089206,21.23433960428513
2026-05-06 09:52:29.140800,S005,ph,7.120461057975751,-31.449478619183026,25.86519785485993
2026-01-23 21:52:29.140800,S005,soil_moisture,0.7426653575137122,-29.043245068978408,29.43691433845912
2026-09-22 16:52:29.140800,S001,ph,6.360275189622372,-32.90074425739234,19.70370089555108
2026-08-20 12:52:29.140800,S001,ph,6.735951772522008,-32.58192064500071,23.714242367607063
2026-05-07 00:52:29.140800,S002,ph,6.573021367378342,-24.438044740564806,26.510457914748798
2026-04-22 10:52:29.140800,S002,ec,1.2443695425953682,-27.89277099209921,24.293084261477766
2026-10-27 17:52:29.140800,S002,humidity,39.16873246495801,-27.708972958894147,29.667961731678226
2026-11-12 10:52:29.140800,S004,humidity,78.19785269115981,-33.31321326946309,27.822521147750006
2026-08-10 08:52:29.140800,S002,humidity,76.06034594333137,-32.136809230725476,28.696668196609146
2026-11-15 05:52:29.140800,S002,humidity,53.72964796757651,-29.645118330777827,19.58565548778981
2026-10-06 11:52:29.140800,S005,temperature,14.184124523153164,-26.24233880294443,30.42398050269257
2025-10-19 07:52:29.140800,S002,humidity,103.98019394271847,-27.617517710184323,19.809697572669428
2025-12-22 12:52:29.140800,S005,soil_moisture,0.6053256983132109,-29.739795608116438,30.982293017170264
2025-11-06 09:52:29.140800,S003,humidity,46.75504210886517,-33.32404431128388,18.175985030985053
2026-03-08 18:52:29.140800,S005,temperature,37.13021318905649,-32.85754150254695,28.53205186253841
2025-10-12 20:52:29.140800,S003,ec,1.1966776208376342,-27.46222469426749,29.411549607223254
2025-12-04 19:52:29.140800,S004,ph,6.1632552273387535,-24.151169826784198,28.384448512755366
2026-05-05 22:52:29.140800,S005,temperature,37.43603596434305,-31.6804511628408,29.543907203472475
2026-11-01 04:52:29.140800,S001,ec,0.5450499188408094,-31.015997796009948,28.30977519528716
2026-07-27 20:52:29.140800,S005,soil_moisture,0.49830107640281085,-29.4137464411887,27.56255492050278
2026-02-05 11:52:29.140800,S001,ec,1.675330004648206,-25.120345111449446,28.653257893636905
2026-04-08 15:52:29.140800,S004,temperature,17.08731980441214,-31.984215198342607,29.851978968302344
2026-08-13 16:52:29.140800,S005,ph,7.196886813145602,-28.1547822886228,18.074302543881984
2026-09-02 17:52:29.140800,S001,ph,6.018039039071445,-28.80677700612728,25.858084754267175
2026-10-03 00:52:29.140800,S004,humidity,50.789924405754306,-29.646011938498592,18.714149560434926
2026-07-23 11:52:29.140800,S004,temperature,18.778533350106976,-25.6750122675367,25.264708900727943
2026-04-26 20:52:29.140800,S003,temperature,24.25841476220619,-24.473919029319443,18.173269329953055
2025-10-28 15:52:29.140800,S003,temperature,21.894190077647675,-25.838936649069915,27.87774394012759
2026-03-12 21:52:29.140800,S002,ec,1.328220329102873,-26.760884522751248,18.930289486018733
2026-08-04 17:52:29.140800,S001,ph,-12.611891192880499,-33.64299618329568,18.416294406540484
2025-10-08 15:52:29.140800,S002,humidity,35.67905143423957,-27.477000735096002,23.66569321155886
2026-02-16 21:52:29.140800,S002,temperature,17.415460547178487,-24.80041622247365,27.414154538788157
2026-11-19 09:52:29.140800,S004,humidity,82.34501905713915,-30.070677265085152,27.301100466469627
2025-12-27 01:52:29.140800,S001,soil_moisture,0.3734489511275546,-29.385509540555972,23.597105740557282
2026-06-19 04:52:29.140800,S001,humidity,76.53283139564012,-27.273644128099644,25.691923269903135
2026-08-06 21:52:29.140800,S004,humidity,81.87910783838265,-29.32278396521263,22.143551218918045
2026-05-27 04:52:29.140800,S005,ph,6.752620425124189,-25.43202159904176,25.579911303422133
2026-02-01 06:52:29.140800,S002,ec,1.760502732064784,-24.77047663674695,21.76767875877329
2026-01-09 11:52:29.140800,S003,soil_moisture,0.7371616326085046,-25.318743406072883,20.19995864044722
2026-03-04 11:52:29.140800,S002,soil_moisture,0.41896246158392314,-30.382992307720066,29.151646227469044
2026-02-13 05:52:29.140800,S002,ec,1.6960396162737836,-26.307919966852587,18.38173878886679
2025-12-23 16:52:29.140800,S001,soil_moisture,0.6798455497060872,-29.502642309522155,22.933097909811757
2025-12-15 09:52:29.140800,S003,ec,0.5753403556869914,-28.18657255754832,24.510487019608682
2026-07-24 10:52:29.140800,S003,soil_moisture,0.29394074917385205,-24.41014098213354,20.464120405447357
2026-11-02 07:52:29.140800,S002,soil_moisture,0.42344516416639755,-24.505084377969794,30.164597207663377
2026-11-16 06:52:29.140800,S005,ph,6.451901529286303,-29.193352131855956,22.949277312622954
2026-06-02 17:52:29.140800,S002,ph,6.360315500121211,-29.315725413448916,31.552358061608373
2026-10-31 12:52:29.140800,S002,ec,1.1919988567293056,-29.552296286844957,30.9880628793517
2026-10-11 06:52:29.140800,S001,ph,7.055728239679164,-24.800568821330806,21.599239235371254
2026-07-22 05:52:29.140800,S005,ec,1.1793878251124341,-28.640341180212584,27.440354624688467
2026-02-08 08:52:29.140800,S002,soil_moisture,0.2660455293601016,-31.273555243711844,28.21650151347023
2026-06-03 05:52:29.140800,S004,soil_moisture,0.5290570185775129,-24.694898979703247,29.682061748213155
2026-04-27 06:52:29.140800,S004,temperature,23.28388594774823,-31.238386921580343,23.070091445474155
2026-05-16 18:52:29.140800,S001,ph,5.790315402881172,-30.093263305214446,31.46626851253862
2026-10-13 13:52:29.140800,S005,humidity,98.24880102261504,-24.505588456324695,28.753509798349967
2026-10-27 21:52:29.140800,S001,soil_moisture,0.3773780935752483,-33.985647929518464,28.325845439378735
2026-05-28 03:52:29.140800,S001,soil_moisture,-3.6591029371728743,-25.885750897872782,18.560223021018597
2025-11-08 09:52:29.140800,S002,ph,7.487023735644062,-31.36616942935392,26.16913798143133
2026-09-22 05:52:29.140800,S002,soil_moisture,-14.127673296563044,-27.281547329439277,29.51327438649057
2026-06-04 17:52:29.140800,S004,ec,1.0389868466298198,-29.794181530463725,28.701939431502915
2025-12-22 12:52:29.140800,S004,ec,1.542720821858362,-32.13867296818033,24.04483436943279
2026-02-28 10:52:29.140800,S004,ec,1.7506899480988614,-30.870249270480844,25.52930044036421
2025-10-14 21:52:29.140800,S005,ph,6.984265495925435,-32.42789273783718,26.187075264642917
2025-12-04 22:52:29.140800,S001,soil_moisture,0.25821447542880616,-31.042281672788967,30.105310776060872
2026-09-07 16:52:29.140800,S004,humidity,84.18066466372677,-28.811717788543945,24.81165448159744
2026-06-17 20:52:29.140800,S003,humidity,36.114651919371724,-30.070052710373442,20.02965691291375
2026-03-02 15:52:29.140800,S005,ph,5.72692841898237,-30.03449764079215,18.635208265691464
2026-06-21 20:52:29.140800,S004,soil_moisture,0.4409992496383087,-27.95190757720571,24.737464545782924
2026-06-23 14:52:29.140800,S002,temperature,20.869337116731465,-30.39422282305183,19.908011739165623
2025-12-26 19:52:29.140800,S004,temperature,21.840592963425202,-30.017109787702793,27.042460390530284
2026-04-05 19:52:29.140800,S002,soil_moisture,0.5316111529641661,-28.869613747136686,31.813486985739324
2025-11-30 14:52:29.140800,S002,ec,14.59456850085389,-27.837022620083626,24.977172855769304
2026-07-20 07:52:29.140800,S004,humidity,51.94410146175266,-30.971283451558882,20.50171063108778
2026-05-24 06:52:29.140800,S003,soil_moisture,0.8615104310752588,-27.21532582616415,20.440039126689534
2026-01-26 13:52:29.140800,S005,temperature,20.16083684714819,-33.141365107502764,30.762394838770085
2026-02-16 20:52:29.140800,S001,ec,2.0474667414411045,-25.885595032564453,28.408774666037743
2026-10-31 01:52:29.140800,S003,ec,2.453312730550314,-28.67734726874459,26.987940874998916
2025-11-25 05:52:29.140800,S001,ec,2.8841412123572616,-27.851726284180785,25.121405747566268
2026-09-12 03:52:29.140800,S004,soil_moisture,0.4232755288141339,-27.914202852235444,19.821525079717663
2026-01-08 06:52:29.140800,S001,humidity,63.54659981892737,-25.867821461691236,26.61906258233374
2026-06-23 21:52:29.140800,S005,ec,0.8302501157316372,-27.054008872189335,24.299889898083755
2025-11-13 00:52:29.140800,S002,temperature,28.406504352594332,-26.25480134025232,22.667067289052042
2026-01-24 00:52:29.140800,S003,temperature,10.168704031303495,-32.07441980909938,23.53674998096247
2026-09-14 12:52:29.140800,S004,ph,6.252560777101656,-32.96991604121584,18.877024041057393
2026-08-23 10:52:29.140800,S005,soil_moisture,0.4120999906132512,-29.533739639847262,26.165911653942043
2025-12-08 07:52:29.140800,S003,soil_moisture,0.1981598188440168,-27.75144962780898,19.410529707460793
2026-08-25 05:52:29.140800,S001,soil_moisture,0.7460976647433637,-31.878276576549272,31.308047846929668
2026-04-26 16:52:29.140800,S005,temperature,29.753480256148634,-25.08742634968342,29.699029978031117
2026-10-27 00:52:29.140800,S004,temperature,25.426709186441588,-24.233437119997454,30.881591646970243
2026-11-09 18:52:29.140800,S005,soil_moisture,0.4861827962297235,-25.62960830575699,29.968622481323898
2026-07-27 03:52:29.140800,S001,ec,1.2211625245018523,-29.8311626095627,28.115372427530943
2026-02-02 15:52:29.140800,S005,humidity,88.12064210356252,-32.84228798948613,18.81305910651983
2026-03-26 11:52:29.140800,S005,ec,1.6634438584828648,-27.455239634034932,20.570821126809754
2026-09-19 22:52:29.140800,S003,temperature,12.56093212803271,-32.37701655063271,26.267403048224573
2025-12-05 10:52:29.140800,S003,soil_moisture,0.5353094376017691,-33.5350748495775,22.615486617863887
2026-07-21 10:52:29.140800,S001,temperature,21.247338349293326,-24.53818205469758,23.560668627425994
2026-07-09 01:52:29.140800,S001,ec,1.4800580944657613,-28.44773693755218,20.62454726102841
2026-05-12 02:52:29.140800,S004,temperature,28.36978837781549,-32.85467612031742,18.002282572034474
2026-08-03 20:52:29.140800,S001,soil_moisture,0.5506137904194734,-31.0145569501913,18.27823939942807
2026-08-12 01:52:29.140800,S005,ec,1.9433283523004046,-30.44370308693393,25.686307506389706
2025-11-20 08:52:29.140800,S005,ec,1.4587608105055743,-30.247413031295675,22.157880689741646
2025-11-28 18:52:29.140800,S003,soil_moisture,0.5329477018708204,-32.530491116081954,24.77847119648584
2026-07-05 01:52:29.140800,S002,soil_moisture,0.973495624494729,-32.39973489110481,30.976821065711526
2026-06-13 16:52:29.140800,S003,temperature,15.086474432588798,-29.550551562992297,25.545505247706032
2026-08-06 04:52:29.140800,S005,soil_moisture,0.31675375741183853,-31.017513639989467,31.953875746382135
2026-09-13 00:52:29.140800,S003,ec,1.1370631313507382,-33.94828882771452,27.60423209305669
2026-05-01 00:52:29.140800,S002,ph,7.152399474559045,-30.84512103935213,30.205646884010953
2025-11-04 08:52:29.140800,S001,ph,6.719350325366284,-33.727261587586604,21.184957927855486
2026-02-06 00:52:29.140800,S004,temperature,34.56383974337801,-28.45834305891141,20.561035051376862
2026-03-13 14:52:29.140800,S005,ph,7.122395767182139,-24.964726950102346,24.519069068781157
2025-12-25 17:52:29.140800,S003,humidity,82.91318586326877,-26.052409551348703,24.708835641493167
2026-03-01 09:52:29.140800,S001,ec,2.0799843739303507,-33.31403949721153,28.91191076568994
2025-12-30 01:52:29.140800,S003,soil_moisture,-15.417941971045384,-29.600885651554268,22.532378524031905
2026-08-14 16:52:29.140800,S002,ph,6.948786118870044,-33.771844494855074,23.37127132375685
2026-11-21 00:52:29.140800,S002,humidity,76.8317855735762,-32.49274975008442,28.750163760384133
2025-11-06 23:52:29.140800,S002,ph,6.5374238224698065,-26.07643655965837,18.33871044916845
2026-10-10 08:52:29.140800,S002,ph,6.183859512153847,-25.690327437490375,27.28272428394248
2025-10-03 18:52:29.140800,S005,temperature,31.241220536865143,-31.133783249031417,30.221884919867705
2026-05-15 03:52:29.140800,S005,soil_moisture,0.37727845038401076,-25.235930056798757,30.54410743220226
2025-11-08 02:52:29.140800,S004,ph,6.339160108243519,-33.44060824626021,30.368176117901527
2026-04-20 17:52:29.140800,S005,temperature,32.43360061993013,-24.847083041201568,31.762051415997654
2026-03-08 20:52:29.140800,S005,ph,12.120239419244122,-25.5307711803523,27.35961017422564
2026-06-07 17:52:29.140800,S001,humidity,87.15066071015698,-29.09016006998576,23.45127944582204
2026-10-11 07:52:29.140800,S003,humidity,32.090783797713726,-24.20860704626515,25.4138966300562
2026-04-05 12:52:29.140800,S004,humidity,50.57957358630978,-32.27225663002491,31.9200048127486
2025-10-18 03:52:29.140800,S002,humidity,91.82169657544345,-31.418894689844905,26.083225543295406
2026-01-06 08:52:29.140800,S002,humidity,85.98446305465745,-33.08675115329888,18.51623973552802
2026-05-31 08:52:29.140800,S001,ph,6.404105715249648,-33.75150174831446,23.9832525409198
2026-06-16 18:52:29.140800,S004,soil_moisture,0.5679320850727294,-27.110142409146682,31.586573785905614
2026-01-16 16:52:29.140800,S005,ph,-6.628984009644878,-31.12409852206935,29.879081051444643
2026-03-01 12:52:29.140800,S001,ec,1.9844123926496946,-30.71123205825912,30.698402858825137
2026-06-29 10:52:29.140800,S001,humidity,37.04031917556828,-25.956663307601175,23.378071342056646
2026-07-09 18:52:29.140800,S005,ph,6.538197740238869,-33.25119124322862,29.68748293763796
2025-10-27 16:52:29.140800,S002,ec,0.9297454959576841,-27.655668626322626,23.457842104214183
2026-01-03 09:52:29.140800,S003,ph,15.669720999527526,-27.81233140592538,23.041739032380768
2026-04-18 05:52:29.140800,S001,ph,5.600777424938881,-31.606328188918752,18.74477563180413
2026-02-24 02:52:29.140800,S004,soil_moisture,0.6554905681097007,-31.77767604233571,24.210614850973307
2026-08-10 10:52:29.140800,S003,soil_moisture,0.4365104917894605,-29.423315283575604,26.84401206790507
2025-10-14 10:52:29.140800,S005,temperature,48.377689655979154,-26.177778551133468,20.44618684639544
2026-08-01 19:52:29.140800,S001,humidity,55.216944177024686,-24.903917853224137,28.54388214372726
2025-12-14 23:52:29.140800,S004,humidity,59.14974876727431,-29.80525264068877,28.50690033888174
2026-06-03 07:52:29.140800,S002,humidity,76.50611259676955,-30.152860439850016,27.545865773675786
2025-12-13 07:52:29.140800,S003,soil_moisture,0.4771313031339901,-31.26647013527454,25.3922255940805
2026-02-13 05:52:29.140800,S003,soil_moisture,0.39918271183070614,-32.34515981286154,23.43207815818601
2026-05-31 19:52:29.140800,S003,temperature,34.40785999503828,-25.888402015723145,28.53811815908415
2025-11-29 07:52:29.140800,S002,ec,2.075676012310042,-33.50800220549262,31.030034317996396
2026-02-08 18:52:29.140800,S005,temperature,27.064250968123893,-33.560392047996665,26.40072238776868
2026-08-03 03:52:29.140800,S002,ph,6.695489940570688,-33.43820469005651,20.141911138240882
2026-07-21 00:52:29.140800,S003,ec,1.1991566279907047,-32.109716893757614,20.706847444524882
2026-01-26 22:52:29.140800,S003,humidity,53.25537905182187,-33.29125747380724,29.075445678649913
2026-01-23 19:52:29.140800,S004,soil_moisture,16.377978945819137,-30.522571675022874,30.842622711500333
2025-10-10 02:52:29.140800,S004,ec,1.9620251813920841,-33.70501536371357,20.965151138424616
2026-08-02 13:52:29.140800,S004,temperature,27.410878969449435,-31.699393134168417,25.332675079067034
2025-12-03 12:52:29.140800,S003,soil_moisture,0.4132593152714939,-25.155731921757816,20.46357597066918
2026-05-20 07:52:29.140800,S002,temperature,25.131249561697093,-30.68755266719154,27.453824059820064
2026-04-01 07:52:29.140800,S003,ph,7.3058292485538106,-26.892372226379962,24.927195179046848
2026-11-06 02:52:29.140800,S004,temperature,14.1344147011616,-32.59075684988152,19.393045157042955
2026-07-28 09:52:29.140800,S005,soil_moisture,0.520029989612347,-27.566438991765256,30.41432296946353
2026-02-17 01:52:29.140800,S004,temperature,18.923052248708128,-31.34040440577436,29.692876010119264
2026-11-18 09:52:29.140800,S005,humidity,81.12364592802075,-25.542070977350047,18.401354890439855
2025-10-05 03:52:29.140800,S003,soil_moisture,0.35862108540323523,-27.230689736327314,25.845412610910564
2026-02-27 17:52:29.140800,S005,ph,6.500156958274132,-28.364941920498556,18.182014446977586
2025-11-13 23:52:29.140800,S001,humidity,62.418290099611305,-24.219396196764123,26.303129876054737
2026-11-01 16:52:29.140800,S002,ec,1.2557908440173642,-31.057702443230294,18.797825203577045
2026-05-08 13:52:29.140800,S001,humidity,93.2470371709067,-32.55884350407771,22.470161536986613
2026-02-27 11:52:29.140800,S003,soil_moisture,0.584152148985879,-27.07943127903525,22.033569901166956
2026-08-31 17:52:29.140800,S001,temperature,25.07519834620399,-27.64825174196099,24.36851245096922
2026-03-30 14:52:29.140800,S005,ph,6.283755857266184,-25.016442769843408,29.060675736355492
2026-05-28 11:52:29.140800,S004,ph,6.799847364037248,-27.80828803816106,20.092537803670638
2026-08-22 23:52:29.140800,S002,humidity,81.56268011302788,-31.9213562733923,19.23822460786791
2026-09-10 18:52:29.140800,S003,ph,6.2240316286341315,-29.606002532344405,30.06614691786411
2026-09-30 17:52:29.140800,S005,ph,6.059435723441384,-26.591430016988706,28.288894134199186
2026-09-07 01:52:29.140800,S004,humidity,35.79350408312134,-29.611792472756,23.193920039329694
2026-01-03 13:52:29.140800,S005,temperature,29.7460818190541,-32.37277334119096,27.106750392632016
2026-08-30 17:52:29.140800,S001,ec,1.4232077146430302,-31.441017746541238,29.937061390038863
2025-10-22 03:52:29.140800,S001,humidity,67.24260085063634,-25.822177828748536,25.530920288110348
2025-11-05 15:52:29.140800,S003,soil_moisture,0.6732153874948767,-25.426956772450364,25.423014241473453
2026-01-25 17:52:29.140800,S003,ec,1.3979294021870792,-28.07180223326404,21.920846002703847
2026-06-23 12:52:29.140800,S002,ph,6.278258832770393,-33.14471141034606,24.162267870409035
2025-11-20 09:52:29.140800,S003,ph,6.1965031354114375,-30.7821631842256,28.48454817620697
2025-12-25 13:52:29.140800,S001,soil_moisture,0.30179610638124443,-33.86844844080302,24.91522751616976
2026-07-13 15:52:29.140800,S002,soil_moisture,0.32950094937062224,-33.14650970154951,21.969645856990134
2025-10-15 11:52:29.140800,S004,ec,1.7716721690149495,-33.27341551550595,29.348210777032342
2026-08-13 11:52:29.140800,S005,soil_moisture,-16.676697753227245,-24.46898105546158,25.435560471720862
2025-11-27 21:52:29.140800,S001,ph,6.35779396823574,-31.44013579275984,20.896067828158884
2026-11-12 12:52:29.140800,S005,ph,7.1080628777918395,-24.57476505201857,30.567835405886353
2026-10-16 04:52:29.140800,S001,humidity,70.08921255279131,-27.192458374047078,31.022498429816405
2026-08-19 13:52:29.140800,S004,temperature,25.595313885000294,-27.503482143912695,30.49304113946223
2026-08-24 20:52:29.140800,S004,ec,1.2890118312955074,-29.478527214552944,27.391213731926463
2025-12-09 06:52:29.140800,S005,ec,1.4744489058762043,-31.723455364180356,26.987215441546333
2026-11-11 07:52:29.140800,S004,humidity,103.15008555760724,-33.39417514040889,25.2821773863706
2026-04-27 16:52:29.140800,S002,soil_moisture,0.838129523586999,-33.49821518016487,20.258653625732826
2026-06-12 01:52:29.140800,S005,humidity,70.03737861689194,-28.36869846249172,31.218555891513418
2026-11-15 18:52:29.140800,S004,ec,1.5462141695060725,-27.058113057349665,26.237443062230337
2026-01-09 09:52:29.140800,S002,humidity,98.56426006048045,-31.42862547125946,22.970227420046044
2026-03-19 01:52:29.140800,S003,soil_moisture,0.5392629104282568,-25.27646941243283,26.48066296646772
2026-09-16 20:52:29.140800,S002,humidity,61.38813679101653,-25.058189635842993,20.125624637451196
2026-09-13 07:52:29.140800,S005,humidity,73.95771385362136,-28.674942926413195,22.57939925572557
2026-06-29 13:52:29.140800,S005,humidity,81.75920181170947,-31.534087504048554,19.439098435374778
2026-01-29 01:52:29.140800,S001,ec,1.6054975940254614,-28.4069891696814,25.90974750716139
2025-10-31 22:52:29.140800,S004,soil_moisture,0.719786758584333,-33.10991591660254,22.924255948425042
2025-11-15 08:52:29.140800,S002,humidity,85.12747877926462,-24.584644600043724,22.94826105073104
2026-09-15 17:52:29.140800,S002,humidity,98.59640150435465,-26.90600696271106,21.8376436086044
2026-05-16 21:52:29.140800,S001,ph,6.459876419263701,-27.818831280967416,25.023215027095596
2026-10-29 09:52:29.140800,S004,humidity,51.71998073145738,-28.69182350566438,22.64472926367023
2026-07-15 14:52:29.140800,S001,ph,6.815900037842688,-25.177565681496965,19.380527976033953
2026-03-31 23:52:29.140800,S002,temperature,20.328819546976323,-33.075144383963305,29.926275429975
2026-06-07 12:52:29.140800,S002,soil_moisture,0.5647589125729986,-32.54671445439029,18.78674553486781
2025-12-18 09:52:29.140800,S002,soil_moisture,0.20937661844545402,-27.101710453947575,25.35503304265303
2026-10-23 01:52:29.140800,S004,ph,6.404157499698406,-30.465071459275716,19.05471116611494
2025-11-11 10:52:29.140800,S004,humidity,77.92270116277359,-33.51894068319447,24.970330004529604
2026-09-23 15:52:29.140800,S005,ec,1.3983063355190026,-32.639216003564506,18.84041324421537
2026-01-16 03:52:29.140800,S003,ec,1.0071420032316152,-31.96404049993533,25.351374326543592
2026-02-07 19:52:29.140800,S003,humidity,40.54138335243998,-32.97353265074294,18.335210740804026
2025-11-27 06:52:29.140800,S003,soil_moisture,0.869442021977998,-25.436914383796,19.52992238989003
2026-07-23 09:52:29.140800,S002,temperature,15.54061261389574,-31.727474531261393,21.800395988355334
2026-03-17 00:52:29.140800,S003,humidity,63.11536380905825,-31.872308087051838,22.676134549701743
2026-07-02 20:52:29.140800,S005,temperature,43.0880461395257,-27.774904341288597,23.985709498755426
2026-06-06 14:52:29.140800,S003,ph,6.637310867986485,-26.070566899463216,30.277625623974984
2026-06-05 23:52:29.140800,S002,ec,1.6955470748307655,-26.613296177371613,22.33597507545395
2026-09-12 03:52:29.140800,S002,temperature,31.213641994760494,-29.573216595484666,22.517265448932285
2026-06-29 01:52:29.140800,S003,temperature,24.770597213909795,-29.791279633989227,28.03708017243203
2026-08-16 09:52:29.140800,S002,soil_moisture,0.6977562765388656,-24.391162941565312,31.222501426621204
2025-10-13 12:52:29.140800,S001,ec,1.3905570314300715,-33.13932201258629,23.801083211058064
2026-04-20 21:52:29.140800,S002,temperature,19.888536042275593,-28.304403172273325,22.063649348748683
2026-01-05 06:52:29.140800,S003,soil_moisture,0.7222361487767666,-24.060805228254605,23.52150703645354
2026-02-06 08:52:29.140800,S003,humidity,60.997144296450536,-32.707455287687765,23.464656543021775
2026-05-04 19:52:29.140800,S004,ec,1.2913165477697641,-33.93067889578255,29.55928045223181
2026-05-12 20:52:29.140800,S001,soil_moisture,-7.878589706986515,-25.401202870019716,20.85682766767972
2026-02-08 18:52:29.140800,S001,temperature,16.979544046977047,-26.62644997444763,19.98243490116896
2026-05-02 22:52:29.140800,S004,ec,1.5518900142204826,-29.056536493718717,31.48391487017409
2026-02-21 13:52:29.140800,S003,soil_moisture,0.34219950905500734,-28.38912922228899,26.555029288917943
2026-10-29 01:52:29.140800,S005,ec,1.7195505254613666,-31.590079025710757,24.843339593283012
2026-03-05 00:52:29.140800,S004,humidity,57.093423323624876,-32.424072376916186,24.468173799497844
2026-09-05 23:52:29.140800,S002,ph,5.858643166475048,-31.520877714326026,21.857229414531634
2026-07-10 23:52:29.140800,S004,ec,2.6041955150950304,-33.98367790658167,20.79425015767724
2026-07-21 01:52:29.140800,S003,soil_moisture,0.5842822681054936,-28.732771413989596,23.540372212410144
2026-03-12 13:52:29.140800,S005,ec,2.0202660267614876,-27.29851140862759,19.18826720280762
2025-10-21 23:52:29.140800,S003,humidity,53.08797875613512,-25.587161422467823,29.051833071496418
2025-12-01 05:52:29.140800,S003,ec,0.9907529878485893,-31.936028365199157,26.927650904287518
2026-04-10 00:52:29.140800,S004,humidity,76.80991527107268,-31.480043271510112,27.97352125688971
2025-12-25 15:52:29.140800,S003,ec,2.3705940389395628,-28.697035977923257,23.374047956234193
2026-10-21 17:52:29.140800,S003,humidity,74.09768645974663,-32.31024080486678,21.975857113673662
2026-04-26 04:52:29.140800,S005,ec,1.7287829397462302,-32.12568042413495,25.616041057522587
2026-06-29 03:52:29.140800,S001,humidity,42.99937274880446,-32.56340267033514,26.90653843744827
2026-11-20 18:52:29.140800,S005,temperature,33.17651887350403,-29.494151922892982,21.317201263820557
2026-09-13 13:52:29.140800,S003,ec,-4.974237734515567,-28.701511569528883,22.902075068552502
2026-04-28 04:52:29.140800,S004,ec,2.3929316218792414,-27.55859834894715,31.351863753209578
2026-03-16 06:52:29.140800,S002,soil_moisture,0.6013150586109312,-32.32596517587015,30.04036886671114
2025-10-14 22:52:29.140800,S003,humidity,119.75787925814443,-28.645431388712254,20.766239152200434
2026-05-30 06:52:29.140800,S003,ph,20.820314196212962,-29.44181105401319,26.40704233584328
2026-11-21 08:52:29.140800,S002,ec,0.43773410699692716,-25.289402146748678,24.26507456203608
2026-05-08 12:52:29.140800,S003,ph,14.285092679112836,-27.365155358318212,20.348242720561107
2026-11-12 18:52:29.140800,S003,ph,6.696514859126848,-29.851414411371632,24.911335646937097
2026-03-11 14:52:29.140800,S002,ec,0.9189534849532988,-27.745005706084882,19.5543575492505
2026-04-28 16:52:29.140800,S005,soil_moisture,0.1674255777312436,-26.58177986116457,30.495513669741122
2026-09-01 23:52:29.140800,S003,ec,1.9023129451755902,-29.918898329808815,20.311576780112787
2026-07-24 14:52:29.140800,S005,humidity,47.439534001998965,-32.154029257420305,28.99872475448941
2026-03-02 04:52:29.140800,S003,temperature,19.715927986317055,-29.658401749089165,30.202444070244127
2026-08-31 20:52:29.140800,S003,temperature,12.203615085712114,-26.661114536532853,30.097059993062665
2026-06-08 05:52:29.140800,S001,ec,1.101077662022135,-30.3412117959872,18.469020575817705
2026-04-01 06:52:29.140800,S001,ec,1.8464715491301666,-27.055072558727737,21.590434066413533
2026-02-06 15:52:29.140800,S004,temperature,21.313871540138408,-33.29744085016442,20.093381106376558
2026-10-19 20:52:29.140800,S005,soil_moisture,0.43319276521961236,-26.704343005410507,23.082482887646066
2026-07-27 08:52:29.140800,S004,temperature,22.498244330732,-33.26239533751355,25.18078736910389
2026-08-26 06:52:29.140800,S001,humidity,49.049937764862065,-32.96881636582712,25.04926898964115
2026-04-05 06:52:29.140800,S003,temperature,17.76726075321418,-31.24205832221869,25.311611942184747
2025-10-06 14:52:29.140800,S004,temperature,13.038673587619238,-24.865744958588056,26.92406425893758
2026-08-30 21:52:29.140800,S004,ph,7.09435930032494,-33.7871699024022,20.895590895725768
2026-03-07 07:52:29.140800,S004,temperature,8.583209285611613,-28.418278058021304,29.600397543739465
2026-01-03 04:52:29.140800,S004,ec,1.6264109808436646,-26.76134141242224,25.71628040093052
2026-06-12 06:52:29.140800,S003,ec,2.0210030964049364,-31.806590020111507,20.443133231001593
2026-06-29 16:52:29.140800,S004,ec,1.8097381721583838,-32.42849030794841,29.329608019053403
2025-11-06 18:52:29.140800,S003,ec,1.2372489805728208,-28.45403991442933,28.77847370747758
2026-07-13 13:52:29.140800,S005,humidity,70.61279503210736,-27.600958399167858,30.717205522567006
2025-10-24 18:52:29.140800,S003,soil_moisture,0.7318329947397986,-24.14593978387032,27.253757398740976
2026-01-05 13:52:29.140800,S004,temperature,18.00432203307225,-31.633671688760213,21.90861980967642
2026-05-02 20:52:29.140800,S004,humidity,83.83652774089433,-29.679344204880454,22.02733419431371
2026-02-04 18:52:29.140800,S001,temperature,10.75892611693905,-31.960129419494503,18.74215499347413
2026-02-11 05:52:29.140800,S003,temperature,23.702111776895098,-27.647171419741664,29.75690572729382
2026-08-29 16:52:29.140800,S002,humidity,68.65307151642267,-31.07094204902849,24.79539651628052
2025-10-17 19:52:29.140800,S003,ph,6.956059815158654,-24.770022576731137,19.588672788610467
2026-08-23 05:52:29.140800,S001,temperature,23.992710273919332,-31.338799948044986,23.57701820342611
2026-05-03 00:52:29.140800,S004,soil_moisture,0.7032450502549739,-27.941215564636707,25.543246386118735
2025-12-16 14:52:29.140800,S001,ph,5.56980772619927,-33.84140848194057,24.865092067444998
2026-11-04 17:52:29.140800,S005,temperature,18.89707075664616,-29.192785144745287,27.95990707498317
2026-02-08 02:52:29.140800,S001,ec,2.5738031857157324,-31.37294170484527,22.966457554458813
2026-07-06 10:52:29.140800,S003,soil_moisture,0.45579292192041254,-28.27181681116162,26.040429433699224
2026-03-28 11:52:29.140800,S005,ec,0.7560723567573674,-30.205022099646158,20.0439412212915
2026-01-22 16:52:29.140800,S005,soil_moisture,0.38353830677334055,-31.238047647913632,29.719135967143394
2026-11-06 17:52:29.140800,S002,ec,1.4762773780212217,-28.35950407272768,26.19676603833655
2026-09-09 20:52:29.140800,S005,humidity,51.79692702261737,-30.77586780193327,20.268922192154076
2026-01-30 07:52:29.140800,S004,soil_moisture,0.4996182249729927,-33.576703187829,28.05243152156316
2026-08-01 17:52:29.140800,S001,ph,6.094962331268811,-29.33823686769287,18.3343272107829
2026-05-10 02:52:29.140800,S005,ph,6.624460907016001,-27.336760058747515,30.0578612571526
2026-04-17 21:52:29.140800,S003,humidity,62.49055133803875,-31.870061142542482,27.16134017287402
2026-11-05 23:52:29.140800,S004,temperature,25.725889604339525,-31.50389693249581,20.59508754992784
2026-06-26 18:52:29.140800,S005,ec,1.1437428862865455,-24.214939818352068,27.98487394200584
2026-06-11 10:52:29.140800,S005,humidity,95.04408157542204,-24.079293519146084,30.43334497390586
2026-09-09 14:52:29.140800,S002,soil_moisture,0.4711710693606031,-31.623866627210315,21.202850886927767
2026-10-03 13:52:29.140800,S001,soil_moisture,0.4167687980541057,-30.385853539578072,21.31702220598951
2026-05-22 05:52:29.140800,S002,temperature,32.21440595912297,-27.519836843574,23.133531510387236
2026-03-10 22:52:29.140800,S005,temperature,32.89832116088193,-25.582969582715783,21.701598110482553
2025-12-22 13:52:29.140800,S005,soil_moisture,0.2372672438262236,-32.39618363119432,27.626074266982314
2025-12-02 13:52:29.140800,S001,ph,6.680807419594863,-24.34921443106555,24.570258954528967
2026-11-11 14:52:29.140800,S004,soil_moisture,0.5787142577124701,-29.536395844982458,26.16720772745053
2026-02-24 19:52:29.140800,S002,humidity,87.92273486297486,-25.68786636821476,24.588250857241835
2026-09-13 08:52:29.140800,S004,humidity,40.75981660985842,-33.394230928518375,28.155004181074872
2025-10-27 22:52:29.140800,S001,ph,6.906358521111959,-31.26749090171081,30.559124828819375
2026-02-25 16:52:29.140800,S005,temperature,25.466600831708632,-25.460955540621267,19.215739686899266
2026-04-06 16:52:29.140800,S004,humidity,61.325971393345846,-26.929996654974424,18.802573111626415
2026-10-22 15:52:29.140800,S003,ec,1.0482744573207614,-28.466787109733875,19.810671428028066
2025-12-11 10:52:29.140800,S004,humidity,56.4328503255597,-30.32160804642265,28.77262987661245
2026-07-04 14:52:29.140800,S004,ec,1.3857629518334078,-27.058638179893673,24.096767975450256
2025-10-28 13:52:29.140800,S002,ec,1.2088998716059662,-26.547481083961202,27.12974307879103
2025-10-10 13:52:29.140800,S004,ph,6.565267846111613,-29.571359409736083,21.11674745862879
2026-07-09 20:52:29.140800,S002,soil_moisture,0.5617835911886706,-30.23552421220327,29.73353559112413
2026-07-18 10:52:29.140800,S001,ph,7.026732953417767,-29.162783423694822,25.998200566329484
2025-12-15 01:52:29.140800,S005,ec,2.071262895107848,-25.792389485835237,26.752930390828947
2026-07-07 13:52:29.140800,S001,ec,1.8743053997131596,-26.267017042396894,20.40174225262122
2026-10-30 01:52:29.140800,S002,temperature,28.995250952994713,-28.217007807513944,31.22107161728231
2026-08-04 23:52:29.140800,S001,humidity,52.879795585626326,-25.90000074923858,27.680871230126996
2026-03-13 10:52:29.140800,S002,temperature,20.27386401381775,-30.061000101700746,26.39336713767996
2026-06-01 17:52:29.140800,S004,ec,0.4966391767213525,-24.41535724623698,21.970882190884502
2026-07-23 11:52:29.140800,S001,ph,6.278263026208596,-24.09075214812009,19.607077745319057
2026-11-07 22:52:29.140800,S002,soil_moisture,0.4791358655268161,-31.693142267107206,23.771353084541833
2026-10-07 23:52:29.140800,S005,soil_moisture,0.5849307409968961,-29.351132848779514,24.27913652411148
2025-11-22 04:52:29.140800,S002,temperature,25.604707372596252,-32.001978720727685,31.826004443508893
2026-10-19 16:52:29.140800,S002,ph,6.565453980965274,-24.52005617143228,23.393317733877865
2025-10-08 18:52:29.140800,S003,temperature,31.695377821631297,-28.8137656327386,20.71494261608236
2025-10-17 12:52:29.140800,S004,humidity,64.62971999793862,-31.904902651181448,27.363765330999684
2026-07-20 14:52:29.140800,S004,ph,5.822761823002622,-28.212124155331907,27.293750576232846
2026-02-22 11:52:29.140800,S002,soil_moisture,0.4981267333486706,-33.679168027510485,23.342012810507512
2026-05-31 22:52:29.140800,S001,humidity,38.09187912189056,-29.02917886218282,29.777429638690066
2026-05-05 09:52:29.140800,S005,ec,1.2702179205175694,-31.79017021858616,25.53129060790078
2026-10-15 11:52:29.140800,S003,humidity,80.95852317726995,-24.772837832238928,21.62700060475887
2026-01-22 16:52:29.140800,S001,ec,1.5873812030706023,-31.61196338300842,22.890653391638274
2025-11-21 19:52:29.140800,S002,temperature,9.560146288537316,-26.050608196828954,19.658618952072377
2026-02-24 02:52:29.140800,S001,ph,6.479685764576534,-26.71105865901133,25.649909709058687
2026-10-01 12:52:29.140800,S004,soil_moisture,0.2761115193289104,-29.002321620982542,29.881929331963406
2026-06-14 19:52:29.140800,S005,humidity,80.67227420789902,-31.103667528358347,18.89409672607359
2026-05-09 11:52:29.140800,S003,temperature,25.55772873598276,-27.291998138369685,18.64596609081814
2026-06-19 16:52:29.140800,S005,ph,5.61736660125252,-27.128714617493372,31.22460016265604
2026-07-10 23:52:29.140800,S004,temperature,13.435932552231003,-27.704260377410648,31.050430374611075
2025-11-29 22:52:29.140800,S002,ph,5.6371378051975,-27.482850329064483,18.51273530002989
2026-08-03 18:52:29.140800,S001,ph,6.6558448993871595,-27.855227364674818,21.007713321020834
2026-09-23 18:52:29.140800,S001,humidity,65.08628729257512,-30.499867071811998,20.226064748976018
2026-01-15 07:52:29.140800,S002,temperature,22.06053678788016,-27.718783607072403,28.931083037846157
2026-04-04 12:52:29.140800,S004,soil_moisture,0.33365863753015146,-29.276714185171592,19.84036957136148
2026-04-18 18:52:29.140800,S003,temperature,27.68017514458748,-25.424396154510614,24.45130477294072
2026-04-04 15:52:29.140800,S002,ec,1.8797683473389053,-24.31069572070654,20.84942775559381
2026-05-21 02:52:29.140800,S001,humidity,87.92734871374465,-24.81316002403118,25.841183823922886
2026-06-14 00:52:29.140800,S005,soil_moisture,0.4422306145697112,-33.19748163797132,20.112171458808472
2026-01-04 08:52:29.140800,S005,soil_moisture,0.7627842472803719,-27.616518308224517,28.993251435393617
2025-10-17 16:52:29.140800,S005,ph,14.26154219101116,-26.949493747414063,31.687056276293543
2026-09-02 07:52:29.140800,S001,humidity,64.97431735119629,-25.84431004346249,19.66806687007255
2026-08-30 16:52:29.140800,S003,soil_moisture,0.6034970224781153,-27.18329031339431,19.423321668818286
2025-11-29 16:52:29.140800,S004,ph,6.2732557765171855,-33.801439074112466,24.928301153758504
2026-04-16 14:52:29.140800,S005,ph,6.607419049197322,-29.671773865614224,18.10743200565896
2026-06-16 07:52:29.140800,S004,soil_moisture,0.45763598492628726,-27.635233334314734,29.828959048137577
2026-11-08 13:52:29.140800,S005,soil_moisture,0.7140242235168006,-29.676699103002214,28.81146075107216
2026-05-25 18:52:29.140800,S005,temperature,30.19744058347266,-25.58392540067756,25.2103332053402
2026-03-01 15:52:29.140800,S004,soil_moisture,0.4105266126521854,-29.577367932674996,29.593950240364734
2026-02-09 00:52:29.140800,S005,soil_moisture,0.38690500828839947,-24.916719830944267,21.28588606104023
2026-07-29 19:52:29.140800,S002,temperature,16.930317065430305,-26.537549223719854,28.26294731501926
2026-11-06 20:52:29.140800,S002,temperature,25.29357965808909,-32.12070741335398,31.934507029018484
2026-09-04 06:52:29.140800,S001,temperature,5.697311474323989,-32.570652605158486,18.08477795430187
2026-01-28 23:52:29.140800,S005,ec,1.648433498007107,-30.407427954100882,25.166379640605044
2026-01-11 00:52:29.140800,S001,soil_moisture,0.27995019136151644,-32.05274674852075,30.35106013001382
2026-09-24 00:52:29.140800,S002,humidity,37.474281546624724,-30.812667326348095,18.215619731691678
2026-09-03 12:52:29.140800,S005,humidity,103.70589684921184,-33.22465328844353,27.557992053440948
2026-03-07 23:52:29.140800,S001,humidity,71.61663919161077,-29.957998150746953,24.25300902804784
2026-06-11 18:52:29.140800,S004,soil_moisture,0.5301976652244691,-25.98460168951352,30.082621424034958
2026-02-28 10:52:29.140800,S003,ph,6.241431203202431,-27.796922073610553,26.27504590767766
2026-08-01 14:52:29.140800,S001,soil_moisture,0.5075390352262845,-26.58751121196575,19.57470938706997
2026-09-29 06:52:29.140800,S001,ec,0.9027281556032601,-24.688215669510562,25.50535040969082
2026-10-01 09:52:29.140800,S002,soil_moisture,0.4926346356698241,-33.60389368744661,24.167432563478364
2026-01-23 20:52:29.140800,S005,soil_moisture,0.4705042545294255,-29.708953576770384,24.928093174703157
2026-05-05 15:52:29.140800,S005,temperature,35.61224572834689,-33.22773200075621,27.51048929980646
2026-08-18 08:52:29.140800,S003,ph,7.256837303323266,-26.19485296737216,27.41227136254424
2026-06-21 01:52:29.140800,S004,soil_moisture,0.7530387555527901,-30.00176078039335,28.692466929529523
2025-12-03 05:52:29.140800,S002,temperature,16.55049924045249,-32.06024288875244,28.349855310208277
2025-11-10 20:52:29.140800,S002,ph,5.620673847978087,-27.393204465394916,22.61508796871059
2026-09-10 08:52:29.140800,S005,ec,2.0574874075551066,-30.121267245414547,27.891473508356604
2026-07-31 18:52:29.140800,S005,ec,1.6207874196368763,-28.560026047135935,22.272709996237708
2026-04-04 02:52:29.140800,S003,soil_moisture,0.7369496788098938,-32.169858025248935,28.8428730532017
2026-04-06 16:52:29.140800,S004,ph,6.805818921542103,-31.059279753470484,18.59915088930731
2026-07-15 00:52:29.140800,S002,ph,7.113612109711048,-31.008521030778226,19.22062793384385
2026-01-09 16:52:29.140800,S005,ph,6.464206537140061,-33.578835092903574,20.637755628681365
2025-11-19 19:52:29.140800,S001,ec,1.5151146449934232,-33.00583013868613,28.012114582320052
2026-07-20 15:52:29.140800,S005,ec,0.6664603905952273,-27.663567866382813,29.04059931452161
2026-01-30 20:52:29.140800,S002,ph,6.1236755703876975,-24.465320566539685,27.091705266053307
2026-07-12 22:52:29.140800,S002,ph,5.932812978585423,-28.136086247505553,23.917709577554064
2026-05-24 22:52:29.140800,S002,ph,-9.283993858827504,-31.836504539163695,29.043223114661764
2026-08-29 23:52:29.140800,S004,humidity,75.37070802405076,-28.147053497395174,18.037330598975135
2026-03-28 17:52:29.140800,S005,temperature,23.32571796980896,-26.41744218918673,30.46503443619921
2026-03-04 04:52:29.140800,S004,ec,1.0195386381539622,-26.644067354404193,28.49361401311662
2026-05-02 04:52:29.140800,S004,soil_moisture,0.5908140655140545,-29.71370698054509,23.713693669325664
2026-09-20 04:52:29.140800,S001,ec,1.6152498685478403,-24.670484653672126,21.95434366453179
2026-11-11 18:52:29.140800,S002,ph,6.259836280957609,-28.486513095022318,21.85660416895961
2026-02-15 03:52:29.140800,S001,ph,7.526459462072326,-29.001649944789744,27.701145086131582
2025-12-14 19:52:29.140800,S003,soil_moisture,0.30786261816767324,-24.688955244460942,30.98929396851389
2026-07-11 15:52:29.140800,S005,humidity,60.138364968015054,-32.307136385779486,28.57021122831386
2026-01-01 01:52:29.140800,S004,soil_moisture,0.31561149544002737,-25.036421233309504,22.554134745205918
2026-01-16 16:52:29.140800,S004,ph,5.9175336164888455,-29.23341160720463,24.303888838951337
2026-01-02 14:52:29.140800,S005,temperature,35.153774105783924,-26.89706642756755,28.89291087072422
2026-08-14 07:52:29.140800,S005,humidity,102.94927191990996,-28.256010146057427,21.474595212241244
2025-12-01 15:52:29.140800,S004,ph,14.185867345312683,-29.538131131737494,23.74864258449766
2026-04-19 07:52:29.140800,S004,soil_moisture,0.2093991524698498,-31.08389807352628,25.622602924850163
2025-10-28 10:52:29.140800,S002,temperature,20.289436021164704,-29.103316996415316,27.57595943455011
2026-04-08 08:52:29.140800,S002,ph,6.994076171794136,-28.686104937564068,26.66738232328538
2026-06-22 12:52:29.140800,S005,temperature,16.3644128968688,-27.387401107512442,19.0920554534227
2026-05-06 03:52:29.140800,S001,humidity,78.92601230474526,-30.381621745046825,19.012107574458057
2026-01-22 22:52:29.140800,S004,soil_moisture,0.36748422754731824,-29.890216413177793,19.57040529112848
2026-09-25 15:52:29.140800,S003,humidity,63.60949742453495,-28.603127400485008,24.22710993481018
2026-03-22 07:52:29.140800,S001,soil_moisture,0.3593759832678598,-24.454414500398997,20.71772994896825
2026-08-01 04:52:29.140800,S004,ec,1.0533117432134271,-24.655157611723133,28.133943063989697
2026-05-08 00:52:29.140800,S002,ec,1.9511007317308005,-31.51742520317812,24.304458615155056
2026-02-06 19:52:29.140800,S002,temperature,41.05143805921897,-30.483658162294876,19.218165401572524
2025-11-09 09:52:29.140800,S003,ec,1.7930246106525212,-27.36179883233822,20.837748310346043
2026-01-21 08:52:29.140800,S003,ec,2.0151685847769762,-32.13787368255399,29.088347226405247
2026-01-06 08:52:29.140800,S003,soil_moisture,0.5854006002271912,-27.42581628544386,27.584793091622643
2026-02-19 05:52:29.140800,S005,ph,5.817590990440831,-24.532612184826537,27.877763639808222
2026-03-28 07:52:29.140800,S001,soil_moisture,0.25573085646902194,-33.157513655878034,31.42211762961169
2026-01-15 14:52:29.140800,S005,ec,1.0047427501500166,-32.111260660731716,26.484730726318045
2026-02-11 10:52:29.140800,S004,soil_moisture,0.5654299837222778,-28.68752850670473,23.967574577141058
2026-05-12 07:52:29.140800,S003,temperature,24.912563460572123,-33.20210565450306,18.57750016492461
2026-05-28 08:52:29.140800,S002,soil_moisture,0.5667499279070294,-30.488766765948572,27.44647357733275
2026-01-06 16:52:29.140800,S002,ec,0.9918948610074327,-26.50317840868278,28.702868615979767
2026-02-14 02:52:29.140800,S001,soil_moisture,0.3639235641451458,-24.993965670809963,22.21367401583409
2026-01-04 15:52:29.140800,S004,temperature,27.874875630461773,-31.305237288104777,19.540181490181876
2026-07-18 15:52:29.140800,S004,soil_moisture,0.7325528910587056,-30.360247800872475,22.9209315216507
2025-11-14 20:52:29.140800,S003,ph,6.0658600538900105,-24.0932551998794,18.578481680461934
2026-04-02 15:52:29.140800,S002,ec,0.6969255329414118,-32.75929572625662,25.725793272884577
2026-01-14 15:52:29.140800,S002,temperature,24.338897116879423,-33.14552195830838,22.137303252866747
2025-12-30 19:52:29.140800,S002,ec,2.687349406185879,-30.760100873173506,24.812210207559662
2026-07-03 09:52:29.140800,S004,temperature,18.316183979214838,-32.19496592509195,30.721298885796266
2026-10-28 17:52:29.140800,S003,temperature,21.547311693929927,-29.36609395260745,20.005890791781113
2026-01-29 15:52:29.140800,S002,ec,2.2234980520744743,-28.746828642932286,26.319133232929687
2026-09-13 14:52:29.140800,S003,temperature,27.00767597338678,-33.86191397559647,23.307659274453044
2026-04-15 18:52:29.140800,S004,soil_moisture,0.6747654455999161,-33.03300997944387,22.869346253778886
2025-10-29 14:52:29.140800,S002,humidity,91.22514122869002,-30.17926332882711,28.228403507105
2026-04-30 23:52:29.140800,S005,temperature,3.508990149740171,-24.82952893961295,26.041359091401244
2026-08-24 17:52:29.140800,S004,temperature,18.83996462496637,-24.05407520690114,22.231347276417242
2025-10-16 08:52:29.140800,S002,ec,-15.738509626694587,-32.84024155284534,26.610585559906553
2026-03-28 14:52:29.140800,S005,temperature,13.944893268213923,-33.016390083188746,29.371564937683562
2026-08-05 14:52:29.140800,S002,soil_moisture,0.4276849872427626,-28.88860415277988,25.881025186827017
2026-07-24 12:52:29.140800,S004,humidity,65.68665045670981,-33.7270877916087,28.232942650836403
2026-08-05 03:52:29.140800,S005,soil_moisture,0.5421378256182606,-32.793923008147516,18.88617699053615
2026-06-24 14:52:29.140800,S003,ec,1.5177065542901391,-25.97525234730424,21.78804408560865
2026-10-19 15:52:29.140800,S002,humidity,80.37323002512025,-29.057813113625393,20.983551226015305
2026-01-08 15:52:29.140800,S002,temperature,21.7519284020213,-24.542805256023918,28.78846334307596
2026-06-22 15:52:29.140800,S002,ec,1.0375481167026832,-26.867754678836487,25.69538958464743
2025-11-07 05:52:29.140800,S003,temperature,49.96376587954648,-26.66484639283496,26.306889973257373
2026-05-02 08:52:29.140800,S002,ec,-0.2290762491122056,-32.81189380618432,20.908991779338447
2025-12-03 10:52:29.140800,S004,humidity,66.79963425302923,-27.023078336989002,29.22502653344324
2026-01-31 18:52:29.140800,S005,humidity,86.20054274488436,-25.831671420933148,23.200257906594672
2025-12-14 14:52:29.140800,S005,temperature,24.023137701576392,-24.404403943444983,25.238001633927297
2026-09-10 20:52:29.140800,S003,humidity,80.05526981607827,-29.448795139448862,25.00556631710064
2025-12-12 23:52:29.140800,S004,ph,7.018287156520033,-31.079258245856956,26.924959741841036
2026-05-06 04:52:29.140800,S001,ec,0.5630786444367737,-29.646049666011166,24.388904942368818
2026-06-04 20:52:29.140800,S005,humidity,65.71725213477318,-26.785284214918725,31.02186921240437
2025-11-19 13:52:29.140800,S005,soil_moisture,0.43462220033960947,-27.820290352593652,29.563469597437738
2026-06-21 03:52:29.140800,S004,soil_moisture,0.6723244939295496,-33.05978877203022,22.54868583761195
2026-05-02 13:52:29.140800,S001,ec,1.7122040021587397,-24.124342043267905,22.393919032588872
2026-08-08 03:52:29.140800,S003,ph,6.01873569666448,-28.919992341229786,28.377824034965464
2025-10-31 19:52:29.140800,S002,ph,5.54985809714672,-24.730136668553314,18.660116334618365
2026-06-26 02:52:29.140800,S003,ec,1.4340518928521764,-32.4362124812199,18.80900407196978
2026-02-09 00:52:29.140800,S005,ec,1.7512632891207258,-28.381309781808408,21.331100499555376
2025-10-10 07:52:29.140800,S002,ec,2.5664480834157475,-26.417550446183704,25.631740177372308
2025-10-23 12:52:29.140800,S003,ec,-8.015322150655123,-26.40762168906974,22.036653513708924
2026-09-24 19:52:29.140800,S005,soil_moisture,0.42588431466235194,-29.877318960671637,18.21006154895558
2026-07-06 22:52:29.140800,S001,humidity,54.55753719081774,-32.77869868772313,19.775471274922225
2026-01-25 20:52:29.140800,S004,temperature,35.938005822737345,-24.476747123834166,31.413634194414854
2026-04-24 04:52:29.140800,S004,humidity,55.81761173423856,-28.83841903788526,26.495056554215452
2025-12-18 16:52:29.140800,S001,ec,1.7252113974794838,-29.082204240408185,23.553269061667013
2025-12-22 03:52:29.140800,S005,ph,6.177502379017455,-29.542556605869734,20.388120410280695
2025-10-16 08:52:29.140800,S003,humidity,72.9106759434533,-32.55899362014688,25.914363364216435
2025-10-29 14:52:29.140800,S001,soil_moisture,0.5042589265164753,-28.117939382761,18.761835756779416
2026-01-14 07:52:29.140800,S003,humidity,40.26124235276009,-25.763176943500838,30.640111602436654
2025-11-23 12:52:29.140800,S002,ec,1.7779157210323397,-30.75506306389353,28.88325157672901
2026-06-29 02:52:29.140800,S001,humidity,100.15460746413382,-31.9866604775802,24.81278538602544
2026-01-18 07:52:29.140800,S002,ph,6.674331487262605,-32.561720857772116,24.97933617842964
2025-12-15 23:52:29.140800,S002,soil_moisture,0.6339010622916543,-27.948079292056956,31.939948474354015
2025-12-19 17:52:29.140800,S005,humidity,102.78913234474652,-27.181152747373957,28.30037509704832
2025-12-18 17:52:29.140800,S001,ec,2.0735773981747037,-28.29292430899192,21.182380626578855
2026-03-29 18:52:29.140800,S001,temperature,36.20849311108226,-24.91762108181393,29.657013499820337
2025-11-28 14:52:29.140800,S003,soil_moisture,0.3720296754624194,-32.43069106880776,20.518306972282403
2026-06-04 21:52:29.140800,S001,soil_moisture,0.46610665343375124,-33.28401779158715,24.497384880299133
2026-05-26 08:52:29.140800,S004,soil_moisture,0.3475496690889758,-31.518057766888965,25.4785273787042
2026-09-07 20:52:29.140800,S001,temperature,12.95983730154811,-32.560041493616474,26.54708245557698
2026-06-18 01:52:29.140800,S001,temperature,24.670848958477563,-24.325696613360755,31.89243043149985
2026-06-29 11:52:29.140800,S004,soil_moisture,0.3818106823632184,-26.92719717999313,26.182410005460326
2025-12-15 05:52:29.140800,S001,soil_moisture,0.5997638513496888,-26.983248563868813,30.98107530395928
2025-10-05 10:52:29.140800,S002,ec,2.0561774124798884,-26.696726691918144,30.32380517977675
2026-07-23 23:52:29.140800,S001,temperature,9.184449501610851,-27.392023307338174,28.07004851538496
2026-11-08 12:52:29.140800,S001,ph,6.930767244147085,-27.42935444934598,28.630611726146306
2026-11-19 17:52:29.140800,S002,soil_moisture,0.608814447980035,-32.58382917605548,20.725307448696622
2026-07-17 17:52:29.140800,S005,humidity,56.31011579196532,-29.60324098186162,23.929709329281074
2026-03-28 08:52:29.140800,S003,ec,0.592189190420155,-24.814602345625694,22.98233248865766
2026-06-19 10:52:29.140800,S003,soil_moisture,0.5132875632740428,-28.61497257684689,27.971033837943864
2025-10-23 19:52:29.140800,S005,humidity,45.38591761956239,-33.528424315555235,19.755291656448243
2026-04-19 16:52:29.140800,S004,humidity,41.12925081679491,-29.457145930516585,19.66974499381873
2026-03-01 00:52:29.140800,S003,humidity,58.139699758550094,-28.56783672271456,25.247430521869582
2025-12-22 18:52:29.140800,S004,humidity,71.47153077374271,-26.651466497301133,23.967789426708272
2026-08-22 16:52:29.140800,S004,temperature,32.261624569093726,-26.64090154438798,26.16970062501013
2025-11-05 14:52:29.140800,S005,ec,1.3923680402003566,-33.82601401370317,22.309369271621147
2026-07-20 23:52:29.140800,S003,soil_moisture,0.5837471161188853,-24.120941387963068,29.022363667976038
2026-05-04 17:52:29.140800,S004,soil_moisture,0.36389599569528236,-24.212862328483226,25.76983954231825
2025-10-31 07:52:29.140800,S004,soil_moisture,0.4344749125607998,-25.278583426431254,19.940543507516896
2026-09-16 04:52:29.140800,S005,soil_moisture,0.5070304176541739,-30.756644981362864,27.593577472658907
2026-03-19 15:52:29.140800,S003,humidity,36.22128749661479,-31.919623147430926,18.597835531272835
2026-05-05 11:52:29.140800,S004,ec,1.6073392094543075,-33.33994048935878,26.75049529789805
2025-11-22 12:52:29.140800,S002,soil_moisture,0.4572820311621444,-30.89134588080355,24.39079048609519
2026-03-03 16:52:29.140800,S001,temperature,28.194920797849036,-32.35655467755777,20.979384833205003
2025-11-05 01:52:29.140800,S002,ph,6.528797668296706,-30.810926843780685,27.841227604698837
2025-11-02 18:52:29.140800,S005,soil_moisture,0.6590320267305633,-30.27484364163886,26.752136495298068
2025-10-27 05:52:29.140800,S001,ec,0.7327205504016034,-27.865746275104875,26.291363784437358
2026-10-27 09:52:29.140800,S002,soil_moisture,0.5620938814818963,-29.313705594979474,21.34570146820431
2026-09-28 12:52:29.140800,S005,ec,1.8724354176282099,-29.444597419147488,18.965960220454615
2026-07-19 12:52:29.140800,S002,ec,1.9473439006149589,-28.351518734505355,20.812646431860614
2026-01-06 03:52:29.140800,S003,temperature,22.222440233575618,-25.897629201770634,30.342025799737982
2026-02-26 01:52:29.140800,S002,soil_moisture,0.4744804706180719,-32.21251077040762,19.130690475926514
2026-06-10 17:52:29.140800,S003,temperature,17.74671155137268,-32.89039365274225,18.989454967858315
2026-01-23 15:52:29.140800,S005,ec,0.8251074571492865,-27.805589720056226,18.102697819473228
2026-01-29 11:52:29.140800,S003,ec,0.7196295162326269,-28.414600919914914,18.745017087084978
2025-11-03 01:52:29.140800,S005,ph,6.760621305313609,-24.95562407185952,29.40354442252388
2026-06-27 03:52:29.140800,S001,ec,2.135943873551591,-33.57916193015386,26.73880136083761
2025-11-09 10:52:29.140800,S005,ph,7.6806086213308,-25.086262619857,30.66901679075048
2026-10-10 23:52:29.140800,S003,soil_moisture,0.49355216325792806,-26.53193799959213,24.170959643280444
2026-04-01 03:52:29.140800,S001,soil_moisture,0.2766885563214222,-33.305783147605744,30.33642855862747
2026-06-21 19:52:29.140800,S001,ec,1.7123752224754034,-27.574439683962222,24.292027907487565
2026-11-03 10:52:29.140800,S002,ec,1.9298827461252102,-33.60842136808593,29.521975114876064
2026-02-28 10:52:29.140800,S005,soil_moisture,0.415966904434274,-24.20459866065527,22.52977596813619
2026-06-26 00:52:29.140800,S003,ph,6.690901609320431,-28.296038418282,20.17248676650273
2026-02-08 09:52:29.140800,S005,humidity,52.67230360976288,-29.16296010735342,29.938930732934253
2026-11-18 00:52:29.140800,S002,ph,5.868991432349919,-30.538179639704012,31.63048240741694
2026-06-07 04:52:29.140800,S005,ph,6.236529371133452,-26.540783918680102,20.44239210962102
2026-04-10 21:52:29.140800,S005,ec,1.651147437314293,-33.428946228745616,26.923906538919372
2026-06-01 16:52:29.140800,S003,soil_moisture,0.4654965513536148,-26.811474653644943,24.474184045725384
2026-02-06 10:52:29.140800,S001,humidity,51.53356644671045,-29.840363711786797,20.02342124953843
2026-07-08 06:52:29.140800,S003,soil_moisture,0.44757965023160495,-31.839742733153606,21.127787096935677
2025-10-28 22:52:29.140800,S001,humidity,85.61120344110682,-28.855823102679434,31.909776216609153
2026-09-24 08:52:29.140800,S003,soil_moisture,0.36851728493766867,-26.303459739168666,26.819911897495842
2026-09-01 13:52:29.140800,S005,ph,6.41665466547893,-29.943186439929047,18.882986774252647
2025-12-05 08:52:29.140800,S001,ph,6.576113281311688,-26.76411535659592,31.778989438691234
2026-04-29 09:52:29.140800,S002,ec,0.9864280231177447,-26.58232138976844,22.9056984186424
2026-04-19 01:52:29.140800,S005,ec,2.2166690287818875,-32.58409767870124,29.81213039748419
2026-05-16 09:52:29.140800,S004,ph,7.52833402526068,-29.754483178378603,30.410836286973833
2026-11-20 01:52:29.140800,S001,humidity,61.17851446642587,-33.295082877262864,29.479401809328884
2026-04-06 12:52:29.140800,S002,temperature,20.175896622762437,-27.008822157944294,19.68589936327094
2026-10-04 16:52:29.140800,S003,ph,6.591811791375662,-27.84297943900171,25.07775531517079
2026-09-04 18:52:29.140800,S004,humidity,33.942897478077256,-29.29772708267691,24.409433014216507
2025-11-11 02:52:29.140800,S003,ph,6.1394561328813895,-29.764152066309546,23.031440950178563
2026-01-07 12:52:29.140800,S001,ec,1.2176275700920935,-31.92458084811766,27.762403160564762
2025-10-22 01:52:29.140800,S003,humidity,60.42721568021912,-27.196267572474376,31.70186926087044
2025-10-15 09:52:29.140800,S004,soil_moisture,0.7166052845391455,-26.296165441188847,21.904336444108626
2026-05-05 14:52:29.140800,S002,ec,1.3955647594570741,-31.921619966475973,20.71543237217257
2026-08-17 03:52:29.140800,S001,ph,6.879591162380655,-32.23450582778327,26.996839446690345
2026-03-21 12:52:29.140800,S002,ph,5.998308981182185,-29.548723445550348,24.68609233493528
2026-01-17 01:52:29.140800,S001,ph,6.255846433646672,-25.972365646975902,19.63459247567799
2026-01-21 07:52:29.140800,S005,ec,0.9890339912804001,-28.676672364898785,20.247912880893104
2026-03-10 20:52:29.140800,S005,ec,0.8225909613755981,-32.53476099246374,21.388899325510703
2026-06-05 10:52:29.140800,S003,soil_moisture,0.343682403701864,-31.109950125710007,25.56402450476302
2026-04-08 08:52:29.140800,S001,temperature,16.002519135086605,-31.050345861230433,26.28619156049364
2026-02-24 17:52:29.140800,S005,soil_moisture,-16.228132420478104,-29.62583105102013,22.097492950208483
2026-03-06 07:52:29.140800,S002,soil_moisture,0.676337357513645,-26.147215660967046,29.39695665435709
2026-08-16 09:52:29.140800,S001,temperature,37.244862405362305,-28.987841386860026,18.67983288880261
2026-07-14 18:52:29.140800,S005,ec,1.1678143732114865,-27.12370704095768,26.752464617657186
2026-04-29 14:52:29.140800,S001,humidity,53.85026074076716,-25.009331319966677,28.638931388619078
2026-11-23 23:52:29.140800,S005,ec,1.5342857846475764,-29.155001334007572,26.874035905577557
2026-09-13 19:52:29.140800,S001,ph,6.9956044452403745,-26.29145474790189,31.82755971941877
2026-01-14 01:52:29.140800,S002,humidity,77.8355023502332,-31.53612599503518,29.660064524552737
2026-05-29 18:52:29.140800,S005,ph,6.013555916245556,-31.003448949543326,26.767217176066566
2026-07-28 18:52:29.140800,S001,humidity,59.170943983931295,-28.388337239684116,28.022808204171753
2026-05-01 13:52:29.140800,S002,humidity,63.10197741930864,-31.450890843942236,27.669884701676843
2026-07-18 07:52:29.140800,S004,temperature,26.749476090063578,-27.99922380069801,24.505604344234776
2026-04-07 08:52:29.140800,S001,ec,2.6183437445860576,-27.412311410562445,24.6374493195052
2026-05-27 01:52:29.140800,S004,ph,18.92480678101105,-29.173618582326124,30.77407517061806
2025-12-21 13:52:29.140800,S001,temperature,16.320637451462012,-29.433418792296447,21.028597963055102
2025-11-27 12:52:29.140800,S001,humidity,86.23986620120766,-28.067114671998098,18.138135687080585
2026-05-27 13:52:29.140800,S003,humidity,31.498523411445248,-31.662811654398727,28.172713948560943
2026-08-26 21:52:29.140800,S005,ec,-6.69433862211635,-30.546009397734487,23.95004970724585
2026-05-28 08:52:29.140800,S002,soil_moisture,0.321078341796176,-24.638080865626094,21.97684462523576
2026-05-17 19:52:29.140800,S005,ec,2.2506296094151095,-28.226838209929653,20.624730676225354
2025-12-25 16:52:29.140800,S003,humidity,41.43000118761228,-30.94495586571493,18.548712798790426
2025-11-24 09:52:29.140800,S004,soil_moisture,0.3899698635373843,-31.421655121093934,18.88145378622646
2025-11-09 19:52:29.140800,S004,ph,6.446424785837096,-31.779719125941607,25.806748402743793
2025-12-10 05:52:29.140800,S001,ph,6.146011932765466,-24.00993035762265,23.331531313421618
2026-10-21 22:52:29.140800,S003,ec,1.2379148212795617,-27.011392408846174,26.691551000094666
2026-10-05 04:52:29.140800,S004,soil_moisture,0.5086055713952733,-33.594093549315474,31.738839385867614
2026-10-29 07:52:29.140800,S005,ec,1.0116245035621265,-27.391638285454892,26.505851673884294
2025-12-04 22:52:29.140800,S003,ec,1.0723874052824154,-28.646412064088505,18.400049597132178
2026-04-08 10:52:29.140800,S002,ec,1.8033208388851907,-32.50427606665848,23.756409928262002
2026-10-04 18:52:29.140800,S004,humidity,84.20370740006032,-32.233306281960594,18.296049705497833
2026-06-06 03:52:29.140800,S002,ec,0.7355216645580068,-31.789372355976116,19.615748709176387
2026-01-02 11:52:29.140800,S002,ph,5.9340081752695815,-29.03283602655683,31.572806349138517
2026-07-27 17:52:29.140800,S004,humidity,70.48444238602157,-25.12993843134487,21.18661527805943
2026-01-31 19:52:29.140800,S004,temperature,30.90339069599977,-32.10859293242816,31.153424708652462
2026-04-09 23:52:29.140800,S002,ph,5.509100494057116,-25.61626926548686,20.39451424764426
2025-11-01 05:52:29.140800,S003,ph,6.7338944622848755,-32.06240352540084,30.122395361128593
2026-07-06 09:52:29.140800,S004,humidity,105.0399247070714,-30.985041757301996,18.263505236489056
2026-05-15 08:52:29.140800,S004,soil_moisture,0.6162657919756052,-33.22445187388758,20.84768411529832
2025-10-05 14:52:29.140800,S003,ec,1.673052861728528,-28.229630537512996,20.054495150406794
2026-07-07 02:52:29.140800,S002,ec,2.109338838884901,-25.166348643818033,30.664115854699777
2026-05-15 20:52:29.140800,S005,temperature,24.4541909150044,-31.14034103998239,21.87215715092987
2025-10-03 13:52:29.140800,S003,ec,0.7169515971152237,-27.319957893908104,18.79642439618755
2026-02-20 18:52:29.140800,S004,ec,0.7920852555550089,-27.631958691846968,18.02091874164881
2026-11-07 00:52:29.140800,S005,ph,5.964642417542753,-24.074078158686365,22.91312038873315
2026-08-23 04:52:29.140800,S005,temperature,36.37718717333185,-33.93614642477278,22.134143049809502
2026-11-19 20:52:29.140800,S001,ph,5.9147874484521825,-25.434899415727447,20.678030598674283
2026-05-13 02:52:29.140800,S001,temperature,26.67190226575617,-28.718471002725796,26.34249050523421
2026-11-11 04:52:29.140800,S004,ph,6.106964964426162,-26.662051076478008,20.134996878033576
2026-03-11 10:52:29.140800,S002,humidity,52.88501129822002,-30.090491555858033,22.9050755933351
2025-11-12 09:52:29.140800,S003,ec,1.7268881193868293,-30.538347939272246,28.632830540682157
2026-07-08 12:52:29.140800,S002,ec,0.7804993437631784,-28.72822121114389,30.054799773452256
2026-07-21 02:52:29.140800,S004,soil_moisture,0.5749956419689404,-33.86990944603994,29.469728016963053
2026-03-25 11:52:29.140800,S003,ph,6.000635271773144,-24.424009555750832,29.47605834682888
2026-11-04 17:52:29.140800,S004,temperature,32.948562782776456,-27.12528606161784,28.57133875231704
2025-11-13 15:52:29.140800,S002,ph,6.43322310619025,-32.06833778570391,30.7683555868931
2026-06-18 12:52:29.140800,S001,soil_moisture,0.777598494935098,-30.49324417281747,21.0439631038562
2026-10-22 06:52:29.140800,S004,soil_moisture,0.4203391116369834,-32.5584684396288,22.329445643410395
2025-10-13 00:52:29.140800,S004,soil_moisture,0.3445353923153229,-24.627635774163053,31.282576271194124
2026-01-11 23:52:29.140800,S005,ec,1.224043369558708,-25.59604294413041,26.33421234921015
2026-02-13 10:52:29.140800,S005,ec,6.808052377519351,-30.818908941989704,28.66786805043909
2026-04-11 22:52:29.140800,S002,ph,6.6308585803391935,-27.53295985625887,25.496498334936916
2025-10-12 10:52:29.140800,S004,temperature,26.151278680009106,-24.441344601314768,23.192416017219546
2025-12-24 19:52:29.140800,S003,soil_moisture,0.7004230512952876,-27.08252248650806,26.179759551080807
2026-04-07 19:52:29.140800,S005,temperature,37.274641720757714,-33.170132399528235,19.470673497494335
2026-01-20 23:52:29.140800,S005,ph,6.510850621854423,-32.20333383877739,25.079493544514303
2026-08-04 19:52:29.140800,S003,humidity,65.97820640448013,-26.290881634672647,19.32421528482189
2025-11-25 09:52:29.140800,S001,ph,6.427681738146533,-26.086066024291647,29.129594969550197
2026-06-08 22:52:29.140800,S002,ec,1.6224114000130674,-31.595053212117442,19.109738658116278
2026-07-22 16:52:29.140800,S005,temperature,17.205386812156796,-25.178173133827944,22.140554144464254
2026-10-30 06:52:29.140800,S004,soil_moisture,0.5611209159182149,-33.168735904216014,27.20532229421801
2026-03-16 17:52:29.140800,S003,soil_moisture,0.32138891844080164,-25.6808613478775,30.008827016028526
2026-10-20 15:52:29.140800,S003,temperature,21.823784348941338,-26.513998291203745,29.893577599960707
2026-10-28 12:52:29.140800,S001,ph,6.544582749862351,-26.74065392286964,20.843712899038167
2026-03-20 20:52:29.140800,S002,temperature,37.27933017195412,-28.967016127688467,19.133703582342456
2026-02-25 21:52:29.140800,S005,ec,2.5260149433506967,-26.447304883395788,26.42222589917099
2026-04-03 08:52:29.140800,S005,ec,1.6876493139962383,-28.466194303606073,22.02326124135929
2026-10-18 01:52:29.140800,S001,ec,2.7692908192344206,-26.31355389747467,23.884134425344797
2026-10-08 04:52:29.140800,S004,soil_moisture,0.6053229599734731,-30.096322914801267,31.780496225250225
2026-09-14 18:52:29.140800,S002,ph,6.85528179082916,-24.44647063299968,30.031488886964667
2025-10-29 13:52:29.140800,S003,temperature,35.018069939225434,-33.28921283955554,31.310524206623462
2025-12-23 04:52:29.140800,S003,humidity,97.95901704571975,-28.804582431156685,28.214872213441424
2026-08-26 21:52:29.140800,S005,soil_moisture,0.24598088259731615,-25.87755096492679,18.01263569478325
2026-02-06 17:52:29.140800,S001,temperature,20.64503411857392,-33.442054666994686,19.37702953892802
2026-08-10 11:52:29.140800,S003,humidity,71.256261549853,-27.335032291243543,29.571801212786614
2026-11-07 13:52:29.140800,S002,ec,1.003977653309755,-32.34516382510695,26.346463095746714
2026-05-28 04:52:29.140800,S002,humidity,49.010485696839496,-33.61760847932009,31.11966564446792
2026-02-19 20:52:29.140800,S001,humidity,50.707425865029045,-29.733189769214754,31.312238822933224
2026-02-15 06:52:29.140800,S002,soil_moisture,0.4212188103629877,-27.94717169732779,22.57141451619881
2026-01-07 15:52:29.140800,S004,ec,1.548401545719073,-29.774080412997126,26.21288795957478
2026-04-22 10:52:29.140800,S005,temperature,24.38425092933683,-28.392627144888998,18.669529356518357
2026-05-26 18:52:29.140800,S003,soil_moisture,0.41114608526561514,-33.29799655732138,27.664584921146837
2026-09-15 08:52:29.140800,S002,ph,7.175571694108492,-28.586785687299308,28.9467322819972
2026-09-11 15:52:29.140800,S002,soil_moisture,0.8052813259636262,-28.21454259844561,20.339490067997147
2026-09-15 11:52:29.140800,S001,ph,6.35199030777993,-25.976202519061907,24.782024647823963
2026-04-14 08:52:29.140800,S002,temperature,25.524628685997964,-27.442230429919594,27.836910610384415
2026-11-17 19:52:29.140800,S005,temperature,20.015585537893514,-27.487977764844118,22.24802896566441
2026-08-11 02:52:29.140800,S002,ec,1.0822231618252784,-28.46178178137137,24.05015730005216
2026-01-08 05:52:29.140800,S004,soil_moisture,0.614099019673858,-32.84511145838755,22.426184976407363
2026-06-01 22:52:29.140800,S001,ec,1.4277437706072302,-29.454615837158787,26.39618985627709
2025-11-14 20:52:29.140800,S001,ph,6.883495882116379,-28.564959903145496,30.51087466639176
2026-07-10 20:52:29.140800,S002,temperature,14.508864656572891,-32.810552911930024,28.946133210297518
2026-09-09 11:52:29.140800,S002,soil_moisture,0.6311231141353395,-32.743663803991154,18.506646177130584
2026-07-01 20:52:29.140800,S002,humidity,44.622303762149734,-33.041633814811085,27.01704068817923
2026-10-11 12:52:29.140800,S004,temperature,26.867542536236293,-33.60438250803802,19.698552106193922
2025-12-30 05:52:29.140800,S001,temperature,20.341171485632657,-26.01234035408737,23.65067823007913
2026-01-11 19:52:29.140800,S005,soil_moisture,0.7038078550059143,-30.604172635486186,18.29260728238474
2026-09-27 01:52:29.140800,S005,ph,6.299474643849724,-27.790853472093406,30.584363731147484
2026-03-31 05:52:29.140800,S005,humidity,53.04625594149125,-26.746210790247797,28.66520715423107
2026-02-24 11:52:29.140800,S004,soil_moisture,0.6526772373208873,-31.757863894777135,24.96728255195949
2026-09-02 10:52:29.140800,S004,humidity,74.52909958101276,-27.64951795927429,27.359883813230187
2026-01-31 09:52:29.140800,S005,temperature,22.04790823982006,-26.140468027130474,23.797885234505813
2026-05-27 03:52:29.140800,S003,ph,6.487397444860219,-32.86514805033958,28.423995131863098
2026-04-14 05:52:29.140800,S005,soil_moisture,0.4349854472678287,-33.002977538514116,26.720780423498574
2026-07-15 12:52:29.140800,S005,ph,6.500817416098369,-27.81216499139644,28.343150735521473
2026-05-30 08:52:29.140800,S003,ph,6.416727282379825,-27.347490048461463,20.209400693725502
2026-05-16 09:52:29.140800,S003,ec,0.3333311672682915,-29.306877336669967,26.124433431248796
2026-09-28 23:52:29.140800,S005,humidity,70.31169126520295,-29.916206058140396,24.312920014404273
2026-03-24 09:52:29.140800,S005,humidity,51.5485981095451,-26.640894342220278,19.73638857224939
2026-08-31 00:52:29.140800,S005,ph,6.153517227747166,-24.208872016232377,31.51473526117288
2026-11-22 04:52:29.140800,S002,ec,1.6413638464728113,-33.055399499149935,27.75396875529355
2026-11-09 17:52:29.140800,S001,humidity,97.97947492075468,-30.014536161894295,29.374037249871627
2026-03-02 20:52:29.140800,S003,temperature,23.54209860259526,-32.60947001983275,24.14507758449494
2026-01-18 14:52:29.140800,S003,temperature,38.4013146718771,-31.2512934183246,26.722809169545897
2026-05-20 13:52:29.140800,S003,humidity,82.05305733427454,-24.833548436493835,22.030429850171913
2026-09-30 08:52:29.140800,S003,temperature,20.746916519267693,-31.303902103151955,21.77466517232784
2025-12-31 07:52:29.140800,S002,humidity,69.15029593276816,-29.325926989755114,31.772721957493502
2025-11-25 19:52:29.140800,S005,temperature,9.89775362643307,-26.949895723982607,26.24685347123463
2026-04-11 07:52:29.140800,S001,temperature,23.856121410182848,-26.650286316028986,26.459613964298143
2026-07-15 01:52:29.140800,S004,temperature,20.490437499022775,-28.369242944868336,18.26545240942059
2025-12-12 04:52:29.140800,S002,ec,1.4431456545905286,-24.275837246226832,27.405362890162472
2026-01-21 16:52:29.140800,S001,temperature,25.50873562505678,-27.12547410343911,31.396097603125412
2026-04-22 21:52:29.140800,S005,ec,0.513223697996081,-28.408768955027618,21.423757336873678
2026-10-24 05:52:29.140800,S003,ec,1.6886343265899357,-29.032025989834942,28.33222066928055
2026-07-15 22:52:29.140800,S004,soil_moisture,0.47201813129656167,-33.35364295049933,23.805070627349338
2026-01-31 14:52:29.140800,S002,temperature,32.748661479407694,-26.03300458233734,20.345842643920154
2025-11-25 07:52:29.140800,S002,soil_moisture,0.5001124843401582,-29.28095960388862,29.350752137501168
2026-07-23 17:52:29.140800,S001,humidity,66.08478844458797,-33.131557881344925,19.178445774766264
2026-07-29 20:52:29.140800,S003,ph,6.331595272384282,-33.20556971816238,20.34755498510271
2026-02-27 16:52:29.140800,S004,ec,1.2027303670998493,-28.696751437726146,21.553433039378305
2026-05-05 11:52:29.140800,S005,ec,1.1045960545129057,-33.96291138351431,29.190557491453042
2026-04-02 02:52:29.140800,S002,ec,2.246100855146344,-33.905394373626415,23.15005235926281
2026-03-01 08:52:29.140800,S005,ec,1.4742117304076643,-27.701845466006787,23.15378251936808
2026-01-26 21:52:29.140800,S003,temperature,28.827662532261407,-31.030122393223287,25.94467803251266
2026-01-19 12:52:29.140800,S005,ph,6.364101552808627,-26.40587974577798,19.26751026249085
2026-06-02 10:52:29.140800,S002,temperature,27.762452866037613,-27.466193367677317,28.681651423896234
2026-03-12 13:52:29.140800,S004,soil_moisture,0.669451702225789,-28.75218939042902,23.7610255439394
2026-09-30 12:52:29.140800,S004,temperature,16.730687486735306,-27.567753831903033,27.965524057299582
2026-11-03 15:52:29.140800,S004,ec,0.7548986718287373,-26.945086524791204,21.31455048830947
2026-08-27 01:52:29.140800,S004,temperature,28.155220708750647,-27.076755638250546,22.680908110370456
2026-03-20 04:52:29.140800,S004,soil_moisture,0.5268070884915731,-24.105241162731648,27.207519074919944
2025-10-11 15:52:29.140800,S002,humidity,36.38476750475546,-32.781994226990335,21.768471527691442
2026-03-20 08:52:29.140800,S004,humidity,99.65195380133503,-28.532760373789255,26.787423685698776
2026-11-10 11:52:29.140800,S004,soil_moisture,0.48812014708132545,-28.97722901547826,30.581731175846848
2026-09-28 17:52:29.140800,S004,soil_moisture,0.6208262438332701,-30.90926833150444,22.186913035161467
2025-11-13 18:52:29.140800,S004,soil_moisture,0.6224707679307053,-32.816062889767764,23.68094975181438
2026-01-29 11:52:29.140800,S001,ph,6.220000919435506,-27.75023152652909,26.93096717232158
2025-10-11 19:52:29.140800,S001,ph,6.020075694600468,-31.443377400916585,30.410031978980463
2025-10-06 16:52:29.140800,S002,humidity,60.81917001888828,-30.599434360840938,31.08924938603824
2026-01-25 11:52:29.140800,S004,ec,1.5711634969194848,-31.995668492891053,30.85773520384098
2026-05-01 09:52:29.140800,S003,soil_moisture,0.354350835387685,-24.409983858321247,20.988147291447515
2026-08-07 12:52:29.140800,S001,ec,1.6392016035228856,-30.21034361123612,28.43820813751683
2026-01-08 06:52:29.140800,S004,humidity,26.419110298528267,-24.56480375299234,24.61827573279725
2025-10-19 10:52:29.140800,S003,ph,6.284616710951932,-24.176169342239,19.25566938461087
2026-08-11 11:52:29.140800,S001,soil_moisture,0.5757637420832891,-31.371404278280945,31.348678637422307
2026-05-27 06:52:29.140800,S003,ec,1.6057528986144223,-27.659042134005567,26.591600888597085
2025-10-28 22:52:29.140800,S003,temperature,29.613580792771064,-29.245743796007325,23.162339923052716
2026-01-12 10:52:29.140800,S003,ec,2.018662518036778,-30.405026471412324,19.02376300144293
2026-09-06 21:52:29.140800,S005,temperature,28.432719173880976,-26.13233762090395,23.36431691095558
2026-02-25 17:52:29.140800,S002,ec,1.8964727091529783,-32.648220089161704,19.065123229190036
2026-04-05 14:52:29.140800,S005,ph,6.868869905477545,-26.97474686136498,23.33403652509385
2025-10-26 07:52:29.140800,S004,temperature,20.84822012502465,-29.926872863343917,26.067553203937017
2026-10-18 14:52:29.140800,S003,temperature,36.31022578866609,-30.313561617101655,30.723915596591212
2026-01-21 08:52:29.140800,S001,ec,-17.769894194587994,-31.21152672499843,21.057029564596487
2026-06-17 01:52:29.140800,S004,ph,5.838190720383286,-31.63013350201861,20.624064085802132
2026-08-26 19:52:29.140800,S001,ph,6.010829371684169,-26.78973856636945,20.539652178224735
2026-03-19 14:52:29.140800,S004,humidity,116.04041588340067,-27.983497779392906,20.261356901562753
2025-12-02 14:52:29.140800,S005,humidity,87.082604956529,-24.790937280855545,25.199525428884087
2026-01-17 00:52:29.140800,S003,temperature,18.07607455370266,-26.47132420016169,24.935563175753938
2025-12-19 02:52:29.140800,S001,ph,6.206736852465384,-24.755138905038326,23.39526297972909
2026-03-28 15:52:29.140800,S004,humidity,55.84758191115257,-32.40281564519153,29.459173788793677
2026-10-31 12:52:29.140800,S005,ph,6.144714392576288,-32.355226180637956,25.55338783046409
2025-10-06 09:52:29.140800,S005,temperature,16.371959571140813,-33.15690570012071,31.286194400129524
2025-12-07 11:52:29.140800,S003,ec,2.006849566622149,-28.986429859040005,30.46315538036712
2026-10-07 03:52:29.140800,S002,ec,1.1916918738496132,-24.454097266335555,31.681178795584394
2025-11-17 23:52:29.140800,S004,ph,6.43842136092587,-33.6169127197076,20.66712437017898
2025-10-25 08:52:29.140800,S003,ph,7.082279455058694,-29.096420480726923,26.01758579078124
2026-03-01 08:52:29.140800,S001,ph,7.518058194665886,-30.25545449708058,29.916411605095604
2026-09-03 15:52:29.140800,S002,ph,6.298097055489793,-27.950141223042404,20.548448317867464
2026-05-23 09:52:29.140800,S002,soil_moisture,0.7241786906791517,-30.16755742730249,23.089757474560866
2025-11-05 03:52:29.140800,S004,ec,1.689448022683274,-24.06872327378027,26.75046725794426
2026-05-30 04:52:29.140800,S001,soil_moisture,0.5743579431518192,-26.849820788249218,24.86853537577734
2026-11-22 07:52:29.140800,S003,ec,0.8312923548405055,-26.555420519233156,31.406030181340128
2026-10-07 00:52:29.140800,S003,soil_moisture,0.4273633319935157,-29.743781632730805,19.6843291846933
2026-11-19 06:52:29.140800,S003,humidity,29.72435837149255,-33.20765674791122,31.812268906571795
2026-09-20 12:52:29.140800,S002,ph,7.069455469868245,-29.873916573570106,30.911853130695125
2026-08-08 06:52:29.140800,S002,temperature,22.491009641269596,-30.520044134594702,18.529851703212803
2026-06-16 18:52:29.140800,S001,soil_moisture,0.5694184563073903,-31.562410602418616,23.816567695691035
2026-01-16 06:52:29.140800,S002,humidity,48.38333624014443,-26.781826174391,29.043014412722492
2026-11-09 07:52:29.140800,S005,ec,1.2011883659962836,-27.64699941744881,29.828495858597787
2026-02-12 20:52:29.140800,S003,ph,6.531859129280507,-30.503929726847346,19.870436523510925
2026-08-11 03:52:29.140800,S003,temperature,14.958662019097499,-33.99736684355463,22.937868502673645
2025-12-31 04:52:29.140800,S004,ec,1.6479152716451377,-32.97430798036415,23.03362159886972
2026-03-19 06:52:29.140800,S004,temperature,24.059232378135288,-33.90693575930166,26.814367640350874
2026-06-09 10:52:29.140800,S004,soil_moisture,0.5472433547198621,-31.421914984688847,18.25673256759941
2025-12-14 05:52:29.140800,S002,ph,7.401465133237236,-25.880579298358555,19.15312912844357
2026-07-03 12:52:29.140800,S003,temperature,47.52608108676328,-25.086932467558448,28.986881292515974
2026-10-07 11:52:29.140800,S003,humidity,58.403112551609276,-30.98317654945832,20.656824130412627
2026-08-23 20:52:29.140800,S005,soil_moisture,0.5749534314648953,-29.997196859471714,24.28515729225259
2025-12-01 07:52:29.140800,S001,humidity,41.47851194921389,-29.8005686783726,26.20043061890543
2026-10-27 01:52:29.140800,S001,humidity,65.21457344382156,-33.59977950179673,28.084130595753997
2026-10-05 14:52:29.140800,S001,ph,6.9864960675226015,-24.49621768537334,22.228260979519405
2025-10-07 03:52:29.140800,S002,ec,2.326865940270592,-28.61849984892707,23.43290760375532
2026-04-29 15:52:29.140800,S001,soil_moisture,0.5475480291242916,-27.088162318751767,29.511130377334105
2025-11-18 08:52:29.140800,S003,ec,1.5867328583691551,-33.92691115112156,18.7904888258933
2026-07-14 20:52:29.140800,S005,humidity,89.90555792727139,-27.366323830319594,25.61749582833951
2025-12-16 22:52:29.140800,S002,ph,6.3352198603300325,-27.706019242606548,23.083199333225938
2026-08-20 01:52:29.140800,S005,temperature,29.033781495714052,-28.59192666942873,27.790315773903103
2026-05-21 06:52:29.140800,S005,temperature,22.714981730491555,-27.840420722805973,27.377928386183125
2026-06-30 17:52:29.140800,S005,soil_moisture,0.41439341730776424,-30.36227098212463,24.193240119669174
2025-10-26 04:52:29.140800,S001,ph,5.675373096237911,-27.298247181352377,19.967720293540758
2026-04-15 10:52:29.140800,S001,ec,1.6499881416728008,-32.16136146705199,20.50504431388576
2026-03-29 06:52:29.140800,S001,soil_moisture,0.48750755621760755,-25.66560341097153,31.47826985377312
2025-11-23 17:52:29.140800,S003,temperature,31.358589336590562,-25.69528926749498,20.069361986124893
2025-12-07 10:52:29.140800,S001,humidity,56.05169749766623,-32.118889155732326,18.30375204751528
2026-04-29 03:52:29.140800,S003,ec,1.132257937779948,-32.761209702677085,20.76826583764261
2025-10-13 10:52:29.140800,S001,temperature,22.41540577215975,-28.542204004291495,29.006188851566154
2026-03-28 21:52:29.140800,S005,ec,1.1029420935981882,-33.656086576139145,23.142728593954217
2026-04-18 07:52:29.140800,S002,humidity,76.87102502309372,-33.737321361316106,26.783879454176645
2025-11-22 13:52:29.140800,S001,humidity,34.650857065686225,-24.458111409246506,21.751720603566383
2026-03-05 13:52:29.140800,S003,ec,-14.193737074321923,-30.935012066034467,31.104493603879583
2026-01-22 18:52:29.140800,S003,soil_moisture,0.3632290195666356,-27.199946400111905,29.251337820145658
2026-05-21 21:52:29.140800,S001,ec,1.7111546606042964,-26.739009467779116,26.846145422321577
2025-12-29 08:52:29.140800,S001,ec,-8.30694140093128,-24.90722018528333,22.771581476477724
2025-11-29 15:52:29.140800,S002,humidity,78.62961953907978,-31.607303580741622,20.4441474031128
2026-06-15 10:52:29.140800,S004,ec,1.7603863265384823,-27.77506663673635,23.96857176510987
2026-05-04 20:52:29.140800,S004,humidity,59.483738549375886,-25.891946799000806,24.267490961575728
2026-04-10 01:52:29.140800,S003,humidity,39.769810279094735,-32.09297958622196,29.67919041771325
2025-12-16 13:52:29.140800,S002,soil_moisture,0.4509554260801847,-24.166981042776555,25.1411062306397
2026-08-27 21:52:29.140800,S002,ec,1.8466182989934257,-24.009012569291045,21.169675899027823
2026-08-07 18:52:29.140800,S005,humidity,51.619813599700976,-32.47687075005174,19.04333089958094
2026-11-13 01:52:29.140800,S002,ec,0.7367381393267863,-28.168705244045796,25.458827651050434
2025-11-19 11:52:29.140800,S001,ec,1.9247792982323504,-30.62522317157449,21.755790289394742
2025-11-22 04:52:29.140800,S005,ph,7.220286661089621,-25.044729820359976,28.783762572889813
2026-11-08 20:52:29.140800,S003,soil_moisture,0.5284684907399981,-33.60327958798173,31.28144672165189
2025-11-09 16:52:29.140800,S001,soil_moisture,0.3438808437276102,-24.650594778391458,31.079985665193025
2026-04-26 20:52:29.140800,S005,ec,0.46413010865896887,-26.463456881250146,21.299750922301065
2026-05-02 02:52:29.140800,S002,ph,6.704846550133372,-31.453260061799686,18.55420590078484
2025-12-15 00:52:29.140800,S001,ec,1.4975940705322186,-27.417556349561607,21.9698182793558
2026-09-11 09:52:29.140800,S003,ph,6.204730182242921,-30.293606704049274,28.561280253214672
2026-01-10 10:52:29.140800,S005,humidity,29.431111998485285,-27.483334150141236,28.075534402258246
2026-10-20 00:52:29.140800,S003,soil_moisture,0.40664725954968567,-25.672323058851347,18.047678862445142
2026-05-23 04:52:29.140800,S004,ec,1.4738961292480028,-27.407628160430082,27.93992424653839
2026-07-11 22:52:29.140800,S003,humidity,58.27855272668263,-29.83704670132164,27.74605519965815
2025-10-07 12:52:29.140800,S001,temperature,7.697910639825714,-26.844917070303598,19.505036635448366
2026-08-11 00:52:29.140800,S003,ec,2.0538137537490324,-31.636206827453137,29.031606843505344
2026-01-22 13:52:29.140800,S005,soil_moisture,0.3245775188891031,-28.355693887849956,23.690274712462838
2026-05-08 06:52:29.140800,S003,temperature,19.35483824748242,-30.253820172635017,23.036537002522024
2026-04-03 02:52:29.140800,S001,soil_moisture,0.5299381670713413,-31.151449472119666,21.07585750589848
2026-03-29 09:52:29.140800,S003,humidity,46.003771386027566,-30.843213291818763,31.802263484068366
2026-09-08 04:52:29.140800,S004,temperature,25.2547134254446,-24.49900972570554,20.47449049209737
2026-04-13 08:52:29.140800,S003,humidity,53.47773538272986,-32.338224494093886,25.216383277343557
2026-06-23 01:52:29.140800,S003,ph,6.436557062658746,-33.46424260603961,24.79490930706858
2026-08-26 17:52:29.140800,S001,temperature,22.058859227955757,-25.774548340634077,28.614686585425325
2026-08-26 08:52:29.140800,S001,ec,0.4877127288304264,-26.41652714717504,28.246876731038366
2026-04-01 05:52:29.140800,S001,ec,1.2135508649253754,-33.55362851124147,31.208831511397314
2025-10-19 10:52:29.140800,S001,humidity,79.25326262653837,-32.36624491474749,24.755449976790725
2026-07-31 18:52:29.140800,S002,soil_moisture,0.5114045049881051,-25.367584766095884,28.11436353359043
2026-02-04 11:52:29.140800,S001,soil_moisture,0.26497201360491757,-32.27864434435387,25.137746464357054
2026-01-05 14:52:29.140800,S001,temperature,19.52854590025051,-32.19180360001721,22.858783900902274
2026-07-04 16:52:29.140800,S005,temperature,24.280387110237655,-27.951839201061603,21.347054181667836
2026-05-18 18:52:29.140800,S002,temperature,25.135663219099403,-29.42283883530827,30.762551240216613
2026-07-25 15:52:29.140800,S002,ec,1.4156454685692894,-30.271168658733554,19.654478071156333
2026-01-06 01:52:29.140800,S005,temperature,11.531731604714192,-27.469367178074997,20.562310685427374
2025-10-29 14:52:29.140800,S005,temperature,16.506252254966192,-31.919565774024907,26.853551921432093
2026-04-09 15:52:29.140800,S003,temperature,22.951153104356283,-24.64279901602813,23.527907975359113
2025-11-07 09:52:29.140800,S001,temperature,11.791815420623516,-27.26308878304446,25.48357638383483
2026-03-09 03:52:29.140800,S003,humidity,60.02994241103428,-32.4617687982836,31.17293177490979
2026-11-18 17:52:29.140800,S003,ph,7.52225272504551,-25.87768907191646,27.35875360564306
2025-10-28 12:52:29.140800,S003,ec,1.617386552448439,-30.549247032999084,31.38978844612491
2025-12-28 16:52:29.140800,S005,soil_moisture,0.6130367658874446,-30.680954989503796,27.212298355573637
2025-11-27 23:52:29.140800,S005,soil_moisture,0.5630165544423118,-29.709794954836838,25.85992812638403
2026-10-07 08:52:29.140800,S002,humidity,74.57284455965511,-25.775947058057163,24.05192402959502
2026-06-10 07:52:29.140800,S003,humidity,43.35421693002215,-30.611626536214786,22.566232515675335
2026-02-09 07:52:29.140800,S001,ec,2.0684118098212436,-32.857026475179694,31.05326613985768
2026-11-22 06:52:29.140800,S002,ph,7.334583992170838,-33.95735913885728,30.094325127538514
2025-10-29 02:52:29.140800,S002,ph,6.296059128484225,-32.40418878811448,26.752834709513646
2026-07-30 07:52:29.140800,S001,ph,5.456658922433846,-31.401170682810292,18.161248203352123
2026-01-14 14:52:29.140800,S002,humidity,90.94538921894886,-30.356601914397835,30.895468045659285
2026-11-06 02:52:29.140800,S002,temperature,21.112097917231754,-24.274061733922732,30.934896089560056
2026-03-19 02:52:29.140800,S004,ph,6.2560387037627185,-26.27497812908581,22.478421675051546
2026-05-10 04:52:29.140800,S003,humidity,69.0176783586944,-26.3462479362907,27.39949232039491
2026-09-12 03:52:29.140800,S002,ph,5.947987735687813,-29.199892856278765,31.117282702443188
2025-10-08 04:52:29.140800,S003,temperature,37.08461904790448,-27.69276228864085,29.612465820611526
2025-11-05 22:52:29.140800,S005,temperature,16.756371816388047,-31.654418805745795,22.47636623451675
2026-04-03 00:52:29.140800,S003,soil_moisture,0.2359096730094245,-24.087753326378504,27.324069617578267
2026-09-10 08:52:29.140800,S002,soil_moisture,0.4692559990515763,-31.936888299073086,20.64648253789019
2025-12-04 19:52:29.140800,S005,temperature,19.09482205848046,-33.63049756015341,29.459023054519413
2025-11-06 03:52:29.140800,S004,temperature,25.883263937690742,-30.581562895902934,26.715089825315204
2026-02-13 00:52:29.140800,S004,soil_moisture,0.5832667835437273,-24.493544858262098,30.496701992098103
2026-11-06 10:52:29.140800,S001,ph,6.2789567764408805,-26.25317430170877,23.567429682522015
2026-10-29 17:52:29.140800,S003,humidity,56.45938233444919,-24.290319610610137,19.82389539415329
2026-03-25 18:52:29.140800,S004,temperature,32.79467407776852,-33.14324693683555,20.040228216515903
2026-08-28 20:52:29.140800,S002,temperature,2.7927087926773595,-29.821176645295974,22.923624556523794
2026-10-08 00:52:29.140800,S003,temperature,26.167340283922652,-25.25778141385502,23.704067546129032
2026-08-28 00:52:29.140800,S003,humidity,95.10803611224476,-32.932468617039525,29.24612597384659
2025-11-02 13:52:29.140800,S004,humidity,62.07998587035598,-32.054183713724356,22.35173763564451
2026-09-23 12:52:29.140800,S004,ec,1.0230204569278412,-28.22695598484749,31.94654766902473
2026-01-12 08:52:29.140800,S005,humidity,64.24111825509212,-24.61644018527434,27.260562294482412
2026-04-23 00:52:29.140800,S003,humidity,33.68513495989161,-30.396790552850238,19.397656216642137
2026-07-24 23:52:29.140800,S002,ec,1.4356052373293822,-29.046195231138626,28.746434878153053
2026-09-18 01:52:29.140800,S002,ec,2.2078336477507072,-33.59289514902023,29.228498759802626
2026-10-27 15:52:29.140800,S005,soil_moisture,0.6861440775059592,-30.50632617289942,23.962721151351836
2026-05-31 15:52:29.140800,S001,ec,1.4987931806611525,-30.632959422283868,27.26925064026951
2025-10-24 15:52:29.140800,S002,ec,1.553852881222599,-32.36980227599652,26.67679605869794
2026-06-19 14:52:29.140800,S003,ec,1.3587709487320938,-30.8035637249572,27.12269174577891
2025-10-06 01:52:29.140800,S005,humidity,34.18065347807435,-31.652282478138407,25.332431475852236
2026-09-08 10:52:29.140800,S003,ec,0.9720817975917359,-24.916589603492845,22.900071131384298
2025-11-25 08:52:29.140800,S001,ph,6.6847796122412255,-32.1491747573194,18.10549189030916
2025-11-10 08:52:29.140800,S005,humidity,58.45854532765014,-25.01463133663038,26.1185048297417
2026-02-11 03:52:29.140800,S003,humidity,114.75681249504773,-24.576070684251963,25.14700121034444
2026-05-12 07:52:29.140800,S001,ec,2.697531145285291,-29.77673991641251,26.953434463502443
2026-07-09 02:52:29.140800,S004,humidity,85.84313296691931,-32.34125893218706,18.559121230036563
2025-10-14 20:52:29.140800,S002,ph,5.7757801422959485,-32.19681797174284,18.729998853966084
2026-08-27 20:52:29.140800,S001,soil_moisture,0.4718729715270901,-29.516911397335566,31.07285163422388
2026-08-15 11:52:29.140800,S001,ph,6.744399204974968,-31.898371779908945,27.283901285768543
2026-10-27 18:52:29.140800,S002,temperature,21.089645956449626,-26.997844551045404,22.357368059387237
2026-09-26 02:52:29.140800,S001,ec,2.341302588376367,-27.859673839310354,26.708852978260907
2026-08-19 09:52:29.140800,S001,ph,5.86356148833803,-29.059277392061315,31.3222714027715
2025-11-07 01:52:29.140800,S003,ec,2.262702647827779,-25.81604431863149,25.659779502805883
2026-01-16 00:52:29.140800,S003,ph,6.031909147373906,-32.46056065787396,21.377247537208902
2026-02-12 04:52:29.140800,S005,soil_moisture,0.3824305504805459,-28.617966302082813,19.217827906896144
2026-09-22 04:52:29.140800,S003,soil_moisture,0.5235784665896495,-26.83897381707466,25.687272564442907
2026-05-14 21:52:29.140800,S001,temperature,12.055536726188427,-29.343672625096573,21.529824240820208
2025-11-02 20:52:29.140800,S003,ec,1.7183111429849256,-32.39621550829571,27.521781992834143
2026-02-18 23:52:29.140800,S003,humidity,67.10198791540611,-26.946469552743483,25.607107230622933
2026-04-28 08:52:29.140800,S005,temperature,24.53127036089663,-27.28432867826818,21.800972521149934
2026-06-09 13:52:29.140800,S002,soil_moisture,0.575453897817222,-33.12644634540325,22.08867997417636
2025-12-26 06:52:29.140800,S001,ph,7.309273227773606,-24.150350624247103,20.13981715102342
2026-08-05 03:52:29.140800,S005,soil_moisture,0.4446996836465395,-29.199870564121284,21.131367601418305
2026-11-22 03:52:29.140800,S003,temperature,28.713127484437578,-27.902189772709654,24.447725174466022
2026-08-14 07:52:29.140800,S001,ph,6.959037762897416,-27.305833107406812,23.110207765447477
2025-11-03 18:52:29.140800,S003,temperature,15.12024275251698,-33.14685259548084,30.171815957973088
2026-02-07 12:52:29.140800,S003,ph,5.976490349747252,-28.678053481993214,28.449291329788096
2026-08-31 09:52:29.140800,S005,humidity,23.188732912559104,-28.020100598445026,29.274582408635894
2026-01-11 16:52:29.140800,S005,soil_moisture,0.6397108347938472,-28.391423026530447,19.063591535765987
2026-10-25 23:52:29.140800,S001,humidity,61.178987563818716,-32.93665604863849,26.365622942277856
2026-06-09 13:52:29.140800,S002,soil_moisture,0.42078664959988377,-29.98256479917642,21.45242483758195
2026-11-05 17:52:29.140800,S002,humidity,79.80582856539978,-30.531075573223966,19.21454247804393
2026-01-31 23:52:29.140800,S002,ph,6.77450231726986,-33.272555099363885,28.388455086450108
2026-03-07 07:52:29.140800,S005,humidity,57.1687684633287,-26.024937656112478,24.20301301166436
2026-07-17 17:52:29.140800,S005,temperature,26.207358083394762,-25.070239970684753,26.760893822616094
2025-11-05 21:52:29.140800,S003,temperature,30.430669250495423,-27.676863015740732,18.272379144440485
2026-04-24 16:52:29.140800,S003,humidity,68.89875097098886,-26.53325532255425,31.188300172077554
2026-02-01 17:52:29.140800,S002,ph,5.88674946066512,-24.271867337180346,28.14193723438074
2026-08-21 09:52:29.140800,S004,ph,6.504887904620123,-25.904492188229007,18.42087989971267
2026-01-02 07:52:29.140800,S002,ph,6.973402902473781,-27.707434645900307,31.02040430838872
2026-06-03 04:52:29.140800,S003,temperature,25.8670331584623,-33.83208667593866,29.42372863019604
2026-08-10 15:52:29.140800,S003,soil_moisture,0.5524867894922338,-27.734222839107346,29.45269963395667
2026-08-19 23:52:29.140800,S001,ph,7.034437963687486,-32.24723294874099,29.634521945668688
2026-09-24 13:52:29.140800,S005,ph,6.434217600270888,-33.52458909305046,22.650699910264095
2026-05-27 02:52:29.140800,S004,ec,1.1656062711493718,-25.62750316954017,21.560422546438716
2026-09-29 21:52:29.140800,S003,soil_moisture,0.8020236256681597,-27.47127809422698,22.611413760324233
2025-12-05 17:52:29.140800,S005,soil_moisture,0.6918619353768384,-27.027810320881258,19.34836934700064
2026-02-14 12:52:29.140800,S003,ec,2.020852828742979,-25.6586002053028,25.278129348736915
2025-10-16 04:52:29.140800,S004,soil_moisture,0.41450296929260655,-33.841893384842926,19.775771189345246
2025-11-24 01:52:29.140800,S002,temperature,32.295635929709036,-30.265625983763847,30.18067569775475
2026-06-23 11:52:29.140800,S004,soil_moisture,0.4114471747280256,-27.024088470571783,23.976298704694273
2026-06-15 08:52:29.140800,S001,ec,1.195522599715174,-25.68394862481998,18.36709180179276
2026-03-25 09:52:29.140800,S001,humidity,58.481586585417276,-33.54102936131659,30.804529406436636
2025-12-16 10:52:29.140800,S002,ec,0.9711172273383133,-27.429031660775617,18.743695485343416
2026-01-15 21:52:29.140800,S004,temperature,30.781325098968438,-26.21949142323795,26.28704935024907
2026-07-29 09:52:29.140800,S004,ph,7.015893697131359,-31.926166130816306,26.82714579619075
2026-02-13 08:52:29.140800,S004,humidity,34.93655510783387,-26.594119454299715,19.49424800759755
2025-10-29 00:52:29.140800,S001,ph,6.726920031736012,-25.06322307023879,24.368093580291294
2026-07-02 18:52:29.140800,S002,humidity,69.81379698348587,-32.37893600569896,25.186550369239267
2026-04-10 11:52:29.140800,S003,soil_moisture,0.42058577427771715,-26.51176155140245,19.97769558810968
2026-11-15 20:52:29.140800,S002,ec,0.8924176947972653,-26.103874660136096,24.35724834753372
2026-05-31 07:52:29.140800,S002,ph,6.72861002302573,-27.764697179501542,27.28651545020903
2026-05-11 18:52:29.140800,S005,temperature,4.9226878442242175,-30.858061793145758,31.19648119096873
2026-10-28 02:52:29.140800,S003,ec,1.6577555814533838,-32.03742796700172,23.792722507189872
2026-06-21 19:52:29.140800,S004,ph,6.21708590122959,-28.254607525360903,29.246955308075997
2026-02-06 20:52:29.140800,S001,soil_moisture,0.24187234232487637,-26.989564851353364,22.854081840240127
2025-10-31 14:52:29.140800,S005,ec,1.0101239386715233,-27.66883310074668,28.22682576242903
2026-03-22 02:52:29.140800,S003,humidity,53.96527875258936,-27.147839159816435,26.772235361667505
2026-02-02 04:52:29.140800,S003,ph,7.527269077486442,-26.492012071513038,25.62613334584525
2026-09-30 13:52:29.140800,S001,ph,6.098857362166019,-25.166269097650158,28.162067525387233
2025-11-06 18:52:29.140800,S005,humidity,52.9449079382596,-27.936342016734528,18.626390511268472
2026-09-04 07:52:29.140800,S003,temperature,22.336157117567485,-33.964914896882114,19.34295034769583
2026-07-31 23:52:29.140800,S002,humidity,39.51120741669648,-31.87262456357417,22.823304075213024
2026-03-07 10:52:29.140800,S005,ph,6.859078099391207,-29.016573799171944,27.103087986012888
2026-05-23 10:52:29.140800,S001,ph,6.8381070618159425,-30.383136462538374,22.190078304597957
2025-12-11 05:52:29.140800,S005,ec,1.9667755156223512,-28.875153173408577,26.63329396521069
2025-11-01 19:52:29.140800,S003,ec,1.2666226776566585,-26.816137009306182,31.185701011297294
2026-05-10 17:52:29.140800,S001,temperature,29.225527929289488,-30.562071560269708,20.655833221017648
2026-01-09 00:52:29.140800,S005,humidity,80.73252167469356,-25.8882540046623,30.32099915946994
2026-05-12 06:52:29.140800,S004,soil_moisture,0.6006274182512724,-33.777746968341305,25.755109681190795
2026-04-08 03:52:29.140800,S002,ph,6.212703378700622,-26.95726813510163,30.862070114445466
2026-04-02 03:52:29.140800,S004,ec,0.5291058563252683,-27.26887527598023,23.047660462178776
2026-10-10 12:52:29.140800,S001,ph,6.621687707701352,-31.058410234658492,28.665097467716606
2026-07-22 07:52:29.140800,S003,soil_moisture,0.5538124929215207,-29.41334597412397,19.321495491142436
2025-12-28 00:52:29.140800,S005,humidity,68.35852591341316,-28.65180413559068,21.713083797442895
2026-03-31 12:52:29.140800,S004,ec,1.8164191943356764,-27.316645900770645,19.097793575299093
2026-04-30 06:52:29.140800,S001,ph,6.725543489973825,-33.562175933863436,30.786420439053327
2026-11-01 06:52:29.140800,S001,soil_moisture,0.49637950928490193,-31.504368605649404,28.415023839662073
2026-03-27 13:52:29.140800,S005,soil_moisture,0.4985677878349494,-25.665778879645572,29.212682061333282
2025-11-03 10:52:29.140800,S001,ec,2.6279102519404747,-29.753827955926276,21.976620461671214
2026-11-07 07:52:29.140800,S004,humidity,59.91588763698341,-28.071832695935782,22.3645893107421
2025-12-12 00:52:29.140800,S003,ec,-3.154396714285797,-24.266066592710885,29.52359012992888
2025-11-03 04:52:29.140800,S004,ph,0.8755839011224813,-32.32152786498928,21.040130525197366
2026-07-18 13:52:29.140800,S001,humidity,72.9290225803684,-31.690255688338695,19.47527785823555
2026-08-08 15:52:29.140800,S005,temperature,19.181513347166838,-30.95778594821337,24.866372736091414
2026-07-21 17:52:29.140800,S001,ph,6.678391838088175,-33.704193335662886,30.58818643700223
2026-09-12 22:52:29.140800,S004,ec,1.7668167930393746,-33.855860944376886,20.721906987110614
2025-12-05 10:52:29.140800,S002,ec,1.9002632703837543,-29.533337473822023,27.07670462930357
2026-05-12 13:52:29.140800,S002,ph,7.062175044837744,-33.66492007286469,18.55466433478955
2026-01-05 07:52:29.140800,S005,ph,6.20356143275374,-25.664160109473386,21.45907380741983
2025-10-16 02:52:29.140800,S004,ph,6.03723875632476,-25.199616408834352,19.994002138239807
2026-06-23 20:52:29.140800,S004,ec,1.4400444801295187,-32.40971508832259,26.32999562062988
2025-11-07 11:52:29.140800,S005,soil_moisture,-5.9180356786454436,-33.18660052426685,31.59600394549922
2026-02-05 02:52:29.140800,S005,soil_moisture,0.49318963749307976,-29.228938669392207,20.394297634505584
2026-03-13 02:52:29.140800,S002,humidity,61.99694468706161,-31.50203538885653,23.83152071091895
2026-10-15 04:52:29.140800,S001,soil_moisture,0.49210717297945106,-25.253108864571225,28.348422784148752
2026-11-20 01:52:29.140800,S004,soil_moisture,0.6725097756428045,-25.42200623588002,19.70219881205737
2025-11-10 16:52:29.140800,S003,ph,6.068106796774141,-33.81737323546002,29.943496395019608
2026-03-23 12:52:29.140800,S005,humidity,112.06763725045579,-24.696939972325826,24.929940872072187
2025-12-17 23:52:29.140800,S003,humidity,65.13297182777352,-31.684706719312818,26.016967333480185
2026-02-11 23:52:29.140800,S005,temperature,32.667273563909816,-26.881249999107652,28.658545097952278
2026-04-07 07:52:29.140800,S003,ec,0.7910860158974578,-31.849198801207613,27.0329257239923
2026-03-09 21:52:29.140800,S003,soil_moisture,0.5332011586698114,-33.10184786740246,18.139457352308536
2026-11-03 17:52:29.140800,S001,ph,6.343626011984495,-28.191038646487563,19.15701516742887
2026-07-12 18:52:29.140800,S005,temperature,16.809390940612136,-30.01471523205678,30.61537461459403
2026-09-15 17:52:29.140800,S003,ph,7.31970454931238,-31.22637868806485,27.242960530482243
2026-10-11 22:52:29.140800,S003,ph,6.236756416121138,-26.13621712152208,22.06514381567575
2026-05-19 12:52:29.140800,S003,humidity,80.57552528930071,-29.37147526580321,31.724051002641907
2026-03-01 11:52:29.140800,S002,temperature,18.739591933879918,-29.581823251920873,29.24339228652083
2026-08-23 20:52:29.140800,S002,ec,1.5272555169346367,-24.526858061259837,26.24503991636027
2026-01-28 11:52:29.140800,S004,temperature,19.20243793405129,-24.286302226747043,25.412638266260057
2025-11-20 17:52:29.140800,S002,ec,1.102034934548085,-24.02844297958108,29.552480674036307
2026-02-10 20:52:29.140800,S001,ph,6.377055568602196,-32.500448254634826,23.204810403651628
2026-09-06 13:52:29.140800,S001,temperature,14.119463141308037,-27.569580879418865,27.02019822974018
2026-09-29 16:52:29.140800,S004,ec,2.4340445172102347,-26.45992617456426,18.25503812660199
2026-10-01 19:52:29.140800,S003,humidity,68.65202915180508,-25.767832224330164,27.598519172835964
2026-11-07 17:52:29.140800,S005,temperature,22.698805442128428,-29.687741823207688,28.969261326363824
2026-02-20 18:52:29.140800,S005,ph,6.754479214013606,-29.982546235987304,18.361249179096205
2025-12-08 12:52:29.140800,S003,temperature,26.19860241000024,-31.195875908210358,31.949218109943878
2026-09-06 09:52:29.140800,S004,ph,6.595432775144896,-33.37392318987059,24.974673673172145
2026-02-07 23:52:29.140800,S001,ec,0.8961078719603132,-25.769534929957622,21.20097539168676
2026-01-03 14:52:29.140800,S003,ec,1.6044026212700477,-33.91713116472929,28.88745374806237
2025-12-08 05:52:29.140800,S005,ec,1.3527389771574658,-26.277130869568502,19.68868836391527
2025-11-30 00:52:29.140800,S003,ec,1.3055903235412363,-28.93592756998641,23.681409922553676
2026-01-04 17:52:29.140800,S005,humidity,61.035769547700376,-33.794807849648336,23.386873472624238
2026-08-15 19:52:29.140800,S002,soil_moisture,2.5781616938878456,-24.245892364917637,18.902797371091346
2026-06-04 15:52:29.140800,S003,ph,6.651313858170385,-24.278401826382776,27.363934910253377
2026-06-16 16:52:29.140800,S005,ec,1.7738546877978123,-33.1627194223822,23.65835179738979
2026-03-21 13:52:29.140800,S003,temperature,23.756616200805805,-26.346772177666317,22.495665308889293
2026-06-09 01:52:29.140800,S001,soil_moisture,2.6054735379494676,-29.45204443287746,28.823425916112363
2026-07-03 14:52:29.140800,S001,temperature,22.485794167689978,-27.768686623535498,20.89704311385634
2026-07-29 21:52:29.140800,S003,ec,-0.40930364018579635,-27.902504779653267,18.882502794996626
2026-03-09 09:52:29.140800,S005,soil_moisture,0.5738461719896474,-25.445191694865855,22.10735599871796
2025-10-16 10:52:29.140800,S005,ec,0.9771391159120658,-31.33860634240219,29.447545758427598
2026-08-09 05:52:29.140800,S005,soil_moisture,0.3702947296027277,-28.361821149518637,19.38488931492058
2026-01-28 04:52:29.140800,S005,soil_moisture,0.5202328649742768,-27.979786750886138,28.026015662973894
2026-03-30 01:52:29.140800,S002,soil_moisture,0.5889681299031448,-32.80994721876585,22.7928510356412
2026-09-27 06:52:29.140800,S005,soil_moisture,0.4993188456121907,-24.691040697932436,30.94825573729199
2026-10-09 06:52:29.140800,S001,ph,6.102282210613382,-31.434050635737144,19.9720212501642
2026-08-25 12:52:29.140800,S002,soil_moisture,5.213548968125304,-26.41067571465686,30.802172020050094
2026-01-27 02:52:29.140800,S002,humidity,18.808882684723486,-31.046155028876598,31.525348506817842
2025-12-20 18:52:29.140800,S005,temperature,29.92203404912084,-24.884360735845593,29.520762713275452
2026-09-21 10:52:29.140800,S005,temperature,33.09232735574973,-24.773571581295172,31.818539595048485
2026-02-16 02:52:29.140800,S004,temperature,25.318529970374566,-26.759612602633897,24.450773166612848
2026-01-14 23:52:29.140800,S005,temperature,25.40002196776018,-30.24998743189888,21.54982177282689
2026-06-02 21:52:29.140800,S005,temperature,40.45695381211043,-28.806231919365896,19.982980391500117
2026-05-07 19:52:29.140800,S002,soil_moisture,0.46349238325182396,-30.90109807364606,31.118802555782956
2026-09-21 21:52:29.140800,S003,temperature,15.720282987793178,-28.524005171660118,27.235614915941355
2026-09-14 01:52:29.140800,S002,temperature,22.706896634351796,-28.077796927964087,20.192670557621685
2026-07-10 15:52:29.140800,S004,temperature,23.87569411735822,-26.8371285776992,30.726852704429692
2026-04-01 15:52:29.140800,S001,soil_moisture,0.3678099636092338,-25.60125175269805,30.239678266430357
2026-01-06 17:52:29.140800,S004,ph,5.818505364636863,-28.025259186626243,23.758873391508796
2026-03-09 07:52:29.140800,S003,ph,-5.179664041710331,-27.70484919540641,19.733190106578263
2025-11-02 07:52:29.140800,S001,ec,1.3697187496126224,-30.5622885933955,20.46217030090213
2025-12-18 14:52:29.140800,S004,ph,6.7186791021418655,-32.88118932899739,27.412356186571095
2026-09-20 03:52:29.140800,S005,soil_moisture,0.47026247823391565,-33.73826928134835,24.91726939733369
2026-07-21 06:52:29.140800,S003,humidity,72.66850591723409,-29.959108843784673,28.244432492236918
2026-01-27 23:52:29.140800,S001,ec,1.0632087414027214,-33.748865294319415,20.470679518860475
2026-02-26 20:52:29.140800,S002,ec,2.1751221640918685,-27.347465930601253,30.282299348021883
2026-02-13 19:52:29.140800,S003,ph,7.241793853866544,-32.75388233435306,28.08865596123196
2026-04-16 06:52:29.140800,S001,soil_moisture,0.6936119532876306,-29.060106114962934,28.899425619643573
2026-06-09 03:52:29.140800,S003,soil_moisture,0.5446571104796561,-24.5143891417189,18.21628667329984
2026-08-21 20:52:29.140800,S005,temperature,38.611688843995154,-30.088378933144792,19.498666717942854
2026-03-18 00:52:29.140800,S001,soil_moisture,0.5681269735480721,-32.346443093152544,19.533376297655117
2026-07-29 04:52:29.140800,S005,temperature,19.51212090057582,-27.1853157314886,31.713365869208836
2026-06-13 15:52:29.140800,S004,temperature,8.571931367682245,-25.42482053477847,25.471047128569325
2025-12-16 15:52:29.140800,S001,ec,2.1961936816710868,-31.473682928764568,26.884862071550614
2026-08-06 23:52:29.140800,S003,soil_moisture,0.7811391113394668,-32.247867390248146,25.70793276475634
2026-09-01 23:52:29.140800,S003,ph,6.877037954923819,-25.525582184157344,27.90240288108463
2026-07-04 04:52:29.140800,S005,ph,6.942872099780003,-29.302853127847758,22.561886639078367
2026-07-24 00:52:29.140800,S001,soil_moisture,0.5775175033006766,-24.216501179762385,18.19129040120842
2026-10-03 19:52:29.140800,S001,ec,1.7189766437434788,-29.64535399842259,22.97485087480439
2025-11-23 06:52:29.140800,S003,soil_moisture,16.885349287744134,-31.861729033555516,20.016538322461262
2026-05-26 05:52:29.140800,S001,temperature,37.00744765966017,-27.402429888106184,25.15852616676747
2026-06-21 00:52:29.140800,S001,ph,6.898910726966768,-32.8938726245116,27.324853468473712
2026-07-18 00:52:29.140800,S002,ec,1.0390773609967507,-25.637203216144794,30.50479859569422
2025-11-20 11:52:29.140800,S003,temperature,26.905558801282208,-25.191909509681636,22.487381526042267
2025-10-07 06:52:29.140800,S002,humidity,86.05163022140326,-30.370159229804614,27.489547197681627
2026-11-23 10:52:29.140800,S005,soil_moisture,0.2962592772769982,-32.87081150828276,25.984161201279537
2026-04-21 04:52:29.140800,S002,ph,6.563854428199257,-32.58335389523368,31.545462630178676
2026-04-02 02:52:29.140800,S005,humidity,93.17740937243902,-30.189970616724363,27.62635765078554
2026-10-24 04:52:29.140800,S003,humidity,91.87737729002569,-30.680157203344418,28.633202452259212
2025-12-28 04:52:29.140800,S005,ph,6.2624546323687,-25.77970178620982,25.250094869738682
2025-11-16 18:52:29.140800,S004,humidity,38.80219797853053,-32.926170773896615,28.339179694947006
2025-12-03 22:52:29.140800,S005,ph,6.150288409955105,-24.478351094294464,26.56354643684552
2026-08-08 06:52:29.140800,S005,ph,6.593580707548281,-28.62854650081498,26.036013881701006
2026-02-13 10:52:29.140800,S001,temperature,47.87668099194998,-25.754590371788908,24.369612083968146
2026-04-29 14:52:29.140800,S002,temperature,19.493374854838358,-27.573911009962412,31.28489646174055
2026-08-28 05:52:29.140800,S002,soil_moisture,0.5223088735326665,-28.684561086709877,31.662175539333486
2026-02-09 16:52:29.140800,S004,humidity,91.25927532272684,-32.89327415542219,21.06137752377253
2026-10-08 19:52:29.140800,S001,humidity,52.225634332990836,-31.56257423146386,25.34712089790937
2026-08-19 02:52:29.140800,S005,humidity,86.59793684159388,-29.834091898997325,21.23571133185562
2026-07-10 13:52:29.140800,S005,soil_moisture,0.8773947067940745,-29.292198055875115,20.27867185487762
2026-11-18 11:52:29.140800,S003,ec,8.977314287384129,-24.669244568839925,19.598687371117993
2025-11-24 02:52:29.140800,S005,soil_moisture,0.3460616842903542,-32.36924201391637,20.45938031941432
2026-08-08 13:52:29.140800,S004,ph,6.797472291540202,-25.70556343434996,22.0308725166689
2026-03-10 02:52:29.140800,S002,humidity,103.75845236006052,-33.2928760729352,19.243474432455404
2026-02-10 00:52:29.140800,S002,soil_moisture,0.5799677325017003,-30.736944414020385,27.346161212717195
2026-10-19 21:52:29.140800,S003,ph,5.860093778403273,-25.783618112273544,19.98515077674824
2026-03-22 20:52:29.140800,S001,ph,6.425679959243906,-29.035888280627777,27.43690477869022
2026-04-20 00:52:29.140800,S001,ec,1.8728225757202681,-30.592705276377163,23.876184470887306
2026-09-26 08:52:29.140800,S005,soil_moisture,0.5067714826144757,-30.48901898376199,29.514395492545628
2025-12-08 19:52:29.140800,S005,temperature,16.786754392917132,-28.346482301242943,21.796363017826817
2026-05-05 14:52:29.140800,S002,soil_moisture,0.5337147727186493,-29.435093662592664,25.445981438224955
2026-03-23 09:52:29.140800,S005,ec,1.0870053896428356,-31.792708326595008,18.865609630719284
2026-10-16 18:52:29.140800,S005,humidity,52.78159128912361,-32.23122571810702,20.408007085612578
2026-08-02 17:52:29.140800,S004,temperature,19.28967892475524,-27.73076745575639,18.008481877397276
2026-08-21 16:52:29.140800,S005,humidity,39.43666141350984,-31.789699901867504,28.016761476799196
2026-04-14 07:52:29.140800,S003,ec,1.6927792252952953,-28.024195396143224,22.297785337361418
2026-07-27 03:52:29.140800,S002,ec,1.0509306251639012,-26.95425950230677,29.44360166938289
2026-08-19 20:52:29.140800,S003,ph,6.936150426703394,-27.55096351888382,26.676075145181805
2025-12-01 01:52:29.140800,S003,ec,1.0950225738476993,-26.139185954305457,20.447826287029088
2026-07-30 06:52:29.140800,S005,ec,1.1755849567724503,-33.35220721994091,25.155254086501852
2026-03-24 12:52:29.140800,S004,ec,1.0269063896603323,-27.101578589570018,20.90544800958091
2025-12-18 21:52:29.140800,S003,soil_moisture,10.93766713382127,-26.211051521140078,21.438321926067694
2026-06-27 07:52:29.140800,S004,ec,1.7084100675965845,-30.680676001573,22.2651696141983
2026-06-07 04:52:29.140800,S004,ph,6.411125965944201,-30.921089191490772,21.957008137273387
2026-06-23 22:52:29.140800,S004,humidity,84.25032457121233,-32.32614063800712,23.63088625116823
2026-10-06 07:52:29.140800,S003,ec,0.5573277972028491,-31.176079006627205,22.559015638938106
2025-10-19 03:52:29.140800,S002,humidity,63.52513554274432,-27.072366940160343,26.90524185419149
2026-09-22 01:52:29.140800,S002,humidity,63.4744854938864,-32.99852925543884,28.59389659336358
2026-07-02 06:52:29.140800,S005,ec,1.867470296254813,-25.427925348209158,24.025095376247428
2026-08-01 14:52:29.140800,S002,temperature,14.088769693174875,-29.853661518021003,24.15433081017634
2026-09-17 10:52:29.140800,S002,temperature,21.50006756360177,-27.604741441063876,31.863089705136353
2025-11-06 18:52:29.140800,S004,soil_moisture,0.6286364281517307,-32.05426218829696,22.225817626692372
2025-12-31 19:52:29.140800,S003,humidity,56.717176476121274,-27.59343896823328,30.305310070077873
2026-03-19 07:52:29.140800,S005,humidity,48.54370030159551,-27.197802713077593,20.792610812920937
2026-11-13 20:52:29.140800,S002,humidity,51.472196063224175,-31.797378485310578,21.44995652514893
2026-07-30 01:52:29.140800,S002,ph,6.204480167166718,-28.282197043478128,25.03536505512145
2026-10-30 16:52:29.140800,S003,temperature,21.534100588186508,-27.423722456691003,18.59045762526936
2025-12-08 05:52:29.140800,S002,soil_moisture,0.7743900221447585,-29.716873672464494,22.318795109204334
2026-06-03 16:52:29.140800,S004,humidity,63.147934914323464,-32.50883380800977,26.78788319900397
2026-09-17 15:52:29.140800,S002,soil_moisture,0.4713270759164709,-29.37439128767165,25.814390908423533
2026-07-31 23:52:29.140800,S001,humidity,56.30986595055397,-28.31134582898123,18.963301425638715
2026-09-20 20:52:29.140800,S002,ph,5.862884410917608,-32.69693686710101,24.669431405553595
2026-01-18 07:52:29.140800,S005,humidity,50.68605342129223,-33.80668070874755,18.205164944572527
2025-12-08 13:52:29.140800,S001,soil_moisture,0.4320686651283247,-31.337531508681035,26.577077475203176
2026-04-28 18:52:29.140800,S003,ph,7.2730627993637516,-31.803901785983733,31.24766823882735
2026-03-23 14:52:29.140800,S004,temperature,23.729399450692473,-26.046364833104366,28.506626855068518
2026-10-18 12:52:29.140800,S004,ec,1.7712634718846019,-33.4719357573471,30.49588891883215
2026-02-02 07:52:29.140800,S001,ph,6.357893947061954,-33.076902823153446,31.469336317013486
2025-12-31 01:52:29.140800,S003,soil_moisture,0.6875460417388327,-25.301495270720007,18.14108402321573
2025-10-17 16:52:29.140800,S001,humidity,94.08125765225009,-25.28346352960046,25.68301920114012
2026-03-29 22:52:29.140800,S001,soil_moisture,0.6070275499057144,-27.39519933715237,25.537943793369394
2026-01-20 05:52:29.140800,S005,ph,6.102705182021038,-27.161435956850923,27.707172212275303
2026-02-08 05:52:29.140800,S004,temperature,11.53843920241471,-29.58644878182818,25.980391900044918
2026-01-12 06:52:29.140800,S004,soil_moisture,0.63852549122738,-26.177932782683797,20.275589234534742
2026-04-23 22:52:29.140800,S003,soil_moisture,0.316375921552291,-33.51561483377297,19.28412662212581
2025-12-29 21:52:29.140800,S002,temperature,22.643919947238373,-24.53578389273318,18.544253355199295
2026-06-01 08:52:29.140800,S005,temperature,19.823994470341745,-33.12728734018729,29.323861945606843
2026-02-17 10:52:29.140800,S003,humidity,46.22297899621409,-27.962253449195785,20.627599425261902
2026-06-03 01:52:29.140800,S001,temperature,11.485290568638368,-33.76087910640847,28.000967683164745
2026-01-05 03:52:29.140800,S005,humidity,56.16107351014979,-24.527084947808007,31.87506899515669
2026-03-27 10:52:29.140800,S001,ec,1.8321015416578237,-30.844594614805462,26.720895711336944
2026-03-13 20:52:29.140800,S004,humidity,85.72916939077226,-32.73585756570042,26.77855090279667
2026-01-26 11:52:29.140800,S002,ec,1.1957712177022723,-33.00720815742974,28.145486670503214
2026-03-12 23:52:29.140800,S002,soil_moisture,0.648677346975138,-25.282898730309142,21.760562615751446
2026-05-20 00:52:29.140800,S005,ph,6.988234980162477,-28.389462906944928,20.815675041543404
2026-06-15 07:52:29.140800,S001,humidity,49.38063345399786,-27.38248060348281,18.13931295310952
2026-05-24 03:52:29.140800,S002,temperature,17.68645029560512,-31.165595777762487,21.586874263917203
2026-03-06 11:52:29.140800,S001,soil_moisture,0.567973455916904,-33.15188212742383,27.434359811138286
2026-03-20 07:52:29.140800,S002,ph,6.287677148218526,-24.728245319366927,30.811183628750516
2026-02-03 12:52:29.140800,S005,ec,1.5329652960773619,-30.99565302300649,28.32021818005166
2025-11-04 04:52:29.140800,S003,ec,1.3358719250975148,-26.33185563871836,28.319810614901897
2025-12-18 05:52:29.140800,S003,ph,6.330544719067021,-25.575867837132275,29.631947435007643
2025-10-04 11:52:29.140800,S005,temperature,22.21977750754056,-25.982682798726138,30.769484955399335
2026-08-23 22:52:29.140800,S005,temperature,37.59593568809395,-24.185653155191453,23.91538580862823
2026-01-01 13:52:29.140800,S004,humidity,44.47762114633538,-28.84802862440268,23.51648195496162
2026-10-12 20:52:29.140800,S001,soil_moisture,0.5551683968095192,-26.03769585219667,21.885147462703294
2026-03-01 17:52:29.140800,S003,ph,6.74708547250124,-32.8236565290203,21.79091258962365
2026-02-06 20:52:29.140800,S001,humidity,95.47018078368839,-31.635729207661083,30.704318172221456
2026-04-11 18:52:29.140800,S002,ec,1.0082647819140458,-26.8232397855555,20.667757083347652
2026-08-03 09:52:29.140800,S004,ec,2.496841024764997,-32.53046878595733,21.086420606125337
2026-09-22 22:52:29.140800,S004,ec,1.008873502610188,-28.453432380944072,28.449994970723143
2025-12-03 15:52:29.140800,S002,humidity,84.57095146215578,-25.661596145187076,23.24166113314102
2026-01-30 05:52:29.140800,S002,soil_moisture,0.6402138252832937,-29.606044666648867,22.37617361263087
2026-08-04 11:52:29.140800,S005,temperature,32.64420898540844,-29.082703136141202,18.817697041349128
2025-10-26 20:52:29.140800,S001,soil_moisture,0.4149221837879462,-25.03117607887905,25.548461849850554
2026-10-04 04:52:29.140800,S001,temperature,21.71353655291753,-30.30952938772432,24.411066117194505
2026-07-07 14:52:29.140800,S005,humidity,62.622158312377564,-33.558559353685936,25.063997777695732
2026-11-02 22:52:29.140800,S002,soil_moisture,0.8409811489115051,-28.296486781921082,30.18034253735435
2026-06-23 14:52:29.140800,S005,ph,7.20989389859797,-27.63870090000281,30.968985958904412
2026-03-18 08:52:29.140800,S002,soil_moisture,0.5392430187244415,-26.042703720864044,22.268444644449445
2026-06-25 12:52:29.140800,S005,humidity,75.67146627550031,-32.88989036952315,24.193153998283226
2026-10-06 13:52:29.140800,S002,soil_moisture,0.572600149768767,-31.94866420843168,27.287521636704177
2026-10-19 07:52:29.140800,S005,ph,6.4637419001082925,-25.95592622081104,28.13725412643049
2026-01-12 20:52:29.140800,S003,humidity,50.38153358055762,-28.431272448855765,29.608902714024424
2026-07-21 15:52:29.140800,S003,ec,1.313618862528519,-31.564886259714427,31.554832334665726
2026-03-15 14:52:29.140800,S002,humidity,69.40357911096011,-31.926027945376198,30.5928498899831
2026-04-06 01:52:29.140800,S001,soil_moisture,0.30482461338808897,-28.6791773058608,18.02075109775134
2026-09-10 02:52:29.140800,S001,ec,1.9014217771485822,-24.923538234900974,27.407775003387123
2026-08-02 07:52:29.140800,S004,temperature,29.89039317253037,-29.37571518982289,19.7618920220916
2026-03-05 14:52:29.140800,S004,soil_moisture,0.39515850333148994,-28.37339606141886,20.698740874369026
2026-11-17 04:52:29.140800,S004,ec,1.0090247276859559,-27.684055628219838,28.644692375142704
2025-10-09 02:52:29.140800,S005,ec,1.5272061624857225,-30.85964813798438,22.178119359373092
2026-05-23 13:52:29.140800,S001,ec,1.9269124230872094,-28.300970964821204,31.49447132391193
2026-04-25 20:52:29.140800,S002,temperature,20.859905423369376,-31.854162486470045,19.725589728571148
2026-10-02 20:52:29.140800,S001,soil_moisture,0.5785685357683289,-28.808039487947276,29.397448671736782
2025-10-06 11:52:29.140800,S005,temperature,32.15648178135993,-24.843856347909124,19.69736078746522
2026-01-27 11:52:29.140800,S002,soil_moisture,0.6551110307324995,-33.3083366870431,27.1703150966231
2025-11-12 22:52:29.140800,S003,ec,0.2872083901140121,-27.10709938021489,29.999034301834513
2026-03-17 03:52:29.140800,S002,temperature,20.012175607044043,-31.260980063011658,22.121443084455425
2026-04-28 05:52:29.140800,S002,humidity,58.86584349230389,-25.633632627930282,25.17675501034489
2026-03-25 14:52:29.140800,S004,ec,1.563987233187603,-24.765854164456503,22.61289989754836
2026-07-08 04:52:29.140800,S001,soil_moisture,0.35477458116807736,-33.733678842548784,23.62957119981633
2026-02-06 13:52:29.140800,S004,soil_moisture,0.49483307572840396,-25.86647115161889,24.170101648217006
2026-08-24 02:52:29.140800,S002,ec,1.0905405370787955,-29.26987187581382,27.939466509683587
2026-01-29 21:52:29.140800,S003,soil_moisture,0.30119570608849255,-28.860473949968352,25.087755090579176
2026-05-08 03:52:29.140800,S001,ec,1.6527095703358328,-33.02525808293347,25.185503164553815
2025-11-25 00:52:29.140800,S004,ph,7.300589419230431,-26.287428570617422,22.462170674189977
2025-11-06 12:52:29.140800,S003,ec,0.9281691121711135,-33.45373571548506,25.640746764257294
2026-04-08 22:52:29.140800,S005,temperature,25.941193729793987,-31.3855661465731,20.33980476690979
2026-10-13 11:52:29.140800,S005,ph,6.332034985297145,-29.277771915843275,18.882031436728916
2025-10-27 14:52:29.140800,S001,ec,1.7618881768611767,-29.165345113098986,23.867590032914386
2026-05-23 17:52:29.140800,S004,ph,7.049375046488782,-27.35025624583399,28.535176570557617
2026-08-01 11:52:29.140800,S002,humidity,54.49724935923325,-26.405692246618717,27.33040998030891
2025-12-05 15:52:29.140800,S003,humidity,95.70380935679225,-29.438387621285063,30.501382315017807
2026-03-11 19:52:29.140800,S003,ph,6.960747707020562,-25.419083285513594,20.102897863108943
2025-12-26 14:52:29.140800,S004,humidity,34.18660418887747,-31.943674113159695,22.94738295899287
2026-08-14 13:52:29.140800,S001,humidity,71.06602979266086,-33.50794993107838,31.656046559541593
2026-09-19 02:52:29.140800,S004,soil_moisture,0.5982983177623328,-33.107571327780434,23.352424947713335
2026-07-05 17:52:29.140800,S004,ec,1.9785488659404673,-29.935374143886637,26.75744883894096
2026-01-14 17:52:29.140800,S003,ph,6.0899565769151485,-25.422686221945458,26.098883134468785
2026-08-25 12:52:29.140800,S001,temperature,24.067153624141323,-25.990252094802877,28.12166640349578
2025-12-09 20:52:29.140800,S005,ec,0.8489890544507901,-31.257331241267494,27.80103223161953
2026-04-07 15:52:29.140800,S005,soil_moisture,0.4980013870539464,-28.497536256643674,22.108109147495995
2025-12-18 14:52:29.140800,S005,soil_moisture,0.588666526112448,-25.854371287705668,29.964982924130293
2025-12-08 21:52:29.140800,S005,humidity,50.46071116045661,-24.8211495725225,26.0769615301919
2026-01-18 06:52:29.140800,S004,soil_moisture,0.36280538474921814,-24.027217171609138,25.21756282749132
2026-04-03 02:52:29.140800,S002,ec,1.2727335915605016,-28.365860308850046,26.275171224202893
2026-02-19 20:52:29.140800,S002,temperature,17.206015254053575,-33.92626050437799,31.614777179694137
2026-09-20 23:52:29.140800,S001,ec,0.7628143494803961,-24.404647536083893,25.968548241838576
2025-10-18 12:52:29.140800,S003,soil_moisture,0.351864972193193,-26.98959804768815,18.361410777742936
2026-11-10 11:52:29.140800,S003,temperature,13.662757170298228,-31.554534790655527,28.415586996792626
2025-12-29 13:52:29.140800,S003,ph,6.149755787203109,-32.882837630308586,28.57652342285013
2026-03-27 19:52:29.140800,S003,humidity,45.81759827566968,-25.6181200882439,21.302003825830834
2025-12-20 20:52:29.140800,S002,ec,1.9810992910048038,-27.53927822722178,29.88068152246035
2026-10-09 17:52:29.140800,S005,humidity,83.07482196099107,-28.104571434043986,25.099046136496327
2026-07-26 21:52:29.140800,S004,temperature,27.66412397595705,-30.071642140936966,29.581407159590647
2026-05-02 12:52:29.140800,S001,humidity,68.5115756730181,-28.259534129753263,26.395442781534527
2026-06-28 16:52:29.140800,S005,ec,1.7083271080181683,-28.958767487117008,22.450208722613404
2026-03-30 19:52:29.140800,S004,soil_moisture,0.490719844182077,-25.319084936873804,27.303281912186584
2026-05-15 08:52:29.140800,S004,humidity,66.1687751116816,-30.47125248758602,25.294515363169367
2025-11-17 14:52:29.140800,S001,soil_moisture,0.6606867648338418,-33.91641718659297,24.6153164743848
2025-10-20 23:52:29.140800,S002,temperature,15.470434149528453,-24.91500130461094,30.376700191083426
2026-01-31 15:52:29.140800,S003,temperature,34.25177221579559,-28.32829699511339,29.891429981729676
2026-05-17 12:52:29.140800,S004,ec,0.3134620874387679,-28.083744315980667,24.600390922329787
2025-10-29 13:52:29.140800,S001,soil_moisture,0.3559827011980805,-30.725617215440717,24.065056664743512
2026-02-04 17:52:29.140800,S003,soil_moisture,0.718822997822431,-29.736812623121192,26.871070639100076
2026-07-09 00:52:29.140800,S001,soil_moisture,0.5186881233279167,-26.64778364446257,23.161418864687427
2025-10-09 12:52:29.140800,S005,soil_moisture,0.08750944480628259,-29.149786016965738,30.79627932692568
2026-09-25 13:52:29.140800,S001,ec,1.7948025671889738,-28.530576949824848,28.152678208854304
2025-11-22 23:52:29.140800,S001,humidity,44.21351535142186,-25.024328011921096,26.398340466222905
2026-01-30 09:52:29.140800,S003,ph,6.269270317051541,-26.80823267289006,22.603355531749315
2026-07-05 17:52:29.140800,S005,temperature,12.350364050847704,-24.918931040530808,28.44516567144767
2026-10-13 15:52:29.140800,S002,ec,2.235712879049615,-25.626434192320147,20.061436085297778
2026-09-02 16:52:29.140800,S004,humidity,10.436990826688053,-28.47990756242237,25.212478134307762
2026-06-19 06:52:29.140800,S001,ec,2.272687884235338,-29.89261668308269,20.683125294689813
2026-10-12 00:52:29.140800,S001,humidity,57.9652772233423,-25.591830169191162,28.358638381191756
2026-03-18 08:52:29.140800,S004,temperature,35.63028675658342,-24.044973895991184,26.06190880129698
2026-03-15 22:52:29.140800,S001,humidity,47.015821887103215,-26.748437410549272,29.269219998634544
2026-04-08 14:52:29.140800,S005,humidity,43.849043497087536,-32.70008200800326,29.2482363686925
2026-10-14 11:52:29.140800,S005,temperature,31.950440109643733,-30.546803467536055,20.93485901474195
2026-10-28 02:52:29.140800,S001,humidity,100.58181512550041,-25.737130688116068,27.603929336261267
2026-10-31 03:52:29.140800,S001,ec,2.281095414202883,-25.920526748380418,18.370087107386535
2025-10-10 10:52:29.140800,S004,humidity,92.16673099959382,-30.063491281980045,24.18761459011957
2025-12-22 15:52:29.140800,S004,soil_moisture,0.674767651963127,-31.367738784541274,27.473734124819522
2026-01-01 02:52:29.140800,S003,temperature,19.497138562896648,-25.39323653786171,27.72969313341669
2025-12-20 22:52:29.140800,S001,soil_moisture,0.4680577730051929,-33.632723353391384,29.439860831238292
2026-05-01 07:52:29.140800,S005,soil_moisture,0.47427241015529825,-31.748679649612022,30.09314737559726
2026-06-26 00:52:29.140800,S003,soil_moisture,0.29459569111381856,-28.306911478827473,18.84476118496177
2026-07-19 10:52:29.140800,S005,humidity,64.33974472677757,-32.56009239597802,22.597760023790087
2026-05-19 19:52:29.140800,S001,ph,6.240143282566059,-27.15668227449732,27.615391773729435
2025-10-16 07:52:29.140800,S001,ec,2.6788337425697666,-33.533381567702214,20.574996304633522
2025-10-29 13:52:29.140800,S001,ph,6.892517586966542,-24.773069896569197,23.108063107184876
2026-04-10 19:52:29.140800,S004,ph,6.931584279156976,-29.844445614131587,23.5152548254665
2026-04-01 23:52:29.140800,S003,ec,0.8093999594810254,-27.294292949075494,20.7193248656519
2026-06-20 05:52:29.140800,S004,ph,5.881435123199324,-29.635143758620416,30.67534703165477
2025-11-18 17:52:29.140800,S004,ec,0.05116013104070882,-28.873579974015083,25.505926638619663
2025-11-26 05:52:29.140800,S002,temperature,25.837150604233248,-28.15755074853452,29.269552603805405
2026-06-14 04:52:29.140800,S005,temperature,23.26368790758149,-29.3918678708826,22.655549191295634
2026-03-14 00:52:29.140800,S005,ph,6.654357326076375,-32.93446430675727,26.85841961663051
2026-02-23 05:52:29.140800,S004,temperature,24.368833897609157,-33.65407310964723,29.511430063431668
2026-03-10 22:52:29.140800,S001,humidity,95.66465562795258,-24.792174932342277,27.376315622699394
2026-11-03 19:52:29.140800,S001,ph,5.673888921611103,-29.508498732506208,23.928962755760388
2026-04-22 18:52:29.140800,S002,ec,2.5981611642571254,-24.040421859815304,19.810353229362004
2025-12-01 15:52:29.140800,S002,temperature,17.17240966860519,-26.10792706719223,19.827107653774277
2025-12-08 09:52:29.140800,S004,humidity,55.564157305133335,-27.37430901254604,30.429633655745924
2025-10-29 07:52:29.140800,S005,ph,6.979431712484372,-27.09301023993403,25.32722519851295
2026-09-18 00:52:29.140800,S002,ec,0.9358001066595526,-24.48416066843597,21.274504376163073
2025-12-24 10:52:29.140800,S005,temperature,24.387165730543924,-32.33003019877439,21.654193943168316
2025-11-16 12:52:29.140800,S003,soil_moisture,0.5889344658943146,-25.23144793874787,18.39818637889249
2026-09-02 18:52:29.140800,S001,temperature,26.171027646895112,-28.574415153795012,20.176071784335253
2026-10-13 23:52:29.140800,S001,humidity,48.30825346106609,-31.286764864420697,26.03815392350321
2026-08-22 08:52:29.140800,S003,soil_moisture,0.6830507485578382,-29.848034529168764,31.333008342924572
2025-11-13 00:52:29.140800,S004,ph,5.833721102383086,-30.114365267912834,23.493383869895965
2026-02-26 09:52:29.140800,S001,ph,6.970133807008768,-25.507876158620476,22.350579634136302
2026-10-24 23:52:29.140800,S005,soil_moisture,0.529123802773309,-33.17680008928595,18.13482811526124
2026-05-30 20:52:29.140800,S001,humidity,42.619547428955336,-30.58038904089316,20.292369113551544
2026-04-10 00:52:29.140800,S004,soil_moisture,0.23285233773469394,-24.162167055523987,28.049250234829003
2025-11-03 11:52:29.140800,S003,soil_moisture,0.7002523185601921,-32.02937949702,21.03602466321554
2025-12-05 04:52:29.140800,S005,ec,1.154794524109933,-32.933319733947506,22.875877329792996
2026-03-17 17:52:29.140800,S002,temperature,23.709095951595824,-26.500285599211903,29.84887708804524
2025-10-22 04:52:29.140800,S005,humidity,58.52931506784737,-24.709544176079834,27.594539196938825
2026-04-26 22:52:29.140800,S003,temperature,20.74252926493692,-26.33483788606744,25.60146341593531
2026-09-13 20:52:29.140800,S001,temperature,23.664941752363898,-32.052122397962066,18.39287329249016
2026-05-04 15:52:29.140800,S001,ec,1.2096624407723984,-26.317035337947388,27.81051426087959
2026-01-02 23:52:29.140800,S002,temperature,27.102065608727948,-27.408893267691145,26.25416507310539
2025-10-30 06:52:29.140800,S001,soil_moisture,0.3612365942875858,-28.48278331548092,29.000628058810335
2025-12-08 14:52:29.140800,S002,ec,0.8304504139542365,-33.80249870719132,26.274858097060417
2026-08-17 16:52:29.140800,S004,humidity,58.56518956765818,-31.33131731655729,27.624644772182812
2025-12-04 06:52:29.140800,S004,temperature,23.766109556782354,-27.122652225325133,28.916164009578708
2025-11-02 04:52:29.140800,S002,temperature,20.62695573811977,-26.293448056587955,27.960123533728545
2026-08-14 16:52:29.140800,S003,humidity,65.16816506844698,-26.87480854943791,30.03602467961445
2026-05-13 09:52:29.140800,S004,humidity,21.4301302646889,-27.039937480659997,24.42504695003124
2026-09-01 15:52:29.140800,S005,humidity,71.4934287797625,-26.857739926659207,23.712107425540488
2026-10-28 21:52:29.140800,S005,ec,0.8149918742808164,-32.47802805038112,18.439082386035963
2026-03-17 06:52:29.140800,S005,temperature,20.05414370847032,-27.30989043064712,24.88826080824549
2026-07-04 06:52:29.140800,S004,soil_moisture,0.5020273501653504,-26.60149681982895,27.702741038133095
2026-03-09 17:52:29.140800,S003,soil_moisture,6.9771588272381875,-29.905177872853,25.272870253142525
2025-10-10 17:52:29.140800,S001,ec,1.3358753561632764,-27.296615257853787,24.02160168461433
2025-10-04 17:52:29.140800,S004,ph,6.155012365980766,-29.537019011154506,25.429204903875135
2026-02-13 10:52:29.140800,S002,humidity,66.81841419293772,-26.678769282801184,21.93089566944706
2026-08-20 06:52:29.140800,S002,humidity,82.16651365321647,-27.187841922445074,29.694656496557215
2025-11-06 16:52:29.140800,S005,humidity,79.82855050377127,-26.118438731892276,29.27549297760961
2026-10-21 12:52:29.140800,S005,soil_moisture,0.6823871408029976,-31.75908651211776,31.049218679102495
2026-07-28 13:52:29.140800,S001,temperature,8.09348935409264,-25.12049428270079,27.951660433800665
2026-02-16 06:52:29.140800,S002,temperature,18.32784028539075,-25.276523679933653,31.65849521155606
2026-10-03 14:52:29.140800,S001,ec,2.082440496445785,-27.55385281567552,29.884979234024094
2026-10-09 02:52:29.140800,S002,temperature,26.595749749957378,-28.915235636785788,21.12380472127739
2026-04-12 15:52:29.140800,S001,humidity,42.578078764156395,-24.438313169382916,18.384107363289473
2026-06-18 15:52:29.140800,S004,ec,0.8777377777996709,-26.11709180479268,22.45696632278385
2026-10-18 18:52:29.140800,S004,soil_moisture,0.8728485257594523,-28.3739151461277,27.202535162356746
2026-01-11 02:52:29.140800,S002,ec,3.550083304825012,-33.58752030490711,19.559246757189527
2026-06-17 21:52:29.140800,S004,ph,6.0737813098903315,-30.974148520268795,21.2271426063475
2026-03-30 08:52:29.140800,S002,soil_moisture,0.6615883439876318,-26.49583763244674,22.288084282779288
2025-11-20 17:52:29.140800,S003,soil_moisture,0.22428386916210202,-30.14990396881709,24.810366565603978
2026-04-07 12:52:29.140800,S003,temperature,35.26554770991642,-32.08915714732171,26.627281816979774
2026-01-30 23:52:29.140800,S004,ec,1.327906606219355,-31.75953361845697,24.949613953826486
2025-10-31 08:52:29.140800,S004,soil_moisture,0.5915489928034078,-26.53605523592642,19.448337555405327
2026-06-19 13:52:29.140800,S005,ec,1.2534036709556589,-28.008192818980866,30.935520965787084
2026-10-09 14:52:29.140800,S004,ec,1.298878404236203,-26.431242652544476,30.97006647865087
2026-05-03 18:52:29.140800,S002,humidity,77.46293882681597,-26.68332646325051,27.39042446613881
2026-08-20 17:52:29.140800,S002,humidity,115.46033078628525,-29.85907911337216,24.677994591365227
2026-02-22 21:52:29.140800,S005,ph,7.402250898117594,-30.09270270314893,18.12023429443622
2026-10-18 11:52:29.140800,S005,temperature,22.883399899635066,-33.246509594361406,20.605292602528696
2026-08-20 17:52:29.140800,S001,humidity,90.83965814277599,-25.52254825910952,20.32741399892761
2026-07-05 12:52:29.140800,S003,temperature,34.16707522377214,-27.186406527926035,24.591854612854185
2026-09-05 16:52:29.140800,S002,humidity,76.00786002262139,-24.16197435204206,24.715805826355993
2026-02-17 15:52:29.140800,S001,soil_moisture,0.5547035000979316,-25.44203719297374,25.405331928453435
2026-09-26 23:52:29.140800,S001,ph,6.7842147383529765,-30.05873514966097,20.24011557351672
2026-01-07 02:52:29.140800,S004,humidity,73.53323750427518,-28.795842161591022,18.70280391509782
2026-04-22 11:52:29.140800,S001,ec,1.843220542190934,-33.583806580284765,18.595186969928058
2026-10-05 15:52:29.140800,S002,temperature,22.979272040029823,-24.871067151698554,28.554831091724004
2025-10-11 08:52:29.140800,S003,ec,1.323543393907654,-25.37635954988317,20.949778517815897
2026-01-31 23:52:29.140800,S004,ph,6.613705667432222,-29.07952778829172,20.33131466276387
2026-10-17 21:52:29.140800,S002,ec,1.8629337359825133,-25.172642311084882,31.34965717104381
2026-10-25 12:52:29.140800,S003,ph,5.696140181835775,-27.9578466938058,25.715952496969955
2026-10-18 10:52:29.140800,S005,humidity,44.483839086854026,-27.29560591816187,18.804863145700306
2026-07-04 14:52:29.140800,S003,humidity,66.18563605197772,-28.78587811062845,23.469098316517808
2025-11-12 15:52:29.140800,S005,temperature,28.170726700864808,-30.60706531868554,25.776878163856885
2026-01-23 23:52:29.140800,S003,humidity,96.01846357812673,-28.195606013411265,29.4203058837804
2026-10-17 12:52:29.140800,S003,soil_moisture,0.49075151531752914,-32.56938213920292,22.219533209520307
2025-11-02 22:52:29.140800,S004,ec,2.178250969419512,-27.928335992887117,19.127737747259868
2026-10-19 21:52:29.140800,S003,humidity,68.46505461703218,-30.248084151391645,22.093472174972703
2026-09-20 20:52:29.140800,S005,soil_moisture,0.34127086644883814,-31.07481607050106,21.042882920440537
2025-11-03 15:52:29.140800,S001,ec,2.3750901097735055,-33.394385958564214,26.784087899028492
2025-10-28 23:52:29.140800,S003,humidity,31.786053535734432,-25.1667682595991,22.19329715494475
2026-11-11 06:52:29.140800,S004,ec,2.0288406082257393,-26.187939643332065,21.16384267205424
2026-11-01 10:52:29.140800,S001,ph,7.112445182549212,-33.9253709253012,24.72884864555432
2025-12-15 00:52:29.140800,S005,ec,1.6062335440215203,-32.41504168493079,22.487182487062142
2026-05-13 05:52:29.140800,S005,temperature,28.83999340392982,-28.903713868194757,31.24531873641189
2026-11-18 20:52:29.140800,S003,temperature,25.596427985468566,-28.946710653720558,21.702961372803653
2026-09-25 00:52:29.140800,S005,ph,7.706544327890718,-25.793056847717978,25.3130248059387
2026-03-24 09:52:29.140800,S005,temperature,18.236586053192006,-28.108642483323738,26.728903783272067
2026-06-06 09:52:29.140800,S003,humidity,95.21215631309471,-31.221425787651086,18.66655630254175
2026-02-06 12:52:29.140800,S001,humidity,88.75087471962239,-33.645043235166774,23.55443832062918
2026-01-23 22:52:29.140800,S003,ec,0.6440750825009091,-31.480085245558545,27.06047622366544
2026-09-22 03:52:29.140800,S001,humidity,82.40822528252514,-32.974673580634864,31.060751945366718
2026-08-29 02:52:29.140800,S004,soil_moisture,0.5334089546669565,-27.63124730096419,23.28962816685668
2026-06-05 23:52:29.140800,S004,soil_moisture,0.3924842883482318,-33.529690049264005,25.847414967246156
2025-12-24 05:52:29.140800,S001,ph,5.83697728271973,-30.201701190597202,18.626722759848477
2026-05-07 21:52:29.140800,S003,soil_moisture,0.5330693170892146,-33.96982739648119,24.030670697372546
2025-12-03 03:52:29.140800,S003,ec,1.3429170759899014,-27.402487708798844,25.96382880724736
2026-05-24 07:52:29.140800,S003,soil_moisture,0.5998289410020524,-29.02989031063529,22.99740563832833
2025-10-14 13:52:29.140800,S003,humidity,48.219690452747365,-31.580926590179942,24.882217896862905
2026-04-03 17:52:29.140800,S002,temperature,33.139253051806676,-29.360302726094616,22.846034780721887
2025-10-13 20:52:29.140800,S004,temperature,20.48308609962842,-26.20233178116056,22.69262919307614
2026-07-09 16:52:29.140800,S003,ec,1.030008521992864,-27.351671028771342,24.290665982842064
2026-07-13 23:52:29.140800,S001,humidity,57.29352074131238,-32.68299472430032,31.208293329170587
2026-01-05 21:52:29.140800,S004,ec,1.4944430593768692,-27.524083581382648,25.677338825101064
2026-06-12 07:52:29.140800,S001,soil_moisture,0.938234604402497,-28.75481687695128,26.945989413350198
2026-07-09 12:52:29.140800,S004,ec,1.6948729406979375,-32.328827402982554,24.072171282753022
2025-12-10 00:52:29.140800,S002,ph,6.679155999088486,-26.373915492809523,21.005122449207718
2026-04-18 04:52:29.140800,S001,temperature,16.548276747686543,-24.768865818298746,31.50948657662378
2026-03-02 04:52:29.140800,S002,soil_moisture,0.33601094776471496,-28.94197958679207,23.122856695849688
2025-11-18 14:52:29.140800,S004,humidity,60.881282579063864,-32.20439568524006,23.2785532723114
2026-11-13 14:52:29.140800,S002,ec,1.1847324614926724,-33.029975756253435,22.633770469696415
2026-11-21 21:52:29.140800,S005,temperature,18.653876925542875,-30.86019264864537,21.467697309549422
2026-01-08 21:52:29.140800,S003,humidity,69.1263636914129,-30.62732074935142,30.947330505180837
2026-05-02 06:52:29.140800,S002,ec,1.9869268460776697,-29.617015759704316,25.825044791661114
2026-10-12 12:52:29.140800,S005,soil_moisture,0.6829882148448342,-25.915594873209535,29.854833361271183
2026-05-07 02:52:29.140800,S001,humidity,77.53430838048445,-32.02383574547998,25.68175670674233
2026-08-20 12:52:29.140800,S004,soil_moisture,0.6027815427027919,-30.82879282014555,27.70457657375563
2026-07-25 15:52:29.140800,S005,ec,2.2116209497147628,-31.003244978898785,24.548275147559767
2026-05-11 19:52:29.140800,S004,humidity,63.33370876159902,-29.740215537057935,27.16531364893661
2026-10-31 01:52:29.140800,S003,ph,6.131878794977271,-28.687368743057,23.238331046545756
2026-01-26 22:52:29.140800,S005,soil_moisture,0.5519856675580691,-30.573026913824407,24.061391107282805
2026-07-16 04:52:29.140800,S001,ph,6.040662416458337,-33.146177537775074,20.72918528066501
2026-09-28 18:52:29.140800,S003,humidity,67.82882011512375,-31.898395020035522,31.479617443315625
2025-10-13 19:52:29.140800,S005,soil_moisture,0.3913225152424252,-33.38060059078446,24.68097394412166
2026-07-24 18:52:29.140800,S005,humidity,66.3770040485094,-28.587215104765036,18.581493879857632
2026-05-09 06:52:29.140800,S002,ph,6.093398513123432,-29.501827339601416,21.17567962343298
2026-10-04 16:52:29.140800,S004,ph,6.930516415798653,-32.222511343825055,30.592458509789537
2026-08-31 16:52:29.140800,S003,ec,1.2042895822064947,-26.988145909639695,30.888855220725873
2026-05-13 09:52:29.140800,S003,humidity,47.629801951985414,-32.72813508581576,21.85711455091081
2026-11-18 20:52:29.140800,S001,temperature,35.72938078559876,-28.697205740405344,19.215415165694658
2026-07-22 17:52:29.140800,S004,soil_moisture,0.6099926713055932,-24.04713881022975,22.16126285235605
2026-11-12 03:52:29.140800,S005,temperature,19.240173306618416,-27.168478983613774,22.351233916411896
2025-11-13 16:52:29.140800,S004,ec,0.8309798964818983,-30.001470199796458,19.699404311570998
2026-09-06 23:52:29.140800,S005,ph,6.759618463016467,-29.86328304436267,22.47114059266375
2025-12-28 12:52:29.140800,S002,humidity,106.49743537733139,-30.998696446292804,25.281667169484855
2026-07-17 06:52:29.140800,S004,temperature,19.5147389274969,-30.68516062645511,21.380605910144073
2026-03-04 06:52:29.140800,S002,ec,1.6706833050954968,-31.18487673730136,18.83976636053558
2026-09-25 01:52:29.140800,S005,soil_moisture,0.5023177306417929,-28.06387770065726,31.344371408212137
2025-10-14 16:52:29.140800,S001,humidity,47.522762380884025,-32.2043668672488,21.93664214963716
2025-12-02 03:52:29.140800,S001,ph,12.387664880882994,-25.123798012788907,18.745688388485775
2025-11-09 03:52:29.140800,S001,ec,1.5245305405623994,-30.820290727989292,23.959111151211697
2026-02-18 08:52:29.140800,S004,ec,1.539788285179828,-24.65256914386316,19.896757319674858
2026-10-16 09:52:29.140800,S004,ph,6.9499358376888,-29.63366499939289,22.087588190682958
2026-10-18 09:52:29.140800,S002,soil_moisture,0.6660766270846088,-32.38089541454646,31.748743494829405
2026-01-11 21:52:29.140800,S003,temperature,24.465727286064293,-24.02202009188473,20.22091263879458
2026-06-10 05:52:29.140800,S003,humidity,97.53758732535452,-31.394602386352823,28.37549122525066
2026-09-27 00:52:29.140800,S003,ec,1.5585134446326934,-31.445242013105982,31.351278528930884
2026-03-15 22:52:29.140800,S004,humidity,48.31146232486458,-33.55228899942092,21.483970575064937
2025-12-02 04:52:29.140800,S002,ec,1.7112679433272342,-29.591076588679293,24.12060072117655
2026-02-01 17:52:29.140800,S001,ec,2.017548845043394,-28.643590437252758,28.91625457137164
2026-11-15 04:52:29.140800,S003,ec,2.181722407356914,-33.69639784362005,21.630792370001295
2025-10-17 03:52:29.140800,S004,soil_moisture,0.3732496473217556,-28.89795559236238,28.72178477518886
2026-09-19 13:52:29.140800,S003,soil_moisture,0.2688597021235786,-24.507065738262796,25.444973169586365
2026-11-23 17:52:29.140800,S002,ph,5.65242211264332,-31.293509758606636,30.16092672168427
2026-01-12 09:52:29.140800,S001,humidity,41.925997528926416,-24.94323352101813,18.59825125788677
2025-10-17 07:52:29.140800,S005,temperature,29.49263836578053,-28.644727061875606,28.28864968792543
2026-03-01 21:52:29.140800,S004,ec,1.8268604880448416,-24.859295831708597,25.95770860310092
2026-08-15 22:52:29.140800,S002,soil_moisture,0.3996837602795311,-24.230533402122724,21.211273911952276
2025-11-23 00:52:29.140800,S004,temperature,24.68173404374251,-31.49191708379321,30.44896986340012
2025-12-14 12:52:29.140800,S002,temperature,24.394483681888943,-24.712953327105136,27.80457060524839
2025-10-23 16:52:29.140800,S001,ph,6.914342427399744,-32.17064531707493,24.232946305818803
2026-07-27 10:52:29.140800,S005,humidity,22.55474036965044,-30.486567614607598,29.624398056907076
2025-10-10 06:52:29.140800,S002,ec,1.5722426203948612,-26.26432707409884,31.797662657620187
2026-05-31 20:52:29.140800,S003,humidity,41.266582450762876,-28.422360958002237,22.494159834644996
2026-07-12 13:52:29.140800,S003,soil_moisture,0.37458241677789883,-31.781976643465107,19.042069567993494
2026-05-04 13:52:29.140800,S004,ph,6.21095764180873,-31.869181643179793,25.61534020750984
2026-05-10 22:52:29.140800,S002,temperature,50.224417238127664,-30.67455992006243,20.723602714313376
2026-07-28 01:52:29.140800,S002,temperature,22.285639282451264,-27.61221355964112,18.535546366971122
2026-09-16 09:52:29.140800,S005,soil_moisture,0.44270244793333735,-25.023093420436147,18.84218761566885
2025-11-23 13:52:29.140800,S005,ph,6.9004517957199365,-24.781098080519506,23.28867115366628
2026-08-27 09:52:29.140800,S004,temperature,26.383381433075193,-31.725375626360787,24.6743603775722
2026-06-22 08:52:29.140800,S004,temperature,27.150111072692564,-25.560240875524613,20.412476034593002
2026-09-05 23:52:29.140800,S001,ec,15.309440635425752,-32.177738233948865,23.87881020324174
2025-12-27 19:52:29.140800,S002,ec,2.4403753698640065,-30.57250147805304,30.821166710781746
2026-02-13 08:52:29.140800,S005,temperature,31.71890839412375,-25.934921084855368,23.834250951327938
2025-10-13 06:52:29.140800,S004,soil_moisture,-11.835321604662816,-27.17341167674868,29.9300226217371
2026-07-13 15:52:29.140800,S005,soil_moisture,0.52851010684972,-32.268206428355604,27.31313041012909
2026-04-28 06:52:29.140800,S003,ph,6.5296650726891015,-29.765512881659866,19.23793520637457
2026-02-05 01:52:29.140800,S005,temperature,29.051487026444743,-31.97372337225164,24.889716426479374
2026-11-12 13:52:29.140800,S004,humidity,52.347364248372074,-25.95342981880224,31.051231937362346
2026-01-06 08:52:29.140800,S003,humidity,52.91798846082368,-29.256407377174874,27.263153703414773
2026-05-07 10:52:29.140800,S003,ph,6.750125755830922,-29.322304842680758,20.424772401269834
2026-10-27 19:52:29.140800,S003,soil_moisture,0.3288286569442579,-27.65991422728829,24.75099485461611
2026-02-07 12:52:29.140800,S002,ec,14.365800643881458,-26.849756812382328,21.62463563272762
2026-02-17 08:52:29.140800,S002,temperature,10.491841610802561,-27.9577777046809,29.307386231720557
2026-06-22 07:52:29.140800,S005,ec,1.3320375982850656,-29.7398750554301,19.453579776692077
2026-05-07 21:52:29.140800,S005,humidity,74.51341531469338,-32.37355757734119,28.142094342163805
2026-03-13 03:52:29.140800,S003,humidity,93.40284358754889,-30.793286876939206,18.224153441719046
2026-09-05 01:52:29.140800,S003,ph,5.624625826792894,-29.4816550583434,26.197913986925805
2026-03-27 02:52:29.140800,S004,humidity,66.96869589030197,-31.347609914585785,27.544397786204776
2026-02-12 10:52:29.140800,S002,ec,1.3002443056653898,-33.07190262178966,30.134770369641345
2025-11-06 21:52:29.140800,S003,humidity,70.53512008694922,-28.00079290649041,25.488293636136426
2026-10-05 22:52:29.140800,S002,ec,1.4143917016131584,-33.26511914874135,18.787225884178152
2026-05-07 07:52:29.140800,S002,soil_moisture,0.481401425728859,-29.298829109277605,21.472770082188163
2026-08-12 02:52:29.140800,S002,soil_moisture,0.7748179735203099,-24.679198353207674,21.41557703211764
2026-05-23 20:52:29.140800,S005,ph,6.68207425991782,-26.036937701223707,19.128176947746592
2026-07-02 02:52:29.140800,S001,humidity,83.50224294898305,-30.525471706901502,23.524093826477774
2026-02-26 16:52:29.140800,S002,humidity,36.43882599500694,-33.721056959797586,22.741528263098683
2026-10-27 04:52:29.140800,S003,soil_moisture,0.6027856383970794,-33.129968140407485,18.538657347494897
2026-09-01 14:52:29.140800,S005,humidity,86.05001886285574,-30.43040806379331,23.728948248004333
2026-05-03 05:52:29.140800,S005,soil_moisture,0.4425420759958978,-27.57844923396447,20.397734494420554
2026-06-09 17:52:29.140800,S004,humidity,77.66010611644333,-30.659919036229088,29.27482729280076
2026-03-06 22:52:29.140800,S004,humidity,83.76902537612318,-30.558536805131904,18.965567332622634
2025-12-29 13:52:29.140800,S002,temperature,11.857371290770711,-25.316132316188675,24.28112491281763
2026-05-22 01:52:29.140800,S003,temperature,28.33139258567284,-30.131715092983086,18.22204593444801
2026-09-19 05:52:29.140800,S003,soil_moisture,0.6313378970818175,-32.299331570898694,31.520232737702194
2025-10-25 15:52:29.140800,S003,soil_moisture,0.3020252592083636,-30.434285398596742,28.77539773504904
2026-10-22 15:52:29.140800,S003,humidity,81.21772162352012,-31.24938367711817,19.7900362558514
2026-04-09 14:52:29.140800,S003,soil_moisture,0.7475640162511591,-32.876790208565936,30.136068112735924
2026-09-24 13:52:29.140800,S005,humidity,74.65303444640756,-30.33747967568085,22.814964029540462
2026-06-15 07:52:29.140800,S005,ph,6.794439434110801,-24.72422777071136,25.912747236994147
2026-11-13 09:52:29.140800,S005,temperature,30.01147849589831,-28.899450912718407,31.32812336138622
2026-05-27 09:52:29.140800,S002,soil_moisture,0.49335683057104796,-24.222421490999572,26.209862154191203
2026-07-28 21:52:29.140800,S005,ph,6.7821386166693225,-25.720157441156207,19.15892931810517
2025-12-02 19:52:29.140800,S003,temperature,29.7318488819408,-32.20939699460016,29.74695015176998
2026-01-01 14:52:29.140800,S004,ph,6.652943504510947,-24.89941626178728,28.549280326806375
2026-08-20 20:52:29.140800,S002,temperature,21.616386550414674,-32.08296546801983,31.61884837939815
2025-11-26 23:52:29.140800,S001,soil_moisture,0.3996070862558206,-27.08335979193021,30.445329226637774
2026-09-04 07:52:29.140800,S002,ph,7.04471889070746,-28.16566110112518,30.412632111061548
2025-10-13 09:52:29.140800,S002,soil_moisture,4.964553409379319,-25.479571697813174,26.774964972376893
2026-02-18 05:52:29.140800,S004,humidity,77.47510712985653,-29.22832666421622,19.536511353243267
2026-10-18 14:52:29.140800,S002,ec,-15.226005536459795,-27.63103792768397,30.53216158732812
2026-08-29 22:52:29.140800,S003,humidity,71.49096511078587,-32.15473607360418,25.70140473640732
2025-12-14 23:52:29.140800,S001,temperature,22.81050379817496,-31.629462263764243,30.63501368190756
2025-11-01 03:52:29.140800,S002,humidity,69.69455545815806,-28.055839521166142,28.607439757316733
2026-04-06 05:52:29.140800,S001,soil_moisture,0.4199646203751438,-24.048335799297426,29.524869726146093
2026-09-13 08:52:29.140800,S004,temperature,20.524599407413643,-31.76230770132543,22.36217171251976
2025-11-22 07:52:29.140800,S004,ph,6.178085418454412,-30.229273528009948,29.305437677299402
2025-10-28 17:52:29.140800,S004,temperature,26.302002669654815,-25.338482953746507,24.336930134218335
2026-11-10 11:52:29.140800,S005,ph,6.529155875606656,-29.930749706973213,21.702786658695672
2026-05-05 00:52:29.140800,S005,temperature,31.503477834852372,-33.13019437415928,21.619501613761756
2026-05-16 17:52:29.140800,S001,temperature,29.403263058761453,-31.762948641100817,21.305717923468684
2026-09-11 08:52:29.140800,S004,ec,2.1623372106605356,-30.25808652093506,20.053101958168167
2026-02-07 12:52:29.140800,S004,humidity,38.142408865299366,-32.36970742955675,21.47123255290947
2026-01-09 00:52:29.140800,S004,humidity,44.56220171894559,-24.940729658805367,31.263308326628152
2025-11-17 07:52:29.140800,S005,ph,7.138075863469386,-29.75504140835168,21.95738202884259
2026-04-30 20:52:29.140800,S003,ph,6.461631126640026,-26.656167777170193,30.648090765348996
2026-08-16 01:52:29.140800,S003,soil_moisture,0.5586852229709743,-25.690144690363972,19.38915418940234
2026-07-27 20:52:29.140800,S004,ph,7.122866180406263,-29.578994713760004,27.355028949025833
2026-07-24 10:52:29.140800,S003,ph,6.095623771621112,-28.780526809027332,27.776522086285155
2026-10-18 02:52:29.140800,S004,soil_moisture,0.4580553570543187,-27.495200670322582,22.2758262050428
2025-12-23 02:52:29.140800,S004,ph,6.230462889053678,-26.73345457784345,31.366920675964998
2026-07-23 02:52:29.140800,S005,temperature,15.58837739069788,-31.26468080232167,19.720687937391332
2026-08-09 08:52:29.140800,S001,ec,2.0270462798323585,-32.12278877021849,19.796678160475153
2025-11-22 23:52:29.140800,S002,soil_moisture,0.4672608593080257,-30.46270061266905,24.865189929691788
2026-04-07 10:52:29.140800,S005,ph,6.279900608824095,-31.745468197473237,24.33140568194993
2026-10-16 17:52:29.140800,S003,temperature,21.107728337893505,-31.92540892896806,19.28726790898943
2026-08-08 19:52:29.140800,S001,temperature,19.655193325068623,-27.354849345586366,20.277131675950123
2025-12-01 03:52:29.140800,S001,ph,6.680624491031104,-30.45418763443184,19.26587029129837
2026-10-17 14:52:29.140800,S001,humidity,46.00133949904519,-32.85357966077407,30.74231974281215
2025-12-15 12:52:29.140800,S005,ec,0.8878736255680697,-28.981857820345503,28.019261723698758
2026-04-12 20:52:29.140800,S003,humidity,82.35466593110779,-26.309074321198725,23.487583815162306
2025-11-19 18:52:29.140800,S002,ec,0.9666310680652196,-26.573486272131024,30.917229519561403
2026-02-27 15:52:29.140800,S005,humidity,62.258673162575455,-26.850686191891057,28.835688380111105
2026-11-21 03:52:29.140800,S004,temperature,25.747109747523144,-29.95339923773071,18.1690280037176
2026-08-20 06:52:29.140800,S004,soil_moisture,0.20907263302250045,-24.78107771710597,25.490962095740485
2025-10-18 10:52:29.140800,S002,ph,6.396087002607111,-24.60157635461392,23.147765303690214
2026-06-08 22:52:29.140800,S003,temperature,27.276810414426773,-29.33786829676753,29.812640031927465
2025-11-11 11:52:29.140800,S002,humidity,47.12922576190112,-32.76983335748344,22.749606971285402
2026-08-05 09:52:29.140800,S002,temperature,19.80356564975354,-27.884109150382216,22.79070896970927
2026-04-27 13:52:29.140800,S005,temperature,29.250696205938528,-33.06436819506515,20.169934979000928
2026-07-14 00:52:29.140800,S002,ph,5.79641426754057,-31.281216336848164,27.577417492745575
2026-06-02 19:52:29.140800,S001,ph,7.472830621553267,-29.83545159799987,19.463053268605
2025-10-25 08:52:29.140800,S004,ec,1.098333507532428,-29.750705188390217,28.89100861289291
2026-05-17 06:52:29.140800,S001,ph,6.4940201775344955,-26.212431181170302,19.675824085025692
2026-07-14 19:52:29.140800,S002,ph,5.213276706091942,-25.938234930149157,30.688185977473353
2026-05-13 03:52:29.140800,S003,ec,1.4654746832075012,-31.846611419807516,21.546009982137832
2025-10-04 03:52:29.140800,S001,temperature,22.434141970784054,-29.002655173845987,18.9645201367701
2026-06-08 05:52:29.140800,S003,ec,1.1748740003392693,-33.85415489792962,25.309380639610936
2026-08-30 18:52:29.140800,S002,temperature,32.148238637980995,-33.314143198347175,29.80295556775668
2026-02-16 12:52:29.140800,S003,ph,5.577650681861993,-31.04974725946236,22.619631912688664
2026-01-30 01:52:29.140800,S002,temperature,38.7208060599477,-30.449152193244746,20.024504222124087
2026-05-26 05:52:29.140800,S004,humidity,83.33460873225896,-28.900430225988664,30.933989646150827
2026-08-21 23:52:29.140800,S003,temperature,25.74691801953861,-25.877270822683716,27.751786616549182
2025-10-14 19:52:29.140800,S005,humidity,59.514660420331424,-30.967741897935262,26.804601273750023
2026-04-14 11:52:29.140800,S001,temperature,16.00996654197454,-26.93414258265115,22.61598578529908
2026-09-23 05:52:29.140800,S003,ph,6.391768388120479,-30.25598614585552,22.415347950916825
2026-04-02 17:52:29.140800,S001,humidity,22.20214357683091,-33.60272840774328,21.31367221655111
2026-01-19 05:52:29.140800,S005,ph,5.756611578347816,-28.50311144904279,30.391399715393852
2026-01-30 01:52:29.140800,S005,ph,6.267641100046936,-26.410747718196504,23.02807305542756
2026-03-03 10:52:29.140800,S002,ec,1.6591471911148779,-30.195131124240195,28.036390886236788
2026-09-27 12:52:29.140800,S003,temperature,24.635901338543803,-28.38238917880411,30.213895695851335
2026-05-10 16:52:29.140800,S005,temperature,32.66606710300331,-31.752192990877784,29.603890501247093
2026-08-30 12:52:29.140800,S001,ec,1.6665456078325518,-32.86036651400147,19.728751102944067
2026-02-16 01:52:29.140800,S005,ph,6.2184979364529624,-24.467576320053944,27.32586410799442
2025-12-08 09:52:29.140800,S002,ec,10.210398876450322,-24.61850642827024,19.28276899612726
2025-10-13 01:52:29.140800,S001,temperature,24.981263200989535,-33.430236769164466,25.28634178098555
2026-07-29 02:52:29.140800,S004,temperature,29.60967390399354,-26.59231017093441,23.232177969603637
2026-03-11 09:52:29.140800,S004,ec,0.4136245783545702,-33.46598616541444,29.066192133280317
2026-09-02 10:52:29.140800,S001,humidity,44.12411810294129,-26.95498799260355,23.59748379947645
2026-01-30 10:52:29.140800,S003,temperature,24.077016781521216,-26.472835038279484,18.977314850951963
2026-03-16 18:52:29.140800,S003,ph,6.976026396488464,-29.27153805761349,31.59813180779006
2026-05-06 07:52:29.140800,S001,soil_moisture,0.8710957211032015,-25.53815383750287,26.21073906241487
2026-05-22 05:52:29.140800,S001,humidity,58.028436837464525,-29.89457767193699,23.409272012867838
2026-09-17 11:52:29.140800,S005,humidity,57.67299816456149,-28.97919734618285,29.40487400785673
2025-12-14 21:52:29.140800,S001,humidity,53.57229813752331,-28.307906890387663,29.223349520015823
2026-09-19 12:52:29.140800,S002,ec,1.3192258271679962,-28.984900759437398,27.75051514261311
2026-08-14 03:52:29.140800,S003,ec,1.4090912995175058,-33.72750644252609,27.788025702950925
2025-12-12 21:52:29.140800,S003,temperature,14.175972667130974,-33.75205354419614,23.316582679119545
2026-10-24 11:52:29.140800,S003,humidity,76.83196048271077,-24.960726728299214,31.0275581195583
2025-11-02 12:52:29.140800,S003,humidity,94.50618370886602,-30.17147661299973,20.16003213375985
2025-11-19 12:52:29.140800,S001,temperature,23.96828132064113,-29.288126239224944,25.976260343273296
2025-12-12 00:52:29.140800,S001,ec,1.9617881370131707,-31.049986637779085,28.422786386192676
2026-04-21 12:52:29.140800,S001,soil_moisture,0.31678947336355656,-32.78955478412236,30.89138413310286
2026-02-18 03:52:29.140800,S004,ec,1.2846659491381593,-30.906768287098824,30.882059817836748
2026-04-04 23:52:29.140800,S005,ec,0.5576895039848533,-24.028734351603767,21.4994460980021
2025-12-16 05:52:29.140800,S001,ec,1.0177204615773214,-24.531383610590698,28.910127714236406
2026-08-15 12:52:29.140800,S005,humidity,60.116380554143284,-29.587274725150422,19.07863197865778
2025-10-19 07:52:29.140800,S004,temperature,25.08377688519406,-33.67540390804173,24.273344542981356
2026-09-27 22:52:29.140800,S005,ph,6.935732354384906,-26.475164379096555,19.607372084096777
2026-05-25 13:52:29.140800,S002,ec,0.9329815339368085,-32.84108567925926,27.109578899265202
2026-02-02 13:52:29.140800,S002,humidity,92.31516276553288,-27.66070163482677,28.77210745141061
2026-01-12 05:52:29.140800,S005,temperature,33.244920751015755,-26.53472637288275,25.92798363277219
2026-11-01 00:52:29.140800,S004,temperature,46.88102886040956,-25.094109921866682,24.30256983305989
2026-08-25 17:52:29.140800,S002,ec,9.103328567147248,-24.367161058359258,19.192094967187707
2025-11-30 14:52:29.140800,S004,ph,6.536457287037586,-25.31841357010552,25.70707213390262
2026-04-02 17:52:29.140800,S005,soil_moisture,6.9675621079200285,-28.11610437302023,19.983428963425244
2025-10-05 01:52:29.140800,S002,ph,5.925792050055249,-24.977955372915297,18.41180843438783
2026-10-15 11:52:29.140800,S005,ph,6.433652036444136,-24.85761117490678,20.567353220741524
2026-10-12 22:52:29.140800,S005,temperature,22.106785925262447,-28.24622589027006,20.70489985217446
2026-05-03 00:52:29.140800,S002,temperature,20.921437632038472,-30.077173345442457,22.81118893431924
2026-05-27 21:52:29.140800,S004,ph,6.827544974548673,-27.67175747266586,29.710652442567437
2026-06-27 23:52:29.140800,S004,temperature,12.434588541983498,-33.5544448873993,18.065724448675134
2026-06-20 16:52:29.140800,S001,soil_moisture,0.5855106473149553,-30.03905475920765,18.20471552700723
2025-11-24 04:52:29.140800,S005,ec,1.9714516381450988,-24.56714893012117,26.133540153413936
2026-05-20 09:52:29.140800,S002,humidity,98.75537041866654,-30.49592348698976,29.321468919189186
2026-09-17 22:52:29.140800,S002,temperature,33.14027078252802,-24.132355062039675,20.146542634012544
2026-02-19 09:52:29.140800,S004,ph,-10.587223753052239,-25.3973859498481,19.950261867132188
2026-11-17 14:52:29.140800,S004,ph,6.799889875335104,-33.55647498960059,29.143397932285517
2026-07-09 07:52:29.140800,S003,temperature,11.393163868256268,-32.74734417363143,21.207846189853452
2026-11-19 14:52:29.140800,S001,ph,6.553066091918102,-32.929357162245104,19.273081231954738
2026-04-28 14:52:29.140800,S005,ec,1.8098065565283323,-30.80026048339874,21.153939277809048
2026-06-21 03:52:29.140800,S003,ph,6.81038218885257,-33.78366952620984,20.51812525761581
2025-11-25 06:52:29.140800,S005,soil_moisture,0.8032562545686077,-33.26400286020557,19.69392104625027
2026-04-18 06:52:29.140800,S002,ph,5.609269534196744,-28.82045886917652,25.21747645826662
2026-05-20 08:52:29.140800,S004,ph,5.427372861957278,-26.484183083962108,31.708455601507126
2026-02-11 01:52:29.140800,S001,temperature,9.253542140031035,-25.35363678567842,21.268217513148965
2026-03-17 10:52:29.140800,S005,ph,6.027288783883932,-29.340125347110945,21.63342439506036
2026-08-27 21:52:29.140800,S002,temperature,43.014401157159305,-24.37701310568145,25.832169471938975
2025-12-10 07:52:29.140800,S004,temperature,12.484257807461567,-33.71875340060256,25.744212839848316
2026-10-09 13:52:29.140800,S001,soil_moisture,0.48254006039457786,-33.57668503900033,19.851400669402054
2025-11-02 12:52:29.140800,S003,soil_moisture,0.47791252470776724,-27.89638237150219,22.378576396015028
2026-01-28 04:52:29.140800,S005,ec,1.9573384729451342,-30.68081269908167,29.941123595923038
2026-03-23 11:52:29.140800,S004,soil_moisture,0.34712775012266817,-24.17836096269695,26.631133684730347
2026-01-28 07:52:29.140800,S002,ph,6.454444725448911,-31.395117087435388,27.650077413063865
2026-08-27 07:52:29.140800,S002,ec,1.3338181915560239,-28.12242737524097,21.570432745836886
2026-06-07 22:52:29.140800,S001,ec,1.8047540368820139,-33.131933282966166,29.67317457136565
2026-03-10 12:52:29.140800,S001,ph,7.1983460450351675,-28.256152638367592,22.43080514891817
2026-01-12 23:52:29.140800,S002,ph,6.1495054455785105,-25.956929491270202,30.330030465213802
2025-11-01 16:52:29.140800,S002,ph,7.422139791675389,-29.804578283259296,24.27661772582796
2025-10-31 20:52:29.140800,S002,humidity,69.05289477984655,-33.89340508399593,31.251901154271664
2026-10-06 13:52:29.140800,S003,temperature,25.763751851857204,-26.939951862026206,27.777915353122815
2026-04-27 06:52:29.140800,S002,soil_moisture,0.33582262575014965,-26.460261502142558,29.556980549222306
2025-12-26 02:52:29.140800,S001,humidity,58.22706614308439,-28.786691784218647,23.481949016008432
2025-11-27 12:52:29.140800,S005,soil_moisture,0.6469041043447376,-31.66228319929927,27.340846720128603
2026-07-05 21:52:29.140800,S003,ec,-8.658208533382794,-27.679550294809392,21.03459062323974
2026-08-22 09:52:29.140800,S004,ph,5.862996043901529,-30.910650805446952,19.15522943573144
2026-04-05 12:52:29.140800,S005,ec,1.447808237271071,-33.94835604130375,28.776906076697234
2026-11-08 03:52:29.140800,S002,soil_moisture,0.5938315665178778,-25.719037644012523,19.109781264770703
2026-09-23 17:52:29.140800,S002,soil_moisture,0.6241664323848322,-25.487094981745933,31.999135641704385
2026-10-16 23:52:29.140800,S002,ph,6.952052613290815,-24.522184489187033,25.111261762551038
2026-09-25 05:52:29.140800,S005,humidity,30.528774656043844,-27.901148540033006,24.09254703472184
2026-01-05 07:52:29.140800,S005,humidity,85.12782811798576,-31.917713874661874,31.462860114368862
2026-01-27 13:52:29.140800,S004,ph,6.484237361227751,-31.357801541940102,25.067940278726923
2026-02-07 13:52:29.140800,S001,ec,1.5124460421080148,-27.549112426305996,30.649253186730576
2026-02-22 20:52:29.140800,S004,ec,1.049028978423907,-27.631157027484907,21.197054591435055
2026-07-25 02:52:29.140800,S003,ph,6.310021163466861,-27.643122071100024,19.94583463896338
2026-09-19 01:52:29.140800,S005,soil_moisture,0.28671518725123174,-29.04236518542345,29.449394654518493
2025-10-11 12:52:29.140800,S004,temperature,19.437728479057803,-26.09350357660563,20.70179967133422
2026-10-01 16:52:29.140800,S005,temperature,27.648684963955485,-27.900425667082835,31.999527319610785
2026-04-14 06:52:29.140800,S004,humidity,78.80202714354819,-24.747496674200242,30.456164542716714
2026-02-24 03:52:29.140800,S002,temperature,45.10197856367824,-33.65270745283431,25.82216098520745
2026-08-20 16:52:29.140800,S005,temperature,23.40394367507838,-24.547934355349106,18.55867817559662
2026-08-24 15:52:29.140800,S001,ec,1.4388543969415761,-32.8886305894126,31.614730545503058
2026-10-22 13:52:29.140800,S002,soil_moisture,0.5200557623295241,-27.547539312051953,18.861123085511714
2026-05-03 22:52:29.140800,S001,humidity,56.65374500373432,-25.142533760129066,30.401214959854357
2026-07-24 02:52:29.140800,S002,ec,1.5317966381676351,-30.19252174738364,19.066178754817432
2025-12-12 09:52:29.140800,S002,ph,5.9969083805201295,-25.705209143976433,27.614906046977318
2026-06-25 06:52:29.140800,S005,ph,6.616752386466697,-24.966833807907694,25.897688472423635
2026-06-07 20:52:29.140800,S001,ph,6.850016797580276,-28.996815403735823,26.509229703748744
2025-10-13 07:52:29.140800,S003,temperature,7.5426653979900635,-24.190035626246114,23.2697828506747
2026-03-06 18:52:29.140800,S003,temperature,33.16057775880451,-28.949716585519923,29.075557954390682
2026-01-27 09:52:29.140800,S003,humidity,69.23520420672712,-33.46179584249341,20.46703378824716
2026-11-15 19:52:29.140800,S005,humidity,58.88691365983351,-30.7130044776838,25.774393100245174
2026-07-06 21:52:29.140800,S002,ph,5.948081160129332,-25.83670405413814,22.443666473269236
2025-10-06 18:52:29.140800,S005,ec,1.4028240726233172,-31.090526357478783,27.33088861875415
2026-04-01 04:52:29.140800,S002,soil_moisture,0.33227732063182125,-26.14678490730026,28.5443160804841
2026-09-18 18:52:29.140800,S003,temperature,28.33466366985403,-30.945263133071478,21.43400286885137
2026-08-07 20:52:29.140800,S004,temperature,29.8733002763575,-28.701104093488055,24.679521290841524
2026-08-06 20:52:29.140800,S004,humidity,44.61703771948702,-25.266690802649116,21.85450942637935
2026-02-09 04:52:29.140800,S002,ph,6.639870391786463,-24.919464094368465,28.493124181091662
2026-06-18 12:52:29.140800,S005,ph,5.962977845590874,-31.131336851261416,18.00736553388602
2025-11-07 23:52:29.140800,S001,soil_moisture,0.5131995019191459,-26.34746378863004,21.49394955922729
2025-10-06 21:52:29.140800,S005,humidity,57.141704379263466,-24.753605403998193,27.404648860119174
2026-09-04 07:52:29.140800,S002,ec,1.7884137477890525,-30.306483062147727,18.241413367007514
2026-08-26 23:52:29.140800,S005,ph,6.84394956732385,-27.86669835071627,26.420195452470992
2026-06-23 10:52:29.140800,S005,soil_moisture,0.5631680074151264,-26.512186541675757,22.77586586367925
2026-06-29 03:52:29.140800,S001,humidity,35.079827096668886,-28.91321661464099,29.269032180875886
2025-12-25 15:52:29.140800,S002,soil_moisture,0.4388329787822527,-31.515029020203848,25.360194569815082
2026-09-25 16:52:29.140800,S003,soil_moisture,0.36490935563442295,-26.64912814363255,19.92196829403147
2026-08-26 12:52:29.140800,S004,ph,5.966751249463517,-32.88980946780291,21.3487597143767
2025-11-08 01:52:29.140800,S001,humidity,18.858260715027853,-26.683726235134113,20.285637518644506
2026-07-04 22:52:29.140800,S003,temperature,28.650662311194623,-32.159951063625556,22.352273223694215
2026-10-13 19:52:29.140800,S001,humidity,74.18632166144019,-26.427466700278465,21.388796522691187
2026-05-13 07:52:29.140800,S002,humidity,81.14296265644055,-26.099276695170218,29.47087836857464
2026-07-09 08:52:29.140800,S005,ec,0.9598546130751283,-29.130784887414453,30.206430022360266
2026-06-11 18:52:29.140800,S004,ph,5.203973423402244,-33.690593776101615,25.696985218068995
2025-10-25 06:52:29.140800,S005,temperature,25.274644099653322,-30.202532998007616,30.4189356959376
2025-11-18 12:52:29.140800,S001,ec,1.66220346420533,-28.173005585386576,26.81958995514069
2026-10-01 16:52:29.140800,S005,temperature,18.113375833014988,-30.037758013028615,27.061343855759187
2026-11-15 15:52:29.140800,S005,ec,1.7576030260590778,-24.851101389946663,20.607749118827595
2026-06-23 05:52:29.140800,S004,humidity,44.51515901605963,-26.630136011840158,30.80154241794989
2026-04-26 00:52:29.140800,S003,temperature,28.336317372393413,-25.251897977359867,30.656371054603525
2026-11-13 01:52:29.140800,S005,temperature,16.41505106873756,-26.11437855089106,20.01252390389776
2026-05-20 18:52:29.140800,S001,ph,5.974417556691067,-30.56865590717929,19.009069404159764
2026-04-22 20:52:29.140800,S003,ec,1.4809832869075736,-26.651277794193522,27.738961049264557
2026-10-15 12:52:29.140800,S002,soil_moisture,0.4835910014755955,-27.74280770895038,25.379334597704336
2026-06-13 02:52:29.140800,S001,ec,1.4368613251067455,-25.94784415294396,23.844108686315785
2025-11-10 08:52:29.140800,S005,ec,1.4716185608915662,-30.398892327418917,22.20984372867354
2025-11-23 06:52:29.140800,S004,temperature,16.603590839475014,-33.620655243981176,27.204776182692168
2026-06-16 16:52:29.140800,S005,ph,6.11111501503673,-29.70005842577447,30.855874095569614
2026-06-14 00:52:29.140800,S005,ec,0.9748776421730773,-29.980517638728504,18.760985519868584
2026-10-25 11:52:29.140800,S002,soil_moisture,0.4434780748710627,-31.693326528014254,31.826062673537884
2026-03-31 20:52:29.140800,S005,ph,6.477002464200494,-28.890364040372123,30.534373248569224
2026-07-14 01:52:29.140800,S003,ec,1.3834116877755116,-31.887771288083435,20.785711872592604
2026-01-05 12:52:29.140800,S002,ec,-12.953233939425415,-30.513352977350365,29.877244038407458
2026-06-25 15:52:29.140800,S005,temperature,34.504063485481865,-30.018100460495592,20.87164449542271
2025-12-15 22:52:29.140800,S003,soil_moisture,0.44792555526241745,-27.711550144521212,29.582929283652078
2026-03-29 12:52:29.140800,S005,ph,6.361402751230687,-27.660235528274388,21.239525992497963
2025-10-03 15:52:29.140800,S005,humidity,57.70139970671825,-30.11355755267231,27.18995502245698
2026-11-07 17:52:29.140800,S003,ec,1.709628772340874,-32.77631274877075,30.300646414257788
2026-10-20 00:52:29.140800,S003,ec,2.370694276152323,-32.565814529516935,20.277085133496918
2026-01-04 17:52:29.140800,S003,ec,2.037979998547597,-27.571195135576133,25.149770002890904
2026-10-19 04:52:29.140800,S002,humidity,63.06827033571823,-30.431615851896854,30.366406857433695
2026-11-09 20:52:29.140800,S002,temperature,33.46612439841182,-33.799189289769814,24.415424557739513
2026-11-11 07:52:29.140800,S001,ph,6.09020959349784,-33.6656563944761,31.581128631908644
2026-09-19 07:52:29.140800,S003,humidity,53.73206587054141,-27.12096484262408,23.469463481254618
2026-07-27 16:52:29.140800,S004,ec,1.9290695776343232,-26.614112591992466,25.887584938825455
2026-09-26 10:52:29.140800,S002,humidity,72.42959508228265,-24.737142664604907,24.831259824037918
2026-05-29 22:52:29.140800,S002,temperature,35.28872023356964,-33.72014357731808,24.457947421545953
2026-03-15 11:52:29.140800,S003,ph,6.229777535869973,-32.919090038386905,20.925818782498435
2026-04-07 21:52:29.140800,S004,temperature,24.272553112756103,-33.891910740727475,28.491161026952383
2026-07-11 14:52:29.140800,S003,ph,6.41035760923405,-30.41012380417131,29.32935343924032
2026-04-03 06:52:29.140800,S004,ph,7.031317912957738,-25.661005838778262,23.697484537537772
2026-06-27 01:52:29.140800,S002,soil_moisture,0.4704660356280037,-29.504150533869034,31.64637124795754
2026-03-07 07:52:29.140800,S003,ec,1.9918768011827714,-32.79493308441275,31.121264519353367
2026-03-14 04:52:29.140800,S005,humidity,68.81949480843312,-31.948879963672802,28.776881757239423
2025-11-18 05:52:29.140800,S002,humidity,69.86165670300298,-32.14552645931819,19.93235252557288
2026-09-18 19:52:29.140800,S005,ph,6.573314454041703,-31.821313832149237,30.91272584468888
2025-11-25 04:52:29.140800,S005,temperature,47.44427567612202,-31.034663066704653,30.852219101848263
2026-07-08 02:52:29.140800,S005,humidity,51.87045952730813,-28.407243995251246,24.009224647938048
2026-01-27 02:52:29.140800,S003,soil_moisture,0.3110251396895005,-24.88492470658712,18.26417545151609
2026-06-04 07:52:29.140800,S005,temperature,10.909535531688197,-28.28832583695185,29.965697001126212
2026-08-19 20:52:29.140800,S004,soil_moisture,0.5162651842368722,-30.68902255686932,20.50626091857547
2025-11-24 10:52:29.140800,S002,soil_moisture,0.17372752647968476,-24.943018196506845,18.362351228404513
2025-12-16 22:52:29.140800,S003,ec,2.1031263807494947,-25.794997216275128,21.0152046081711
2026-01-11 11:52:29.140800,S003,temperature,41.27225919123319,-31.949114187111327,22.450973027931646
2025-11-05 01:52:29.140800,S003,ph,10.394363497123866,-24.22930283882825,26.900958829591893
2026-11-17 02:52:29.140800,S001,ec,1.2320969277548395,-28.70190188886682,31.71718519856849
2026-07-02 06:52:29.140800,S002,ph,6.155311217951478,-25.75658545727711,30.143755403498865
2026-10-21 04:52:29.140800,S005,ph,7.2347938468281265,-29.679319966867837,29.081703350561074
2026-02-04 19:52:29.140800,S001,ec,1.627617988097345,-26.905499674900327,31.81969420256525
2026-09-27 03:52:29.140800,S004,ph,7.063442033691426,-33.58311848926754,20.854264662439412
2026-03-20 15:52:29.140800,S004,ec,1.3158774699785085,-27.01399703790733,23.452122793083888
2026-06-01 05:52:29.140800,S003,soil_moisture,0.6168692296311594,-24.95209142142769,28.721012959310748
2026-02-03 02:52:29.140800,S002,humidity,65.5265344240587,-33.313048941490116,29.429183538770253
2026-01-14 07:52:29.140800,S005,humidity,72.46403969488566,-30.492936028112577,18.04560400308763
2026-08-09 00:52:29.140800,S005,temperature,23.169940864406414,-24.985683406096694,30.480046592910206
2026-02-06 15:52:29.140800,S004,ph,6.613043343828722,-26.903430634334924,27.82250480318747
2026-10-06 18:52:29.140800,S003,ph,6.788970196100799,-28.563244075626862,20.211277085541354
2026-10-25 23:52:29.140800,S002,humidity,42.643034847188474,-31.817844776577783,21.37587111010112
2026-10-16 00:52:29.140800,S005,soil_moisture,-12.64077394221366,-28.247505230222895,29.199623579455597
2026-04-10 04:52:29.140800,S002,ph,5.564432862497764,-25.350778287785083,28.92981026493206
2026-06-21 19:52:29.140800,S005,humidity,82.40797621391067,-27.31215869442571,23.719194504361095
2025-10-24 04:52:29.140800,S005,soil_moisture,0.48416445624506194,-29.760959781645546,31.71960115329157
2026-07-11 00:52:29.140800,S005,temperature,27.09122211777309,-30.616066351779942,27.860548928428265
2026-08-20 03:52:29.140800,S002,ph,6.0798068164250365,-26.390978401467244,19.680345088415745
2026-11-18 14:52:29.140800,S001,temperature,2.3179016137949446,-28.716008471735428,22.79423679523314
2026-01-01 19:52:29.140800,S004,humidity,17.75650441364843,-26.034748795274304,30.626991244060054
2026-10-29 12:52:29.140800,S001,humidity,96.90601873559606,-32.6315887787132,18.547163267698547
2026-01-25 18:52:29.140800,S005,ec,2.136195467800453,-26.574082861288293,21.675913979008403
2025-10-18 13:52:29.140800,S001,ec,1.7420093265261003,-32.469733043107794,19.989264801494446
2026-08-10 02:52:29.140800,S003,humidity,55.59188277441246,-31.967710449161384,31.454448272069165
2025-11-19 17:52:29.140800,S001,soil_moisture,0.24076176003771904,-26.890098200616563,24.63444207668183
2026-03-14 17:52:29.140800,S002,ec,0.48555740762678035,-32.98424529237165,20.71615715424601
2026-04-30 20:52:29.140800,S002,ec,-3.5217528323410976,-28.911893680301887,19.25359227565581
2025-11-05 01:52:29.140800,S001,soil_moisture,0.23536186932051034,-31.254672686286643,23.16985067972728
2026-06-30 12:52:29.140800,S001,ph,5.994546209617239,-27.199289278587287,19.400133835819226
2026-03-31 17:52:29.140800,S001,humidity,52.046864863906876,-25.819083897043043,23.757768675076406
2026-06-12 11:52:29.140800,S005,ph,7.043042211947595,-33.22440334423574,23.79049420052974
2025-12-29 21:52:29.140800,S001,temperature,18.0646359206538,-32.083165121524154,22.289312952164195
2026-04-29 07:52:29.140800,S004,ec,-0.2217834992579073,-26.322423955349386,23.38571040489395
2026-03-07 03:52:29.140800,S003,humidity,72.34974062127468,-29.231067899624165,30.065832428889927
2026-06-11 10:52:29.140800,S004,temperature,21.11970526468771,-27.932256905487264,21.714863258425318
2025-11-06 01:52:29.140800,S001,ec,2.108366977589,-24.961132021147815,26.416939204451275
2026-02-24 20:52:29.140800,S004,ec,1.8859824747912615,-31.482162714541822,19.59842418669155
2026-07-18 14:52:29.140800,S002,soil_moisture,0.5679548549063697,-26.876650320113658,30.1246389061773
2026-06-26 22:52:29.140800,S004,soil_moisture,0.2883148597541194,-25.65203191397166,23.988607011981525
2026-08-19 21:52:29.140800,S002,soil_moisture,0.606298865010721,-29.98554684750645,25.696455783818326
2025-12-18 02:52:29.140800,S001,ph,6.302680863973055,-33.7295644378525,27.75937050703515
2026-07-21 00:52:29.140800,S003,temperature,19.146229853585226,-33.212370775546404,25.856533102035062
2026-03-15 06:52:29.140800,S003,soil_moisture,0.5043388559999912,-32.257273522093186,20.315090738129403
2026-11-17 00:52:29.140800,S005,soil_moisture,0.4868911626281263,-32.70253405552855,20.178933480021854
2025-12-25 03:52:29.140800,S004,temperature,28.195302454336154,-33.87904203928388,29.389027658913342
2026-10-21 10:52:29.140800,S004,temperature,21.821936181197216,-27.982723612240605,22.96102069830475
2026-01-28 06:52:29.140800,S002,soil_moisture,0.35674454562468627,-30.861104334537742,23.36893381136281
2026-10-13 04:52:29.140800,S005,soil_moisture,0.4313797881232221,-27.196514247546887,28.787311302824484
2025-10-05 04:52:29.140800,S001,ph,6.723878300753037,-31.116162428132107,31.777446396357647
2026-03-26 16:52:29.140800,S004,ec,1.2167193729082184,-32.668361776967686,18.06827328003617
2026-09-03 02:52:29.140800,S003,humidity,67.91633596012579,-28.74208754426986,21.239934446843478
2026-10-18 03:52:29.140800,S003,temperature,14.927851422962819,-27.86456385666325,25.190111747526768
2026-08-17 00:52:29.140800,S003,temperature,30.650729463858134,-26.305285016867714,31.353061165735397
2026-07-27 16:52:29.140800,S003,ph,6.654284163991143,-30.177102869251893,23.99013704056842
2025-10-22 14:52:29.140800,S003,temperature,28.7644880725772,-25.320420366731494,24.78090612780101
2026-10-21 14:52:29.140800,S005,temperature,25.274243290101893,-30.34486849069716,30.11345481125043
2026-07-12 23:52:29.140800,S003,humidity,27.923254103774354,-33.94939072800324,18.008922560477124
2026-09-30 09:52:29.140800,S005,temperature,19.853988140287512,-30.583001969449505,20.6393792719145
2026-01-27 20:52:29.140800,S001,soil_moisture,0.32493541927999037,-30.99202030003619,21.00147289028329
2025-11-20 21:52:29.140800,S002,ec,1.343553360225778,-29.21583224283064,20.779504641655183
2026-03-31 21:52:29.140800,S002,temperature,17.606311242538943,-31.587787784899543,20.088633844016243
2025-11-12 22:52:29.140800,S003,humidity,59.192100912597745,-31.341141154007044,27.672445571721028
2025-11-13 00:52:29.140800,S004,ph,6.419662201787396,-31.772340925475344,30.354431778238684
2026-05-11 08:52:29.140800,S003,temperature,40.02144379839564,-25.512971210144514,25.082211347432207
2026-09-23 12:52:29.140800,S001,temperature,21.16282934511258,-32.63180188102137,30.908328417397435
2026-05-30 15:52:29.140800,S005,temperature,30.562236119458056,-32.69508532598057,18.750399096071266
2026-09-11 13:52:29.140800,S001,temperature,12.813017714555505,-24.813197958104265,18.036112015523514
2026-06-29 15:52:29.140800,S001,ec,1.4070421466297212,-33.163841079778045,29.67606271800807
2026-07-11 02:52:29.140800,S002,soil_moisture,0.2786107593470266,-33.13171128732148,21.42449398149575
2026-10-05 02:52:29.140800,S001,ph,6.119463964558008,-32.78185113929331,25.993529955792763
2026-03-19 05:52:29.140800,S004,ph,-8.117330498041905,-30.838430727395707,25.314324468204916
2026-10-18 20:52:29.140800,S003,ph,7.1149114267851505,-27.55486886306977,29.505587147466805
2026-05-08 12:52:29.140800,S005,soil_moisture,0.6881152776091859,-33.55568765712052,24.948789947916936
2025-10-29 20:52:29.140800,S005,ph,7.071124598813404,-27.364112107445333,22.493074274312576
2026-05-17 08:52:29.140800,S003,humidity,73.23910075075318,-33.35261862411219,28.93302254174193
2026-09-26 18:52:29.140800,S003,soil_moisture,0.5378353348395376,-32.55151590201257,24.599582572065774
2026-10-29 09:52:29.140800,S003,soil_moisture,0.3260146633354679,-27.6121430200974,22.378865892811987
2026-08-18 22:52:29.140800,S003,ph,6.131111406131779,-27.64536457709212,30.472705647309954
2026-08-31 06:52:29.140800,S002,ph,5.505172667354147,-32.8431021539463,22.75918488571353
2026-07-24 17:52:29.140800,S005,humidity,79.15087447834745,-28.785822618531068,19.669222195106194
2026-04-12 03:52:29.140800,S004,ph,6.8818522534161986,-27.99998245004673,22.60509973428715
2026-10-12 20:52:29.140800,S002,humidity,31.980204167256396,-30.226905842627776,25.01978223903451
2026-07-15 23:52:29.140800,S005,soil_moisture,0.6165045218446941,-25.571410229139204,28.96025203888223
2025-10-18 23:52:29.140800,S004,ph,5.694982510887989,-28.764156133868248,27.23330316917365
2025-12-13 10:52:29.140800,S001,humidity,83.66263858495958,-28.57225295762487,29.659708929133565
2026-08-31 13:52:29.140800,S004,temperature,36.71953033285867,-27.048554109357994,26.292823421158865
2026-04-12 04:52:29.140800,S003,ph,5.557983032652609,-26.230920247876284,31.164216744948938
2026-04-20 11:52:29.140800,S003,humidity,49.63986771614203,-31.122801495057182,23.419203214437086
2026-08-18 10:52:29.140800,S005,ph,6.289218362239823,-24.08304895659557,20.50453854728539
2026-08-14 12:52:29.140800,S001,ec,1.7920239708482029,-33.45375283593831,30.553081969046893
2025-10-19 00:52:29.140800,S002,ph,6.892815070869614,-30.357682400566027,19.800794309090016
2026-03-24 13:52:29.140800,S003,ec,1.927494099159726,-25.90766519603774,18.765614028342895
2026-03-15 20:52:29.140800,S002,temperature,21.30289815567664,-29.740050291641374,19.75733770463633
2026-10-23 08:52:29.140800,S005,temperature,30.1023849904699,-31.05751644152911,31.793673815540764
2026-06-08 03:52:29.140800,S001,humidity,59.54840427583844,-33.72802295375574,29.330800454626203
2026-09-05 07:52:29.140800,S004,ph,6.594241562582572,-27.241202518238442,26.27704375380292
2025-11-15 00:52:29.140800,S005,ph,-11.331862367591446,-26.818584178183933,22.712590940823468
2026-06-13 01:52:29.140800,S003,temperature,19.786123518034515,-28.947089513628235,23.640055798642706
2025-10-22 06:52:29.140800,S002,soil_moisture,0.3537114470468721,-26.374470989548136,25.448828567278817
2025-11-08 12:52:29.140800,S004,ec,1.4904326660723584,-26.26979573821439,30.267961895493997
2026-01-24 22:52:29.140800,S004,soil_moisture,0.4428421458619317,-32.25669841418006,27.00620013092266
2026-10-13 00:52:29.140800,S003,temperature,33.80208553319417,-25.778324295243753,19.07997316131014
2026-05-18 08:52:29.140800,S005,ph,6.388368522977727,-29.128993769911627,27.662589456735112
2026-02-18 11:52:29.140800,S001,ec,1.2369064729532897,-30.995360545459608,27.755153806799417
2026-01-24 18:52:29.140800,S004,ec,2.6985102770305325,-26.305254869740068,29.163156066687744
2025-12-09 22:52:29.140800,S005,humidity,68.2880745467181,-27.26969549277422,29.687302401700972
2026-06-21 00:52:29.140800,S005,ec,1.3281007205250528,-30.923691945863737,31.246893885519633
2026-07-29 16:52:29.140800,S002,humidity,84.86900588782203,-24.239011877323772,26.06358161558329
2026-10-22 08:52:29.140800,S004,humidity,90.88036818836946,-28.226559697075842,31.062271242452063
2026-10-22 14:52:29.140800,S004,ec,1.8334712596445661,-30.94168233105126,21.267084618444684
2026-04-02 03:52:29.140800,S005,soil_moisture,0.33171381165483593,-28.942136363812665,19.319848567350782
2026-02-14 03:52:29.140800,S004,temperature,32.06032241110733,-27.92300755338031,30.194558150811808
2026-09-02 07:52:29.140800,S005,humidity,36.58948332923784,-32.31370169393111,26.264764241591266
2026-10-18 23:52:29.140800,S004,ec,2.519241875201449,-30.05185014100207,22.649549618755024
2026-10-23 15:52:29.140800,S002,ec,0.9558687555119927,-27.887318188779936,29.59610667785813
2025-12-02 18:52:29.140800,S003,ph,19.079515617708086,-24.668730522261228,27.71493038874275
2026-05-08 21:52:29.140800,S005,soil_moisture,0.4090025901826715,-29.02175803837401,21.588608448049953
2026-04-18 11:52:29.140800,S003,ph,6.164789568290414,-31.99389120045415,21.741353681436618
2026-03-19 04:52:29.140800,S001,soil_moisture,0.4796392868240017,-25.580591474890518,22.164267705424137
2026-03-30 14:52:29.140800,S003,ec,1.4873354039226863,-29.777050968267474,27.545922543043318
2026-08-25 14:52:29.140800,S005,temperature,38.20957264042813,-30.52889153267535,31.523377324717785
2026-08-08 08:52:29.140800,S001,humidity,30.93638884641034,-31.22642842560329,30.36924960923095
2026-11-21 12:52:29.140800,S005,ph,6.531792090034683,-30.613707399847122,30.303989825866466
2026-05-05 21:52:29.140800,S005,ph,6.677796652138733,-29.31584534943873,28.96942340179758
2026-06-24 20:52:29.140800,S003,ph,6.446532710832874,-27.16168040865037,20.078290981016604
2026-02-09 17:52:29.140800,S003,temperature,39.1782491544067,-31.59120135861016,18.32214045146102
2026-04-28 05:52:29.140800,S003,humidity,17.643802348741076,-28.280773612303406,18.707787108847416
2025-11-02 19:52:29.140800,S005,ph,6.8057002749108575,-27.34605552370907,24.186904540501907
2025-12-23 17:52:29.140800,S004,ph,7.118989943378488,-26.076155208913615,18.136691421983397
2026-05-23 17:52:29.140800,S005,soil_moisture,0.5221992468356962,-27.90694163135594,28.055526977564092
2026-10-31 18:52:29.140800,S001,ph,6.954572564418634,-33.552742348124895,22.383910668544942
2025-11-14 08:52:29.140800,S004,ph,6.3180999477090545,-33.124232741656385,20.86898197356916
2026-07-28 18:52:29.140800,S003,humidity,69.47723241176844,-32.6642497135186,18.26688807367305
2026-03-25 18:52:29.140800,S005,humidity,98.77835005998628,-27.89643994340166,27.83911427330905
2025-11-13 10:52:29.140800,S002,ec,1.8871673149327757,-27.8161216945899,21.60755572251618
2026-08-06 11:52:29.140800,S005,ph,6.804716776662696,-26.917433829307768,28.430663596568664
2025-12-07 02:52:29.140800,S004,ph,6.727846407851491,-33.127670154175085,19.100562146812152
2026-05-21 01:52:29.140800,S003,ph,6.905168966430809,-24.38610031260876,18.81212453931321
2025-12-22 11:52:29.140800,S005,soil_moisture,0.6518921237945378,-26.968327276176417,24.791526567682265
2026-03-25 22:52:29.140800,S003,ph,6.660031309688454,-27.823367161476405,22.073452840119547
2026-11-07 14:52:29.140800,S003,humidity,79.45001091625022,-33.348756663794525,30.65518248884502
2026-05-26 08:52:29.140800,S002,temperature,6.252434324113214,-29.45380810962793,29.217498748898983
2026-01-30 04:52:29.140800,S003,ec,1.0947244372565643,-31.204600903906744,29.480054605114475
2025-11-16 11:52:29.140800,S004,humidity,81.01160635529985,-24.43724946603736,29.182966648156945
2025-12-25 04:52:29.140800,S005,ph,6.021978956845534,-31.134795084693398,29.426650929396608
2025-11-03 07:52:29.140800,S001,ec,1.1325363223736802,-28.545370679824856,19.967775140223583
2026-01-23 12:52:29.140800,S001,soil_moisture,0.48587983834556614,-25.200746497519766,22.963580454661948
2025-12-17 11:52:29.140800,S004,ph,6.915679126757099,-29.409845243867675,26.66445265572909
2025-12-05 23:52:29.140800,S005,soil_moisture,0.6505447970220516,-32.41522764418898,27.04026769739815
2026-03-07 00:52:29.140800,S003,ec,0.9665773550602778,-29.658249352254835,19.630351493102346
2025-11-13 04:52:29.140800,S001,ec,1.4754738736033572,-31.99031856644323,25.049245916377465
2026-06-02 02:52:29.140800,S003,ec,0.6243941620338086,-25.352494324209104,24.48677567854107
2026-02-27 00:52:29.140800,S001,ph,5.737451558644149,-32.561372007163364,19.272550602694565
2026-09-10 17:52:29.140800,S005,soil_moisture,0.59516268592481,-24.211562742638073,28.08034907382147
2025-10-21 15:52:29.140800,S001,temperature,20.32601802267675,-25.203179529922686,22.790127297922375
2026-05-28 17:52:29.140800,S005,humidity,44.7852114746626,-31.62490495192416,23.473358286553438
2026-07-12 01:52:29.140800,S004,temperature,13.039087835240155,-24.62546660825143,24.617477829892195
2026-05-03 00:52:29.140800,S004,soil_moisture,0.39682161653084863,-28.57380038203423,28.433135089418407
2026-10-26 23:52:29.140800,S002,ec,2.3991731495555157,-24.77572466159836,21.48820164019717
2025-12-31 14:52:29.140800,S001,soil_moisture,1.2108348651266663,-25.629358436588156,26.739798295340556
2026-08-16 18:52:29.140800,S003,soil_moisture,0.479326836253162,-26.975002157136977,31.536134343373952
2026-06-30 18:52:29.140800,S004,humidity,33.33582952624704,-32.2876144264808,30.164010717104794
2026-09-07 22:52:29.140800,S004,humidity,72.98475408906569,-27.605454523069355,22.11154344464653
2025-11-16 21:52:29.140800,S001,humidity,65.62080152403365,-33.39967499045912,19.308707427358744
2026-11-17 09:52:29.140800,S004,ph,6.300068060642658,-30.25401570898606,27.866437621292732
2026-02-21 12:52:29.140800,S002,ph,6.890534326009476,-24.348290680225546,20.99252854072396
2026-08-26 15:52:29.140800,S003,ph,6.095488293210173,-26.776506158808388,23.627984700593792
2026-02-25 12:52:29.140800,S002,ph,6.396993791238602,-29.787476025438316,28.842755907360804
2026-08-29 13:52:29.140800,S003,soil_moisture,0.46359732749697946,-31.822540523682775,20.202594115840384
2026-06-05 16:52:29.140800,S002,soil_moisture,0.34248683782509115,-31.464936236125933,30.8308591083341
2026-06-02 13:52:29.140800,S002,temperature,25.939534048337432,-31.229465710008608,23.825062900714315
2026-09-02 18:52:29.140800,S002,ec,1.4066490282924269,-30.750583685020864,19.076863525610126
2026-11-04 10:52:29.140800,S002,ec,1.730348005637578,-26.77558789328039,31.74213339675515
2025-12-15 08:52:29.140800,S002,ph,6.306046198851565,-28.77630946367589,24.589773979599258
2026-01-10 08:52:29.140800,S003,soil_moisture,0.5930730701177438,-27.201542217125752,18.418907294187534
2026-11-15 23:52:29.140800,S001,ph,6.246057119300647,-28.018900639500913,20.70544919580928
2026-11-15 00:52:29.140800,S002,ec,0.3153587842631985,-33.86518506946052,21.76697066503635
2026-05-22 23:52:29.140800,S001,soil_moisture,-13.700620291188711,-27.155715183688606,18.277366135333864
2026-06-12 01:52:29.140800,S005,temperature,28.400567804535,-29.651689179946928,22.666764008435806
2026-08-24 21:52:29.140800,S003,humidity,82.63732907202413,-28.261458589259114,28.342730917717752
2026-02-21 09:52:29.140800,S002,humidity,64.39362829933538,-25.820974669279543,23.44018329548603
2026-07-21 18:52:29.140800,S004,temperature,14.101650389530793,-32.136916418748896,23.098269476016355
2026-08-22 00:52:29.140800,S001,humidity,106.67963291455224,-29.29587174478815,22.729557678108172
2026-03-31 06:52:29.140800,S004,soil_moisture,0.25925278694536286,-30.994300410512942,20.383217079328396
2026-08-20 16:52:29.140800,S004,humidity,74.91366537973045,-32.09569026663804,25.853622456953655
2026-04-06 23:52:29.140800,S005,temperature,28.7174526847287,-30.63032206681649,28.03717474109302
2026-07-04 06:52:29.140800,S001,ph,7.107768268823257,-30.84315345943524,23.471667275367235
2026-10-15 00:52:29.140800,S005,soil_moisture,0.387407012170241,-24.234196653281373,22.248286696308533
2026-06-20 13:52:29.140800,S001,ph,7.796933565232676,-31.907403346270165,20.283584253903296
2025-12-21 02:52:29.140800,S001,ec,4.0388846841121975,-30.290452158388227,31.590591719000997
2026-01-21 14:52:29.140800,S002,humidity,45.509767685897195,-31.157163606820177,22.1624109675218
2025-11-20 17:52:29.140800,S003,ph,6.81286121059851,-32.669543435618685,29.98989345938487
2026-07-23 06:52:29.140800,S001,humidity,88.09993090789705,-33.35970090514688,18.684764001757053
2026-08-09 07:52:29.140800,S002,soil_moisture,0.5402883800090141,-24.836799174769997,19.490618308313476
2026-01-16 11:52:29.140800,S005,soil_moisture,0.4736832776442196,-25.782606875902935,21.380163441268913
2026-09-07 03:52:29.140800,S001,humidity,87.92715295426552,-33.66747989539485,22.24720696386258
2026-07-10 05:52:29.140800,S004,ec,1.1656162874502343,-28.64789953831624,18.19238897440326
2026-11-13 00:52:29.140800,S001,ph,6.022064280895379,-30.804507900425747,20.038214692313534
2026-03-23 10:52:29.140800,S005,ph,7.407676009780483,-24.45437270960084,24.77430554516517
2026-08-06 22:52:29.140800,S005,temperature,25.60381626833342,-24.95493813715701,22.48778026336378
2026-11-05 05:52:29.140800,S002,soil_moisture,0.5451556038211767,-27.496116284025177,19.017290242213427
2026-07-15 14:52:29.140800,S004,ph,6.120968191568509,-33.56299151900026,18.420004232128207
2026-10-20 08:52:29.140800,S002,ph,6.554210469808651,-26.916584498926216,18.51155435481928
2026-06-23 13:52:29.140800,S004,ec,2.141022364084657,-33.98502751607666,25.58490094154253
2026-08-01 19:52:29.140800,S005,ph,6.174085773926755,-24.902405019625196,28.31774322977122
2026-04-17 16:52:29.140800,S001,ph,6.4149340077464,-32.81444532195046,28.468922288982917
2026-10-13 18:52:29.140800,S001,temperature,23.454138679002174,-28.191366734248515,27.200149077886945
2026-01-20 02:52:29.140800,S004,soil_moisture,0.5226944072596927,-26.912739914015898,21.977776454081038
2025-11-01 06:52:29.140800,S005,temperature,23.10060498222198,-29.99445353023291,29.362389587776335
2026-08-01 03:52:29.140800,S005,humidity,103.98062068067321,-29.542278921417935,19.3983689398912
2026-05-08 22:52:29.140800,S001,ec,2.0728141556047093,-31.760847705875435,26.29237752735845
2026-07-25 05:52:29.140800,S001,humidity,76.88159306887316,-32.91620817924087,24.4641888514039
2026-11-10 09:52:29.140800,S002,humidity,84.65465222176796,-30.91522926536168,31.202292606606434
2026-04-01 00:52:29.140800,S003,temperature,25.232121766126145,-30.885642898069932,23.8194480286095
2026-06-09 16:52:29.140800,S002,temperature,25.332925887570443,-33.04890646956854,21.97627743697551
2026-09-22 17:52:29.140800,S004,ph,6.6158319681578766,-25.87135405445902,23.87680228849394
2026-10-10 14:52:29.140800,S005,ph,6.1146021481145745,-27.873427761276407,18.46558129027187
2026-08-27 01:52:29.140800,S005,temperature,24.754362071659962,-24.137711967644066,28.7265954667558
2026-04-16 00:52:29.140800,S004,soil_moisture,0.3497136104258617,-31.575199482199853,29.5601224294223
2026-11-10 15:52:29.140800,S004,temperature,27.677308150111585,-26.41507243368551,20.429370621024763
2025-11-27 20:52:29.140800,S005,soil_moisture,0.6692966129691622,-28.13208769442358,28.563791083401107
2026-06-02 00:52:29.140800,S004,humidity,69.40618504919559,-27.33666003905849,18.009638460761856
2026-02-06 09:52:29.140800,S005,ec,1.231064059046035,-25.143402569918063,25.411817569093206
2026-10-21 08:52:29.140800,S005,ec,2.0626810659620944,-24.160753634171883,26.836977775168112
2026-06-17 05:52:29.140800,S003,soil_moisture,0.4955950949106509,-29.272360568315243,25.60829777722477
2026-11-18 03:52:29.140800,S004,ec,0.38908322288084296,-29.33812995292269,19.834762522948857
2025-11-22 18:52:29.140800,S005,soil_moisture,0.3420288248473662,-24.929895866088863,24.215987160304877
2026-06-28 10:52:29.140800,S004,humidity,64.79190758045577,-27.221799289098346,22.338094617440195
2026-01-20 22:52:29.140800,S002,soil_moisture,0.9024291705098576,-33.40070975744638,18.260512899404944
2026-06-08 14:52:29.140800,S005,temperature,38.70014389597323,-32.8504198415055,18.118219998639592
2026-03-07 02:52:29.140800,S002,ec,2.0425348093721527,-24.447020855207466,23.7351778142974
2025-11-28 21:52:29.140800,S003,humidity,30.402589200368254,-26.170219884097435,19.173471084571528
2026-10-31 22:52:29.140800,S005,soil_moisture,0.5159107356888577,-25.13377220748738,31.256759930002367
2026-04-16 19:52:29.140800,S001,ph,6.844091963555349,-29.614688129921916,18.082809055446372
2026-05-08 20:52:29.140800,S003,ph,6.79280043103161,-27.1288209294891,23.249485472665533
2026-03-14 02:52:29.140800,S002,ec,1.92868375094767,-24.8598657579808,27.366963040460078
2025-10-31 01:52:29.140800,S004,ec,1.3781945064967094,-28.185455550276338,21.2832156471563
2026-07-25 06:52:29.140800,S005,ec,-5.238073653435491,-25.071919061455823,26.203254085459278
2025-11-18 22:52:29.140800,S001,ec,1.4519598000621667,-33.13218254452675,27.87379690433857
2026-10-29 16:52:29.140800,S002,temperature,15.920283427340783,-25.755993679423803,19.780825409062423
2026-09-07 22:52:29.140800,S004,soil_moisture,0.8454892286028068,-27.119144224590283,19.399279359680744
2026-05-04 21:52:29.140800,S003,ph,7.461133009295721,-25.040317110454172,27.394211409329955
2025-11-23 11:52:29.140800,S005,soil_moisture,0.3961724337676001,-31.395711056658552,28.551642620872002
2026-11-15 22:52:29.140800,S004,ph,6.77966705212811,-24.975906570901373,27.864250744292562
2026-11-14 05:52:29.140800,S004,ph,5.411597718136036,-27.975357122616856,30.391544436994884
2026-10-19 00:52:29.140800,S004,ec,2.285597730813,-32.189293631887175,26.043835768010503
2025-10-20 14:52:29.140800,S002,temperature,23.74634985915899,-28.723800437866227,20.959394948706713
2026-06-15 12:52:29.140800,S002,ec,1.9878108378198736,-29.718674810822858,30.87093012617121
2026-07-28 17:52:29.140800,S004,temperature,30.688537548056836,-30.307164749338938,28.12724592276084
2026-03-06 13:52:29.140800,S002,temperature,27.49490293238411,-32.646365306148425,22.3605086096868
2026-05-17 18:52:29.140800,S002,ec,1.1218177561213953,-32.369843643785316,20.823553162699202
2026-01-26 17:52:29.140800,S003,temperature,27.080432666355083,-24.615415480528252,20.743736541781644
2026-09-24 07:52:29.140800,S002,ec,1.8685436420053407,-25.0893494544912,24.562080460703307
2026-10-19 03:52:29.140800,S004,temperature,21.020679583795417,-33.18272783936693,29.810267044639474
2025-12-31 04:52:29.140800,S001,temperature,14.951288923472317,-27.298480786777777,26.590276369287203
2026-01-21 21:52:29.140800,S005,ph,6.1519423973824825,-27.00631608373013,29.051728316773243
2026-04-04 21:52:29.140800,S002,temperature,31.79358173736764,-30.86377906286755,31.71159336849954
2026-04-22 16:52:29.140800,S005,soil_moisture,0.8368591678750724,-29.389791264114855,29.538357431389525
2026-09-23 17:52:29.140800,S001,soil_moisture,0.4601932833402924,-25.117253832359836,21.28788266583416
2026-03-10 10:52:29.140800,S003,soil_moisture,0.9287823029118552,-27.915937669692333,27.923261555351655
2025-12-04 05:52:29.140800,S004,temperature,38.74026516449395,-26.316265277554553,30.738224857543017
2025-11-09 06:52:29.140800,S004,temperature,31.291124723885964,-32.566621251595606,31.846967794393656
2026-06-28 08:52:29.140800,S003,humidity,52.09895600202532,-29.086151277100214,29.00596167606096
2026-06-27 09:52:29.140800,S001,ph,7.211152754892479,-27.828023001247267,28.525665420912418
2026-01-25 23:52:29.140800,S001,temperature,29.711225864830652,-26.323550511647685,20.600110744442823
2026-09-20 18:52:29.140800,S004,soil_moisture,0.5121312364120908,-33.57697261191683,25.66899458492184
2026-01-31 23:52:29.140800,S004,ec,0.8493880331009166,-32.31978380590199,21.22971715629163
2026-02-08 20:52:29.140800,S003,humidity,62.51662532454959,-32.36522395006686,25.158556106186385
2026-10-21 06:52:29.140800,S003,ec,2.6764945248463397,-25.015427463989262,25.940131336365464
2026-08-06 13:52:29.140800,S004,temperature,27.01993501137119,-27.874031885892027,22.709454424686285
2026-08-16 01:52:29.140800,S003,humidity,66.00841829101086,-30.80870891553693,20.542137676246632
2026-08-29 22:52:29.140800,S005,temperature,43.99277998049813,-27.9200657348061,31.7603790043335
2025-11-11 11:52:29.140800,S003,soil_moisture,0.46531146202827306,-31.368286744092728,30.39366291468351
2026-10-16 08:52:29.140800,S002,ph,6.968084244508411,-24.354317845424724,22.303605665907558
2026-09-11 09:52:29.140800,S004,ec,1.5212430517644788,-26.377504202283284,19.19227766859215
2025-10-08 22:52:29.140800,S005,humidity,42.489658744573475,-24.81857517380258,18.596719021094625
2026-10-10 15:52:29.140800,S002,humidity,80.97367806913995,-33.40196598763632,21.702127940938766
2025-12-03 10:52:29.140800,S004,temperature,40.07631483861755,-33.562063662574054,19.473056429360785
2026-03-09 11:52:29.140800,S003,soil_moisture,0.32851299842319814,-24.858028684632828,27.402511691276406
2026-06-16 20:52:29.140800,S003,soil_moisture,0.5335374108680082,-25.409786779517585,18.439829789335736
2026-04-11 19:52:29.140800,S001,ec,1.2281609774157538,-28.671990617914414,29.397812618773507
2026-04-16 06:52:29.140800,S002,ph,6.09682219770777,-26.222147222789395,23.41301851449881
2026-03-22 06:52:29.140800,S005,humidity,68.46914341979057,-33.631445686443264,21.571294071494776
2026-07-15 22:52:29.140800,S005,temperature,19.699502633549848,-31.951070481272424,19.812167818070012
2025-12-22 06:52:29.140800,S003,ec,2.0381585874333172,-31.079293552418523,30.365408928025097
2026-03-12 18:52:29.140800,S002,humidity,89.27342066761688,-30.271358212933198,28.689369500460963
2026-01-15 09:52:29.140800,S001,ec,8.790226281336171,-26.311524365862795,18.99381596223697
2026-01-05 00:52:29.140800,S002,temperature,26.72678473608043,-24.56804660773276,20.205065368551292
2026-09-05 09:52:29.140800,S005,temperature,28.299843581910167,-25.381792005816557,21.174684585673248
2025-12-17 15:52:29.140800,S005,ph,6.111267310769981,-24.25001433766135,21.029418468078028
2026-08-06 19:52:29.140800,S001,ec,1.00820042055292,-30.365888028459835,28.132569719317463
2026-01-14 18:52:29.140800,S002,ec,2.1813958178796145,-24.47174909844485,26.044736784764133
2026-06-12 20:52:29.140800,S005,temperature,19.86851348893966,-30.127344013894472,23.951820039908856
2025-11-06 06:52:29.140800,S004,soil_moisture,16.269962326876055,-27.17963977667243,24.173176496039517
2026-09-06 02:52:29.140800,S003,ec,1.7399613691686682,-32.745963670693826,19.655528361863094
2026-07-04 15:52:29.140800,S005,humidity,94.71989760062674,-28.12362380147397,19.845733791687874
2026-04-11 00:52:29.140800,S002,humidity,59.76297179517343,-24.509207129771283,25.14497300069859
2026-10-19 04:52:29.140800,S001,ec,2.081903303901395,-26.48844203166994,24.681955716539534
2026-05-21 17:52:29.140800,S002,ph,7.419743630396355,-27.26942807305699,23.864094412955225
2026-09-24 11:52:29.140800,S004,humidity,62.63221028079174,-33.718298639097235,28.85269914728103
2025-10-09 05:52:29.140800,S004,soil_moisture,0.3888288263923853,-27.898873075765124,22.538147854464796
2025-12-22 01:52:29.140800,S002,humidity,100.14210556838026,-26.69338583413214,31.034405367851335
2025-12-23 07:52:29.140800,S002,ec,1.3800786665255043,-27.454631231713645,27.582567214125426
2026-04-22 20:52:29.140800,S001,ec,1.1972249029755746,-25.00526001961654,27.296887824000493
2026-09-15 16:52:29.140800,S004,ph,6.1497632528259,-25.61513363920612,20.762050645472264
2026-11-23 05:52:29.140800,S001,temperature,14.553677289488094,-30.341828955544667,19.916320523692498
2026-07-16 12:52:29.140800,S002,ph,7.430635375396377,-30.21281731597381,20.215135370878944
2026-03-13 22:52:29.140800,S001,temperature,22.558609016954936,-27.036043746488645,31.46628110839314
2026-09-11 14:52:29.140800,S004,ph,6.901779393316673,-29.848181920664437,27.69903962746967
2026-04-07 23:52:29.140800,S003,humidity,88.79415620130506,-30.786775134074023,24.306758395882348
2026-09-19 04:52:29.140800,S001,temperature,27.07038392209743,-26.834844214023533,29.055748273200052
2026-09-04 17:52:29.140800,S003,ec,2.5567946183215002,-33.36576633386662,26.25693824343579
2025-12-21 03:52:29.140800,S003,humidity,53.6759678832164,-29.62591684992647,26.307823127405072
2026-09-07 22:52:29.140800,S002,temperature,26.9393838778374,-26.761205015450486,31.127344371788574
2026-05-01 06:52:29.140800,S004,ec,0.708739844361214,-28.301322800226508,26.581546844001863
2026-08-15 17:52:29.140800,S002,ec,1.8727118579589814,-24.14042939965691,30.40257144302781
2026-07-01 16:52:29.140800,S001,humidity,92.67297321832295,-27.414578762112527,29.531525621603897
2026-03-27 11:52:29.140800,S003,ph,-12.69534710119932,-31.845459086512847,21.604994089863304
2026-01-26 22:52:29.140800,S001,humidity,54.44625207372375,-27.832804300058342,31.73512829900873
2025-12-16 07:52:29.140800,S002,temperature,31.437480964165317,-26.398758723153446,18.889401239983606
2026-05-27 11:52:29.140800,S001,ph,6.6730370726523525,-29.663292810088635,18.61584671480968
2026-10-29 12:52:29.140800,S005,ec,0.8321226039309295,-30.399747630959112,21.698535566329106
2026-04-27 16:52:29.140800,S004,humidity,88.84166966721176,-30.50505776398726,24.609135453325145
2026-04-08 01:52:29.140800,S004,humidity,73.10678920643348,-26.692565203573267,27.25753389596793
2025-10-26 06:52:29.140800,S003,ph,6.5473484875765005,-25.11058030970235,20.821262089089952
2025-10-13 20:52:29.140800,S001,temperature,29.122626563840136,-33.434486055965166,23.92780647886752
2026-01-30 07:52:29.140800,S004,soil_moisture,0.5560147106492171,-28.867805076297394,21.100434225174006
2025-10-29 00:52:29.140800,S001,humidity,70.37401764718614,-24.2017408145772,30.764388153860473
2026-08-09 22:52:29.140800,S005,ec,1.3186317219639878,-31.74468391296109,29.301471780914973
2025-12-13 14:52:29.140800,S001,ph,6.35068440757282,-28.819502903262702,20.90116858422171
2026-03-20 10:52:29.140800,S005,ec,1.320454306456304,-31.415701306634183,26.534662252833044
2026-03-24 10:52:29.140800,S001,humidity,69.2230889572488,-33.51817922363913,20.92209255907893
2026-03-29 04:52:29.140800,S001,ph,6.482838063128693,-29.819897939984955,25.416876679170205
2026-04-06 07:52:29.140800,S003,temperature,22.809969512346242,-29.159029133381537,24.15525388670726
2026-05-25 23:52:29.140800,S002,ec,0.8505554563473483,-27.035397889292756,23.575828224421148
2026-10-27 21:52:29.140800,S002,soil_moisture,0.4958872877605477,-29.16220336945426,23.278002552195908
2026-10-05 01:52:29.140800,S003,ec,1.0097032373022499,-32.57111065574998,26.89271800605734
2026-05-15 07:52:29.140800,S001,ph,6.156245648884693,-25.89942231214873,24.913685514006495
2026-11-11 12:52:29.140800,S003,ec,0.6447394418907617,-26.113651130659832,20.410698249723424
2026-04-14 08:52:29.140800,S001,humidity,71.02123306273819,-30.595401716042538,22.34577665427612
2026-11-21 08:52:29.140800,S004,ec,0.858555450716088,-29.110797948526674,18.391534284061443
2026-07-23 08:52:29.140800,S004,humidity,74.81126885760162,-32.29423397515957,21.541438474583035
2026-11-22 13:52:29.140800,S004,ec,0.937469284109446,-30.08439246135764,29.401086610968324
2026-09-23 17:52:29.140800,S001,ec,0.9067423645676645,-27.778727409382707,21.098081841292892
2026-03-18 08:52:29.140800,S003,ec,3.1901500277175523,-25.185187471975134,29.36867442654056
2026-01-03 02:52:29.140800,S004,soil_moisture,0.37482943564250637,-29.98546092856234,23.854070994020702
2026-01-23 14:52:29.140800,S002,temperature,26.652940209420645,-26.210821285131114,29.202054001463026
2025-10-22 17:52:29.140800,S003,humidity,28.278310012428996,-29.879898778623073,29.371330248596195
2026-11-06 03:52:29.140800,S002,temperature,31.862052585544703,-28.440285094694982,31.68874226951886
2026-01-17 08:52:29.140800,S001,soil_moisture,0.3371036861321308,-27.031350309073098,24.00951538332871
2025-11-11 02:52:29.140800,S005,ph,6.677603348374009,-32.97511189111231,23.60099701275388
2025-12-30 14:52:29.140800,S005,ec,1.3419743236394521,-32.66045484013942,31.784296677749325
2025-11-12 22:52:29.140800,S004,ph,5.812983971693831,-31.370334774921286,31.7352571933438
2026-02-27 05:52:29.140800,S005,temperature,34.602517182208786,-25.749574234426476,18.464959588470194
2026-10-27 08:52:29.140800,S004,soil_moisture,0.5626155985296453,-28.12658088472931,30.470135736978076
2026-11-07 22:52:29.140800,S005,ec,1.5466707969002869,-25.02587740810167,23.267934967255048
2026-06-04 01:52:29.140800,S001,temperature,23.283394719199993,-27.686934178877113,21.063255543475627
2026-09-15 11:52:29.140800,S004,humidity,55.95733003605439,-26.80203992969913,21.428906561412518
2026-10-14 09:52:29.140800,S001,soil_moisture,0.4582713414518617,-33.830196295555666,24.479994639699985
2026-02-05 21:52:29.140800,S002,humidity,49.76413636845716,-32.30854110740481,21.060305280809647
2026-07-22 06:52:29.140800,S002,ec,1.857521025162418,-31.115218583767103,29.491951801122493
2025-11-29 19:52:29.140800,S003,soil_moisture,0.5841273136158006,-28.240653254051796,18.34832145658919
2026-08-09 17:52:29.140800,S002,humidity,88.67935984608425,-26.744278608541038,29.650501758456304
2025-11-07 18:52:29.140800,S003,ph,6.088647341365519,-33.6121217596653,25.6249021085657
2026-04-03 15:52:29.140800,S002,soil_moisture,0.442983788932393,-24.53725528486197,28.781257626818523
2026-08-04 12:52:29.140800,S001,humidity,69.47760851568336,-33.45138216599969,24.28036501699838
2026-03-09 03:52:29.140800,S005,ec,1.2865885851860437,-26.766152025224947,26.306598426922104
2026-06-14 06:52:29.140800,S001,ec,1.6918452665459354,-25.20920745821971,26.944984442755405
2026-01-27 06:52:29.140800,S002,humidity,60.455494443097535,-24.387798474256627,26.86662046245793
2025-11-13 19:52:29.140800,S001,ec,2.200735371787538,-25.518693689266513,20.637078446779547
2025-11-04 22:52:29.140800,S003,humidity,94.77490313862688,-32.7029703955884,19.344138245541323
2025-12-11 03:52:29.140800,S001,temperature,17.03550868609134,-31.71693452247898,23.749157373433306
2026-05-24 11:52:29.140800,S004,ec,1.933483948400601,-24.60871542633211,31.0289617561713
2026-07-18 04:52:29.140800,S004,humidity,56.919111227215154,-31.897333918783215,20.93567438018424
2026-05-27 13:52:29.140800,S001,ec,1.817353916320605,-33.05514911405316,26.931204211149026
2025-11-02 13:52:29.140800,S004,ec,1.7231258898196382,-24.608583495146057,24.2813415768052
2026-01-23 13:52:29.140800,S001,ec,1.3108404866902685,-27.798379147213552,18.087358188657053
2026-05-31 08:52:29.140800,S005,soil_moisture,0.49516243878038185,-28.192274290640164,22.388564720131516
2025-10-09 13:52:29.140800,S005,temperature,3.4247467176761894,-33.6471854895258,30.579757578961832
2025-10-10 02:52:29.140800,S003,humidity,79.68508171659231,-28.699016054804645,25.703648853515926
2026-08-04 13:52:29.140800,S001,ec,1.9596222014678113,-31.844001685133275,28.124445993297655
2026-06-09 03:52:29.140800,S003,ec,0.7179318638434047,-31.61375000785097,18.87406202977471
2026-01-29 05:52:29.140800,S004,ec,21.842712633191205,-29.841584229675533,18.325458619239967
2025-12-02 09:52:29.140800,S001,ph,6.42031940014702,-26.959206924890825,22.515052388259555
2026-02-18 06:52:29.140800,S002,ph,7.247302021349533,-26.826363227086507,31.366409999296767
2026-05-10 13:52:29.140800,S001,temperature,14.523749072702579,-33.06785983504368,26.018673558458325
2025-11-09 16:52:29.140800,S001,soil_moisture,0.6304536697167014,-25.188895115778305,24.07996556840632
2025-11-06 05:52:29.140800,S001,ph,6.11004698280376,-27.329128433720328,25.92630114974731
2026-06-29 23:52:29.140800,S002,ph,6.009715246803905,-32.1344303125126,26.137516719938006
2026-04-21 01:52:29.140800,S004,ec,1.5697997131915493,-25.313703350940457,19.768698718434838
2026-01-06 07:52:29.140800,S005,humidity,70.2875355437303,-32.68174926678334,23.60593869520238
2026-09-13 05:52:29.140800,S002,soil_moisture,0.493500673632664,-27.655811953197695,31.11202923227135
2025-12-17 21:52:29.140800,S003,temperature,26.821279395368503,-24.2362537567612,23.32591400426375
2026-09-02 13:52:29.140800,S004,ph,6.737936922837784,-29.296894113048797,28.403943161917173
2026-09-22 09:52:29.140800,S001,ec,1.7557798345237536,-28.273579820442265,28.273529347885265
2026-08-04 23:52:29.140800,S004,ec,1.0375621026118393,-29.570023575582926,20.686147061636355
2026-05-18 08:52:29.140800,S001,soil_moisture,0.3335628240545937,-28.64619449835379,31.373995447756275
2025-11-06 18:52:29.140800,S004,ec,1.624912030788901,-29.759233781115274,30.638433912137295
2026-09-28 02:52:29.140800,S003,ph,6.018625218799685,-25.25918297885096,20.678121443453225
2026-05-17 05:52:29.140800,S003,ec,0.6686824260124797,-25.450698671374624,19.53957721411475
2026-10-19 18:52:29.140800,S005,soil_moisture,0.5284796001741983,-27.89436369272029,18.688281406748946
2026-01-25 19:52:29.140800,S001,ph,6.357021198502801,-29.935998821284365,23.009760313138415
2026-01-05 04:52:29.140800,S005,temperature,24.610917445316552,-33.37673321616639,22.52545646458853
2025-10-20 05:52:29.140800,S001,soil_moisture,0.7363305838076033,-32.42403651839786,31.41077652031912
2025-10-10 14:52:29.140800,S004,humidity,66.84308777469745,-33.566106679067815,20.098707593447653
2026-02-09 02:52:29.140800,S001,humidity,49.048965852888855,-32.623725256909125,26.410770141895227
2026-05-03 22:52:29.140800,S004,soil_moisture,0.3412700711339841,-32.40723096798689,22.777985270181347
2025-12-06 09:52:29.140800,S002,soil_moisture,0.5303919815540967,-29.571932844309963,22.209151746714333
2026-02-18 18:52:29.140800,S001,ph,6.216094920738221,-32.012959841936706,24.21775872768087
2026-01-21 23:52:29.140800,S002,humidity,47.248675571871004,-33.63980241098583,19.31550619724683
2026-02-18 15:52:29.140800,S002,temperature,4.841674064302893,-32.28787854784215,30.762615739710306
2026-07-15 01:52:29.140800,S003,ec,2.2269338791214226,-25.826264142002216,25.513684579712418
2026-04-23 06:52:29.140800,S001,temperature,18.808787555303937,-25.450002569436037,20.109047914816585
2026-03-07 03:52:29.140800,S001,humidity,38.05031672733844,-33.84537798639883,18.1525354177742
2026-02-01 08:52:29.140800,S004,ec,1.7158874541522366,-28.616043116371316,28.942157146346837
2025-11-26 11:52:29.140800,S001,ec,1.1890307308170849,-33.40788886879043,31.212351263756013
2026-08-08 16:52:29.140800,S005,ec,1.8793474220927753,-31.644348256011387,30.967767129555654
2026-11-22 06:52:29.140800,S004,humidity,68.72992727560774,-26.195855641035386,24.981335125544632
2026-02-28 10:52:29.140800,S002,ec,2.2982950532535225,-29.422720610956034,31.371217471633045
2025-10-06 22:52:29.140800,S002,humidity,50.114509642865954,-28.399242125103463,27.585095127349497
2026-06-16 18:52:29.140800,S004,soil_moisture,0.6180571831018573,-28.858972558964894,25.64896793711638
2026-01-17 05:52:29.140800,S001,soil_moisture,0.6108910411273766,-32.61913386249245,20.317904884610737
2026-02-26 02:52:29.140800,S003,ph,7.0475302698489894,-25.05919785067575,22.743956385167095
2026-10-09 04:52:29.140800,S003,humidity,75.91162813267565,-33.52035607782461,28.124230533747905
2026-04-12 20:52:29.140800,S005,ph,6.74795351886789,-30.725277451891746,28.65083364832864
2025-10-26 03:52:29.140800,S001,ec,1.0445977836470228,-27.44296961564538,27.993752205545086
2026-08-17 10:52:29.140800,S001,humidity,40.51504475980073,-28.028923688547913,28.65220720194425
2026-07-08 10:52:29.140800,S003,ec,1.8405070593063084,-28.62438515138733,24.17039789896158
2026-07-07 06:52:29.140800,S002,ph,6.902736049403642,-31.380894462403095,27.827531148767832
2026-10-13 03:52:29.140800,S005,humidity,73.44465651326064,-26.561864494620806,31.61565943149717
2026-01-04 11:52:29.140800,S004,ph,7.078726267172472,-29.475731792188178,21.051207977817636
2026-06-03 20:52:29.140800,S004,humidity,76.86321827107491,-24.054575771073317,28.061399905295872
2026-08-26 16:52:29.140800,S004,ec,1.8179173719688086,-28.09245933806723,19.909361926012398
2026-01-09 16:52:29.140800,S003,humidity,54.06055913855128,-29.195968742148604,25.418837082713647
2026-02-06 03:52:29.140800,S005,ph,6.600318769271957,-24.628241135256626,26.057575932981546
2026-06-01 15:52:29.140800,S001,soil_moisture,0.6897308823956405,-25.777081138258993,24.81202441225109
2026-11-08 00:52:29.140800,S005,ph,6.930037039647464,-30.43817512512098,18.159642384813708
2025-10-25 16:52:29.140800,S005,ec,1.2796851295215763,-33.56077688807472,19.624735674004928
2026-09-27 17:52:29.140800,S003,ph,5.4735764222468495,-33.90102024481228,27.257798218729135
2026-07-28 02:52:29.140800,S005,humidity,56.25950872563843,-26.921251128449896,26.223001236469564
2025-12-28 16:52:29.140800,S002,ec,1.671448377851442,-26.356463366513303,20.09386350547551
2025-12-19 11:52:29.140800,S004,temperature,24.04628073850411,-26.469286286397647,25.26119313177894
2026-09-12 04:52:29.140800,S004,temperature,23.826938675691085,-33.03701909519194,25.591994481299185
2026-10-30 10:52:29.140800,S004,humidity,47.132624179533366,-24.25932412998816,23.48680977999217
2026-01-28 18:52:29.140800,S005,humidity,70.50428204890471,-29.91513578082921,26.952918970988325
2026-06-20 23:52:29.140800,S004,humidity,49.955676948110494,-32.16697085084728,28.62651678766244
2026-01-15 07:52:29.140800,S002,ph,6.798339721449661,-33.24796074262796,22.709964927740565
2026-10-10 16:52:29.140800,S004,ph,6.491906385391181,-32.348055019186695,25.06693339905415
2026-02-18 14:52:29.140800,S002,ec,1.401984103424518,-31.502029356782884,26.49301711356658
2026-02-28 03:52:29.140800,S002,temperature,24.538022539335667,-24.78924238136694,18.009669894890365
2026-05-09 03:52:29.140800,S005,ec,2.0608549401049467,-29.43617100867116,18.882115097953992
2026-05-13 07:52:29.140800,S003,temperature,33.47836972405712,-26.731742244775,27.3174049295977
2026-04-10 12:52:29.140800,S001,soil_moisture,-14.456579811478987,-32.78470136954816,19.363013688772824
2026-09-20 03:52:29.140800,S003,soil_moisture,0.42987467272204366,-26.51833264695218,21.64950486195213
2026-07-19 06:52:29.140800,S002,ph,5.920932607448953,-29.25086019425403,25.388616295878794
2026-04-28 12:52:29.140800,S002,ec,1.4428388457884174,-28.76654402190508,29.441036517242456
2026-03-03 09:52:29.140800,S005,temperature,32.08960132433345,-31.282802193687825,30.383723749341463
2026-03-20 21:52:29.140800,S002,ec,2.10733501538909,-31.490010101773517,19.26859963572551
2025-12-18 16:52:29.140800,S001,ph,6.849103324248008,-27.28970265511687,27.2246704121277
2025-11-21 08:52:29.140800,S002,temperature,33.35979574931878,-25.368592203528202,24.46961450879397
2025-12-30 10:52:29.140800,S003,ec,1.2320480149191957,-24.71078720004587,23.882597876384196
2026-08-02 10:52:29.140800,S004,soil_moisture,0.7284407881145146,-30.7318190154226,26.39995344864184
2026-06-29 09:52:29.140800,S001,humidity,78.45334507633274,-33.464758737327685,26.40536624111575
2026-07-13 03:52:29.140800,S002,temperature,14.70435869022146,-27.100719808555,25.659886281591064
2025-12-25 13:52:29.140800,S005,temperature,18.3844366878975,-31.315650092470538,26.115537151091026
2026-10-11 23:52:29.140800,S004,temperature,21.147437815776907,-24.326094714864404,28.85061798060449
2026-08-21 22:52:29.140800,S004,humidity,90.24550698090115,-27.82510343672671,29.257581052974725
2025-12-16 12:52:29.140800,S003,ec,1.9297492589236451,-32.00884210466917,24.311426821331164
2026-06-26 18:52:29.140800,S001,temperature,29.693301896874033,-27.35803160903044,22.231939231850625
2025-10-05 21:52:29.140800,S004,ec,1.0466118554133637,-33.37257381863611,27.307934890514943
2026-04-04 21:52:29.140800,S002,soil_moisture,0.3638612006181815,-32.94308695470285,31.369984880435894
2026-03-19 03:52:29.140800,S005,soil_moisture,0.7038365597708056,-27.615054429055785,18.191717765064904
2026-02-21 03:52:29.140800,S003,ph,6.732820033996241,-33.428216941014554,19.033232378003735
2025-11-03 01:52:29.140800,S005,temperature,36.690112719453666,-33.692665975810115,21.15001110813565
2026-09-20 10:52:29.140800,S002,ec,1.7137018131195243,-30.57835346503458,23.384107436386866
2025-10-21 04:52:29.140800,S004,temperature,39.56404752666439,-25.4218571196897,19.05600377046042
2026-07-23 13:52:29.140800,S004,humidity,92.1935892433513,-28.79645646186561,27.833489316029805
2026-05-01 02:52:29.140800,S004,humidity,71.84866345471043,-24.860521640721682,30.069841488536987
2026-04-06 01:52:29.140800,S003,ph,6.7065877612675795,-25.22151708079251,27.750762656692785
2025-12-26 02:52:29.140800,S002,temperature,29.07780623943272,-30.016900526461114,30.54278864459514
2026-02-20 22:52:29.140800,S002,ph,6.239951375846178,-33.815948288887896,29.919697653140958
2026-05-28 14:52:29.140800,S003,soil_moisture,0.3504907742387513,-28.168191172883535,21.064394280682254
2026-09-26 16:52:29.140800,S002,ec,0.993487534438823,-24.26332947976633,24.01931161971627
2026-08-31 06:52:29.140800,S004,soil_moisture,0.8202288871421524,-32.625806273023656,24.90905568091594
2026-07-08 17:52:29.140800,S004,humidity,49.5366684872549,-31.62023607334694,29.461955879059605
2025-12-26 07:52:29.140800,S005,temperature,16.12352694896782,-28.51503086395751,19.416200992545303
2026-03-12 00:52:29.140800,S005,soil_moisture,0.5023896287793014,-31.857449766806724,22.408637738016463
2025-12-19 00:52:29.140800,S005,temperature,11.921702556671802,-28.541634929062578,25.781722593755788
2026-09-23 09:52:29.140800,S001,temperature,24.57121290416279,-33.717144088022486,29.214599735184585
2026-09-01 00:52:29.140800,S003,humidity,59.387296750850275,-24.0620442952271,30.826750254677165
2026-09-11 05:52:29.140800,S005,ec,1.1426977341524822,-28.662329939285833,20.940085268518935
2025-12-07 10:52:29.140800,S002,humidity,52.66636667435434,-25.071724551750762,28.779612952792142
2025-12-24 10:52:29.140800,S001,temperature,23.182228060599957,-30.79841554659238,27.213537070116324
2026-10-15 03:52:29.140800,S002,ec,1.5887687121787686,-29.29072366459867,21.175990751812062
2026-03-11 08:52:29.140800,S005,ph,6.5832928493890845,-33.86564708146218,22.846564769565596
2025-12-12 07:52:29.140800,S001,soil_moisture,0.7933613047656501,-33.17928187113777,19.440334602120586
2026-03-08 05:52:29.140800,S001,ec,2.2595876722816786,-31.17951854586663,25.672991280828228
2025-11-27 11:52:29.140800,S002,ph,6.339781124311907,-28.730272347975998,30.090921214087814
2025-11-26 06:52:29.140800,S004,ec,1.156230165580992,-28.621738419535653,29.458281682941323
2026-01-29 07:52:29.140800,S005,soil_moisture,0.7929234842103046,-30.751038039578088,27.28034235636779
2026-10-28 17:52:29.140800,S001,soil_moisture,0.573294922127505,-25.992129951493148,21.693111377260603
2026-02-09 22:52:29.140800,S002,soil_moisture,0.32847806234184307,-32.265522469838324,23.913674340314245
2026-08-08 23:52:29.140800,S002,temperature,10.444644962247589,-31.698147266295464,21.992603398959048
2026-11-18 06:52:29.140800,S003,ec,1.7194737347840254,-30.920459050208756,26.158642228395543
2026-09-30 09:52:29.140800,S002,humidity,77.28370563450204,-24.43365569084549,27.549467626243516
2025-10-19 02:52:29.140800,S005,humidity,84.75878794867968,-25.79985578939062,29.604615263958248
2026-09-17 16:52:29.140800,S005,ph,-2.7848654450886414,-26.87539518449364,30.53081185249308
2025-11-30 22:52:29.140800,S003,ec,1.9471270700013177,-31.05736512402061,25.946085292571567
2026-09-30 15:52:29.140800,S001,humidity,73.43673783712107,-32.4815807951354,21.031764683389802
2026-10-30 13:52:29.140800,S001,ph,5.887608844988282,-24.848120018555065,21.241110323972684
2026-07-10 20:52:29.140800,S005,ph,7.1248203335333145,-32.871466778912904,29.68989167692971
2026-09-25 09:52:29.140800,S003,ph,6.62364493266239,-24.487944686917828,30.60962916755472
2026-04-23 13:52:29.140800,S004,humidity,70.54226709512353,-27.317495710979593,30.368574018351676
2026-04-30 19:52:29.140800,S002,temperature,34.804623031243224,-24.925279831893683,18.82520081886267
2026-03-29 16:52:29.140800,S001,temperature,16.879563643217317,-33.77482417233734,26.14159828036925
2026-04-10 23:52:29.140800,S004,soil_moisture,0.43156472590034056,-32.04881944914758,29.13846185885885
2026-08-20 01:52:29.140800,S003,temperature,29.580287399426595,-28.22239215706316,22.591384522101183
2026-01-01 14:52:29.140800,S005,soil_moisture,0.46197556325184547,-29.084696541866208,21.90565212628185
2026-11-14 22:52:29.140800,S004,ph,6.990900626831098,-29.87907334185465,29.555516548151136
2026-02-12 11:52:29.140800,S004,humidity,72.59692778953473,-29.079547618606988,27.454112557210046
2025-11-20 05:52:29.140800,S005,ec,1.7972798430328423,-26.25331347027825,31.539234685220986
2026-02-28 01:52:29.140800,S003,humidity,53.483360396253595,-28.5087673768679,28.596595622697702
2026-03-17 12:52:29.140800,S002,temperature,20.375198377896975,-25.41144661127705,22.542447190119574
2026-04-15 09:52:29.140800,S005,ph,6.075483414405991,-27.807526933893975,22.61670473733453
2025-12-31 12:52:29.140800,S005,ec,1.895184376546819,-30.945300993973362,26.093179538192302
2026-03-25 15:52:29.140800,S001,temperature,22.059654103761225,-24.636097180404462,23.288917668976264
2026-11-04 05:52:29.140800,S004,temperature,12.615245611756603,-24.55039052866783,25.604332147058216
2026-05-23 02:52:29.140800,S002,temperature,32.73286362410967,-24.642707395270392,18.362948341991206
2026-07-24 08:52:29.140800,S005,ph,6.256275158795111,-25.485450956483835,20.096654914490696
2025-11-16 11:52:29.140800,S001,temperature,31.85612265709646,-33.43374735931888,21.74027853801386
2025-11-22 03:52:29.140800,S001,ec,1.6899611963002221,-26.853377121128005,25.07046534559773
2026-03-21 19:52:29.140800,S002,soil_moisture,0.7672851568425334,-31.159971079231553,26.01987168904604
2026-02-17 05:52:29.140800,S003,ph,7.134426080471139,-25.078901517786313,22.903368408252863
2026-09-12 05:52:29.140800,S004,humidity,49.57434760369505,-29.19790238368161,31.53679906036315
2026-03-22 20:52:29.140800,S004,soil_moisture,0.5441734415449044,-29.69977248896142,26.820377332003446
2026-09-15 21:52:29.140800,S001,soil_moisture,0.2785005050359788,-28.29919596416437,29.22817341339369
2026-04-11 09:52:29.140800,S005,humidity,74.73666398458228,-29.216308692777307,21.5411305642002
2026-10-21 13:52:29.140800,S004,soil_moisture,0.6056715483626705,-27.046005548565375,31.766073103956355
2026-04-14 21:52:29.140800,S003,ec,1.442982614007684,-24.07211502414036,31.17272558672049
2025-12-20 08:52:29.140800,S005,humidity,63.939607768522556,-28.019992413607646,25.901694097896538
2026-05-24 16:52:29.140800,S002,soil_moisture,0.3831640817095756,-24.384831923627676,26.61862248828167
2026-11-09 23:52:29.140800,S004,ph,6.115698190395817,-24.012811392218403,28.85708877945458
2026-03-20 06:52:29.140800,S003,soil_moisture,0.7403403488917586,-32.909735767772446,23.80583006145629
2026-06-11 18:52:29.140800,S002,temperature,17.05826556010034,-31.153703266260514,21.269011210258522
2025-12-22 21:52:29.140800,S003,ph,6.724410648153645,-33.88888465942363,24.677048607251123
2026-09-08 01:52:29.140800,S003,ec,1.9681039355182013,-30.10962655086504,23.69989315905377
2026-11-16 13:52:29.140800,S003,ph,6.508515968891706,-24.5883874233864,27.169018303715816
2026-06-04 08:52:29.140800,S001,humidity,49.5872634681928,-30.15133710687296,19.833538285483208
2026-11-03 09:52:29.140800,S004,soil_moisture,0.4785212374642505,-29.471609289710536,20.41244946577395
2026-05-25 07:52:29.140800,S003,ph,6.376511705032583,-28.390238064524688,30.558305951206425
2026-11-13 13:52:29.140800,S002,ph,6.584059615924819,-24.294205468200296,20.88084548625796
2025-12-17 03:52:29.140800,S001,temperature,34.22694887615833,-24.297773596832965,19.96085002308946
2026-05-30 13:52:29.140800,S004,ph,6.924846933156809,-32.00861565368367,19.601880365054797
2026-08-27 17:52:29.140800,S001,ec,0.9844145148758843,-25.15007011631266,27.53462793578981
2026-03-15 12:52:29.140800,S001,humidity,112.53692917781169,-30.631064184351516,31.327314660419745
2026-01-17 21:52:29.140800,S001,humidity,67.87620282841098,-32.4883285260787,22.642490489010797
2026-08-31 18:52:29.140800,S002,ec,1.6320005487961007,-31.419799481025567,31.705819071603486
2026-02-10 16:52:29.140800,S003,ph,6.454869327700093,-32.69983745086831,29.43593437889554
2026-07-22 08:52:29.140800,S002,ph,6.38915910224038,-24.798555532639185,28.07983961730411
2026-07-15 23:52:29.140800,S004,soil_moisture,0.24256403290437606,-30.520688172039847,18.819287936502963
2026-08-30 23:52:29.140800,S003,temperature,33.103808979646445,-25.872874515152493,23.71472657121743
2026-01-23 14:52:29.140800,S002,humidity,37.42412124003325,-32.05211024879186,19.499386078231502
2025-12-20 05:52:29.140800,S003,ph,-10.91691666853745,-26.924163135284424,19.59248077961417
2026-05-11 09:52:29.140800,S005,ph,6.575192410953221,-33.02883033636588,19.69599748499529
2026-04-01 09:52:29.140800,S005,ec,2.0235331781662813,-32.45469758251255,30.99898435298004
2026-02-21 17:52:29.140800,S004,ph,6.441951119280578,-32.121333953715066,19.859637346294736
2025-10-09 20:52:29.140800,S003,ph,11.755344630030198,-29.025897938525976,29.686304607248644
2026-09-25 18:52:29.140800,S003,soil_moisture,0.5728610103073224,-26.028755279453314,26.381729076273466
2026-08-15 09:52:29.140800,S002,humidity,48.16353791376075,-25.692605435984177,31.80103291175281
2026-09-27 06:52:29.140800,S005,soil_moisture,0.6701377401597572,-25.659687091989902,20.749826022074156
2026-04-06 08:52:29.140800,S002,ec,0.40840204415580295,-30.174247761113783,27.52561222576248
2026-03-04 18:52:29.140800,S004,humidity,78.26886161017079,-27.68757233878006,20.84146724248788
2025-11-12 07:52:29.140800,S003,ph,6.463219617650972,-30.716365756312673,31.156452259842233
2026-04-17 18:52:29.140800,S003,ph,6.470268369570608,-30.882107122582333,27.34419500716176
2025-12-08 03:52:29.140800,S002,ec,1.7941534311780523,-25.746178582885456,26.39728389602469
2026-02-03 02:52:29.140800,S001,ec,1.5584493840957547,-28.099541644895936,29.656868670210073
2026-02-26 21:52:29.140800,S004,ph,6.945522667859399,-26.9339004999263,24.853023989093316
2026-10-11 04:52:29.140800,S005,ec,0.7206550249060854,-29.346876024951467,29.21859737375231
2026-07-12 06:52:29.140800,S002,humidity,84.2147552555004,-32.85685529944908,20.74678067415487
2026-06-25 08:52:29.140800,S004,ph,6.972837146040664,-25.553999221147496,19.6612385839358
2026-09-21 12:52:29.140800,S005,soil_moisture,0.6267792586777199,-32.13621734314865,25.721587687189764
2025-12-16 14:52:29.140800,S004,temperature,31.060795962602192,-30.08372963436679,20.016702952321157
2026-04-14 12:52:29.140800,S004,humidity,50.10905946935059,-28.07444352838069,24.533932375443108
2026-09-28 11:52:29.140800,S001,humidity,64.09876703997494,-27.14005319520596,18.676501843490602
2025-12-31 10:52:29.140800,S001,temperature,25.607983337317016,-31.934301238870756,28.063662209908642
2025-11-10 07:52:29.140800,S004,ec,1.8790506857153084,-29.296965583643804,22.594671583244995
2025-12-19 11:52:29.140800,S001,ph,6.331533527293979,-25.36075880327366,30.850733748024915
2026-06-26 10:52:29.140800,S005,temperature,26.580814379493482,-30.741588917287817,30.537683924162376
2026-07-16 13:52:29.140800,S004,humidity,59.27855173548355,-27.64971533707596,26.228460315856864
2026-05-20 15:52:29.140800,S001,temperature,20.743979563380638,-27.36595879972121,21.31072018979875
2026-08-10 10:52:29.140800,S002,humidity,40.14547757011715,-32.52466797044135,18.110417239595098
2025-12-30 19:52:29.140800,S001,soil_moisture,-18.440830689317433,-32.97483627426722,24.950190618758825
2025-11-16 20:52:29.140800,S001,temperature,24.249535212399707,-28.339952033152503,18.888870055139982
2026-01-10 15:52:29.140800,S001,temperature,26.898685707928152,-29.722906901917067,20.971722105475056
2026-04-01 14:52:29.140800,S002,temperature,21.589984871341688,-24.375745544781452,29.274329794656367
2025-11-19 15:52:29.140800,S001,temperature,35.84513445753293,-28.461035374018913,25.55307052751693
2025-10-20 22:52:29.140800,S004,humidity,72.39253346225155,-25.73754559270485,19.38116486169889
2026-10-26 22:52:29.140800,S005,soil_moisture,0.4891590150693392,-27.842098721134587,23.331694989915064
2026-06-15 21:52:29.140800,S005,temperature,22.88056626318231,-31.361178936449395,20.015360123103832
2026-10-22 00:52:29.140800,S001,soil_moisture,0.3498141738837737,-29.054193554254514,21.970981069801812
2026-06-17 02:52:29.140800,S003,humidity,64.54549423230752,-27.08620614798383,19.21513811610914
2026-07-13 22:52:29.140800,S001,temperature,24.34728864039628,-26.77987359085597,19.873563893910543
2025-11-30 17:52:29.140800,S003,humidity,60.08437109868887,-31.56470210508844,30.266513337288615
2025-12-11 16:52:29.140800,S005,soil_moisture,0.5612061437565586,-25.413563927253144,21.874645417438977
2025-12-17 08:52:29.140800,S005,humidity,70.84569613867494,-32.735796934706585,24.862176129088645
2026-09-05 23:52:29.140800,S001,ec,1.8824650190082601,-27.05027548899168,30.727867095536073
2026-02-21 21:52:29.140800,S001,ec,2.1740719952998386,-25.09015699803249,21.893993334735196
2026-11-06 02:52:29.140800,S001,temperature,23.321497383483276,-24.384762158990398,30.695860137989012
2026-06-09 08:52:29.140800,S003,humidity,26.709602549157353,-28.799674648623437,24.529961650975885
2026-01-11 20:52:29.140800,S005,ec,0.8862339302318767,-33.641366140966426,31.72175240728945
2026-08-09 23:52:29.140800,S004,temperature,12.827037409184088,-29.26062286811872,26.341675951080184
2026-01-24 03:52:29.140800,S003,ph,6.413905497607594,-29.952998617507323,24.119247735400318
2026-08-16 14:52:29.140800,S001,soil_moisture,0.3491752161131677,-31.09614719101439,28.318857122288417
2026-08-12 05:52:29.140800,S004,soil_moisture,-15.646743619187475,-29.46462773072556,21.17112074631356
2026-10-03 11:52:29.140800,S003,temperature,30.066879340591807,-24.734274069505517,19.302554702572483
2025-11-06 15:52:29.140800,S004,humidity,57.09565142275335,-25.618229072467926,29.885565172923023
2026-09-30 12:52:29.140800,S004,ec,0.9754004651677368,-27.818655208092434,29.199559852028123
2026-09-18 17:52:29.140800,S002,soil_moisture,0.3988690210165521,-30.648235490275216,19.597855185295845
2026-06-29 18:52:29.140800,S003,ph,7.40505013257553,-25.011366632284634,22.678517664168258
2026-06-09 03:52:29.140800,S004,ec,1.4078380712399505,-28.371475466207965,29.52932698546013
2026-07-10 14:52:29.140800,S005,ph,6.457466350006327,-33.40894395240258,28.937819507684928
2026-09-20 00:52:29.140800,S001,soil_moisture,0.5072701262300066,-27.895191771418972,21.38464314014655
2026-03-08 08:52:29.140800,S004,ph,6.623390468791344,-32.51353562825875,23.320527938571757
2025-10-09 05:52:29.140800,S004,ph,6.293028473551568,-33.82415230309562,21.41916953210325
2026-05-10 10:52:29.140800,S004,ph,5.70946199251642,-25.78363735966459,21.947241487378932
2026-11-09 20:52:29.140800,S005,ph,7.786393096820941,-29.95017702059255,22.92087199870511
2026-11-16 02:52:29.140800,S004,humidity,37.203309559156054,-29.984913836857952,24.344309484913712
2026-09-20 20:52:29.140800,S003,humidity,75.14019402256517,-30.610133193611357,26.34149231892817
2025-11-18 00:52:29.140800,S004,ph,6.307941084885971,-30.682599241692223,22.046500244466866
2026-10-01 16:52:29.140800,S002,temperature,31.61897517788302,-25.045782531187562,29.501818400096035
2026-06-23 19:52:29.140800,S003,soil_moisture,0.6962078614721854,-26.348411551117024,21.225783965604663
2026-11-22 09:52:29.140800,S005,temperature,26.250668893873346,-30.791547831471174,28.540168114225565
2026-04-27 12:52:29.140800,S003,humidity,62.843543139527725,-31.16799559704157,19.894173049139035
2026-04-19 15:52:29.140800,S004,ec,20.64143567714022,-24.997124798438307,19.002281399598754
2026-06-17 09:52:29.140800,S003,ec,1.1854631837028895,-33.328668919444105,26.885739181495957
2026-08-02 08:52:29.140800,S002,temperature,23.401515556790592,-31.074821498510104,28.89897464701899
2026-02-12 09:52:29.140800,S005,humidity,83.74156901509544,-27.002310575539298,18.581785604983896
2026-06-06 13:52:29.140800,S002,ec,1.0749744977768445,-31.129777785582498,19.549537013012916
2026-07-14 11:52:29.140800,S001,ph,6.5510500771658835,-28.228347310668845,28.51580852418065
2026-11-17 21:52:29.140800,S005,humidity,75.25900511305588,-24.631083393548252,29.95382759840244
2026-10-21 18:52:29.140800,S002,temperature,18.22383898270267,-30.28403911640738,28.09646427718232
2026-01-23 07:52:29.140800,S001,soil_moisture,0.4472815282515772,-32.71025764385262,27.1887846567556
2026-07-18 19:52:29.140800,S003,humidity,63.71278122214512,-25.85226287496964,27.89267419173533
2026-11-14 11:52:29.140800,S005,temperature,23.850598227547536,-28.002747771862197,20.59798070443952
2026-11-11 02:52:29.140800,S002,soil_moisture,0.577964149634646,-28.338572430688878,21.46593364504235
2026-02-21 13:52:29.140800,S005,ph,7.232412841957756,-28.926354691728356,25.86272511146424
2026-08-25 07:52:29.140800,S003,ec,0.827309593357093,-30.957371169284823,28.626449008948775
2025-12-01 11:52:29.140800,S003,humidity,53.24570633172764,-24.493859028590087,27.765624262915217
2026-07-26 04:52:29.140800,S004,ph,6.6476606792397,-27.5204325002519,27.118519071899385
2026-04-23 08:52:29.140800,S005,ec,1.2446685241558182,-26.91291096445685,25.019418995187277
2026-08-03 01:52:29.140800,S001,temperature,17.901293187249344,-32.28746242000885,25.571873540110257
2026-03-24 19:52:29.140800,S004,soil_moisture,0.5846608507546327,-25.44330546187529,30.049504304163165
2025-10-22 20:52:29.140800,S003,soil_moisture,0.41849738002072717,-27.744249435327784,26.05327403294155
2026-05-08 07:52:29.140800,S004,humidity,44.98245774639564,-30.87873224381723,18.152186046896908
2026-09-01 01:52:29.140800,S005,humidity,53.09919694962622,-28.37103506019924,21.70918718086771
2025-10-08 06:52:29.140800,S005,temperature,19.82520552068604,-31.433753039487478,22.99623089071291
2025-11-13 00:52:29.140800,S002,humidity,62.39084023226355,-29.663970618622777,22.63510821680526
2025-10-06 23:52:29.140800,S004,ph,6.584854970868262,-24.31798005323577,31.262633210812655
2026-03-05 17:52:29.140800,S002,temperature,8.451375979449704,-27.190970271936745,22.204085757610734
2026-07-10 03:52:29.140800,S004,temperature,37.17685987257612,-27.311047855437494,29.39260322631094
2026-08-30 11:52:29.140800,S005,temperature,27.98351725595726,-29.466910922673954,27.696063956302723
2026-06-14 18:52:29.140800,S004,humidity,74.06375089913169,-26.365224617274677,21.18147978939822
2026-09-25 08:52:29.140800,S002,ph,6.39193534459467,-29.953467771746904,29.334150169823246
2025-11-07 06:52:29.140800,S003,ec,1.5969582539414564,-31.16927335020994,19.945932806857314
2026-01-21 05:52:29.140800,S001,soil_moisture,0.8029699260989145,-28.919692634182255,23.212161598951987
2025-10-15 05:52:29.140800,S005,temperature,22.775476310225688,-24.62262836653119,27.498526592237667
2026-11-05 19:52:29.140800,S003,humidity,79.08012331832833,-33.2639259018202,20.77913732771957
2026-05-18 11:52:29.140800,S001,temperature,17.954561855898227,-29.7638317288185,22.477183633529386
2025-12-26 23:52:29.140800,S003,ph,7.116700594075488,-25.687524970802688,27.135595268602103
2025-12-01 07:52:29.140800,S005,ec,1.2650858550741892,-27.678588531642973,28.596453395885455
2026-07-05 03:52:29.140800,S003,soil_moisture,0.4379302323456435,-24.40531537143822,30.25892991821213
2026-11-02 00:52:29.140800,S001,temperature,18.702802024077073,-26.896521190008887,21.685247069900353
2026-01-27 15:52:29.140800,S004,ec,2.3749110031220027,-30.72329358891183,27.83238588896517
2025-12-26 05:52:29.140800,S003,humidity,46.598965829041404,-24.42428414352846,26.91471440528517
2026-03-22 13:52:29.140800,S002,temperature,28.370801195281434,-33.80352394594755,26.437323076567164
2026-08-05 04:52:29.140800,S002,temperature,27.488107351540712,-29.106322837512163,23.626251922716087
2026-08-25 21:52:29.140800,S001,ec,1.3994154666124892,-33.897360321950494,24.46336380028759
2025-12-30 15:52:29.140800,S005,humidity,77.44307797173529,-26.932626675872108,27.179213146533403
2026-03-24 15:52:29.140800,S001,ph,2.4487630990428215,-30.167547222049542,21.607706239780544
2026-05-08 21:52:29.140800,S004,soil_moisture,0.6679630284560061,-31.53607623599161,23.154233662865582
2026-06-28 14:52:29.140800,S003,temperature,18.039256823034723,-28.388487078524157,19.254149576477705
2025-12-18 03:52:29.140800,S001,ph,7.008357757397029,-26.667997876801568,20.738896147374508
2026-05-07 07:52:29.140800,S001,humidity,36.62745820677918,-26.09111818003784,30.936273918118495
2026-03-26 06:52:29.140800,S003,ph,6.53188460243039,-26.247546459172245,19.198539318084002
2026-01-11 23:52:29.140800,S001,ph,5.909931971773947,-25.543945947501914,31.194421759641422
2025-12-11 14:52:29.140800,S002,ph,6.362124836160639,-32.77567228505476,20.165528642558968
2025-12-13 19:52:29.140800,S003,ph,6.206480026398487,-26.790227717177974,19.277110340724473
2026-08-13 19:52:29.140800,S002,temperature,36.38608065407968,-29.54524807289272,27.75423229407285
2026-05-20 19:52:29.140800,S004,ph,6.545887787390818,-33.893218246260325,20.92087308424448
2026-08-20 10:52:29.140800,S004,humidity,35.78253395047104,-30.60502169836233,22.10846350818121
2026-05-18 01:52:29.140800,S001,humidity,69.62952351722654,-30.535776721723096,22.175408835256675
2026-02-18 02:52:29.140800,S001,humidity,35.09279635595782,-29.66827094050634,26.14981469104794
2026-01-16 09:52:29.140800,S005,soil_moisture,0.4914271861192161,-27.598464157582196,25.829928278638487
2026-07-05 15:52:29.140800,S002,ph,26.051370954046668,-30.783022943356407,29.0648022482115
2026-08-13 16:52:29.140800,S002,soil_moisture,0.7936968388105203,-26.4289293746956,31.222167014972968
2026-11-16 05:52:29.140800,S001,temperature,28.649581508218912,-25.912547231265613,18.836000379439277
2026-04-11 11:52:29.140800,S003,ec,1.6821413116110906,-33.93075878182006,20.400353744886033
2025-10-31 05:52:29.140800,S004,humidity,96.22138739815418,-26.482171443679462,25.028324580022
2026-09-24 19:52:29.140800,S002,ec,1.4007021082236268,-24.321106122588404,25.857707959091876
2026-05-14 15:52:29.140800,S001,ph,7.7142865238166305,-24.834418297505277,26.14336409277285
2026-10-11 00:52:29.140800,S003,ec,1.405062373757627,-29.941415300479846,22.861392179160493
2025-10-15 23:52:29.140800,S004,soil_moisture,0.5312999082699192,-25.374046094139427,24.639414827349682
2025-12-29 20:52:29.140800,S003,temperature,6.997653720906365,-24.337279235809405,24.87818324120354
2025-10-17 09:52:29.140800,S005,ph,6.346729271231364,-28.159237662245552,24.805310340979464
2025-10-12 12:52:29.140800,S004,ph,6.394366621210916,-25.195808450387872,30.4497046219186
2026-01-10 19:52:29.140800,S003,humidity,83.49638925606342,-31.795472819519198,28.19847892824678
2026-01-04 03:52:29.140800,S003,ec,1.5140803925776565,-32.73990655551409,30.264863598554825
2025-10-23 12:52:29.140800,S002,ph,5.784121337137984,-32.89757255586435,21.785751875975244
2025-12-29 18:52:29.140800,S004,ph,6.77591123402821,-31.63205776756456,31.29015892416318
2026-02-14 00:52:29.140800,S001,humidity,55.03898005959411,-27.112472317265784,26.099830861156075
2026-06-09 15:52:29.140800,S001,ec,1.8998093353834515,-30.30652528536355,28.563641974863856
2026-09-04 04:52:29.140800,S004,soil_moisture,0.4508978843366426,-31.254758065905573,20.263351666168823
2026-04-19 21:52:29.140800,S002,soil_moisture,0.5728469563834817,-25.447836149100105,30.672350539278156
2026-11-05 16:52:29.140800,S001,soil_moisture,0.21112349950677545,-31.2713244208061,30.03019718755368
2026-04-24 01:52:29.140800,S002,ph,6.408022983853528,-33.62470955668136,19.866779719906887
2026-08-02 09:52:29.140800,S004,temperature,44.95804670804101,-24.88855870446774,24.143310208666335
2026-10-15 20:52:29.140800,S004,ec,15.872668826607148,-24.721186041975542,20.02803477246535
2026-11-04 23:52:29.140800,S002,soil_moisture,0.6091423512601141,-27.511474781564544,22.41375669161757
2025-11-16 09:52:29.140800,S003,ec,1.7642700423467665,-24.119209340119852,28.63904443281662
2025-10-04 07:52:29.140800,S001,temperature,18.835566590143394,-25.913982782705993,18.097637640497013
2026-06-05 02:52:29.140800,S004,soil_moisture,0.36209092892945977,-31.22344082692256,22.858011760334694
2026-10-21 20:52:29.140800,S005,ph,6.43436854458973,-24.679360982339773,21.931517633280432
2026-03-28 03:52:29.140800,S001,ec,0.6137116275543585,-31.91200903990965,29.357811410827992
2026-07-08 12:52:29.140800,S004,ph,6.395561350862518,-24.286652974806085,20.478949040032756
2025-11-08 12:52:29.140800,S001,ph,6.563413222352374,-30.25039644423815,27.93358000139424
2026-04-14 01:52:29.140800,S004,ec,1.9671123001483988,-24.40753946983056,21.770248802569277
2026-10-03 04:52:29.140800,S001,humidity,87.80032669727645,-32.66302613655736,24.964648135559138
2026-01-01 19:52:29.140800,S001,humidity,81.49578940869542,-30.511914426217096,31.96002861227848
2026-03-09 21:52:29.140800,S002,ph,6.452710402388094,-29.694972885818068,18.291820469247156
2026-08-18 11:52:29.140800,S002,humidity,35.312228256937644,-24.653884977998093,28.6951759179224
2026-09-13 12:52:29.140800,S001,humidity,78.62677627165425,-28.757693850262587,22.286068415152915
2026-08-14 16:52:29.140800,S001,ec,2.1008534346799355,-32.27553347807814,30.087087758076017
2026-10-05 14:52:29.140800,S004,soil_moisture,18.85933592601338,-32.48946439212015,24.49829382287946
2026-08-25 18:52:29.140800,S003,temperature,35.70150589572011,-24.40769903261196,24.370114142034254
2026-05-24 22:52:29.140800,S002,soil_moisture,0.4240025719950996,-24.59283605220849,23.64622357559046
2026-08-22 10:52:29.140800,S003,soil_moisture,0.6057104977184188,-26.31604119020181,31.065828597710034
2025-10-15 15:52:29.140800,S005,ph,6.255341857730833,-25.232011581714694,21.474950189890638
2026-05-19 01:52:29.140800,S003,ph,7.419273763394146,-29.059293745664363,30.698577704810454
2026-09-21 23:52:29.140800,S005,ph,-4.1267046070074365,-27.779146062460068,24.61507720774743
2026-11-15 19:52:29.140800,S004,temperature,24.492947418578208,-32.84787868430342,28.521766068419335
2026-04-20 15:52:29.140800,S004,humidity,56.440214970223394,-28.975048354605235,31.06672109153382
2026-05-02 20:52:29.140800,S001,humidity,60.18689803930395,-33.628714923512064,31.708115019645696
2026-10-27 02:52:29.140800,S001,temperature,14.820887050763762,-28.08951423603554,31.84473598504909
2025-12-09 17:52:29.140800,S004,soil_moisture,0.7322749123479328,-32.366935385397674,18.16541298909114
2025-12-07 16:52:29.140800,S001,humidity,61.11420870253548,-27.395351402325275,24.081145097508887
2026-01-23 08:52:29.140800,S002,ph,6.740405554033272,-29.016871080108842,20.777256349483732
2025-10-17 17:52:29.140800,S005,ph,5.419181844661839,-32.04447623104708,19.323868404959345
2026-08-23 04:52:29.140800,S004,temperature,26.04261845702264,-28.16675147938316,21.66954780119048
2026-02-26 01:52:29.140800,S002,temperature,18.020004046918814,-25.05303165268405,24.06349876834992
2026-11-04 21:52:29.140800,S002,soil_moisture,0.5079744197839849,-24.243904293944176,18.780037070628964
2025-10-20 09:52:29.140800,S001,humidity,54.284690971534324,-30.20735419758388,21.67825118914457
2025-10-21 20:52:29.140800,S005,humidity,73.15147048997875,-29.915595538798478,21.38505747753871
2026-06-09 11:52:29.140800,S005,humidity,23.013326581898845,-27.107094876965427,28.099993193093916
2026-10-10 00:52:29.140800,S002,ec,2.3149223939860137,-32.88743960990778,20.658727725189614
2026-05-23 11:52:29.140800,S002,humidity,86.56029107449694,-30.545436287550707,23.10619642414141
2026-04-08 14:52:29.140800,S004,ph,6.529958205767937,-25.38385643416772,27.08784484457856
2025-11-02 04:52:29.140800,S004,soil_moisture,0.8744339511727905,-30.102826076748578,30.97821636380949
2026-05-16 13:52:29.140800,S003,ph,6.271540869878466,-25.092386961684525,28.81909334141372
2026-09-12 18:52:29.140800,S001,ec,1.8178425169357948,-25.18857953387065,20.89077248109748
2026-09-02 08:52:29.140800,S001,ec,1.311474174093286,-29.780472119785884,26.979756821227888
2026-05-09 10:52:29.140800,S001,ph,6.55530183057497,-26.200081754788513,25.431560572862843
2026-10-17 03:52:29.140800,S004,ph,6.4199405964813145,-30.38322491939199,20.83201864498413
2026-05-04 22:52:29.140800,S004,humidity,73.65134197857395,-33.583546212343435,22.380275980239443
2026-05-21 13:52:29.140800,S001,ph,6.91606638906494,-31.071729646760858,26.593282814828772
2026-04-10 20:52:29.140800,S001,ph,6.450128868629977,-25.49890520028536,31.99038403259859
2026-07-15 15:52:29.140800,S001,humidity,46.21274693845393,-29.202701594390064,26.17767903240414
2025-12-23 22:52:29.140800,S003,soil_moisture,0.25279469954960654,-25.0995361176318,20.487125957586656
2026-08-07 16:52:29.140800,S003,ph,6.5339890735302975,-25.19392321716873,19.67510284002686
2025-11-11 09:52:29.140800,S005,temperature,19.87186999622501,-28.046331382546143,22.809325667640834
2026-07-20 13:52:29.140800,S001,soil_moisture,0.4329250291398846,-29.09528079268364,30.28666053361694
2025-11-12 15:52:29.140800,S004,soil_moisture,0.3776277884407879,-28.496431213047828,28.384756186549446
2026-07-29 08:52:29.140800,S001,humidity,78.25835253487308,-30.129714466227533,19.76646552125579
2026-05-18 10:52:29.140800,S004,ec,1.1649319189434504,-25.772088986947637,24.48994139730329
2026-05-29 15:52:29.140800,S004,temperature,20.04635703358627,-27.657720340621626,28.492645823290474
2025-10-30 01:52:29.140800,S005,ec,-4.284376492764415,-24.889255212923025,24.13673621262107
2025-12-21 13:52:29.140800,S001,temperature,27.123944240861537,-31.16463852057834,29.33501263371855
2025-11-14 17:52:29.140800,S005,ph,6.071044635314988,-30.377548162211855,27.72063430394409
2026-10-31 12:52:29.140800,S001,ec,2.116495210897261,-24.005798586284335,24.804411705429658
2026-09-09 03:52:29.140800,S005,ph,6.142545842563483,-25.7421781476865,23.228678426356147
2026-01-20 11:52:29.140800,S003,soil_moisture,0.7760272806656361,-25.9826362169997,20.24703633834464
2025-10-13 19:52:29.140800,S003,ec,1.8126771101563004,-29.85939717913964,18.753156327995487
2026-02-03 06:52:29.140800,S003,ec,1.8514402145806002,-27.95885000918939,30.784982254917917
2026-02-27 16:52:29.140800,S002,ec,2.509439060301189,-33.78828901189438,19.78889480257949
2025-10-12 21:52:29.140800,S005,ec,0.8886404010974273,-32.389945385105875,23.350966469997996
2026-07-16 08:52:29.140800,S004,humidity,67.49336918030454,-24.186927647954732,31.213283855196554
2026-09-09 06:52:29.140800,S002,humidity,62.29513485370444,-27.627179142189632,20.950227106920934
2026-05-20 08:52:29.140800,S001,temperature,28.459748490827817,-33.300664479312715,27.63222336086576
2026-05-24 07:52:29.140800,S002,ph,7.050491658476992,-25.41749586098048,25.953049063335524
2026-04-22 05:52:29.140800,S003,ph,7.031186830763367,-31.03376937253376,24.469373833727925
2026-09-26 00:52:29.140800,S003,temperature,27.18045391960548,-26.55599235719155,19.502284616482054
2025-12-30 11:52:29.140800,S001,humidity,73.94577784190543,-28.68775203492065,20.05783812866802
2026-09-20 17:52:29.140800,S004,humidity,77.5642004939047,-33.93079403129133,20.74626266107733
2026-11-10 22:52:29.140800,S003,ec,1.2217078921151414,-30.87519934200859,26.992054227645976
2026-09-05 00:52:29.140800,S005,ec,1.3564931041367292,-24.93271089137884,30.853251406027255
2026-04-20 21:52:29.140800,S001,temperature,32.222442450461024,-33.940282425959744,22.977955236658335
2026-11-01 00:52:29.140800,S004,humidity,17.7566546423651,-28.4979110174417,20.707743707990346
2026-04-19 22:52:29.140800,S001,ec,0.5196451738241298,-25.5468924922511,20.677065020772453
2026-02-21 12:52:29.140800,S001,temperature,25.10785934891652,-29.9534765751201,23.300519366061486
2026-07-12 03:52:29.140800,S001,humidity,63.936094012975694,-25.920517399237863,18.797372103064006
2026-10-24 11:52:29.140800,S001,temperature,29.31962957618782,-32.94969530445262,26.423394093583102
2026-01-01 14:52:29.140800,S004,soil_moisture,-8.567863473558205,-29.063396888355733,27.58478015214251
2026-05-14 00:52:29.140800,S003,temperature,21.65255594078062,-26.018551656751374,22.92047484206919
2026-06-27 14:52:29.140800,S003,soil_moisture,0.3261871523694815,-27.029565303579076,22.479983772287216
2026-08-05 02:52:29.140800,S002,soil_moisture,0.49943367992582605,-28.566748574088244,27.024133644178203
2026-11-04 05:52:29.140800,S001,ec,1.7013008027516645,-26.04536872891777,18.66175953363954
2026-03-07 04:52:29.140800,S003,soil_moisture,0.5833592478130525,-28.823939924829844,31.14522945535135
2026-04-30 10:52:29.140800,S005,temperature,27.34000929193756,-24.16383155715019,23.02539830699113
2026-01-25 00:52:29.140800,S001,humidity,69.02162109066313,-31.090165271096907,28.927642435595317
2026-05-05 07:52:29.140800,S003,temperature,19.19714172845466,-25.89542799642888,24.533153986394314
2025-10-19 03:52:29.140800,S004,ph,6.509666357123226,-29.758757366504504,19.278725188362117
2025-11-09 09:52:29.140800,S001,soil_moisture,0.565180138370329,-31.961336706932535,20.837829793487185
2026-02-28 12:52:29.140800,S005,temperature,22.499477354151534,-30.567904439879957,27.256403887226085
2025-10-12 10:52:29.140800,S004,ph,5.9160179309418925,-24.101035822578364,28.08132411691625
2026-10-21 05:52:29.140800,S004,soil_moisture,0.592010947175998,-30.35557577667845,26.526608453606688
2026-10-18 02:52:29.140800,S005,temperature,20.989061155694905,-26.90372000265051,19.500888466141266
2026-10-02 02:52:29.140800,S001,ec,2.3284717070373446,-30.021952576675556,30.115097932015594
2026-08-02 05:52:29.140800,S004,soil_moisture,0.23536447361799934,-32.65658104480855,18.160146401827138
2025-11-26 21:52:29.140800,S005,temperature,23.288578528212412,-31.815598244183604,27.92891747616956
2026-05-15 05:52:29.140800,S004,temperature,29.727777528235862,-33.157221572213196,22.935732309960308
2026-11-22 20:52:29.140800,S003,ec,1.6732786320168804,-24.7582037576419,29.717353782833
2026-09-28 08:52:29.140800,S001,ec,1.2467919043985791,-30.081842397370018,25.53292592114677
2025-12-10 06:52:29.140800,S004,soil_moisture,0.5886774809914206,-24.72866288618774,19.154497938747255
2026-09-26 03:52:29.140800,S005,soil_moisture,0.5333381066313608,-32.045332718249966,26.330999548050833
2026-09-01 09:52:29.140800,S001,soil_moisture,0.37286042141547493,-24.19010448625188,22.309996749661476
2026-07-30 02:52:29.140800,S001,ph,5.111833047319882,-24.792958269147555,25.27183196672522
2026-07-06 10:52:29.140800,S004,humidity,97.16218669823675,-26.483246951563164,29.200317441801133
2026-03-22 05:52:29.140800,S004,ph,7.48347025142802,-29.262546664968525,26.05885297279892
2025-10-14 23:52:29.140800,S005,ec,1.7269445461704966,-28.682817209134473,27.405617537651203
2026-09-22 06:52:29.140800,S002,soil_moisture,0.755505590990524,-26.14835543038356,27.97935449095928
2026-01-13 14:52:29.140800,S005,ec,1.9893996271348786,-25.926961689036908,29.145130001308182
2026-07-12 09:52:29.140800,S005,temperature,28.692368379211448,-30.220823233244243,28.704377772952142
2025-10-19 20:52:29.140800,S003,temperature,41.06235553106422,-26.040604283015178,28.30696144157083
2026-08-24 12:52:29.140800,S001,ec,1.8397839816940327,-32.89021714629244,28.871430064676726
2025-12-08 18:52:29.140800,S002,soil_moisture,0.63718999919366,-30.1804462982508,26.16430367979609
2026-08-11 05:52:29.140800,S001,ph,6.414009899387247,-26.125889810186017,27.555042609055672
2026-10-18 14:52:29.140800,S001,temperature,22.359517295738897,-27.931728739859103,24.75247405214281
2026-06-28 16:52:29.140800,S001,temperature,25.915619258940325,-32.439004482968976,29.560301323286815
2025-11-01 22:52:29.140800,S005,humidity,106.22075819885478,-29.44902988922822,23.475150128878976
2026-04-15 10:52:29.140800,S004,humidity,85.05928173408867,-30.26990682860352,27.482804448382417
2026-06-10 20:52:29.140800,S003,humidity,76.24926844187465,-26.54057213367747,31.762462180883052
2025-10-25 11:52:29.140800,S002,ec,0.77915706262984,-27.612090792117186,28.097236370034242
2026-09-09 16:52:29.140800,S005,ec,1.3945412928860723,-27.502169453739203,31.420097361974072
2026-01-23 23:52:29.140800,S005,soil_moisture,0.6613197474401522,-31.195664957815623,31.14133321040536
2026-10-19 10:52:29.140800,S003,humidity,55.95514112484569,-27.692616680355247,27.3273408221828
2026-05-05 15:52:29.140800,S001,ph,6.0966119565995545,-30.974180914210862,20.72491671488964
2025-11-29 21:52:29.140800,S005,ph,5.99113404150769,-27.881796886454765,19.11390880341048
2026-09-29 09:52:29.140800,S002,ec,1.8657930983549003,-33.97228402691247,22.63468718574614
2026-11-15 15:52:29.140800,S005,ec,1.4532729988010742,-28.95749163303463,27.114864578722624
2026-06-05 22:52:29.140800,S005,ph,6.348844612421427,-31.28588343685892,22.92653847832533
2026-02-17 08:52:29.140800,S002,soil_moisture,0.7529345035495412,-28.08771254416737,27.862224483286223
2026-10-31 22:52:29.140800,S001,ec,0.3621288644149163,-24.66021551381995,25.239695341787368
2026-05-26 12:52:29.140800,S002,soil_moisture,9.948555828833772,-27.384224479281084,26.415858748509983
2026-10-08 04:52:29.140800,S003,humidity,51.72062897020396,-32.46667708827239,28.23614096693793
2026-11-11 17:52:29.140800,S001,ph,5.8821976434685626,-31.568917234986525,31.203446431300954
2026-05-26 04:52:29.140800,S001,soil_moisture,0.37311852470673235,-31.274176304045504,28.973212979734527
2026-11-03 16:52:29.140800,S002,soil_moisture,0.5772850088123366,-31.973369372539747,30.191519233983364
2026-02-07 14:52:29.140800,S002,temperature,44.97888888026511,-32.82220225943643,28.345684545053402
2026-07-10 18:52:29.140800,S005,ec,1.245367287919057,-32.449832605623506,26.61402314014179
2026-01-06 05:52:29.140800,S003,ph,5.912418734332831,-33.211234481005036,21.70880371089408
2026-07-13 15:52:29.140800,S002,ec,1.7265050857124877,-26.207583461000738,25.557521696524898
2026-07-21 14:52:29.140800,S001,humidity,54.49789998461232,-27.255153953396732,24.932560700856875
2026-01-23 00:52:29.140800,S004,soil_moisture,0.12812180504444437,-25.387820164726776,29.78350315643347
2026-02-27 05:52:29.140800,S001,humidity,40.00245050400724,-30.75790274687881,20.919894301193793
2026-10-23 11:52:29.140800,S001,humidity,72.2501498549166,-26.080127886629235,19.113211353722924
2026-07-27 17:52:29.140800,S003,soil_moisture,0.4143569695032914,-31.32876707439908,31.807031485294388
2026-02-27 08:52:29.140800,S002,humidity,52.895489056767516,-28.12989755204424,23.781735578176608
2026-11-17 00:52:29.140800,S004,ec,0.5618406103864303,-27.57125369940334,30.917502650393402
2026-08-01 14:52:29.140800,S004,ec,1.6380043365048995,-33.24457521315697,24.272445765389485
2026-06-27 12:52:29.140800,S001,ph,6.18282270821106,-28.70738357237757,19.805614144837726
2025-11-01 09:52:29.140800,S003,ph,6.113863356646457,-27.24632839768127,27.549034745937842
2025-12-26 04:52:29.140800,S003,humidity,83.54372389259434,-25.830168129570453,19.103048757115705
2026-05-24 16:52:29.140800,S003,soil_moisture,0.46420911012948773,-24.677960694011627,31.359379168773394
2026-07-13 20:52:29.140800,S004,humidity,73.66046333850252,-31.242447479323275,24.227123349280124
2026-08-25 06:52:29.140800,S002,ec,2.055436125941029,-31.186568511160637,28.305572935617462
2026-03-25 03:52:29.140800,S004,ec,1.8389768173451517,-32.60155117259893,31.88688980152703
2026-07-16 04:52:29.140800,S003,ec,13.451313814529266,-33.70111916415244,23.86439283810043
2026-09-17 08:52:29.140800,S001,soil_moisture,0.6727242236492518,-25.317022983946067,22.706504039997604
2026-07-08 02:52:29.140800,S005,temperature,8.66385534998474,-27.75032009511353,28.177349691812022
2026-07-10 01:52:29.140800,S005,ph,5.660133991010921,-28.266827515925158,23.818916790023657
2026-05-26 23:52:29.140800,S003,temperature,22.39834596731402,-30.03608897076802,29.304094190718878
2026-02-28 08:52:29.140800,S005,ec,2.234188806838453,-32.9947370701775,29.42791166208286
2025-12-30 03:52:29.140800,S001,soil_moisture,0.3984194070419517,-24.413711385828172,27.2004737244334
2026-10-22 15:52:29.140800,S002,ec,1.9119896470131428,-24.399861397643804,20.493826640228924
2025-11-13 03:52:29.140800,S003,soil_moisture,0.5345423060685819,-27.329485397625486,25.696402567872806
2026-04-13 20:52:29.140800,S003,humidity,92.71815138008503,-27.335299221872884,23.954107896330314
2025-12-24 13:52:29.140800,S003,soil_moisture,0.23576701958272817,-26.411208572723556,30.559769344845186
2026-02-23 20:52:29.140800,S004,soil_moisture,0.6159749144693992,-33.656345194072586,31.059353951052014
2025-11-11 02:52:29.140800,S004,soil_moisture,0.4920272625920041,-26.40610547067953,27.942970226920306
2026-01-21 08:52:29.140800,S003,soil_moisture,0.3285154479530381,-27.714647015669392,31.465829218182957
2026-08-10 19:52:29.140800,S001,humidity,29.844749681703263,-31.69510615838278,27.329481582778925
2026-05-24 10:52:29.140800,S004,humidity,61.22850305359839,-30.373873364817364,18.845345134284223
2026-09-01 15:52:29.140800,S003,ph,6.308628717980408,-26.687809849555407,25.526003673693864
2026-02-23 19:52:29.140800,S003,soil_moisture,0.49874562554475294,-32.38956153873097,30.408706779617578
2025-10-27 11:52:29.140800,S001,ec,1.7526016507619948,-32.6645250138461,28.8432890441735
2026-03-21 16:52:29.140800,S005,soil_moisture,0.7069023924368443,-29.40103837350394,19.16893619056459
2026-09-14 04:52:29.140800,S004,ph,6.4245212479441856,-28.20053968321951,20.09618405407523
2026-01-04 07:52:29.140800,S004,ec,1.6180157445815473,-29.538484013166634,18.226767111134215
2026-09-15 12:52:29.140800,S001,ec,1.6225597035814079,-33.18163363153522,20.39383664343659
2025-11-16 17:52:29.140800,S003,ec,1.1878455130505219,-30.418553628728624,23.74929090776583
2025-10-13 21:52:29.140800,S001,ph,7.236941804134269,-25.736176106154325,26.897576947034928
2026-06-22 19:52:29.140800,S003,ph,6.578716421229532,-30.72676705922776,25.733673300290913
2026-02-04 07:52:29.140800,S005,ph,5.605596131588874,-26.59900291384738,22.30256725775966
2026-10-08 05:52:29.140800,S004,ph,6.589897576239714,-25.87077643777291,26.537981325995773
2025-12-30 07:52:29.140800,S002,temperature,24.02721142827686,-32.99232520711245,19.870044296192212
2026-02-13 08:52:29.140800,S005,humidity,74.50121715285515,-33.295220281245726,19.634869219820562
2026-06-21 14:52:29.140800,S003,humidity,67.02068923514982,-28.064170264565966,25.376273481150754
2026-04-03 10:52:29.140800,S003,ec,-0.16343301153306777,-28.12760098557977,26.388733370432725
2025-12-19 10:52:29.140800,S002,soil_moisture,0.7822320674129684,-33.029680716064725,18.46468257072556
2026-06-17 08:52:29.140800,S003,soil_moisture,0.47182088778895,-28.084731214821176,22.84198478557761
2026-10-26 08:52:29.140800,S001,ph,6.466999356522049,-28.029814653050376,25.264506004356882
2026-05-23 07:52:29.140800,S005,ph,6.586648213392959,-28.061813957761558,29.66154327957546
2025-10-04 01:52:29.140800,S005,humidity,47.209947477619,-29.941118196554434,31.14437996522475
2026-07-11 01:52:29.140800,S002,ph,6.30331785402794,-26.731902814840907,26.343544499969823
2026-06-16 06:52:29.140800,S005,soil_moisture,0.3043342865313935,-27.743546694549188,19.226476355637686
2025-10-20 14:52:29.140800,S004,ph,5.7907202877161055,-28.772628674619405,29.874003065690836
2026-04-25 23:52:29.140800,S004,humidity,95.01439869535895,-24.230197296734268,26.41353013154894
2025-11-10 09:52:29.140800,S003,temperature,20.5556635924325,-24.670921637711167,27.293224288826604
2026-10-30 10:52:29.140800,S001,ph,6.411508159972166,-31.142623811548628,23.76873077427055
2026-02-08 00:52:29.140800,S002,ec,2.0031595079658335,-33.00506071488344,20.00598679028039
2025-10-08 01:52:29.140800,S002,humidity,75.06235741798878,-27.649007354787773,24.864220061342905
2026-11-13 02:52:29.140800,S002,ph,6.803834791572962,-29.718797602867717,18.355920287455014
2025-12-07 13:52:29.140800,S001,temperature,21.28520842877993,-27.02994684263297,24.001566350392807
2025-12-07 07:52:29.140800,S003,soil_moisture,0.08521045260275845,-27.853207437306615,24.704409175796098
2026-08-10 15:52:29.140800,S004,ec,2.3266174724487967,-24.16469892202246,22.422236270659806
2026-08-27 06:52:29.140800,S004,temperature,31.98455641742894,-32.314429067448934,23.71616296698975
2025-11-13 00:52:29.140800,S002,ec,1.5323794154289239,-25.50288245057377,22.411666723162263
2026-05-01 03:52:29.140800,S001,soil_moisture,0.3325314024882837,-24.969530476557978,27.22262600229749
2025-10-04 13:52:29.140800,S004,humidity,70.00358257645985,-27.030032591657793,20.251855430175798
2026-06-14 14:52:29.140800,S003,ph,7.463245520490596,-25.722080352838088,26.078586724001507
2026-03-17 23:52:29.140800,S003,humidity,57.69609763207376,-32.879166025037854,31.435620561716625
2025-11-18 10:52:29.140800,S001,soil_moisture,0.3650531858016457,-25.99633099532859,29.260257730615294
2026-06-21 17:52:29.140800,S003,temperature,26.079750765314873,-27.29518625286855,21.436535101671765
2025-11-02 09:52:29.140800,S003,temperature,19.26464002136664,-32.74485305181725,22.046803201201588
2026-08-28 02:52:29.140800,S001,humidity,46.87227923432849,-32.81110299372973,21.11466368297925
2026-06-12 03:52:29.140800,S003,ec,1.6946795900616873,-32.537908126387435,25.110048551158112
2026-01-31 11:52:29.140800,S001,soil_moisture,0.47159962834180863,-29.352059268612415,31.40229242707054
2026-10-18 13:52:29.140800,S005,ec,1.667786275188297,-32.26490120994681,22.273758689119028
2026-11-16 03:52:29.140800,S002,humidity,47.11349051563815,-26.78734308986963,28.731590596441865
2026-05-08 17:52:29.140800,S003,ph,6.247218882028264,-27.913297642184155,29.667281316517492
2025-12-09 10:52:29.140800,S003,soil_moisture,0.33038456950694106,-26.156455328095394,27.086101139521972
2026-03-05 21:52:29.140800,S004,soil_moisture,0.6467371490458093,-25.701895386568914,24.63784406357381
2026-04-26 19:52:29.140800,S004,soil_moisture,0.3099374520744341,-27.682974815039504,27.99422314178119
2026-01-03 11:52:29.140800,S001,temperature,11.098773734791783,-26.80562300017001,26.013862759408
2026-09-16 04:52:29.140800,S004,temperature,23.869204069926763,-29.088601195435217,25.27436727777129
2025-12-12 18:52:29.140800,S003,ph,6.52031113437581,-28.25295366060693,19.892374392671258
2025-11-14 23:52:29.140800,S003,ph,6.63413078329802,-24.79921510399735,20.894412010268365
2026-04-28 16:52:29.140800,S004,ec,1.6079218685900618,-29.26849331038465,23.78188579473075
2026-01-24 23:52:29.140800,S002,soil_moisture,0.2788757781234474,-25.188017287746945,19.17065071853972
2025-12-17 17:52:29.140800,S004,temperature,31.451548088843374,-28.31814598871661,18.536404869870097
2026-06-15 23:52:29.140800,S004,temperature,27.097150342741216,-29.98026894822272,24.597018998412143
2026-09-11 11:52:29.140800,S003,ph,7.168445879197502,-30.709117651470443,25.178827187329638
2026-11-05 14:52:29.140800,S001,temperature,30.53180179154561,-31.374168934540023,22.31866765739325
2025-12-31 16:52:29.140800,S004,ec,0.7501886627454233,-26.799472563124922,26.665470383044156
2025-11-06 18:52:29.140800,S003,humidity,61.062581603917145,-29.53504040723208,18.790862983359034
2026-07-03 13:52:29.140800,S004,ph,6.827699549322665,-30.539835093996405,29.108216842482065
2026-05-04 14:52:29.140800,S003,ec,1.2444757291594835,-25.399920518525022,29.36407260926871
2025-12-29 18:52:29.140800,S002,ec,2.3258288279603647,-24.966277341862494,28.815763495625873
2026-04-05 06:52:29.140800,S001,ec,1.826071699795183,-24.097909628836973,25.438726702995147
2026-10-04 13:52:29.140800,S003,ec,1.2016040770637835,-28.602786560835415,22.604480874310195
2025-11-24 09:52:29.140800,S003,soil_moisture,0.3229592534867039,-33.1127601366474,27.248960757015876
2026-09-12 10:52:29.140800,S005,ec,1.5556485534353666,-29.49170040194071,19.271364604408586
2026-11-05 21:52:29.140800,S004,temperature,-0.09623727096267842,-28.323789348872218,20.135326200281586
2026-01-18 20:52:29.140800,S005,ph,6.319500722373634,-24.813621849818382,24.39581873639439
2026-06-22 14:52:29.140800,S002,temperature,26.781108549747287,-28.796553878065563,22.296395111450654
2026-11-06 07:52:29.140800,S003,ec,1.1230195867319486,-29.204463924544584,30.53073229284994
2026-04-16 10:52:29.140800,S004,humidity,47.43647567030962,-27.479457742270412,27.05473917780808
2026-01-13 18:52:29.140800,S003,ec,1.283909656033938,-28.33625631988422,22.26153170811029
2025-10-28 17:52:29.140800,S001,ec,1.5856976778011456,-28.07103610362776,31.725875764957298
2025-11-26 15:52:29.140800,S003,ec,1.2288010038480608,-29.676310238793242,27.57636305598102
2025-11-16 21:52:29.140800,S004,soil_moisture,0.43678180598729577,-32.805087457866094,23.034186506877887
2026-03-11 11:52:29.140800,S004,soil_moisture,0.6963105939538307,-32.15249313595892,18.60788645860916
2026-03-22 15:52:29.140800,S001,soil_moisture,0.5239664548639693,-31.050641938635763,19.7164760657918
2026-01-17 21:52:29.140800,S004,soil_moisture,0.6397160254400877,-28.358605863023005,27.631563274667826
2026-07-15 18:52:29.140800,S002,ph,6.536284958788508,-25.719943236946918,20.816938799386964
2026-04-28 12:52:29.140800,S003,ph,6.104693126827113,-29.902020418496573,19.427535261681175
2026-07-25 19:52:29.140800,S003,ec,1.022718167241793,-29.530090841290942,20.423760426467933
2026-06-30 03:52:29.140800,S004,temperature,35.24797492918334,-27.755661138094602,21.29348542240747
2026-09-23 01:52:29.140800,S002,soil_moisture,0.5001513281328503,-29.123925926138874,20.000906886529926
2026-09-17 21:52:29.140800,S003,ec,1.2879266559520834,-25.941282595642306,18.329950316423552
2026-01-01 10:52:29.140800,S003,soil_moisture,0.5288384770548858,-29.361186395175732,19.24529926152418
2025-10-29 00:52:29.140800,S003,humidity,92.82077902357116,-28.92302302807984,29.384894311822535
2026-07-16 03:52:29.140800,S002,soil_moisture,0.4967187378462237,-24.948917672028486,24.404260342979597
2026-01-01 07:52:29.140800,S003,ec,1.121908992317929,-24.982210316352894,27.31914410678836
2026-04-13 23:52:29.140800,S001,soil_moisture,0.22202221834148017,-25.798981030518153,27.00111115808485
2025-12-17 17:52:29.140800,S005,ph,6.191293607550914,-31.464703559547758,22.3892922764459
2025-12-01 09:52:29.140800,S002,soil_moisture,0.504152027581985,-29.376170692279395,21.04585520405255
2026-05-02 18:52:29.140800,S002,humidity,60.011307096103536,-33.915505665246584,24.706704633575917
2026-02-28 18:52:29.140800,S003,humidity,68.84859170529522,-27.474044620128485,21.71510259104347
2025-11-21 14:52:29.140800,S005,ph,6.585043793895635,-28.83537566089834,26.32929530839147
2026-08-07 23:52:29.140800,S005,humidity,64.46025356935482,-25.77837752651213,22.38516151689916
2026-04-16 07:52:29.140800,S002,soil_moisture,0.8313151394441658,-28.230973268525375,22.387804184671975
2026-08-18 17:52:29.140800,S005,soil_moisture,0.3829109279328485,-27.08730850512078,23.99288009568453
2025-10-26 11:52:29.140800,S005,temperature,17.136857686399427,-25.328759289925408,30.270292489919846
2025-11-23 23:52:29.140800,S002,temperature,37.27995246691903,-28.468377827436676,29.55791892572401
2026-05-02 00:52:29.140800,S003,temperature,23.831575261959546,-26.97292353666858,24.818459436095477
2025-10-26 06:52:29.140800,S002,ph,7.105870061852802,-29.68918463173125,23.888783524746565
2026-01-25 12:52:29.140800,S004,ec,2.0942326071809303,-24.82218735597148,24.094060219091638
2026-09-28 21:52:29.140800,S002,humidity,92.4198656166044,-27.887577198831416,23.036370283463242
2025-10-21 00:52:29.140800,S003,ec,1.3569603255384162,-30.485285391608322,30.049496499133674
2026-02-03 11:52:29.140800,S003,ec,1.8031994542731067,-25.634242459200276,25.23593572282898
2026-05-28 12:52:29.140800,S005,temperature,23.56716539485939,-32.23530502287831,26.401657473202206
2026-01-08 03:52:29.140800,S003,humidity,53.32109701335974,-28.53644235435605,30.52907989548567
2026-02-05 08:52:29.140800,S005,humidity,66.28802178301092,-27.994884749441887,18.575995018079492
2026-10-20 15:52:29.140800,S003,soil_moisture,0.4495956094185134,-26.542470818441913,18.486466379049983
2026-02-18 10:52:29.140800,S005,ec,1.4668545139330897,-27.938775938626954,28.319041964274525
2026-01-25 04:52:29.140800,S005,ec,1.0664375138962168,-26.39869191169619,30.901963505899126
2025-12-29 20:52:29.140800,S005,temperature,15.100871685675767,-32.94638563963165,26.966317360537673
2025-11-24 09:52:29.140800,S004,ph,6.171825184355749,-32.75602237778678,30.586184658483454
2026-01-24 15:52:29.140800,S004,ec,1.7607510235393695,-32.955685561206856,28.28983962599757
2025-12-12 12:52:29.140800,S002,humidity,53.89057639464677,-31.535593086150925,31.71001537624528
2026-09-27 21:52:29.140800,S002,humidity,49.99441426226362,-25.638130033001282,25.443459797848114
2025-12-07 03:52:29.140800,S001,ph,5.931069824519899,-31.59978552307919,27.151893210907474
2025-10-31 23:52:29.140800,S004,ph,22.815866337533574,-28.034907386474096,25.828916100834345
2026-09-04 22:52:29.140800,S002,temperature,19.319166265380677,-28.90092779466008,30.918826388350226
2026-08-02 12:52:29.140800,S003,temperature,12.028347420896324,-27.075935342042516,18.605817241576908
2026-07-25 06:52:29.140800,S002,humidity,74.17714873107816,-33.26925892864124,28.499628535614526
2025-10-28 09:52:29.140800,S004,soil_moisture,0.49616057929320173,-26.68938844131506,20.190261219539615
2026-03-08 10:52:29.140800,S001,ec,1.3985818296428119,-24.261692868164772,31.994191525683
2026-06-04 06:52:29.140800,S004,temperature,24.0678257295646,-28.03428875381131,23.63409688522842
2026-02-04 19:52:29.140800,S001,humidity,27.42641202920013,-33.22823267344906,22.56664144497477
2025-10-26 20:52:29.140800,S004,ph,8.169538097244777,-32.84193154389405,27.247328826140706
2026-06-27 18:52:29.140800,S003,humidity,69.84331179866292,-28.826598701292063,18.39369556647156
2025-11-25 06:52:29.140800,S003,ph,5.5872807637214095,-33.661342226141116,25.488358231660253
2026-09-17 04:52:29.140800,S003,soil_moisture,0.37975208873359123,-27.667573627629885,27.340869396282542
2026-05-08 09:52:29.140800,S005,humidity,75.55718852568657,-24.356618202276348,23.08697881415317
2026-05-29 04:52:29.140800,S001,humidity,64.81056386518591,-31.295128590225442,28.244752243123962
2026-07-31 22:52:29.140800,S005,ph,6.6304254260292055,-31.389585600518977,27.355225536918333
2026-09-15 17:52:29.140800,S001,ec,1.3502678126477512,-31.301564379609125,20.96567374032112
2025-12-26 02:52:29.140800,S002,humidity,75.75424202532781,-30.92509354038803,23.571084182955165
2025-11-29 19:52:29.140800,S003,temperature,33.13315129477865,-33.776993299170236,19.64635966381015
2026-10-14 09:52:29.140800,S003,humidity,45.0060171228671,-29.0401724319443,24.622061597722265
2026-03-19 11:52:29.140800,S004,soil_moisture,0.4533856501449047,-26.759551819015435,27.32468102579635
2026-08-29 15:52:29.140800,S001,ph,6.253551608269668,-29.022902639303812,21.792530850144203
2026-02-06 07:52:29.140800,S005,humidity,72.3651221659961,-33.612008788318924,30.12733815715498
2026-07-30 02:52:29.140800,S005,ph,6.293096189193634,-29.215802034205304,29.514045456693857
2026-05-28 02:52:29.140800,S003,temperature,28.945514457470125,-25.241181443689847,29.62774206861826
2026-04-03 20:52:29.140800,S003,humidity,99.14155064505317,-25.04960395767698,19.91086743979217
2026-09-16 13:52:29.140800,S001,humidity,47.91787090602821,-33.005349178247954,26.13654194821288
2026-06-01 03:52:29.140800,S005,ph,6.90205997511404,-30.827027403099233,27.29347942776795
2026-06-04 12:52:29.140800,S005,soil_moisture,0.651690186836479,-31.71897109528831,28.126788221630406
2026-10-11 03:52:29.140800,S004,ec,1.9122988343897194,-31.511355193740282,27.295027776971132
2026-03-03 05:52:29.140800,S002,humidity,69.62266321809359,-33.878749406913286,28.15011902677802
2026-03-05 14:52:29.140800,S002,temperature,18.383433387479826,-26.682182304303495,30.251606469785138
2026-01-13 14:52:29.140800,S005,temperature,28.606047985528296,-29.975143035145678,29.300873724140875
2025-12-18 09:52:29.140800,S002,ec,2.1932600006096306,-27.435528180722493,21.82373322508092
2026-02-25 09:52:29.140800,S005,soil_moisture,0.6003562970666458,-31.97626661622729,30.435280803083568
2026-03-07 03:52:29.140800,S004,humidity,77.06487596786606,-29.90177601012644,25.070280784407387
2026-04-17 13:52:29.140800,S003,ph,7.367669893329922,-32.73211108583906,30.748623460618767
2025-11-01 07:52:29.140800,S004,ph,6.8472147696149355,-26.742860034755115,21.400402842204272
2026-03-07 22:52:29.140800,S001,ph,6.436096807181897,-32.44044397837362,30.205360752880672
2026-05-03 23:52:29.140800,S005,ph,6.887844223751819,-31.065009100881525,27.586373328281596
2026-08-03 17:52:29.140800,S005,temperature,30.749810314591524,-32.97175158414284,22.172378661509853
2026-06-17 17:52:29.140800,S002,ec,1.294872417748125,-30.43458515763676,31.245575682104743
2026-03-28 12:52:29.140800,S003,humidity,57.80082268725116,-27.741788339334573,23.85299183693604
2026-11-12 11:52:29.140800,S001,humidity,85.35769960637965,-27.872276128369215,31.70374277049111
2026-07-13 07:52:29.140800,S003,soil_moisture,0.6114373137086857,-31.081657599515587,31.617519838350706
2026-06-23 09:52:29.140800,S004,ph,6.971805941034156,-26.951706065570566,23.067300156792115
2026-08-30 18:52:29.140800,S001,ec,2.1458528604198923,-25.388282691974105,27.356896863660914
2026-01-29 04:52:29.140800,S004,soil_moisture,0.3422550357334401,-32.89701440902179,25.273272355902655
2026-11-10 19:52:29.140800,S005,soil_moisture,10.316378547238843,-33.672896377864234,30.260313778882033
2025-11-17 04:52:29.140800,S001,soil_moisture,0.5135102928024253,-31.687915568195443,29.37186305868036
2025-10-29 00:52:29.140800,S004,ph,6.772913497694403,-26.1316261870099,26.782178138092277
2025-10-21 12:52:29.140800,S001,temperature,31.642230293039205,-24.058527016645805,24.58475364475514
2026-08-05 18:52:29.140800,S001,ec,2.1267821615634874,-26.849437847138596,21.700220227315718
2026-08-25 06:52:29.140800,S005,temperature,17.94440849193375,-28.086730098452502,28.747581794450777
2026-09-09 21:52:29.140800,S001,temperature,22.750096435033292,-32.3903907597789,25.771341396571565
2026-06-13 10:52:29.140800,S002,ph,6.955050493513884,-30.993843392095343,30.723163500038602
2026-06-06 17:52:29.140800,S003,humidity,82.77528217154844,-29.154223205049163,19.10564955278765
2025-12-12 12:52:29.140800,S003,ec,1.6176856944339588,-28.90922073509576,23.123024622754556
2026-04-12 18:52:29.140800,S005,humidity,56.84945726595386,-27.810244010434246,26.17585139891269
2026-05-07 21:52:29.140800,S002,ec,0.992494274697199,-31.672569841920357,28.049379301201935
2026-08-12 17:52:29.140800,S003,humidity,75.60949335982832,-25.61148953567876,24.428306430551118
2026-07-14 23:52:29.140800,S002,ph,5.772793028678405,-24.06370707794076,22.859906566802195
2026-10-02 23:52:29.140800,S002,humidity,69.94419474929143,-31.29359000989686,28.24629314853132
2025-12-06 19:52:29.140800,S003,ec,1.6916634562490338,-31.245958294400822,30.3571505250794
2026-04-27 18:52:29.140800,S005,humidity,81.53271109626147,-26.290665293718195,18.871786940216992
2026-03-08 03:52:29.140800,S003,soil_moisture,0.6130662816583448,-27.034481567569763,27.642965536351362
2025-10-06 07:52:29.140800,S005,humidity,52.02977265310185,-29.429541908790064,27.06580708738067
2026-01-02 23:52:29.140800,S003,soil_moisture,6.1910333414124175,-26.56400357461245,19.27859841478338
2026-11-13 09:52:29.140800,S005,ph,0.9828953419416733,-33.71022815430481,21.883014921894777
2026-08-23 02:52:29.140800,S003,ph,6.4004472677393185,-26.70778992062209,22.802113903882685
2026-01-18 13:52:29.140800,S002,ec,2.0766206453667575,-29.545106887882696,23.09453902279828
2026-01-17 02:52:29.140800,S002,soil_moisture,0.35917728406306504,-24.20264172297427,24.269591326695046
2026-02-13 10:52:29.140800,S005,soil_moisture,0.4850140566658043,-33.568562517983715,19.98516462185416
2026-03-04 18:52:29.140800,S003,temperature,22.682517095877433,-31.15416563114849,26.70414237463804
2026-02-04 00:52:29.140800,S004,ph,7.3983233791726,-27.973381837267635,27.740289410043857
2026-06-11 04:52:29.140800,S005,ph,6.878003989901226,-27.818944508381783,28.517711812353433
2026-11-19 22:52:29.140800,S001,temperature,21.124457335541987,-31.795031672304347,27.104021224911577
2026-08-23 15:52:29.140800,S004,humidity,46.667512369857164,-27.619661405854785,21.241104000198938
2026-09-13 22:52:29.140800,S002,ec,2.681822261555582,-27.69840621742302,26.803731484776726
2026-06-18 12:52:29.140800,S005,temperature,33.249139091916305,-32.14733960278725,20.421975930808916
2026-06-04 07:52:29.140800,S002,soil_moisture,0.6755714458349984,-32.27344773187887,23.86302086365729
2026-11-15 02:52:29.140800,S002,soil_moisture,0.4455527925185549,-24.512296290420686,29.314731269398546
2026-06-29 09:52:29.140800,S003,ec,1.5219736285225582,-25.4151663002312,23.332601225248876
2026-07-07 11:52:29.140800,S005,soil_moisture,0.6587040027192183,-27.32836099020156,25.459909744372048
2026-04-13 14:52:29.140800,S005,ec,1.6270691952147076,-28.203052894658157,19.602042653849974
2026-05-23 13:52:29.140800,S002,ph,6.411335393967656,-30.383765161161328,19.4652452586759
2026-11-06 00:52:29.140800,S001,ec,1.3852980721398254,-28.64991031833325,28.334082153645653
2026-05-24 20:52:29.140800,S002,ec,1.9881053962251278,-29.846154729293144,23.06372489600483
2026-01-09 09:52:29.140800,S005,temperature,16.31820003985738,-30.103944761487007,26.70700851576447
2026-10-11 16:52:29.140800,S001,ec,0.8317181643605847,-27.618250411924247,18.6133392748653
2026-08-30 20:52:29.140800,S005,humidity,91.50015407111923,-27.567570293996035,27.976154635956107
2025-12-16 05:52:29.140800,S002,humidity,67.72763105578537,-27.658487820525473,23.666308373951956
2026-06-11 18:52:29.140800,S001,soil_moisture,-14.245599186603863,-24.65435549599334,22.755901733443007
2026-07-22 14:52:29.140800,S005,ec,0.9671896091648691,-33.0526965558336,18.518595168564943
2026-07-28 05:52:29.140800,S005,humidity,49.75840775254255,-33.855376362860234,25.201971633591487
2026-02-23 00:52:29.140800,S005,ec,1.4315641105633967,-30.3334594423001,30.347973351008527
2025-10-10 11:52:29.140800,S002,soil_moisture,0.3263353230028896,-25.48411410293047,20.213302908613006
2026-10-25 17:52:29.140800,S005,ph,5.61929715232744,-31.126403465131887,19.904801654370065
2026-06-01 11:52:29.140800,S002,temperature,28.419721262550787,-24.41285312912805,25.312311040188764
2026-06-26 16:52:29.140800,S003,temperature,21.5276093767362,-33.95595722064601,28.002493727021896
2026-01-24 23:52:29.140800,S001,ph,6.278239366677636,-26.117852540335587,23.040299554740493
2026-10-25 01:52:29.140800,S005,ph,5.990407178448179,-29.481419314637748,30.762105808036097
2026-10-22 13:52:29.140800,S005,ph,6.609684367865113,-33.89998698127106,21.761526925934177
2026-02-18 20:52:29.140800,S004,humidity,39.44833744096109,-29.968534354844124,31.66590982573989
2026-02-04 00:52:29.140800,S004,humidity,61.592457931711316,-33.41832201811613,20.19954042151016
2026-08-29 00:52:29.140800,S004,soil_moisture,0.2843100887746195,-32.17730089526208,19.694335563450327
2026-09-17 20:52:29.140800,S005,humidity,106.1534837615871,-25.01724794537574,22.02435928042276
2026-03-25 08:52:29.140800,S003,ec,0.6395808008160805,-25.706981898750765,31.528706330963935
2026-01-01 18:52:29.140800,S001,soil_moisture,16.616379649351934,-24.909807650148267,22.230510935724777
2026-05-18 07:52:29.140800,S005,humidity,58.03764108086096,-28.309184745098698,28.967966528782654
2025-11-20 21:52:29.140800,S004,soil_moisture,0.4891094523381884,-32.31843741845842,25.14859982112462
2026-05-28 23:52:29.140800,S002,soil_moisture,0.30742752308893995,-25.148848283774196,21.908648991607237
2026-08-31 12:52:29.140800,S004,ph,25.670627161425614,-24.09205065078949,28.451860994657217
2026-01-31 04:52:29.140800,S004,temperature,16.622040776090287,-29.502127693576913,27.91468103784542
2026-09-26 22:52:29.140800,S003,humidity,38.37801193359111,-33.55110311097768,27.39042550792374
2025-12-21 19:52:29.140800,S002,humidity,64.3690237268681,-31.08196385641645,21.30835384291596
2026-05-03 09:52:29.140800,S001,ph,6.5047230585453955,-27.756141296565673,24.748029604625742
2026-04-25 11:52:29.140800,S005,ec,0.9204375219551957,-29.457456309032636,20.99461605193987
2026-08-06 15:52:29.140800,S005,soil_moisture,0.5390908025809272,-27.161228093476822,28.644217237803602
2026-02-25 13:52:29.140800,S003,temperature,22.527230547285644,-25.072206619583337,30.76037028524673
2026-03-30 03:52:29.140800,S002,soil_moisture,0.4326236475356505,-29.743810265215437,30.681801570945787
2026-01-24 22:52:29.140800,S001,soil_moisture,0.5981641009434424,-32.38734770408317,25.184044954734553
2026-08-22 10:52:29.140800,S002,humidity,61.56861608212567,-25.022601218776348,23.87224727819806
2026-02-13 03:52:29.140800,S004,temperature,22.768404913637152,-32.794898688418016,25.560668297939294
2026-02-28 10:52:29.140800,S003,ph,6.438118255799705,-25.586019840690543,26.08368809858596
2026-04-30 15:52:29.140800,S003,ec,1.0173924002430519,-30.781283945653286,19.903591182492214
2026-10-18 15:52:29.140800,S001,humidity,59.24492065994356,-25.86854476231425,29.543256300238745
2026-11-11 07:52:29.140800,S001,soil_moisture,-0.062211844178748366,-31.22772306400186,31.511049492338344
2026-06-02 21:52:29.140800,S005,soil_moisture,0.6774035074229816,-24.56080739191225,29.842144557937115
2026-08-12 10:52:29.140800,S003,ec,1.801689770141476,-29.221710066833648,20.21481395750367
2026-08-23 00:52:29.140800,S001,temperature,25.286150744216066,-28.440786284089594,18.783623477406156
2026-04-22 23:52:29.140800,S001,ec,0.9358422524011193,-27.546425447536706,21.2738652956363
2026-01-16 04:52:29.140800,S002,temperature,26.842077729874244,-27.562716076692375,24.50298120171683
2025-11-26 10:52:29.140800,S003,ec,1.1621989683868441,-31.230309241336027,24.070947137809313
2025-11-16 13:52:29.140800,S001,ph,6.127112505465361,-33.02476403042738,26.485859204811558
2026-03-17 20:52:29.140800,S005,ec,2.098976512054783,-30.25504320826829,26.209952111755022
2026-05-12 03:52:29.140800,S001,temperature,13.102262391631738,-27.175788094881103,26.52187964255414
2026-02-23 13:52:29.140800,S001,soil_moisture,0.4643595649497572,-28.152576885305724,27.09096913787871
2026-02-21 21:52:29.140800,S002,soil_moisture,0.1315201547132543,-26.313492095667044,25.091468346832716
2026-09-28 15:52:29.140800,S002,ph,6.286309289126565,-29.845828713049592,22.0780083966811
2026-04-03 11:52:29.140800,S005,ph,7.095466993546513,-25.478460972284264,19.11667341642075
2026-11-02 17:52:29.140800,S005,humidity,26.15222333568957,-26.91080066773185,24.786328470248737
2026-01-02 21:52:29.140800,S004,humidity,93.1498519549859,-24.894059073489146,29.969327111154684
2026-04-03 01:52:29.140800,S005,soil_moisture,0.31994262412866137,-29.868190198535252,27.821591873647662
2026-05-17 22:52:29.140800,S001,temperature,25.892986908967362,-30.90659439133377,19.792752718674873
2026-03-16 08:52:29.140800,S003,soil_moisture,0.6877426106910957,-29.578545607528035,18.227669161134145
2026-07-30 08:52:29.140800,S003,soil_moisture,0.3656846381105058,-25.05928295367314,21.327922693561998
2026-11-13 03:52:29.140800,S001,ph,5.89551471218442,-29.039944668519812,22.65115431909078
2026-05-08 00:52:29.140800,S002,ec,0.702235364471575,-26.416695023619322,28.962826440970993
2026-02-08 17:52:29.140800,S002,temperature,20.205771948440816,-32.012031508051734,25.31764153169231
2026-03-05 00:52:29.140800,S001,temperature,23.326434559533684,-27.002974886641503,28.188080296415237
2026-10-11 06:52:29.140800,S004,ec,1.6892068146346761,-24.43465132257201,22.669059881371613
2026-01-22 14:52:29.140800,S004,soil_moisture,0.6161888793398862,-30.15965836795042,26.085960205077225
2026-05-25 00:52:29.140800,S004,ph,6.400681731440683,-31.263239975336077,23.851969997483828
2026-03-01 08:52:29.140800,S003,humidity,119.39995616054574,-29.9004478243393,30.53779501716243
2026-09-02 08:52:29.140800,S001,ec,1.543171572089361,-33.31202236609393,29.567352363814763
2025-12-18 12:52:29.140800,S004,soil_moisture,0.5597532914084478,-32.33704133676592,22.685278104137097
2026-10-19 00:52:29.140800,S003,ph,6.874884089642825,-32.81759946613138,26.331924236232958
2025-11-19 23:52:29.140800,S002,ph,6.770784412073896,-32.62598890131967,29.22213797714943
2026-05-17 06:52:29.140800,S003,temperature,15.747988651904512,-27.692023135409972,27.58376223013253
2025-11-22 01:52:29.140800,S001,soil_moisture,0.3176224342890397,-33.49056961958579,21.03302194784146
2026-11-19 18:52:29.140800,S005,humidity,64.1811627458652,-29.73682127867304,18.890254160952207
2026-08-10 19:52:29.140800,S004,humidity,113.49905966668555,-30.213124460930295,26.137981789930553
2026-03-13 17:52:29.140800,S002,ph,6.695320263921843,-26.023882798648273,19.29900093107202
2026-06-27 09:52:29.140800,S005,ph,12.04705295363809,-27.0000388326131,27.467553548809786
2026-05-13 00:52:29.140800,S002,temperature,18.62743150124558,-31.013676286078198,25.918773900374294
2025-10-27 16:52:29.140800,S002,soil_moisture,15.638529442206158,-28.15099552942685,23.288341951047443
2026-01-28 04:52:29.140800,S004,temperature,16.832804587037593,-30.569720647653934,28.299213332191265
2026-03-22 04:52:29.140800,S005,humidity,52.80731850372575,-29.814312537683346,21.292796469244085
2026-01-01 09:52:29.140800,S003,soil_moisture,0.5364981503651043,-25.039096446187713,24.6157376892298
2026-06-12 14:52:29.140800,S004,temperature,25.719543805213096,-26.77215095826701,30.56831811717688
2025-12-20 19:52:29.140800,S004,ec,1.2863576761534208,-32.0884759329936,26.883494531044654
2025-12-21 13:52:29.140800,S002,humidity,49.447098250828596,-29.782032590807017,27.895974736323918
2026-01-04 02:52:29.140800,S003,temperature,32.92644398656113,-24.847894485885455,18.35867380688538
2026-03-26 22:52:29.140800,S005,temperature,26.245238825215537,-24.508051638203714,23.964837786340848
2026-10-07 00:52:29.140800,S001,temperature,23.88851173951512,-26.624221683471593,18.576055733827936
2026-11-03 03:52:29.140800,S005,soil_moisture,0.5447668142688163,-33.88716524809476,19.476872560863093
2026-06-07 00:52:29.140800,S003,soil_moisture,0.6854713593142718,-27.20205534678492,25.04775140231645
2026-09-03 14:52:29.140800,S002,ph,6.503809970056132,-29.878265738383824,31.528391809447065
2026-06-16 09:52:29.140800,S003,humidity,76.76961343648506,-29.972590275842293,31.005019121485933
2025-11-11 12:52:29.140800,S005,ec,1.683395815818213,-33.11345404612508,31.950278889781668
2026-01-29 11:52:29.140800,S005,ec,0.4886737079893122,-27.98564912333329,30.160019175621684
2026-01-24 01:52:29.140800,S001,soil_moisture,0.6031426760396017,-32.92678710122333,21.093848519417833
2026-01-13 19:52:29.140800,S002,ec,1.636024745896176,-28.591724928487174,27.30392349687657
2026-09-11 13:52:29.140800,S001,temperature,40.14840653242869,-27.48334631712244,30.994737295743846
2026-07-30 10:52:29.140800,S002,ec,1.1459620473127166,-31.108119906736643,27.292149741041335
2026-06-30 13:52:29.140800,S001,soil_moisture,0.5251800156552581,-29.89485151162888,28.231702011068805
2026-05-24 15:52:29.140800,S001,temperature,18.20789971631684,-32.17059850704056,30.32404583199031
2026-01-11 19:52:29.140800,S001,ec,1.398289050248405,-31.632622350487107,20.90072460078018
2026-08-20 19:52:29.140800,S002,temperature,28.244502912005217,-25.857143256843607,24.13254810902524
2026-03-27 01:52:29.140800,S004,temperature,28.840134365357407,-24.846508827403092,27.470353674376423
2026-10-30 01:52:29.140800,S002,temperature,14.950664679036045,-33.51733076588148,24.78962836891237
2026-08-23 17:52:29.140800,S005,soil_moisture,0.2778149602490236,-31.83000774868501,29.291756296137734
2026-10-26 18:52:29.140800,S004,humidity,74.49409265532441,-33.292653815711844,23.93989158531674
2026-08-20 15:52:29.140800,S004,soil_moisture,0.5126540682786815,-30.339666724834682,25.629105557328312
2025-12-19 06:52:29.140800,S004,humidity,81.51410661438265,-30.20961496627284,23.245269886017287
2026-11-07 08:52:29.140800,S005,temperature,12.652101703916202,-26.477685903789872,27.233142746618647
2025-12-17 18:52:29.140800,S001,ph,7.7325501752827694,-26.87131984974628,22.42892953442252
2025-12-25 00:52:29.140800,S004,temperature,20.18193561784448,-28.564258289679607,28.484085006750558
2025-11-05 21:52:29.140800,S004,ph,6.441745763783915,-27.71380882272551,19.293101004543782
2026-08-06 22:52:29.140800,S004,humidity,111.70822668166355,-33.79810600188164,25.858737368847006
2025-11-17 11:52:29.140800,S003,humidity,66.04414440592981,-29.617109176805545,29.37827682248846
2026-06-27 14:52:29.140800,S001,ph,5.857547346549882,-28.969781805008964,31.30706323993313
2026-02-06 08:52:29.140800,S003,ph,6.358176760209065,-26.133985792840953,24.299358356275214
2026-09-30 05:52:29.140800,S002,ec,2.2772450832667364,-25.99398345657964,23.138867237551896
2026-09-19 13:52:29.140800,S001,ph,6.92076887578151,-27.074994262619157,19.9374344492105
2025-11-03 01:52:29.140800,S001,soil_moisture,0.2240838330479087,-27.375759917456467,23.587903635124192
2026-05-11 16:52:29.140800,S001,humidity,50.21873661464912,-32.594644362500226,25.858831152578993
2026-01-21 08:52:29.140800,S001,temperature,43.16289247090482,-31.210648194876693,24.408578380013694
2026-05-03 19:52:29.140800,S005,humidity,45.11656680907316,-31.6428690590789,27.079931597515408
2026-03-16 23:52:29.140800,S001,humidity,91.42305786082912,-27.149562726062026,22.81139842049245
2025-11-26 21:52:29.140800,S003,humidity,58.2418390176552,-26.11233776507457,26.52263240471465
2025-12-10 04:52:29.140800,S002,soil_moisture,0.6475389099063755,-29.984393500150432,21.945341523662385
2026-09-07 15:52:29.140800,S005,ec,0.6694933842368379,-27.04322315341627,29.161332282419146
2026-11-04 05:52:29.140800,S001,humidity,72.6558807825103,-31.1613574478111,27.735938918721878
2026-09-28 22:52:29.140800,S001,ph,6.328761186401947,-24.27965985712644,18.492481996475618
2026-09-05 17:52:29.140800,S004,ph,6.919163812761163,-26.945342662483593,28.88385986247018
2026-07-01 21:52:29.140800,S004,ph,6.813153212558127,-31.89521026821251,23.479469602689655
2026-06-24 14:52:29.140800,S001,ec,2.0043692001858577,-31.197201269306984,22.77072826204544
2026-05-31 17:52:29.140800,S001,soil_moisture,0.6350653114545332,-32.08089364871665,20.88719058849163
2026-01-31 23:52:29.140800,S002,temperature,21.66773198650145,-29.2055764756657,29.52290861348135
2026-11-23 20:52:29.140800,S003,ph,6.065152262409522,-33.29399676652727,28.469309888922577
2025-10-29 08:52:29.140800,S004,ph,6.576404491583964,-27.24305027654087,19.30661343087172
2025-11-14 02:52:29.140800,S002,temperature,21.132387080924442,-32.199077516470474,26.24802576665403
2026-04-17 01:52:29.140800,S001,temperature,21.90788440323669,-28.348005912156456,28.946588452511627
2026-07-05 01:52:29.140800,S002,ec,-6.237887434460003,-32.49649437678579,18.324356484915118
2026-03-04 14:52:29.140800,S003,ec,1.5893135870289397,-24.860345457722225,23.084959162131817
2025-12-14 10:52:29.140800,S004,soil_moisture,0.15736155688598386,-32.03032042552069,22.76395476254846
2026-04-12 13:52:29.140800,S004,temperature,25.379417617774735,-33.154368392406106,20.33548841868321
2026-05-12 17:52:29.140800,S001,humidity,82.19613855239521,-33.10335282522747,20.360159890489747
2026-03-26 07:52:29.140800,S004,ph,5.295660108638205,-32.2978831520672,30.017661680691
2026-03-01 03:52:29.140800,S002,temperature,33.164025720550086,-29.503705654799166,25.050202564699223
2025-12-06 14:52:29.140800,S004,ec,2.0143374586603873,-25.06642904626073,25.34519690122031
2025-12-23 21:52:29.140800,S001,humidity,62.51525939402383,-27.145225190602574,27.0482310593031
2025-10-05 03:52:29.140800,S005,soil_moisture,0.3938874568151186,-32.47377731709447,24.12725814200336
2026-08-02 06:52:29.140800,S003,humidity,45.74252535865034,-26.2105705975886,25.886864343790116
2026-09-20 20:52:29.140800,S001,ec,0.7734758863932152,-27.948667225967636,21.322227565003274
2026-06-12 06:52:29.140800,S002,humidity,63.67302524025042,-28.943960180883494,30.0080122191391
2026-05-01 07:52:29.140800,S003,humidity,69.79541759737805,-24.574956829312764,24.892421058943025
2026-08-02 20:52:29.140800,S001,humidity,54.56276480096897,-30.322495948141466,30.003839207883953
2026-01-06 08:52:29.140800,S004,humidity,85.77700840026728,-26.012248681521886,24.40448498756681
2026-01-31 02:52:29.140800,S002,ec,2.175587467220555,-28.00590702398329,19.894622789659127
2026-10-19 05:52:29.140800,S002,ec,-17.813562960018533,-26.073811133532388,22.634148073613485
2026-06-10 05:52:29.140800,S003,temperature,29.926419194657793,-27.48387313627792,23.826267684854518
2026-04-22 14:52:29.140800,S005,ec,1.4527380110576509,-24.536551257019507,29.776568529264654
2026-06-06 04:52:29.140800,S001,soil_moisture,0.5582536359204853,-31.225339031449366,21.185801614448295
2026-08-18 16:52:29.140800,S003,ph,6.781633276853546,-32.43003317638758,27.914305820743174
2025-10-07 11:52:29.140800,S005,temperature,22.470584623734947,-29.968689671209102,18.558417466735825
2025-11-23 14:52:29.140800,S003,soil_moisture,0.4679883396105614,-31.31383131406924,29.727325877815147
2025-10-23 19:52:29.140800,S002,humidity,84.49450651660985,-32.02040427891592,29.31127982682547
2026-09-04 09:52:29.140800,S005,temperature,39.71442948479145,-29.476694174217656,28.995542148682556
2026-07-19 23:52:29.140800,S001,soil_moisture,0.5080458909534717,-27.53693595466374,25.7385887643931
2026-01-24 09:52:29.140800,S005,soil_moisture,0.5545812022332339,-25.583278306489348,18.251216572776116
2026-04-02 11:52:29.140800,S005,ph,6.231177760369706,-27.919032694293175,20.41659534344818
2026-10-08 03:52:29.140800,S001,ph,6.17146561659769,-32.01029683942673,30.561584638015745
2026-08-05 23:52:29.140800,S004,soil_moisture,0.5591022646815761,-26.931964125062873,29.27421646443304
2026-11-15 18:52:29.140800,S001,humidity,121.97178302916211,-32.79934273152911,27.60141354911754
2026-06-11 09:52:29.140800,S003,temperature,11.740727013341997,-33.591921976971996,21.554835287774694
2026-06-15 11:52:29.140800,S001,soil_moisture,0.45490473258987174,-24.1710945416646,18.151853045936345
2026-01-16 06:52:29.140800,S002,ec,2.906623049523663,-26.259175462340956,27.463741309484
2026-03-08 07:52:29.140800,S002,temperature,25.529026333311236,-32.404237573427665,21.565430285059293
2026-11-22 11:52:29.140800,S001,soil_moisture,0.24399300519570521,-28.98862633903908,24.282214551723595
2026-07-10 14:52:29.140800,S005,ph,6.566453012984596,-25.07173544815289,29.168871027995927
2025-10-21 05:52:29.140800,S002,temperature,20.108665943442997,-30.065728656562975,29.84583101461063
2026-11-21 15:52:29.140800,S003,ec,2.0560205236320614,-30.30537158619831,27.15256293401897
2026-05-25 15:52:29.140800,S002,ph,6.923454283885315,-25.890458429099137,29.999558789554374
2026-04-11 07:52:29.140800,S005,temperature,13.06989201694613,-32.41889576496542,25.473546119960346
2026-11-07 21:52:29.140800,S002,humidity,94.79431726983913,-24.41403735019327,22.718882870758712
2026-03-03 21:52:29.140800,S003,humidity,64.40663376584001,-29.866471278768966,28.551224575266346
2026-10-12 19:52:29.140800,S002,ec,1.534338537334254,-26.790523341942862,24.950053246540513
2026-04-03 18:52:29.140800,S005,ec,1.298125198874023,-27.36516561269483,27.74799835312693
2026-01-14 12:52:29.140800,S005,temperature,37.29677558691509,-27.71956947020866,23.409853254359472
2026-09-22 14:52:29.140800,S001,soil_moisture,0.523487032555695,-25.647493416774815,24.959981706007614
2026-08-08 19:52:29.140800,S005,temperature,22.193110552826774,-25.574579794409757,27.66803566549312
2025-11-24 14:52:29.140800,S004,ec,2.06840963125509,-30.112394427474136,25.059451796860166
2026-09-17 04:52:29.140800,S001,soil_moisture,0.22191617053257418,-27.13729988601583,21.55625789662873
2025-11-15 06:52:29.140800,S004,temperature,20.963992379964026,-29.95798466721238,29.333347579167675
2026-05-31 13:52:29.140800,S003,ph,7.475248488610874,-25.81915612305644,24.612194384492526
2025-12-09 11:52:29.140800,S005,humidity,81.32830276450044,-24.230085750768204,31.462461881272354
2026-11-22 21:52:29.140800,S005,ec,-12.336692762381412,-30.909016761880928,19.90817737492037
2026-09-30 13:52:29.140800,S002,ph,7.098157387246956,-33.73084126252523,26.2740506633237
2026-11-21 15:52:29.140800,S004,ph,6.505749056969024,-33.47787900501735,25.294508642442697
2026-01-02 01:52:29.140800,S005,ph,6.491690308107313,-31.979465621600323,29.900962851860157
2026-10-10 05:52:29.140800,S002,humidity,104.80086889016867,-25.606388559502086,25.49025554280412
2025-10-24 18:52:29.140800,S005,temperature,29.924118458431597,-33.28177281253267,29.725803565071672
2025-11-22 20:52:29.140800,S003,ph,6.662053051380197,-27.58718320265382,21.623424790501524
2025-10-23 18:52:29.140800,S001,temperature,11.48431986974355,-25.69693412288108,31.644620383285492
2025-11-09 23:52:29.140800,S005,temperature,14.21365947916702,-32.48720298003896,26.03552355391355
2026-01-27 10:52:29.140800,S003,humidity,66.38738594940384,-26.67811908340802,24.219943764437588
2026-09-26 01:52:29.140800,S003,temperature,31.27952045670477,-28.99771190350854,25.31253238833899
2025-12-10 03:52:29.140800,S003,ph,6.571398606425852,-30.746424772651586,29.2224448806083
2026-11-12 03:52:29.140800,S003,ph,14.488730791393962,-33.742851418448,19.355577772771404
2026-05-03 11:52:29.140800,S003,humidity,82.09563551571168,-29.94712371130704,30.06273750735722
2026-07-29 05:52:29.140800,S003,temperature,13.13536807913385,-25.458369346874797,28.272559127337143
2026-03-01 10:52:29.140800,S005,humidity,82.59852579229086,-31.074083743190435,24.803311642014542
2026-08-30 20:52:29.140800,S004,ec,1.9927584613545588,-27.501015537686236,30.7212515610622
2026-09-14 13:52:29.140800,S004,soil_moisture,0.37759335174897884,-27.52503795517091,28.78994395635653
2026-09-30 07:52:29.140800,S005,soil_moisture,0.26967294068179637,-32.32867366129311,29.05338907888941
2026-04-20 20:52:29.140800,S002,ec,0.8740258001819583,-27.69911817591495,31.490830210149014
2025-12-27 15:52:29.140800,S001,humidity,84.39268042485129,-29.338982092431245,29.752814233900512
2026-08-05 12:52:29.140800,S004,soil_moisture,0.5657372387674124,-25.539128586599446,26.91593239315541
2026-04-27 03:52:29.140800,S004,temperature,31.642271568228843,-25.584041729630528,19.381736967796044
2026-02-13 11:52:29.140800,S004,ec,1.2526273467473201,-32.12533991567969,19.042146919462418
2026-02-12 19:52:29.140800,S004,ph,6.5575050129434445,-24.00669119714972,22.28233561565947
2026-07-28 20:52:29.140800,S005,ec,1.7283706370040353,-26.695683864378893,25.197549711567873
2026-11-19 10:52:29.140800,S001,ph,6.069879781443935,-28.515372746409703,22.72395095968868
2025-11-08 12:52:29.140800,S004,soil_moisture,0.4488202121302163,-30.259414451877262,31.778636121437238
2026-10-12 11:52:29.140800,S002,ec,1.7021113524714981,-24.21148130231701,19.4662196998695
2025-12-26 22:52:29.140800,S002,ec,1.016163431317293,-31.814836111961444,29.364047011127848
2026-03-14 16:52:29.140800,S004,humidity,41.39303472914662,-28.48701650904061,26.28796465613583
2026-11-11 17:52:29.140800,S002,temperature,26.100217980716906,-32.414465179393,18.083497834265934
2026-04-07 10:52:29.140800,S001,ec,1.4750927015987438,-25.600819683594302,19.075475087515322
2026-04-05 02:52:29.140800,S001,soil_moisture,0.36962184196865083,-33.73234827701831,24.71455070607498
2026-03-08 08:52:29.140800,S001,ph,7.607837896811765,-27.251489732184236,25.302087864357546
2026-05-16 15:52:29.140800,S005,ec,1.7899904577657864,-28.27542274290496,29.163347664975596
2026-05-09 20:52:29.140800,S005,temperature,25.455952609098475,-27.35032211445187,24.858937372335372
2026-07-28 20:52:29.140800,S003,ph,5.832274782481449,-26.492588629220947,24.256295450415287
2026-03-09 11:52:29.140800,S001,ph,7.563217289960338,-27.626291393037153,24.75307338355489
2026-10-29 04:52:29.140800,S002,humidity,95.4524085139019,-32.78943055066157,19.130604907405406
2026-10-19 21:52:29.140800,S001,ec,2.374307477237744,-31.21013078814736,27.03797483549132
2026-08-22 18:52:29.140800,S001,soil_moisture,0.3744125375658897,-31.08617407632357,24.808654770320317
2026-05-03 16:52:29.140800,S001,soil_moisture,0.5351982007808256,-32.55278513168672,23.806290292549782
2025-12-31 05:52:29.140800,S005,ph,6.688179032189502,-32.13790441789574,25.492616541421864
2026-06-01 19:52:29.140800,S004,humidity,79.20308608699955,-28.17419758942391,23.51035006106256
2026-10-26 08:52:29.140800,S004,temperature,32.98765419994891,-31.0843313822658,27.00797827094032
2025-10-15 23:52:29.140800,S003,ec,1.050060788148949,-31.695649560486963,30.342399541643182
2026-02-17 08:52:29.140800,S004,ph,6.318905089457692,-33.85866929527184,29.58236933270146
2026-10-26 16:52:29.140800,S005,ph,6.41789765526526,-28.267565406624918,24.710378090014217
2026-02-01 15:52:29.140800,S004,humidity,81.94845769725498,-27.091217682662556,22.74179185386439
2025-12-05 07:52:29.140800,S002,ph,6.834008144573887,-29.987909744949206,18.881041238528606
2026-09-07 10:52:29.140800,S002,ph,6.869117936330335,-33.63406068302979,27.20558491091078
2026-03-15 20:52:29.140800,S005,temperature,46.15761143300104,-27.501423011398188,25.200624097957736
2026-02-21 18:52:29.140800,S001,ph,7.206290239443592,-25.553965375252933,25.14175912446309
2025-12-22 11:52:29.140800,S005,soil_moisture,0.3338540755119044,-31.95916208002953,28.562288966430447
2026-08-14 00:52:29.140800,S001,ec,2.6597893857169774,-26.42233903556958,25.039150233887153
2026-09-02 12:52:29.140800,S005,humidity,82.68281425186991,-25.69060568722663,26.10805765919209
2026-10-24 00:52:29.140800,S003,soil_moisture,0.5640236844997477,-25.91495713586788,29.32698720864512
2026-06-03 16:52:29.140800,S005,ec,0.7823752136546248,-27.5994746128952,25.419706518372287
2026-02-19 12:52:29.140800,S003,ec,1.540403196773472,-26.283263644268878,20.03786969939972
2026-10-25 10:52:29.140800,S004,humidity,45.731525987574734,-33.395626282675586,25.860469552628757
2026-03-28 13:52:29.140800,S003,humidity,18.728057489916374,-25.81337505072532,27.324431133205362
2026-05-12 01:52:29.140800,S001,ph,6.779292763341267,-29.949202510235423,24.08823105135884
2026-10-02 09:52:29.140800,S003,ec,1.6728191682490892,-31.311007512060943,30.65731786969686
2026-06-17 03:52:29.140800,S003,ph,6.84467834264563,-31.177062009797456,19.862965319023672
2026-03-01 09:52:29.140800,S004,ec,1.2820401461261393,-24.50597810884162,29.911448834410663
2026-05-25 09:52:29.140800,S001,ph,6.2630690374407,-25.78859076094048,23.392101920057517
2026-09-11 06:52:29.140800,S004,soil_moisture,0.5534275267306548,-26.076078897506086,31.29190219345981
2026-02-26 21:52:29.140800,S002,ec,1.586104383473348,-33.916691107846695,29.9967172417032
2025-11-06 07:52:29.140800,S005,soil_moisture,0.580145622838197,-27.62136262214145,19.70459946024366
2026-09-04 15:52:29.140800,S005,ph,5.829697078827028,-31.451397985416047,30.06106207318927
2025-12-14 15:52:29.140800,S003,ph,5.915244457885618,-31.11873727017942,18.80898220532108
2026-11-18 22:52:29.140800,S003,soil_moisture,0.3377125018596426,-32.60716461744213,22.039632176647466
2026-07-23 16:52:29.140800,S004,ec,1.2712447971022762,-26.278989335018043,28.302192538831044
2026-06-02 22:52:29.140800,S003,ec,2.103625352874296,-30.808713206017806,28.502599134509776
2026-08-22 18:52:29.140800,S001,ec,1.6072090877596907,-33.5286084939215,27.172069025875217
2025-12-01 17:52:29.140800,S003,temperature,28.975608638470813,-24.258714439554144,24.45937387727773
2026-03-15 06:52:29.140800,S002,soil_moisture,0.37439022273189465,-24.76891207153777,18.45182164043807
2026-03-05 11:52:29.140800,S004,temperature,22.634837725943036,-30.889660764680485,18.207661977310863
2026-11-23 19:52:29.140800,S002,temperature,33.70654782781419,-30.52927429235715,26.719944516039558
2026-06-09 23:52:29.140800,S001,humidity,61.67899131885505,-27.464361251929834,29.623308358354144
2026-07-08 07:52:29.140800,S003,ec,1.5886729017128516,-30.753959793877574,27.679154519608947
2026-07-28 08:52:29.140800,S005,soil_moisture,0.3832702577544017,-30.937228740795458,19.574562423881225
2026-11-07 14:52:29.140800,S002,temperature,33.05078343655668,-28.312222806784206,22.356672324762858
2026-07-16 09:52:29.140800,S001,temperature,37.533527540372,-31.00263947223133,26.270815574212236
2026-07-13 19:52:29.140800,S004,temperature,34.3537057667277,-31.815843977955605,24.788703341109734
2026-03-17 15:52:29.140800,S002,humidity,72.18500323497499,-33.23439887164379,22.753654139164823
2026-05-20 15:52:29.140800,S003,humidity,92.20626250678185,-28.99665325258046,20.601494380404183
2026-04-17 17:52:29.140800,S003,soil_moisture,0.49343308330757224,-28.981116415676972,23.202055562674257
2026-02-05 09:52:29.140800,S002,temperature,26.470697092985553,-28.618653031209153,27.831791021882815
2026-07-13 23:52:29.140800,S004,humidity,50.52578491307879,-27.130472992954985,24.49715151501424
2026-01-19 19:52:29.140800,S005,ph,6.584540175435269,-32.090228849312936,21.514514875595527
2026-04-13 21:52:29.140800,S001,ph,6.430331499611576,-25.38095352243443,29.357314152585587
2026-07-13 17:52:29.140800,S001,soil_moisture,0.6564531864007762,-31.468243418506734,27.94305103423188
2026-08-01 23:52:29.140800,S005,soil_moisture,0.5338425947244737,-28.237532383829933,28.72189784456888
2025-11-10 15:52:29.140800,S004,humidity,75.54478881507781,-25.87161930909138,29.247713723433886
2025-11-28 20:52:29.140800,S003,ec,3.2798355351783375,-24.271952149706983,25.07256487680329
2026-10-17 08:52:29.140800,S001,ph,6.816281739802416,-24.687101994771254,26.53342783992221
2025-11-20 11:52:29.140800,S005,ec,1.955890684428085,-33.11727434982961,23.97537953637588
2026-06-02 00:52:29.140800,S003,temperature,33.52986914618378,-30.60813712838241,30.41673830088591
2026-08-01 06:52:29.140800,S005,humidity,33.15110132713964,-31.16042982863224,26.356302160402564
2025-10-09 08:52:29.140800,S003,humidity,70.88414464172375,-27.72165467039557,31.36640577899908
2026-04-26 18:52:29.140800,S002,soil_moisture,0.6487091937071007,-26.664851715546504,23.901505502223092
2026-09-18 19:52:29.140800,S005,humidity,75.29908639940697,-32.419319224748236,27.905357176135873
2025-12-07 19:52:29.140800,S002,ec,1.0250133131149526,-30.929794154978378,22.324885802976148
2026-05-30 14:52:29.140800,S005,ec,1.099489009692796,-28.34220557010123,31.42239190887676
2025-10-25 01:52:29.140800,S005,ec,1.2617801082017055,-24.648672990720815,23.676940973208183
2026-05-01 12:52:29.140800,S001,ec,1.3836737374139694,-30.872303930423264,19.40064179253161
2026-03-13 19:52:29.140800,S001,ec,1.4479149256735557,-29.67334209855793,21.866062576071542
2026-05-15 17:52:29.140800,S001,temperature,21.516959769259525,-32.85527003433519,22.27099459703176
2025-10-21 11:52:29.140800,S001,temperature,34.97354615587342,-30.41120508521753,21.65762849158805
2026-02-21 17:52:29.140800,S002,humidity,61.02329292085747,-27.020139998946128,24.47885805365182
2026-03-04 08:52:29.140800,S004,ec,0.9042858482647387,-31.970729197334542,23.025542489765254
2026-10-15 23:52:29.140800,S003,humidity,50.93388022097805,-30.477449928750943,28.530000014524855
2026-03-28 03:52:29.140800,S005,ph,6.151958111866643,-27.261179225167297,24.681354949452434
2026-07-21 17:52:29.140800,S003,soil_moisture,0.6041551189107559,-33.44051790440198,20.678510080060473
2025-12-18 11:52:29.140800,S004,temperature,29.009308720188734,-29.601863580545654,25.02665058277752
2026-08-27 22:52:29.140800,S004,temperature,20.83282495486532,-33.045490249012005,24.047347369367607
2025-11-15 06:52:29.140800,S001,temperature,17.710693700112337,-32.32233603345656,28.51256383124225
2026-01-11 12:52:29.140800,S001,ph,5.85994206804244,-24.963654982868313,25.96088780692336
2026-01-15 09:52:29.140800,S001,ph,6.718986141862215,-25.083664750117308,29.122649002773986
2026-11-13 20:52:29.140800,S003,ph,6.536897077187828,-29.247775595296538,26.54027074948776
2026-11-16 22:52:29.140800,S004,temperature,17.583091756800247,-28.911915751968667,22.76782685169779
2026-05-13 22:52:29.140800,S005,ec,1.234583266900785,-24.634548833839474,29.60154722726665
2026-01-11 09:52:29.140800,S004,humidity,42.86357150623005,-26.26394191804605,20.399535193352538
2026-04-02 20:52:29.140800,S003,ph,6.168862150942401,-25.129247941414672,31.158583961650212
2025-11-03 22:52:29.140800,S005,humidity,56.81944754977759,-24.018219923008267,30.042097488816673
2025-11-25 19:52:29.140800,S003,ec,1.1883875633307264,-30.93860535282694,22.35612633642116
2026-03-07 22:52:29.140800,S002,ec,1.7300241840366137,-32.109519734488025,27.30393647162032
2026-09-18 01:52:29.140800,S001,humidity,44.718966550444634,-29.846071239647863,26.893374638515855
2026-03-16 18:52:29.140800,S001,soil_moisture,0.5162082013339783,-29.849532265529,23.274845242724414
2026-08-02 17:52:29.140800,S002,soil_moisture,0.2621198449268378,-33.378706922194695,18.915579385597994
2026-08-12 16:52:29.140800,S005,temperature,13.332728807745669,-33.33790792845228,23.90083408227106
2025-10-03 15:52:29.140800,S003,temperature,29.40681978258474,-33.46254515386888,26.483775435448294
2026-09-27 06:52:29.140800,S002,ph,6.317967350246693,-29.935227249959496,19.965127484755637
2025-12-21 00:52:29.140800,S004,temperature,25.718337565581177,-32.020253156468684,29.121961065481365
2026-09-28 02:52:29.140800,S003,soil_moisture,0.3325856913528037,-27.64723074549308,18.77142709026075
2026-03-02 05:52:29.140800,S002,ec,2.2303487064677148,-31.835694373295595,20.956609299475303
2025-10-21 03:52:29.140800,S005,ec,1.6208835692549326,-32.694433211610914,23.02749337320516
2026-04-10 14:52:29.140800,S003,ph,-9.543412143303708,-25.79288684223229,18.024513256415403
2025-12-31 01:52:29.140800,S003,ec,0.9135559823903641,-28.71602477187896,26.427882592745142
2026-08-02 05:52:29.140800,S002,soil_moisture,0.6328053869727359,-31.90267518342319,18.339546039721338
2026-03-13 13:52:29.140800,S003,ec,2.3756397834518928,-26.252449484157516,25.80222252901689
2026-01-02 23:52:29.140800,S004,soil_moisture,-14.327112240152859,-28.1617732012808,21.356701940135252
2026-11-09 00:52:29.140800,S002,soil_moisture,0.6597077294464552,-24.443528309018067,31.522648682983323
2026-10-05 00:52:29.140800,S001,ec,1.446016351652078,-29.62497600215488,20.58849627916396
2026-09-07 15:52:29.140800,S003,soil_moisture,0.555969576353291,-31.075660335221265,31.56576858013978
2026-08-24 20:52:29.140800,S005,ph,6.304434167348547,-33.07860794339918,23.141039099890946
2026-04-16 14:52:29.140800,S005,humidity,55.3316256737253,-33.174861851488174,22.41176279424091
2026-06-15 21:52:29.140800,S003,ec,2.2534282515040287,-32.47972441584674,31.120144648250488
2026-04-25 23:52:29.140800,S001,temperature,32.01853916653185,-24.603206624148402,29.106986606887197
2026-05-04 10:52:29.140800,S005,ec,1.7374263612976548,-25.012395809649313,31.286979764458625
2026-06-14 11:52:29.140800,S004,humidity,58.0270276019091,-33.27408587927626,30.242809794594628
2025-11-17 03:52:29.140800,S001,temperature,27.501517568656528,-32.20950359891998,18.796950891631393
2025-10-13 12:52:29.140800,S001,ph,6.898702575089059,-25.466344555721985,31.656421801968687
2026-01-18 08:52:29.140800,S002,soil_moisture,0.49942962540902647,-29.000039497741202,23.082411199859934
2026-09-13 04:52:29.140800,S002,ph,5.761488867629702,-28.395597260036492,26.998951802332627
2026-10-20 12:52:29.140800,S005,soil_moisture,9.712259927256428,-26.382053162925835,19.361261901808046
2025-12-04 00:52:29.140800,S004,humidity,93.06170035776984,-33.05047025324016,21.828603086841742
2026-01-28 20:52:29.140800,S002,soil_moisture,0.5933562843953176,-31.018688110490668,21.268824936040723
2026-06-05 20:52:29.140800,S002,ec,1.0823014382658946,-31.470442796376247,23.291482107935316
2026-03-06 13:52:29.140800,S003,temperature,34.69651944534219,-24.725215983398172,31.137830271607992
2026-04-16 21:52:29.140800,S002,ph,7.203586219230945,-32.6365099345918,22.499725565575083
2026-02-15 05:52:29.140800,S003,humidity,53.81546800448085,-33.812180890291074,21.515178979301893
2026-05-20 15:52:29.140800,S005,humidity,78.90787194827504,-25.542895163830735,21.993060448567263
2026-07-18 03:52:29.140800,S005,soil_moisture,0.5059557832505396,-24.694531013896334,23.793344347580113
2026-05-28 15:52:29.140800,S004,ec,1.5303169895908746,-26.07376957788717,20.48516974562444
2026-04-21 20:52:29.140800,S003,soil_moisture,0.49262370541466227,-24.421279082567573,23.87610349153638
2026-11-17 13:52:29.140800,S004,soil_moisture,0.7693075716166281,-33.948365662824024,20.19963192270447
2026-11-12 02:52:29.140800,S003,ph,6.300623284666447,-33.453765409311444,19.49369750910024
2026-04-02 06:52:29.140800,S005,humidity,46.88525743784454,-25.389126593827648,22.593035408962592
2026-08-08 13:52:29.140800,S004,ec,0.7134910060363608,-30.140691101716204,29.325996689339707
2026-06-28 23:52:29.140800,S002,ph,6.615028602938037,-33.918228901432556,18.377142876154693
2026-07-19 08:52:29.140800,S001,ec,1.286457415360882,-24.151076956399198,19.47919416397484
2026-05-11 12:52:29.140800,S002,humidity,69.36855749594145,-24.693771259234367,26.760864380248304
2026-07-05 02:52:29.140800,S004,ph,6.8632819242112415,-28.791923896474962,18.841258687171255
2025-12-23 08:52:29.140800,S003,ph,6.679883491045311,-28.628544288318743,21.55571676369234
2026-06-09 06:52:29.140800,S004,ec,1.4971269084400454,-26.07339733115342,28.839855448478907
2026-08-19 11:52:29.140800,S003,ph,6.386627976521172,-32.771041448459556,23.86347345357149
2026-01-13 20:52:29.140800,S005,ph,6.686089356874615,-25.98279089261432,30.37168344252081
2026-07-07 17:52:29.140800,S004,temperature,27.48874955024381,-24.6534219280271,28.241285262023567
2026-05-09 21:52:29.140800,S002,ec,1.3904094900600807,-31.08595869816906,20.895442145494968
2026-05-28 00:52:29.140800,S001,soil_moisture,0.5507156205830839,-24.062671690909156,23.41798863448676
2026-03-15 05:52:29.140800,S002,ec,1.808565713512405,-25.08267210965507,31.131358336862455
2026-02-23 04:52:29.140800,S002,ph,6.701586933453598,-24.913918356005578,23.903528125893928
2026-09-18 23:52:29.140800,S003,humidity,74.50226227399818,-32.53190276774748,30.18186014606239
2025-11-28 02:52:29.140800,S001,humidity,66.61067511457716,-25.79365353670365,28.169190145601128
2026-06-04 23:52:29.140800,S005,temperature,8.499466007685353,-31.899043362059587,26.022619488103405
2025-12-29 16:52:29.140800,S005,ph,6.569890590614117,-25.182236063988476,25.34084260273982
2026-02-12 18:52:29.140800,S003,temperature,37.664153640943006,-33.71018755082744,31.573268451249362
2026-04-11 18:52:29.140800,S005,ph,6.138936038662853,-33.29489207754306,26.6562269730113
2025-11-29 00:52:29.140800,S004,ec,1.0489326679425974,-26.514129169695018,23.397856550891504
2026-01-30 23:52:29.140800,S003,ec,0.8980080683170104,-29.696855017073002,20.356748978742004
2026-05-26 08:52:29.140800,S004,humidity,65.35662781699482,-26.83976414761641,26.057103336911993
2026-09-19 19:52:29.140800,S001,soil_moisture,0.6253687182417623,-32.063181157111465,26.11878737622491
2026-11-22 09:52:29.140800,S004,soil_moisture,0.6724862939926208,-25.664391064739174,22.509884759192076
2025-12-02 13:52:29.140800,S002,ec,1.192406999389395,-30.51927763897467,30.8011932613402
2026-03-06 01:52:29.140800,S004,ec,2.442375425550476,-24.570113311344755,19.187500924206358
2026-04-16 11:52:29.140800,S004,temperature,27.86005591238868,-32.436804315796465,23.235727859998853
2026-09-09 22:52:29.140800,S001,temperature,18.879297824832253,-24.098507188858964,21.11986141928449
2026-04-17 15:52:29.140800,S001,humidity,55.14150612995041,-25.68160605076887,22.11165674569564
2025-10-11 15:52:29.140800,S005,ec,1.3918183714032044,-33.280705516579765,27.05394164213293
2026-04-18 12:52:29.140800,S002,soil_moisture,0.7953342187102717,-30.431630698251613,20.802001678990383
2026-09-09 05:52:29.140800,S002,soil_moisture,0.4615217321303975,-31.119280901522952,26.28963274108454
2026-09-08 11:52:29.140800,S002,soil_moisture,0.28924973037538204,-33.21587773817806,19.902598946866533
2025-12-21 01:52:29.140800,S001,humidity,29.306190548413213,-32.00494187320811,19.685020561088184
2026-01-24 10:52:29.140800,S003,ec,1.4912195871388063,-24.214977770600026,24.361058835744302
2026-07-01 19:52:29.140800,S005,ec,1.2154712311931462,-32.76791222874803,25.591023265635517
2026-07-26 01:52:29.140800,S001,humidity,54.601368886804906,-24.79743029760855,24.62484255800266
2026-09-16 21:52:29.140800,S004,ec,1.3443603988183248,-28.700800214442058,28.798129922179996
2026-02-24 20:52:29.140800,S001,soil_moisture,4.896635622485822,-28.893600787513737,28.610791970735193
2026-08-07 11:52:29.140800,S005,humidity,82.0405099368206,-33.78619495125149,18.783628494389355
2026-07-08 04:52:29.140800,S001,ph,5.723753260846534,-29.526901619214605,28.931251402748746
2025-12-15 02:52:29.140800,S004,humidity,62.40561411610567,-30.302221438137977,29.684717183544624
2025-11-08 06:52:29.140800,S004,humidity,81.35037794457197,-31.465193519107117,31.729543990205485
2026-11-06 09:52:29.140800,S003,temperature,23.80544169547897,-24.17821721096503,18.010256813309617
2026-06-09 17:52:29.140800,S004,ph,6.938076686506558,-25.76555352014971,27.048941866207972
2026-08-10 21:52:29.140800,S002,soil_moisture,0.4049223851528921,-33.10103893417947,19.523429980636955
2026-06-27 10:52:29.140800,S005,ec,1.7842798941231068,-33.092445625385125,23.621208966200022
2026-07-24 17:52:29.140800,S001,temperature,25.867942623793795,-25.7994352424841,29.027774016278997
2026-10-22 09:52:29.140800,S002,humidity,7.328130464270842,-29.881361955885822,30.219546329715314
2026-10-29 21:52:29.140800,S001,soil_moisture,0.44846182290301073,-27.554801499249283,25.503830033793466
2026-03-29 05:52:29.140800,S004,ec,1.4583121722533756,-28.05304167070242,31.593489645885
2026-06-08 17:52:29.140800,S003,humidity,42.66471134245007,-26.440974180179428,27.15758526921463
2026-09-22 17:52:29.140800,S002,ph,6.176544615902223,-27.730805208782094,27.140466106523945
2026-03-22 12:52:29.140800,S003,ec,1.1016496136212592,-33.058530892810715,30.377171198052118
2026-11-19 03:52:29.140800,S003,ec,2.0342466868353046,-29.956328245033372,19.01283947813847
2026-01-22 06:52:29.140800,S002,humidity,65.00827183956966,-30.683001987244122,31.426125803740643
2026-01-19 21:52:29.140800,S002,soil_moisture,0.48605088696467647,-25.457786755800402,29.45370140070065
2026-03-08 11:52:29.140800,S004,ph,5.573838675301658,-30.67114216037455,20.896673831173445
2025-12-07 01:52:29.140800,S001,ec,0.8725504570468058,-30.349204031226815,18.29626818052197
2026-05-11 15:52:29.140800,S004,ph,6.004614469308907,-28.996130515277873,22.281390931329348
2026-05-21 23:52:29.140800,S003,ec,1.4060833947028555,-30.474297218271563,28.736790963399013
2026-07-24 06:52:29.140800,S005,temperature,26.49490694201031,-32.263456694285665,20.70386155455696
2026-09-04 17:52:29.140800,S003,ec,1.232164328415717,-26.27329468231277,23.34042585298124
2026-08-07 21:52:29.140800,S004,soil_moisture,0.7337220388672225,-31.674353651395624,27.612518006604436
2025-11-29 08:52:29.140800,S002,soil_moisture,0.5336824565308499,-27.776946517633267,28.054450504700423
2026-03-27 11:52:29.140800,S002,soil_moisture,0.2739454948321878,-26.498754701799086,25.007901770156096
2026-11-13 22:52:29.140800,S005,soil_moisture,0.586930619614169,-26.675276485998694,23.318553635512544
2025-10-07 09:52:29.140800,S002,ph,6.528277353811679,-33.83980918537186,20.876739093327327
2026-02-11 04:52:29.140800,S005,humidity,71.3503721019709,-32.12291301339324,24.085799202468408
2026-04-19 05:52:29.140800,S004,ec,1.6143921342879575,-33.926828687404445,28.204019786414662
2026-11-13 22:52:29.140800,S002,humidity,66.23377026300453,-33.032367841831864,27.78028625614911
2026-06-13 07:52:29.140800,S003,ec,1.0529176035811414,-29.25985727556309,22.783658231272657
2026-04-28 03:52:29.140800,S001,ph,6.8197395473763835,-24.908734974546125,26.430933423171993
2026-03-09 02:52:29.140800,S002,temperature,31.990109443080293,-31.829457394060174,18.355672138499017
2026-04-04 18:52:29.140800,S001,ec,1.2779896106908164,-25.33464130056339,28.781563696726167
2025-11-12 13:52:29.140800,S004,ec,1.6509520938144404,-31.095353620162935,20.084485351809192
2025-10-22 05:52:29.140800,S003,ec,1.4311736678390388,-29.05988277216041,18.082995303862134
2025-10-12 05:52:29.140800,S004,ec,1.7060589532934607,-25.56962335243471,26.642392600044147
2026-04-13 11:52:29.140800,S004,humidity,76.73599807980185,-24.312445992801287,21.186094763776417
2026-08-31 19:52:29.140800,S005,humidity,52.29411428974505,-24.490673255487387,20.558111523020926
2026-03-04 11:52:29.140800,S002,humidity,88.65055017192549,-26.285546648006555,21.121600912197405
2026-11-18 16:52:29.140800,S005,temperature,34.736368130208405,-29.203309175633837,26.61472098312707
2025-10-28 16:52:29.140800,S003,ph,7.251401469954504,-26.0565281051002,30.932620900582442
2026-03-13 15:52:29.140800,S002,ec,2.3720507448690467,-28.967743801448385,21.211505988409872
2026-07-27 20:52:29.140800,S002,ph,6.537269928236614,-26.747553646684153,26.908975770422895
2026-03-05 13:52:29.140800,S005,humidity,82.08617284921345,-29.24520719403506,29.009883578717886
2026-07-21 07:52:29.140800,S001,soil_moisture,0.483757095332502,-32.411700669829266,28.888054208280263
2025-10-28 18:52:29.140800,S001,soil_moisture,-6.475661019404687,-25.91886342577477,24.485614307053538
2026-08-10 13:52:29.140800,S004,soil_moisture,0.6303977143997639,-26.057514166620226,19.92733640663074
2026-07-19 10:52:29.140800,S001,humidity,80.11883954973511,-24.122598248778488,20.151674517807063
2026-02-01 03:52:29.140800,S004,humidity,64.09051349246498,-27.12483861789966,25.080129671257488
2026-10-21 00:52:29.140800,S004,soil_moisture,0.4094817431990786,-32.74045012689155,22.520976546314728
2026-10-06 03:52:29.140800,S001,temperature,0.06562601624293762,-32.831776433974895,30.33863377905018
2026-05-22 08:52:29.140800,S003,ec,0.1356431695139233,-29.247707902133868,30.981404974895995
2026-03-07 22:52:29.140800,S003,temperature,25.81297559030226,-30.704578743696356,26.234788554479266
2026-07-29 15:52:29.140800,S003,soil_moisture,0.3448609936294089,-27.86902029913705,30.333792167215666
2026-03-07 05:52:29.140800,S003,humidity,47.463509678482865,-25.30127373937205,25.219731314717276
2026-09-29 14:52:29.140800,S004,soil_moisture,0.18052337515726186,-31.847536513626086,24.98045030043493
2026-02-24 20:52:29.140800,S001,ec,1.4341197115042936,-32.86831275307087,22.768025802382216
2026-09-20 09:52:29.140800,S003,soil_moisture,0.38379579209656417,-31.59363519410764,26.890436487105
2026-06-11 05:52:29.140800,S001,temperature,20.53522583243136,-33.73546798239283,24.639940889261396
2026-06-29 01:52:29.140800,S001,temperature,11.366763730931416,-28.74297940474196,27.552814300667364
2026-01-07 12:52:29.140800,S003,soil_moisture,0.6205507775076343,-29.169381323713274,29.785831910786918
2026-09-12 18:52:29.140800,S001,ph,6.630440555588429,-29.081482356464296,26.899349149207353
2026-06-10 04:52:29.140800,S005,ec,2.4038632479176174,-30.638684300993685,22.773894686390726
2026-06-17 19:52:29.140800,S001,soil_moisture,0.4884262205143987,-24.359423960753467,26.98775786405244
2026-07-22 20:52:29.140800,S005,soil_moisture,0.4696291317634555,-33.36188103778257,21.8726652029839
2026-08-29 02:52:29.140800,S001,humidity,54.91739893176789,-26.477465584752878,29.893279758974828
2026-07-29 08:52:29.140800,S003,humidity,73.04607174938809,-29.632938178248402,29.476426441833894
2026-08-02 01:52:29.140800,S005,humidity,95.87525896956808,-32.84645106827771,29.589623107560787
2026-08-26 13:52:29.140800,S002,ph,6.23398490691984,-27.49898990701389,22.923997249876734
2026-11-22 20:52:29.140800,S001,ph,5.458379725533017,-25.14461854788323,18.45443507155768
2025-12-19 15:52:29.140800,S002,humidity,75.34809212914635,-24.90754997062525,26.05964083052467
2026-01-29 14:52:29.140800,S004,temperature,13.844247111141856,-28.00929609098496,21.464665072532267
2026-09-03 21:52:29.140800,S004,temperature,25.696937690400556,-27.708301748028127,28.644605729029742
2026-04-30 16:52:29.140800,S004,temperature,15.181915405557977,-31.036572595977084,23.949883587567825
2025-11-16 18:52:29.140800,S001,temperature,25.74871716598438,-24.600197359729744,27.459885133627836
2026-07-15 20:52:29.140800,S005,ph,6.941575084212887,-24.861212979895374,19.07939707389727
2026-10-08 14:52:29.140800,S003,temperature,23.291425657901556,-28.945497159790797,20.835913918327314
2026-09-09 00:52:29.140800,S001,ec,1.972583251546498,-32.223882748274434,30.3924874445577
2025-10-05 09:52:29.140800,S001,temperature,20.18609888019661,-26.788115678026642,22.35019218943532
2025-11-29 16:52:29.140800,S001,ph,6.1854388881928255,-31.61260933529378,26.251254458418884
2026-08-08 09:52:29.140800,S004,temperature,15.89423713809314,-33.46645243122138,27.550162738013338
2026-03-07 11:52:29.140800,S001,ec,0.7280475388789851,-24.032010178831,28.951250445907924
2026-07-09 21:52:29.140800,S005,humidity,71.16320069395388,-27.55374447258805,22.032969040756083
2026-03-08 21:52:29.140800,S003,ec,10.136028989485688,-28.037321144104993,18.804897179586074
2026-06-25 00:52:29.140800,S002,temperature,15.67061343678478,-25.24600464643911,22.40859228994856
2026-10-31 13:52:29.140800,S003,ec,1.7637356430027358,-25.135942510795275,18.07159272529772
2025-12-14 14:52:29.140800,S004,temperature,32.40436324338232,-30.613869952943837,21.434272485255335
2026-05-14 04:52:29.140800,S002,ph,6.4251545663880325,-26.25023500786527,18.568101757487195
2026-08-11 12:52:29.140800,S003,humidity,64.09201195695606,-29.807105682948492,21.86532635422205
2026-10-11 00:52:29.140800,S002,ph,5.868470684361915,-26.421741203420567,21.052373167181337
2026-04-25 23:52:29.140800,S005,ph,6.323611368574144,-32.438971266869316,26.410680141417213
2026-07-23 09:52:29.140800,S003,ec,1.4648075590325718,-29.961496202779678,25.77441583355066
2026-07-22 10:52:29.140800,S005,soil_moisture,0.7524487516395131,-33.216409438118205,26.069494931214173
2026-03-05 12:52:29.140800,S001,humidity,60.15208134862761,-30.499966285089457,28.1822540653109
2026-09-02 21:52:29.140800,S002,soil_moisture,0.5405140584151675,-25.43857688040708,23.726566370182347
2025-10-28 12:52:29.140800,S002,soil_moisture,0.5941117122015954,-32.84697502445151,25.245515223319476
2026-01-02 00:52:29.140800,S004,ph,6.716137814058945,-30.173663153093305,25.699782837372766
2025-10-04 12:52:29.140800,S003,ec,2.0329604465087505,-28.546217941663006,20.099801314805834
2026-08-15 23:52:29.140800,S001,soil_moisture,0.46395565538117145,-29.07336401079948,22.211550904219145
2025-10-05 05:52:29.140800,S005,temperature,21.323826538770593,-30.785025805629502,30.13029452758378
2026-01-18 23:52:29.140800,S001,temperature,16.428755689391586,-27.008193628705307,20.151304752077145
2026-02-13 02:52:29.140800,S005,humidity,69.67095694938071,-26.480132913732962,28.911898834812384
2025-10-12 10:52:29.140800,S004,ec,0.7691630074902297,-28.102503353419316,20.02408323705744
2025-12-02 18:52:29.140800,S001,soil_moisture,0.7576523757957858,-31.891128865256224,25.97355103649656
2026-11-03 08:52:29.140800,S005,humidity,57.365663210155176,-27.793617097288955,20.31834483402622
2026-08-05 01:52:29.140800,S003,ph,6.691932738255481,-27.18164190095663,31.800086222339175
2026-04-29 23:52:29.140800,S001,ph,6.148821167474168,-30.16556255401727,18.770378676297142
2026-06-18 12:52:29.140800,S003,ph,6.707553094394696,-32.693962739228894,31.426390366426133
2026-07-02 07:52:29.140800,S002,soil_moisture,0.365041016769429,-27.26805094018201,24.567194949612077
2026-04-03 14:52:29.140800,S003,ec,1.266876000013217,-25.422969050112865,25.55747772545207
2026-04-29 06:52:29.140800,S002,ph,6.004093460169646,-33.56205794524276,26.238196861949106
2026-09-22 13:52:29.140800,S001,temperature,28.30058605363979,-30.3653900930029,20.492142437117053
2026-10-04 06:52:29.140800,S005,ec,1.6443637271972715,-24.934745532085426,21.898419182599397
2026-11-06 15:52:29.140800,S004,soil_moisture,0.4428651215279355,-26.73619474921154,20.814443272537474
2026-03-04 22:52:29.140800,S004,ph,6.3124185913739375,-32.639709707628256,29.25383919102202
2025-11-27 00:52:29.140800,S002,ec,2.073586283287976,-30.37835626240703,26.69249095126677
2026-04-12 14:52:29.140800,S004,ph,6.009886909615873,-30.003671827522872,23.350487310141695
2025-12-10 18:52:29.140800,S005,ph,5.812106956912233,-26.237292287227845,30.17302805820524
2026-03-24 07:52:29.140800,S005,ec,2.200102082153296,-25.681383190917117,26.846564295833733
2026-01-05 13:52:29.140800,S001,ec,1.135635133101926,-30.40430734432833,18.18337449530485
2025-12-11 04:52:29.140800,S001,soil_moisture,0.36302472877478675,-30.452981795442707,19.98505247140433
2026-11-01 10:52:29.140800,S003,temperature,18.86847655273157,-29.671475860703243,20.00215818079612
2026-06-28 11:52:29.140800,S005,humidity,80.61646830411966,-28.571965675369626,27.019923060661505
2025-12-01 23:52:29.140800,S001,ph,6.747973258387636,-26.41409305640871,27.319612176434738
2026-04-03 12:52:29.140800,S005,temperature,24.855112147651383,-33.140092554150826,18.21287258389664
2026-07-03 03:52:29.140800,S005,ph,6.563098925237035,-32.85050490887624,26.089368785968105
2026-11-10 20:52:29.140800,S002,ec,1.1006250162556745,-25.229351056486358,25.535874227573224
2026-11-15 15:52:29.140800,S004,ec,2.4280582326999074,-32.71320537678514,26.96023742810048
2026-10-14 20:52:29.140800,S004,temperature,37.004149028903136,-30.609443322921877,24.173126458145877
2026-03-03 04:52:29.140800,S005,humidity,50.123595856958545,-30.61649805499291,29.5393295081158
2026-01-01 17:52:29.140800,S004,temperature,22.8324506788012,-33.49445297386459,18.90572005262321
2026-04-26 08:52:29.140800,S002,humidity,52.78620160986742,-32.37317825866659,23.25136159295868
2026-03-30 02:52:29.140800,S005,temperature,20.089863920349572,-26.99076946434984,24.586285439734585
2026-09-07 15:52:29.140800,S001,temperature,18.335250299392793,-26.71137172714014,22.919175813042777
2026-04-07 09:52:29.140800,S001,soil_moisture,0.3612659872410767,-25.83396704823379,18.7027996912285
2026-11-02 12:52:29.140800,S001,ph,6.276699220040054,-24.289726696934736,23.46183335158876
2025-12-27 20:52:29.140800,S005,temperature,34.3569234266931,-26.497109357063216,26.467270116073628
2025-11-08 06:52:29.140800,S002,ec,2.6567740884590716,-30.582022110075666,21.277542982775245
2026-01-20 04:52:29.140800,S004,soil_moisture,0.33350381162976184,-33.77725244225354,19.83472024303396
2026-10-28 01:52:29.140800,S004,ec,1.5375324750680377,-31.325109747760685,23.396136127130795
2026-03-25 21:52:29.140800,S002,temperature,16.999206320960027,-28.111075437591047,22.70362849270566
2026-08-07 23:52:29.140800,S004,soil_moisture,0.46599172491290264,-33.1408858858275,23.937854961729478
2025-11-07 19:52:29.140800,S003,ph,6.917586773829686,-30.44561626677753,26.663298160760306
2026-07-08 03:52:29.140800,S003,ph,6.278573465812349,-29.750029425456326,29.654328599258566
2025-12-14 20:52:29.140800,S001,soil_moisture,0.6576041947224837,-25.24636779613585,18.487399094058485
2026-08-17 18:52:29.140800,S003,temperature,39.32541743460446,-31.913684890813276,24.866692424056588
2026-06-20 01:52:29.140800,S004,soil_moisture,0.4666844910406318,-25.204270546603002,29.390731070627417
2026-11-04 18:52:29.140800,S002,ec,2.020661563940633,-26.373052529841626,29.784573977479493
2025-11-14 16:52:29.140800,S001,ec,1.4793916427478042,-32.26048884622621,26.644834241605086
2026-11-19 17:52:29.140800,S003,soil_moisture,0.5871123161082128,-25.59978613350674,27.072196579233882
2026-03-21 16:52:29.140800,S001,humidity,68.57061825840464,-31.93102514364481,23.686114814840256
2026-06-03 02:52:29.140800,S002,temperature,21.46778906944486,-25.229470001736978,28.420491230111452
2025-11-30 01:52:29.140800,S002,ph,5.889636543978449,-24.527914745407976,30.69479770093843
2026-04-30 14:52:29.140800,S003,ec,1.5217556167822817,-31.57006826588991,18.55743518379381
2026-05-22 16:52:29.140800,S005,soil_moisture,0.7519608966354879,-32.98316040383084,21.92725124064455
2026-09-22 14:52:29.140800,S003,temperature,27.396936605335863,-27.058583588270515,27.358078998048054
2026-04-01 04:52:29.140800,S005,temperature,13.400525058356806,-33.176789977776686,31.562077829916987
2026-08-02 01:52:29.140800,S004,ph,6.230298212300353,-30.855323891334187,28.728429348168074
2025-12-17 01:52:29.140800,S005,temperature,20.96779921833065,-29.977714963854048,21.429507902068806
2026-04-01 01:52:29.140800,S005,humidity,65.15167199439426,-25.7792306158845,19.619740684217575
2026-07-13 23:52:29.140800,S002,humidity,64.95491919496133,-32.428525881221,25.763176134947436
2025-11-03 03:52:29.140800,S001,ph,6.18862878341418,-27.257728510043652,26.646707269020908
2025-11-06 22:52:29.140800,S001,humidity,88.70586797945111,-32.32338725020558,30.20742838741344
2026-08-26 05:52:29.140800,S004,ec,0.5573201637266615,-29.048953082454624,22.979675249679296
2026-02-17 06:52:29.140800,S005,ec,1.7566765001841733,-33.224029387946004,25.088811139315972
2026-10-19 05:52:29.140800,S004,ph,6.768817386434361,-27.715790031607277,20.93658235854855
2026-04-07 19:52:29.140800,S003,temperature,16.249913004328327,-32.8296288166352,20.96802175497755
2026-07-21 07:52:29.140800,S002,humidity,50.86614299356747,-27.784624440451683,24.437921272403152
2026-10-14 22:52:29.140800,S004,ec,1.125591089815274,-28.720491361518096,24.0693116176982
2026-04-20 15:52:29.140800,S002,soil_moisture,0.5729953694747965,-29.12211779810054,19.969842931737944
2026-03-20 03:52:29.140800,S002,ec,1.6357982502253303,-26.632946499739198,21.50401410784511
2026-06-10 08:52:29.140800,S005,temperature,19.686935639388132,-29.612969348445013,19.403673075537228
2026-08-10 06:52:29.140800,S005,soil_moisture,0.4367209600318294,-31.153613448720044,18.121009727574055
2026-03-24 04:52:29.140800,S001,ec,1.1090766841904929,-31.808365737508357,27.385579442130066
2025-11-23 15:52:29.140800,S005,soil_moisture,0.6154846904441093,-29.960059649879565,27.985436715908293
2026-10-14 11:52:29.140800,S005,ec,1.6294828038395412,-30.20885991648606,21.792785664738666
2025-12-15 03:52:29.140800,S003,ph,7.713503345974105,-29.506442801182672,27.071479976616594
2026-07-06 12:52:29.140800,S001,ph,6.366194807608598,-32.99543351451791,18.217224616031675
2025-12-09 08:52:29.140800,S005,humidity,66.43649616063479,-32.64106426431654,19.816748083378858
2026-05-21 05:52:29.140800,S004,humidity,59.45293436414156,-33.0635392180761,26.63572376577795
2026-07-10 10:52:29.140800,S004,soil_moisture,0.5628075391615341,-32.479267233823194,27.245704341439122
2026-10-03 16:52:29.140800,S003,ec,0.24423646383745967,-33.28771775495936,19.874072874772995
2026-07-24 03:52:29.140800,S003,ph,5.396480702162547,-32.9623623769307,23.03800508377625
2026-01-29 07:52:29.140800,S001,ec,1.209525439920867,-32.89227289647479,29.596320117829563
2026-07-04 03:52:29.140800,S003,ph,6.39826661889977,-24.499438787493773,20.92536116952673
2026-06-19 05:52:29.140800,S005,ec,1.845038735450267,-27.08863766131135,25.47223977115363
2026-10-08 00:52:29.140800,S001,soil_moisture,0.6390731313308768,-27.112372143442613,18.304147049562133
2025-11-11 01:52:29.140800,S005,humidity,72.29740753397449,-33.65666709563286,25.12674035514647
2026-11-08 23:52:29.140800,S002,ph,7.347067498477112,-28.233224519025615,18.40136639854926
2026-05-25 21:52:29.140800,S003,ph,6.296306899491462,-24.58204450628854,20.949146141078913
2026-07-22 00:52:29.140800,S001,ph,6.511131046328498,-29.039027359587898,20.972925578102924
2025-10-27 07:52:29.140800,S001,soil_moisture,0.7136451296766817,-32.668626557866936,18.06844836504961
2026-02-01 06:52:29.140800,S005,ph,6.35159449963294,-29.54578415247813,25.55389675562698
2025-10-30 00:52:29.140800,S004,humidity,62.87792938061286,-32.730106211548986,25.245188492906877
2026-04-05 21:52:29.140800,S005,ec,1.370991574113831,-30.5930923142272,20.552502698235855
2026-05-28 05:52:29.140800,S002,soil_moisture,0.3883785973424076,-27.993516779058698,26.88799066702599
2026-03-10 13:52:29.140800,S004,humidity,101.1166373357282,-27.410414413731253,24.81346841831423
2026-09-13 16:52:29.140800,S004,humidity,49.61713581881897,-32.66670736333636,31.963193522126957
2026-02-07 11:52:29.140800,S002,temperature,13.148784696922467,-31.05719086733473,24.293617319428147
2026-01-15 00:52:29.140800,S001,humidity,66.45354686914351,-26.736593930274342,26.33740277194677
2026-11-23 07:52:29.140800,S002,temperature,26.684056415464635,-28.4776516126442,24.966775128408226
2026-09-10 07:52:29.140800,S005,ec,1.9158845828374595,-27.352427939536717,28.557373496344013
2026-06-27 00:52:29.140800,S005,ph,16.3885132773666,-25.63021220719358,28.28747098560869
2026-03-28 04:52:29.140800,S002,ph,7.291857413329766,-33.42033062561798,19.942944966572096
2025-11-19 01:52:29.140800,S002,ec,1.9332048485214142,-31.448189474843,27.346277207780524
2025-12-24 01:52:29.140800,S004,soil_moisture,0.6098842369892088,-32.0896674025842,25.77118965580381
2026-01-28 12:52:29.140800,S004,humidity,46.694589929056846,-30.80333487286002,26.18535393046417
2026-10-22 13:52:29.140800,S002,ph,5.511189079660463,-32.3803190159954,23.23939908595556
2026-09-07 13:52:29.140800,S001,soil_moisture,0.719539856446622,-25.544595892518625,30.637079668411445
2026-08-05 14:52:29.140800,S002,humidity,41.343931098763896,-30.51350434421113,21.00961891760216
2026-01-08 06:52:29.140800,S001,soil_moisture,0.5121520461601895,-33.24268606782858,25.23451240730952
2026-08-18 09:52:29.140800,S003,temperature,27.28801573631818,-25.273241359299483,31.14008900618314
2025-11-05 19:52:29.140800,S001,ec,12.397732583817433,-30.900319946679744,24.44134378286349
2026-01-12 01:52:29.140800,S001,soil_moisture,0.4786190291065033,-25.714265912113603,19.153830064970666
2026-10-28 01:52:29.140800,S005,ph,5.6751211304231095,-30.461099475689466,29.958734692605866
2026-06-19 18:52:29.140800,S005,soil_moisture,0.3759598517176836,-28.87499931414935,23.35730347900465
2026-05-09 14:52:29.140800,S004,humidity,53.11052817861321,-25.45401401746671,31.708844788666276
2026-06-26 20:52:29.140800,S001,ec,1.5240727584543128,-25.99986018831909,24.48708507128955
2026-04-04 13:52:29.140800,S005,humidity,46.44224398618401,-28.921317504670533,27.55333138964923
2025-11-22 12:52:29.140800,S005,ec,1.7727782931680467,-24.200582690646613,31.099712670348715
2026-02-17 22:52:29.140800,S005,humidity,79.90674373546551,-31.048480692704967,23.83363325415573
2026-08-12 02:52:29.140800,S004,humidity,111.18876224920797,-30.08876104515158,18.637733302079713
2026-02-07 00:52:29.140800,S005,temperature,26.236184575458857,-30.866724223379464,30.81907621643726
2026-10-29 10:52:29.140800,S001,humidity,57.75593986566741,-29.83345327477364,26.293791871865672
2026-10-28 07:52:29.140800,S001,ec,-4.85346700446631,-25.553292981316364,23.345054719026642
2025-10-25 16:52:29.140800,S005,ec,1.0358931446944464,-31.890389566591775,29.202561241001753
2026-11-19 11:52:29.140800,S004,humidity,52.59684588202843,-31.194673938936987,31.132317893199396
2026-07-25 00:52:29.140800,S004,humidity,48.38785336455413,-26.39723413425031,24.279019848664955
2026-06-20 17:52:29.140800,S005,ec,1.2120249620811292,-27.10156268789232,28.57808045118285
2026-07-30 14:52:29.140800,S005,temperature,5.386963748740666,-33.430446427901124,19.046939918184748
2025-11-23 18:52:29.140800,S001,temperature,13.393597742972942,-26.291112483575205,23.238253496768007
2025-11-19 01:52:29.140800,S004,soil_moisture,0.622945417612884,-25.477790035975172,23.450120646154982
2026-04-03 23:52:29.140800,S003,temperature,22.832921982518464,-31.683469789584386,22.576042101253762
2025-12-30 14:52:29.140800,S005,humidity,51.61579004138274,-27.2799040457035,24.532541653007392
2026-11-17 15:52:29.140800,S003,temperature,29.90319729613521,-29.421667178737746,25.179052472188836
2026-01-08 20:52:29.140800,S001,temperature,19.03976744907915,-26.41955178828627,26.434600366565604
2025-10-07 04:52:29.140800,S004,soil_moisture,0.4765679912024505,-30.136438708973618,28.98770954371716
2026-09-24 01:52:29.140800,S002,humidity,63.36818537980351,-33.90462981830221,20.885657420149585
2026-04-21 23:52:29.140800,S004,ph,6.473612884578312,-29.949753066114347,20.783371145713712
2026-03-30 12:52:29.140800,S005,ec,2.0299056954071353,-24.940561515287307,31.388661581494603
2026-06-12 04:52:29.140800,S004,temperature,22.303576414193568,-28.272895479288145,19.96110388845889
2026-06-18 05:52:29.140800,S004,soil_moisture,0.7603085946528325,-28.975020663200084,22.213542954539562
2025-12-21 23:52:29.140800,S002,soil_moisture,0.5466341177260622,-27.743543023156533,26.67854923951831
2026-04-01 08:52:29.140800,S001,temperature,20.57935092021086,-27.288669404025672,22.436001393758318
2025-12-11 21:52:29.140800,S003,ph,6.433709263998485,-32.24066991118027,23.681706735693595
2026-03-19 12:52:29.140800,S003,temperature,14.99758913631456,-25.436288228878347,23.67720292889744
2026-03-11 13:52:29.140800,S003,soil_moisture,0.6532565009595952,-26.091156012932963,31.16773997433782
2026-08-24 21:52:29.140800,S003,ph,7.128668398123351,-25.46328132591488,21.338587037769347
2026-02-21 03:52:29.140800,S004,ec,2.4441712179769626,-30.51245835645593,22.59126827450853
2026-09-20 08:52:29.140800,S001,ph,6.941612693504557,-30.070188058422893,26.74656684372839
2026-01-27 01:52:29.140800,S005,ph,6.470175092615572,-32.06170170806969,29.173652899249458
2026-07-01 04:52:29.140800,S004,ec,1.0733237575007928,-24.59335308576371,30.439990871913967
2025-11-04 03:52:29.140800,S005,humidity,47.494053259688286,-32.47356468259023,20.224083743727988
2026-06-30 00:52:29.140800,S004,temperature,17.510887616263105,-27.129939752978732,29.475060083677235
2026-02-05 03:52:29.140800,S004,temperature,33.6404141702107,-26.065512085408404,18.41385628099135
2026-02-01 05:52:29.140800,S002,humidity,80.81177211649177,-24.58336331275349,23.86975849979874
2026-04-24 16:52:29.140800,S004,ec,1.6048371428622845,-33.75382877712248,28.169541723052827
2026-06-01 10:52:29.140800,S001,ph,6.661855208720437,-33.513967278183856,28.18734363182164
2026-08-19 15:52:29.140800,S002,humidity,36.032495747120926,-31.097960751912286,30.584702601046622
2025-12-06 04:52:29.140800,S001,soil_moisture,0.570807809781484,-26.847221208363102,23.730762466940895
2026-04-23 21:52:29.140800,S004,ph,6.511179765003814,-25.271967340884927,19.384378505343047
2026-02-26 01:52:29.140800,S001,soil_moisture,0.5098616179462995,-32.72367462206961,19.135491263697453
2026-06-18 23:52:29.140800,S003,ph,6.823829117607204,-24.12515746036113,19.790511558956076
2026-04-22 22:52:29.140800,S004,temperature,31.890556517839173,-29.34835800063419,27.93385358185052
2026-01-18 08:52:29.140800,S004,ph,6.421659437849101,-31.36216110136693,28.63776600503737
2026-04-08 11:52:29.140800,S003,humidity,85.83016442016554,-29.391893156827273,25.3471306702231
2026-07-20 12:52:29.140800,S002,ph,5.74305560016893,-26.990783262439376,23.25136384216919
2025-12-25 11:52:29.140800,S003,soil_moisture,0.7303324663083552,-25.995799356231597,18.420827536623516
2026-06-15 05:52:29.140800,S005,humidity,84.17215362113748,-29.618163661348706,26.04743260872781
2025-11-27 22:52:29.140800,S005,soil_moisture,0.3547965316651036,-32.26837079539641,29.21286494884081
2026-07-08 22:52:29.140800,S004,ph,6.079230214236285,-32.41414482418608,23.471942806452777
2026-09-12 19:52:29.140800,S003,ec,1.9601530078472793,-27.18810276332379,18.97501447467385
2026-01-31 06:52:29.140800,S001,ph,6.512163927056412,-33.997545579477396,30.748238588358483
2026-05-09 10:52:29.140800,S005,ec,1.3566376635442412,-32.969855520675466,25.72564373109701
2026-09-06 03:52:29.140800,S003,soil_moisture,0.4348513488719877,-33.025373507432285,24.601294639333908
2026-09-13 10:52:29.140800,S005,soil_moisture,0.5371734059237535,-30.884700686198975,29.110369041496405
2025-10-20 23:52:29.140800,S003,temperature,29.80751996086243,-30.71338063882147,27.11578122933807
2026-10-02 15:52:29.140800,S004,temperature,21.934755179988358,-28.457387639817753,19.189896444663912
2026-05-11 11:52:29.140800,S005,ph,6.249198173513297,-31.59600497491054,25.556360196212932
2026-09-29 17:52:29.140800,S002,soil_moisture,0.5206885844950553,-29.454136583001546,31.266207138091175
2026-10-07 12:52:29.140800,S005,ph,5.909209146796919,-27.45138238609281,24.231864301697254
2026-06-15 04:52:29.140800,S005,soil_moisture,0.21837452590229867,-32.81265549260563,31.259253230300974
2026-02-06 18:52:29.140800,S002,humidity,104.25436029609568,-32.93894453153193,28.983538493106433
2026-05-20 01:52:29.140800,S001,ph,6.596380304999542,-28.786610538850944,20.723353308842704
2026-02-20 05:52:29.140800,S005,temperature,24.969384572361157,-29.28199532496675,28.850867290869424
2025-11-27 06:52:29.140800,S004,soil_moisture,0.49616327278991934,-27.23396565776241,30.907315642111787
2026-07-31 23:52:29.140800,S003,ec,1.7246980500123266,-25.216559928663976,29.410542660934286
2026-11-09 06:52:29.140800,S003,ph,7.347396382385597,-27.595526653217984,30.06502748435987
2026-08-05 00:52:29.140800,S003,ph,5.876018337450103,-27.943118973187246,18.11173523490986
2026-03-20 15:52:29.140800,S005,humidity,69.07185715253374,-32.51048463969448,24.606611532901724
2026-08-02 04:52:29.140800,S001,humidity,40.03853792870359,-28.81321573922732,24.753301941215216
2026-07-19 21:52:29.140800,S003,temperature,21.411727126617816,-25.618167324232996,28.01196687431665
2026-02-07 09:52:29.140800,S001,humidity,81.37234996953438,-31.889773739337613,29.291658969548553
2025-11-26 16:52:29.140800,S002,humidity,42.193968912969694,-31.466194510736287,22.848562057309362
2025-11-10 12:52:29.140800,S002,temperature,32.075346644816634,-30.648862315469664,23.47814395447609
2026-06-06 10:52:29.140800,S005,temperature,24.658759539357323,-33.6143751309059,18.6868576321665
2026-05-16 17:52:29.140800,S002,ec,1.5326485120623379,-33.29783536123677,24.065624992210918
2026-07-02 04:52:29.140800,S004,ec,3.4581935508250776,-31.726763676790668,23.859090443065863
2025-11-05 01:52:29.140800,S002,temperature,30.677121411931342,-31.03741309215285,31.04267598772021
2026-09-07 03:52:29.140800,S004,ph,5.859634469459379,-28.862970248405087,23.956212300014347
2025-11-24 10:52:29.140800,S005,temperature,40.063730246543,-27.366147035213395,24.162692065777836
2026-07-19 05:52:29.140800,S001,humidity,67.79378240336239,-30.010687898659025,21.01755144003309
2026-02-07 08:52:29.140800,S003,humidity,93.17322372060727,-27.88568465302376,27.70869936060587
2026-07-20 21:52:29.140800,S001,humidity,79.04400597053954,-27.132924078464136,22.90077492193027
2025-12-08 17:52:29.140800,S003,ph,6.856685280361352,-25.54329721227626,19.15757291530451
2026-07-21 14:52:29.140800,S004,ph,6.796118629362816,-29.289598648459794,30.19447131204369
2026-10-02 05:52:29.140800,S005,soil_moisture,0.5115895110766557,-30.54547435101112,18.560492798109518
2025-10-06 04:52:29.140800,S003,soil_moisture,0.44356845589453964,-28.031862036264997,24.467517381476373
2026-01-03 22:52:29.140800,S002,humidity,69.19951409831569,-28.72240950346866,28.959059215017856
2026-09-29 17:52:29.140800,S001,ec,1.4385617593073607,-27.231433506287797,24.520553467440575
2026-05-07 19:52:29.140800,S002,soil_moisture,0.5896937785779586,-33.78935686361767,30.52764149248664
2026-07-22 11:52:29.140800,S005,temperature,23.186735156465,-25.49704234451686,23.749103006168735
2026-06-07 09:52:29.140800,S001,soil_moisture,0.34164092707634164,-30.73736060508531,29.637170214351904
2026-01-21 15:52:29.140800,S001,soil_moisture,0.5087496750825864,-31.0901874897658,31.479222576260526
2026-03-20 18:52:29.140800,S001,humidity,86.01530890410515,-27.83651324435592,19.42006689001327
2026-02-02 12:52:29.140800,S002,ec,1.9760329961991283,-30.604234832270855,23.460784103472264
2026-10-06 23:52:29.140800,S005,ph,5.870683468857279,-27.407486035863236,25.500324955893245
2025-10-19 07:52:29.140800,S002,temperature,30.576070762253835,-31.56709264860982,22.401775006650208
2025-11-22 10:52:29.140800,S001,ph,6.516832038442273,-25.88500658516059,21.365960083316125
2026-04-25 01:52:29.140800,S002,ph,6.559732483922041,-28.420528314550573,27.061567509428247
2026-03-02 02:52:29.140800,S005,temperature,30.996581195185293,-24.08521432725407,25.516201351882412
2026-05-03 20:52:29.140800,S003,ph,5.640546135535507,-33.17247498624213,19.472397477113745
2026-09-09 08:52:29.140800,S001,soil_moisture,0.24714857705106907,-27.055351160013405,30.430730452213083
2026-03-22 07:52:29.140800,S003,ec,1.4106371129509074,-29.92508048248998,18.62966506824202
2026-08-29 19:52:29.140800,S002,soil_moisture,0.5870568545434198,-25.66287966189971,23.685923875434806
2026-11-11 08:52:29.140800,S002,temperature,23.601004872548362,-33.597991545794876,29.04116968754854
2026-02-15 12:52:29.140800,S003,humidity,57.92106149461307,-25.720519751556687,30.28417612517156
2025-12-08 12:52:29.140800,S004,soil_moisture,0.5159679527410945,-33.64630457924732,27.46525253901927
2026-07-11 21:52:29.140800,S001,humidity,73.58286883628018,-24.768825868667953,18.797166572317998
2026-05-08 18:52:29.140800,S001,ec,1.0619974252238737,-28.324829384439994,29.519082514608023
2026-05-17 10:52:29.140800,S002,humidity,74.90556693666245,-31.760253737544627,26.73412508651078
2026-06-15 15:52:29.140800,S003,ph,6.635808381625883,-24.519011281755688,19.774972906537382
2026-02-27 04:52:29.140800,S005,temperature,27.146977044109768,-29.14654361997001,27.75416809192647
2025-12-17 19:52:29.140800,S003,ph,6.783938454387204,-25.874065903229553,27.253779886656368
2026-05-08 00:52:29.140800,S001,temperature,37.30936952605028,-29.62875700419495,19.43127247333992
2026-03-22 21:52:29.140800,S004,ph,7.415221225611637,-26.831243521597013,21.481675282319248
2026-11-18 10:52:29.140800,S004,humidity,46.34153002221163,-24.00079657623884,22.910960407999532
2025-10-09 01:52:29.140800,S005,humidity,49.16104173559124,-28.09490698950568,28.101625573786357
2026-02-08 08:52:29.140800,S001,temperature,28.46187423691342,-24.114280386890503,29.725002283816984
2026-03-30 00:52:29.140800,S004,ph,6.544753003871845,-28.258175194527176,21.124049697988635
2026-07-28 10:52:29.140800,S003,ec,1.5997892018358228,-27.893949857582687,25.077931675218693
2026-06-22 07:52:29.140800,S002,humidity,77.30770539036773,-24.79624017993151,30.56354013563007
2026-07-06 18:52:29.140800,S002,temperature,12.537211651756065,-30.715667793944387,19.362186228531517
2026-04-09 08:52:29.140800,S003,soil_moisture,0.5821202820098921,-24.71548642671946,27.107189688643373
2026-09-10 19:52:29.140800,S001,ph,6.055148545583647,-33.954151249567275,23.616801917857167
2025-10-26 01:52:29.140800,S003,temperature,18.62638518989459,-31.08831512204935,26.925132168547954
2026-05-10 06:52:29.140800,S003,temperature,32.11007236042638,-24.217345027684367,28.188059818779088
2026-02-08 09:52:29.140800,S002,ec,1.348760799573245,-27.972872325459164,18.60808696869372
2026-09-30 19:52:29.140800,S005,ec,1.7796498887047756,-32.01088905601072,19.34795485490484
2026-03-21 05:52:29.140800,S004,temperature,27.735811359128252,-24.252343814534054,21.625381224152925
2026-10-31 11:52:29.140800,S005,ec,0.6342813913294839,-25.6480424646686,23.808146960574383
2026-07-04 02:52:29.140800,S004,humidity,38.914921486154924,-30.123435139242677,28.070335538692383
2026-03-04 19:52:29.140800,S003,ec,2.0989157629481543,-25.62992694262337,20.602070235216985
2026-01-31 10:52:29.140800,S002,ph,6.809410960486519,-28.06412575580559,31.07717489162647
2025-12-11 11:52:29.140800,S001,temperature,20.435240336614715,-26.196655145711254,25.99914202960649
2026-07-22 18:52:29.140800,S005,ph,7.430242182176757,-30.672679486126373,25.70654647136357
2025-10-07 13:52:29.140800,S001,humidity,51.49288422795067,-26.392643421295965,19.00079344914878
2026-06-06 02:52:29.140800,S002,ph,5.6508475924719,-33.402715090041326,28.965762342453395
2026-04-14 08:52:29.140800,S003,humidity,58.86593774495812,-29.5380946352101,22.07454898200851
2026-04-22 15:52:29.140800,S005,humidity,35.85500473340367,-33.50636915739573,28.339180188523095
2026-01-08 14:52:29.140800,S004,ec,0.9663791238262974,-32.22706060241931,19.02561126386952
2026-02-09 08:52:29.140800,S004,humidity,44.56327980141457,-33.99809135105988,22.20556592717431
2026-05-25 07:52:29.140800,S001,ph,7.041970844786856,-26.44490159432747,18.753493299467486
2026-08-18 11:52:29.140800,S003,temperature,38.01189621249425,-29.718161871563293,31.545576836987717
2026-07-18 13:52:29.140800,S004,temperature,28.909203101406952,-29.156757387917967,29.707838141442167
2026-02-06 17:52:29.140800,S004,temperature,38.86226802384442,-24.618913585770795,24.883416457613563
2026-10-14 23:52:29.140800,S001,ec,1.8264602164408281,-29.991061642697275,25.89157408947615
2026-04-10 06:52:29.140800,S001,ph,6.757978443352982,-33.0491496210328,22.215680547661314
2026-06-11 11:52:29.140800,S004,humidity,65.75414820911547,-30.65304293588498,30.583638992763575
2025-11-19 22:52:29.140800,S004,ph,6.728803686593998,-24.58881852995447,24.4430480394929
2026-03-03 05:52:29.140800,S001,ec,1.773488277260299,-31.612688301721423,21.747035171542954
2026-07-01 13:52:29.140800,S002,soil_moisture,0.5925547243572503,-31.761175846120366,20.617340264464286
2026-03-26 11:52:29.140800,S004,humidity,65.2129886475854,-25.157223604257783,22.44685348589303
2025-11-29 15:52:29.140800,S005,ph,6.166320524507842,-30.774376810921012,21.562084309659067
2026-04-20 00:52:29.140800,S005,ec,1.1877297602422987,-27.290702161352343,24.833343604118106
2026-06-30 04:52:29.140800,S003,ph,23.780156828972938,-31.340973575159925,18.123782362370193
2025-12-16 08:52:29.140800,S001,soil_moisture,0.6125158967720541,-27.430453377863913,20.01181594607457
2025-10-10 04:52:29.140800,S004,temperature,19.298469166937657,-29.921467912669613,21.0425941704507
2026-02-02 23:52:29.140800,S001,temperature,23.188108227805113,-24.27149973591458,25.530702437913963
2025-11-09 10:52:29.140800,S004,ec,1.382997956378273,-30.280540174196954,30.80818767076446
2026-03-12 21:52:29.140800,S003,humidity,40.185877713084025,-29.572719046574928,28.71046845132889
2026-06-26 14:52:29.140800,S005,ec,1.4584733963955028,-30.587934736802012,28.47295333214167
2026-03-25 02:52:29.140800,S005,temperature,21.49820524471839,-29.27689949056017,28.462189532822123
2026-10-14 04:52:29.140800,S001,ph,5.628166876606956,-31.2964852379532,23.155204985282552
2025-11-11 20:52:29.140800,S004,humidity,70.27137496507038,-32.35508884888951,18.928634926368765
2026-02-07 23:52:29.140800,S003,ec,1.3085727721468439,-31.12801693484272,27.392452461420394
2026-09-14 03:52:29.140800,S003,ph,5.47898719523936,-25.793765699480772,18.231723186557
2026-05-18 00:52:29.140800,S005,humidity,32.09539590640503,-31.463124219127803,26.3765811900521
2026-06-16 18:52:29.140800,S001,humidity,84.95857177930549,-32.28936581007136,18.19556953504353
2026-02-09 11:52:29.140800,S003,ph,6.079668097597515,-31.594346094362894,23.734243304616694
2026-09-23 08:52:29.140800,S004,humidity,64.82625442609249,-27.542683236321494,28.67603384742739
2026-03-28 11:52:29.140800,S003,ec,1.4851658117696713,-33.62254289880301,27.823324678230605
2026-04-11 03:52:29.140800,S003,temperature,22.89912547381501,-31.056214995146714,25.77046257614413
2026-09-09 02:52:29.140800,S005,humidity,43.983146620670105,-24.078512496037817,25.240167968257545
2026-06-11 20:52:29.140800,S003,soil_moisture,0.5963457369356777,-25.771764374304652,21.726956270087857
2025-10-05 10:52:29.140800,S004,soil_moisture,0.5348817822579468,-33.90371883647443,27.829838290072388
2026-10-16 00:52:29.140800,S003,temperature,21.481033722832418,-30.58404408812455,26.63972115928394
2025-11-26 22:52:29.140800,S004,humidity,74.96054358871643,-32.70253408833955,24.619806746885114
2026-01-29 08:52:29.140800,S003,ph,-5.3490196298654284,-31.592637075770533,24.189801779547807
2026-09-13 21:52:29.140800,S005,soil_moisture,0.40868367692059937,-30.083278575237696,24.599721272944123
2026-08-17 06:52:29.140800,S003,soil_moisture,0.4655429066417008,-26.99789788876034,18.17588483967957
2026-09-21 02:52:29.140800,S003,soil_moisture,0.5545295272547475,-29.066520965731733,31.148156126454424
2026-07-02 15:52:29.140800,S002,ph,6.143416261087205,-32.34677025773507,22.096354887369216
2025-12-10 11:52:29.140800,S002,temperature,31.483798702297666,-25.19893547439999,21.38753713416935
2025-12-22 05:52:29.140800,S003,ph,6.709731075651614,-25.18858340686349,21.33081749414187
2025-10-17 20:52:29.140800,S001,humidity,77.50309306093958,-31.18937953045335,24.89667791006184
2026-04-19 20:52:29.140800,S005,ec,1.339097750383185,-29.629674755988432,27.543438696234865
2026-09-05 20:52:29.140800,S001,ph,6.376393791045237,-28.514060364240475,19.425679813695893
2026-09-29 23:52:29.140800,S002,soil_moisture,18.776311212114013,-25.633102473069904,18.786497931492104
2025-11-22 21:52:29.140800,S005,humidity,24.639173158609125,-30.359065373102407,29.426763831343223
2026-08-13 06:52:29.140800,S005,ec,2.0675682532710913,-25.407062721171478,27.0882017818558
2026-06-28 23:52:29.140800,S001,temperature,42.83961052072051,-29.742629473778514,18.05177252677796
2026-03-23 04:52:29.140800,S001,temperature,19.568770774741314,-28.472938156849473,18.5729119693613
2026-08-17 05:52:29.140800,S003,temperature,15.577455432724166,-32.1069429334666,19.149288025271584
2026-10-12 21:52:29.140800,S004,soil_moisture,0.47290128223450556,-32.262971732112995,27.74657539823173
2026-10-25 06:52:29.140800,S003,ec,1.8284121817468983,-27.332429021369443,21.927647063418785
2026-07-28 16:52:29.140800,S001,ph,6.91656321840511,-31.618872040824268,24.947336861118607
2026-04-24 10:52:29.140800,S004,temperature,35.004882973013345,-28.253877183071697,19.32848148502459
2025-10-21 13:52:29.140800,S003,ec,1.4668089930985402,-24.733210304048065,23.12723630357279
2026-01-14 18:52:29.140800,S002,temperature,37.110022521446034,-25.591499968629087,30.487128439756212
2026-02-24 17:52:29.140800,S005,humidity,74.5214500287542,-26.678518741440406,27.777021830010355
2026-04-25 04:52:29.140800,S001,humidity,48.23949070863395,-33.581973085508125,20.56415559967045
2026-06-06 02:52:29.140800,S004,humidity,18.21520954630217,-27.47489705330797,25.585028879166096
2026-06-05 09:52:29.140800,S001,ec,9.371171305512318,-28.187013496300594,30.512453917082883
2026-10-09 00:52:29.140800,S004,temperature,24.38198531960929,-27.927426015135005,28.164256303198094
2026-08-18 09:52:29.140800,S003,humidity,72.8037148317884,-31.9408468626517,18.723057184459602
2026-09-04 05:52:29.140800,S005,ph,6.6890142817948,-25.394531449870648,21.517913483593603
2026-11-02 03:52:29.140800,S003,soil_moisture,0.4949530605260997,-33.561065433071114,31.67746848463383
2025-10-13 00:52:29.140800,S001,soil_moisture,0.3756265533967826,-27.04178980111622,22.216953480431545
2025-12-31 16:52:29.140800,S002,ec,1.4226839452787876,-26.998426453853064,25.339565773053266
2025-10-18 17:52:29.140800,S005,temperature,11.428526591559061,-33.03382967642321,29.254681541364896
2026-06-15 02:52:29.140800,S005,humidity,93.97900492427647,-33.801718400524045,31.90867764871431
2025-10-10 06:52:29.140800,S003,humidity,83.86030253886038,-31.962756520148258,27.6460841269564
2026-09-12 10:52:29.140800,S002,temperature,26.192468904635035,-27.73929190593752,31.185504255438644
2026-08-19 14:52:29.140800,S002,ec,-0.4418693073362372,-24.23207408542047,23.733668060096527
2026-09-20 10:52:29.140800,S002,ec,0.8206327152660217,-27.760939164541554,22.869942029774194
2026-03-30 10:52:29.140800,S003,ec,1.684469853080376,-27.23788535947329,20.81620376651266
2026-07-21 08:52:29.140800,S004,soil_moisture,0.49427773536726294,-29.793272482485786,28.173672153426843
2025-10-23 22:52:29.140800,S004,ph,6.046924294706344,-24.643030371311667,24.516110627310823
2026-04-09 15:52:29.140800,S002,humidity,106.03123683192841,-27.427393295744757,26.978881372700997
2026-06-12 01:52:29.140800,S004,ec,1.4811625064539973,-24.690571424859687,20.656355281479268
2026-10-02 11:52:29.140800,S001,humidity,75.6120062959503,-27.494203625629126,21.464448246938293
2025-10-25 14:52:29.140800,S003,humidity,80.77394586386124,-33.680572037504966,23.33616629032001
2025-11-26 06:52:29.140800,S001,ec,2.2273439222981026,-33.654511140603255,30.7569283829568
2026-11-15 16:52:29.140800,S001,temperature,28.123954861686492,-28.157271083135164,29.33892357964622
2026-08-22 15:52:29.140800,S005,ec,1.5800477055418187,-26.596276441745946,24.496912089852334
2026-08-24 16:52:29.140800,S001,humidity,50.845763090626306,-24.751977628531506,18.212901035035888
2026-03-25 20:52:29.140800,S005,soil_moisture,0.5824378651821879,-31.936275898742476,24.65388376597008
2026-02-28 23:52:29.140800,S002,soil_moisture,0.4441447808254098,-25.23908975257647,25.26310220090182
2026-09-30 15:52:29.140800,S002,ec,1.3794110697315367,-29.036762509140125,28.225517338208924
2026-03-23 18:52:29.140800,S005,ph,6.632637026079547,-27.948461099771883,18.36984062473691
2026-05-31 21:52:29.140800,S003,soil_moisture,0.5765312308706771,-32.31824461699238,24.952795300169257
2026-08-19 04:52:29.140800,S001,soil_moisture,0.5985633079069346,-27.450800150719562,20.45353280421274
2026-02-13 14:52:29.140800,S002,temperature,24.76320957544583,-33.63807805251308,18.732872456741728
2026-01-05 10:52:29.140800,S003,ec,1.5340568953008176,-24.777026443071517,21.35982399955003
2026-09-07 00:52:29.140800,S003,soil_moisture,0.396858893015813,-30.702808953478176,27.729650772162152
2026-10-06 21:52:29.140800,S001,ec,1.7668449373406612,-25.471180735981704,24.715348806934802
2026-11-02 16:52:29.140800,S001,ec,2.4664700057956734,-32.27660433131944,23.01135374994586
2026-09-07 08:52:29.140800,S002,temperature,26.27487854686255,-26.342270164384246,27.134201484290962
2025-10-24 08:52:29.140800,S001,soil_moisture,0.765190728865294,-29.948359031978946,21.11181927939103
2026-08-04 04:52:29.140800,S004,ec,1.2613529610399978,-31.46434683530669,21.051527446985958
2026-04-14 09:52:29.140800,S002,humidity,54.315793247483,-33.76983205563655,22.852640856307715
2026-08-12 03:52:29.140800,S001,ec,1.163945942095847,-27.61119599654268,18.56619877725997
2026-07-10 02:52:29.140800,S005,temperature,17.264603303057136,-32.86363909963385,18.391000224479196
2026-07-18 04:52:29.140800,S004,ec,1.8821196977484516,-28.984831558349846,21.570836048373202
2025-11-04 11:52:29.140800,S002,ph,6.555113068570853,-28.269290421141882,21.674401481669204
2026-08-27 00:52:29.140800,S003,ec,2.024081126852676,-32.696410429687155,24.445015883599986
2025-11-20 11:52:29.140800,S005,temperature,19.828701210781702,-29.621105781098485,22.561120019760914
2026-07-09 16:52:29.140800,S001,humidity,49.71897262595367,-25.945665592462497,31.669908737551744
2026-04-26 01:52:29.140800,S005,ph,12.241989097207925,-25.417402072191173,23.456839815291175
2026-06-19 05:52:29.140800,S003,ec,-16.419570779680573,-29.87474031936158,31.360236906341854
2026-07-17 04:52:29.140800,S004,humidity,72.28550338157201,-30.48614700315848,18.553399698590244
2025-10-31 08:52:29.140800,S005,temperature,22.673939910607483,-26.547016209701102,31.381568763123873
2026-08-06 12:52:29.140800,S002,ph,6.24739778958575,-33.116706840304964,23.05244574769737
2025-11-12 18:52:29.140800,S002,temperature,22.424780353340783,-33.39785582641571,25.083464477523812
2026-01-18 23:52:29.140800,S001,humidity,82.49020344670305,-31.132445398702828,20.63729464960261
2026-06-30 16:52:29.140800,S003,ec,0.7715473419395052,-26.425795675889102,30.89337744121709
2026-06-16 15:52:29.140800,S004,ph,7.075515716016811,-30.886766491520035,31.166754718381554
2026-08-22 08:52:29.140800,S004,humidity,61.66573634357938,-33.92910284636626,30.795357208322322
2026-05-25 01:52:29.140800,S003,soil_moisture,0.7102562782246252,-33.31974983592539,20.051666074991967
2025-11-04 12:52:29.140800,S001,ph,6.435002361625412,-33.746161890651415,31.119006949534402
2026-09-28 04:52:29.140800,S003,soil_moisture,15.07548794517859,-29.03155811402917,21.648043580453745
2026-06-16 19:52:29.140800,S001,temperature,25.271387119081222,-30.403666296830664,23.13734809332554
2026-06-16 07:52:29.140800,S005,humidity,28.256893370208857,-25.487601824497624,23.95125790760408
2025-10-09 05:52:29.140800,S001,ph,6.209649866100035,-30.65183157055265,20.928448462056227
2026-09-23 12:52:29.140800,S001,ec,0.2618246807995581,-33.77835164568889,22.508298044510664
2026-02-05 08:52:29.140800,S002,ec,0.6657576749636965,-33.136446539932784,30.658355380993182
2026-08-24 19:52:29.140800,S005,ec,1.921395567068278,-24.3969303951054,18.152308991671404
2026-07-02 06:52:29.140800,S003,humidity,46.00128735986048,-33.61425912695856,29.188568728314614
2026-08-07 17:52:29.140800,S005,ph,6.440337647113252,-32.312012771146065,25.296886014411346
2026-08-12 22:52:29.140800,S002,temperature,14.071245925679738,-27.053939804808895,26.99363099550281
2026-09-21 07:52:29.140800,S002,ec,1.3422241464706868,-32.22696139343979,20.337032822086524
2026-01-06 13:52:29.140800,S003,soil_moisture,0.508849489841706,-28.762364053932195,21.271694683688622
2026-06-30 15:52:29.140800,S003,temperature,24.635046863208487,-28.832557171439078,25.79530905264222
2026-01-07 02:52:29.140800,S005,temperature,33.7649917336334,-27.69188642634189,25.04688283127694
2026-06-18 11:52:29.140800,S004,ph,6.316337371752045,-24.106349290926758,20.75302440090656
2026-02-13 03:52:29.140800,S004,temperature,33.40152514015924,-27.503661493759935,29.752450889308285
2026-01-29 05:52:29.140800,S001,soil_moisture,0.576827174945948,-27.10141912272767,24.445809441494394
2026-10-20 03:52:29.140800,S004,soil_moisture,0.4795748146156769,-29.95310706146317,24.709408389789246
2026-10-03 08:52:29.140800,S004,ph,6.881653537159465,-31.75683850066028,18.411206522473588
2026-01-01 00:52:29.140800,S005,temperature,35.80095902147752,-27.697033024692452,22.22580933175138
2026-06-01 15:52:29.140800,S005,ec,1.37869277122116,-29.119125968301205,23.80459981487877
2026-09-22 18:52:29.140800,S004,humidity,77.895063808677,-24.129277234752266,25.76698585506471
2026-03-02 00:52:29.140800,S001,temperature,12.40346331525339,-29.341092047458833,27.269540684323726
2026-03-29 06:52:29.140800,S003,soil_moisture,0.5112806758416686,-25.60448578236914,23.11621923167502
2026-09-10 13:52:29.140800,S003,ec,1.5272705298488374,-29.123377114936375,20.91077163934797
2025-11-09 14:52:29.140800,S005,ec,1.2561481839042599,-28.061540197294924,18.043518437076695
2025-10-28 03:52:29.140800,S002,soil_moisture,0.5902229796405373,-27.496897933236866,26.54877654398652
2025-10-16 03:52:29.140800,S003,ec,1.890040719141324,-30.070046823873884,25.271447341770802
2026-02-16 15:52:29.140800,S001,ec,0.9519253575865653,-31.011498399943918,19.066502598538726
2026-09-08 17:52:29.140800,S004,ec,1.507203688057218,-28.857127202210005,18.305140417918363
2026-01-26 07:52:29.140800,S002,ec,1.5841859320132634,-31.148395881249265,30.24034383994494
2026-10-10 18:52:29.140800,S001,temperature,14.709905247808825,-24.305733013719042,30.53388625287286
2026-09-09 11:52:29.140800,S005,humidity,68.17980615832307,-31.433980686457915,31.848455453037207
2026-10-15 13:52:29.140800,S001,ph,10.537257148087942,-24.169549192565427,28.16561462859928
2026-09-26 11:52:29.140800,S004,ph,6.280585575545696,-26.049448571724945,28.93371429287589
2026-02-24 05:52:29.140800,S001,ec,1.0384008231921453,-28.976296578850786,19.69374565373142
2026-07-26 00:52:29.140800,S001,soil_moisture,0.7505052863146078,-26.439605819163177,25.93191757084137
2026-10-24 05:52:29.140800,S003,soil_moisture,0.47030455134415283,-33.069334967469366,22.72595009236622
2025-11-02 05:52:29.140800,S005,ph,6.602596627189647,-26.34710017986873,31.135010984629133
2025-10-27 06:52:29.140800,S003,soil_moisture,0.3426857822351026,-26.0708500798324,20.975006859015824
2026-04-08 02:52:29.140800,S003,humidity,74.14117999373077,-28.704301614456462,29.315661423463638
2025-12-11 21:52:29.140800,S002,ph,6.493418542090643,-28.847578116106998,26.57069466073277
2026-03-01 15:52:29.140800,S004,soil_moisture,0.8495299097598934,-33.11554502824018,19.594632394510413
2026-02-01 14:52:29.140800,S002,temperature,31.59121417125669,-33.7755937706779,20.752494813555792
2025-11-07 21:52:29.140800,S005,soil_moisture,0.3912668224859219,-26.14281809861713,30.829833790095478
2026-08-13 07:52:29.140800,S003,ec,1.076632811822118,-31.66820145256121,18.546603242490015
2026-01-28 14:52:29.140800,S003,temperature,20.570995339698893,-25.97057509155917,21.440838068769548
2026-07-22 19:52:29.140800,S005,soil_moisture,-3.208532576318986,-27.658086974156696,18.14995947234785
2025-12-11 17:52:29.140800,S002,soil_moisture,0.35588776818179624,-25.01124259340146,31.51045758458328
2025-12-01 23:52:29.140800,S005,soil_moisture,0.6161355185562827,-32.78810172028735,30.572340517385904
2026-06-25 14:52:29.140800,S002,humidity,55.93128586580309,-27.06443154842236,19.971832075210166
2025-10-04 16:52:29.140800,S003,humidity,83.5898331323525,-24.07056581805687,26.963822374145323
2026-01-17 15:52:29.140800,S004,ph,6.422235280762485,-31.83175093872644,31.112867293258223
2026-03-07 08:52:29.140800,S001,ec,1.139843125372293,-28.07754908113475,30.403921048554878
2026-02-14 14:52:29.140800,S001,temperature,22.256669748766086,-26.06854635288805,24.111637301668942
2026-05-26 17:52:29.140800,S003,temperature,38.503799363744456,-26.491314519464716,31.03604716029548
2025-10-09 01:52:29.140800,S002,ph,5.92008452698959,-32.186940737700546,24.631689258806993
2026-09-18 22:52:29.140800,S005,soil_moisture,0.7343746466618155,-29.78983758666272,18.41357573977226
2026-04-28 22:52:29.140800,S004,humidity,61.7839390081033,-28.751514340992856,29.816342132131986
2025-10-24 16:52:29.140800,S004,ec,1.739023785405136,-30.083571088848075,26.74057290556574
2026-11-13 08:52:29.140800,S001,temperature,29.066028202455303,-24.905015776781,18.51812161761087
2026-05-24 04:52:29.140800,S002,soil_moisture,0.560633048092027,-26.18945164681646,23.487723827721503
2026-02-08 10:52:29.140800,S005,soil_moisture,0.607263599964643,-24.692949403597737,27.43125106035061
2026-03-03 00:52:29.140800,S002,temperature,19.126639885431793,-24.078475549385857,29.701132792801417
2026-04-28 12:52:29.140800,S001,ec,2.0592224120945257,-31.538233750652278,24.23901767815085
2026-08-27 00:52:29.140800,S001,ec,1.1218110624242894,-30.78097663699725,28.87505970529737
2026-08-23 22:52:29.140800,S005,soil_moisture,0.41979286377086905,-30.01920520327534,19.138968563151778
2026-10-22 14:52:29.140800,S001,ec,1.3202981157554312,-25.675754666400135,31.12480884774517
2026-05-27 05:52:29.140800,S002,soil_moisture,0.4954578994953398,-33.59875677369356,24.23293374124697
2026-02-19 16:52:29.140800,S003,ec,0.9180266838843881,-24.910400835325714,21.904545469207275
2025-10-08 02:52:29.140800,S003,humidity,37.52455971308256,-31.893462082633718,19.799400182128878
2026-02-05 00:52:29.140800,S001,soil_moisture,0.5124183583589007,-27.373877639296772,31.46074194864295
2026-08-10 14:52:29.140800,S001,ph,6.042413679028332,-28.71818440186921,31.588644243675382
2026-04-17 04:52:29.140800,S003,ec,0.8437641500549328,-24.684449227410845,31.466119098548543
2026-04-05 17:52:29.140800,S005,ec,1.4345519158774906,-28.753029403829252,23.49903088620116
2025-11-01 08:52:29.140800,S004,ph,6.607784932564385,-31.792884825887644,29.878268788632003
2026-04-26 09:52:29.140800,S003,ph,6.389474688221007,-27.366237194790227,26.01449044472775
2026-06-24 04:52:29.140800,S001,soil_moisture,0.6507529855204424,-26.640347499785097,26.967112428720874
2026-08-29 18:52:29.140800,S004,soil_moisture,0.7226113382088715,-30.004508784132586,22.419465753182823
2026-04-24 14:52:29.140800,S005,humidity,72.31036078421717,-31.986368305752993,20.712460851830294
2026-08-26 18:52:29.140800,S001,humidity,53.37120790137047,-26.880213058548343,29.734820836761447
2025-10-19 13:52:29.140800,S002,ec,1.5653701582855244,-26.491509722926764,27.79899544395446
2025-12-15 12:52:29.140800,S004,humidity,57.41927638756581,-32.37994488553444,29.03173774923058
2026-11-17 06:52:29.140800,S002,soil_moisture,0.5496797847969314,-32.33930066774417,28.612403196195736
2025-10-05 23:52:29.140800,S004,temperature,27.091102370261595,-25.62572213761686,22.50526741218019
2026-07-16 02:52:29.140800,S002,humidity,69.71498536743184,-30.84866940546605,29.66905931705606
2025-12-19 19:52:29.140800,S001,ec,2.1686512159518183,-30.749722955480603,28.10890596518599
2026-11-12 19:52:29.140800,S003,temperature,22.80725043319703,-33.7358521090791,20.03239521405011
2026-05-10 16:52:29.140800,S003,soil_moisture,0.46290075989296886,-24.10865445561727,21.775946561556207
2025-11-15 22:52:29.140800,S004,soil_moisture,0.7870831045369062,-29.995946641180993,18.979142698262997
2026-05-10 03:52:29.140800,S001,humidity,46.76741151787266,-24.279307339243854,24.794813744539233
2025-12-16 00:52:29.140800,S002,soil_moisture,0.7442263794568599,-27.038542481407738,24.635445382646893
2026-11-03 06:52:29.140800,S003,ph,7.051030678745518,-24.411840023264492,28.4336600640898
2026-05-12 20:52:29.140800,S001,ph,6.900961374090718,-31.267762136951184,31.64434561462297
2025-11-13 05:52:29.140800,S003,ph,26.287701943493573,-32.26352441519809,28.28353907088917
2026-02-14 03:52:29.140800,S004,soil_moisture,0.4592021065248237,-30.065612516459588,21.59821987057781
2026-09-26 16:52:29.140800,S005,ec,1.126048632745039,-31.940911438215256,26.720846900993408
2026-10-05 07:52:29.140800,S003,ec,2.1243758922891782,-26.759786328935824,25.935791551746526
2026-05-14 14:52:29.140800,S001,temperature,22.238932768635927,-26.750934867086,26.838842870067275
2026-09-09 21:52:29.140800,S002,ph,6.666782240699891,-26.520221097023924,21.50981394875456
2026-01-06 06:52:29.140800,S002,soil_moisture,0.5601907439138747,-31.464920218865014,19.07511673826575
2025-12-29 18:52:29.140800,S003,soil_moisture,0.1680945259020562,-30.157128452333488,21.59394411879282
2026-09-06 14:52:29.140800,S001,soil_moisture,0.34649359277804415,-27.04066988632774,31.943256226773943
2026-11-06 17:52:29.140800,S005,humidity,98.95363996722972,-33.22998160008241,24.641594207532037
2026-07-11 04:52:29.140800,S003,humidity,62.75037047499375,-28.853544117845594,28.447851192329345
2026-05-22 01:52:29.140800,S004,ec,1.7923616799992481,-33.58379753936662,18.169954636967265
2026-09-19 14:52:29.140800,S002,ph,6.580134151301319,-24.873440829361346,19.575029560914057
2026-07-27 01:52:29.140800,S001,soil_moisture,6.241734577930616,-28.704801265256755,21.6274693038445
2026-11-15 08:52:29.140800,S001,ph,6.188588057200443,-26.613625814019812,27.953716528054002
2026-09-26 14:52:29.140800,S003,ph,7.1446228043269135,-33.891817943198106,28.401565138045896
2026-09-30 01:52:29.140800,S004,humidity,61.34207737745325,-29.26082972778162,20.69833543619531
2026-10-02 02:52:29.140800,S005,ph,6.516489957816784,-26.257146025896333,23.215391987388266
2025-10-25 15:52:29.140800,S004,temperature,18.483563683893582,-30.239632205621962,26.31613600539486
2025-11-06 12:52:29.140800,S002,temperature,30.43998099943807,-32.47114124755754,27.769931178152767
2025-12-24 12:52:29.140800,S005,humidity,44.81722569369599,-25.152224074032596,26.095877866577375
2025-12-15 04:52:29.140800,S004,soil_moisture,0.5719527194781349,-28.37750530250819,19.407168023621733
2026-08-14 09:52:29.140800,S001,soil_moisture,0.4994922775039356,-24.4046381842139,18.756758950592296
2026-02-09 05:52:29.140800,S002,soil_moisture,0.28035841190222055,-29.28844871164053,26.734768208301176
2026-08-02 09:52:29.140800,S004,humidity,92.84852879382457,-32.01836382180699,18.16668490125645
2026-04-13 21:52:29.140800,S001,soil_moisture,0.7199975688978747,-27.1713354978072,24.73913313688139
2026-03-28 15:52:29.140800,S001,ec,2.3029573845804303,-29.829544469787148,21.052553319001092
2026-01-22 04:52:29.140800,S004,temperature,29.077982800099512,-28.471706330822116,21.153828760407766
2026-05-17 07:52:29.140800,S005,ec,1.605429333180169,-26.53630003589324,29.392518758718673
2026-11-17 02:52:29.140800,S002,soil_moisture,0.48635754842110845,-33.60035058323764,20.810748450670484
2026-03-30 21:52:29.140800,S002,temperature,39.070801296794905,-30.910592099629064,29.512153516850177
2026-06-15 07:52:29.140800,S002,temperature,23.876093343531725,-32.63318222865084,22.926279171549083
2026-05-15 11:52:29.140800,S002,ec,1.2945305289086737,-29.073426971400362,20.852769958177063
2025-12-01 04:52:29.140800,S002,ph,6.532801936366326,-24.655059720974116,28.179888099332903
2026-05-07 13:52:29.140800,S003,ph,7.440795470096157,-27.72126311448127,29.397528870626225
2026-08-16 09:52:29.140800,S004,soil_moisture,0.2944085924237257,-30.34963492900588,19.05280767950767
2026-07-22 19:52:29.140800,S003,temperature,12.068679826135357,-31.693628930124643,21.857804529293134
2026-01-24 01:52:29.140800,S002,humidity,90.82331733890143,-24.25496940803297,20.553597219849834
2026-08-14 01:52:29.140800,S001,ph,5.965573350083978,-32.55734224125596,20.329244756572834
2026-05-15 15:52:29.140800,S002,ec,2.023467849491256,-25.515163532755434,21.954361478323925
2026-02-27 19:52:29.140800,S003,soil_moisture,0.39378967261460696,-26.471843826575686,24.314809569898948
2026-03-01 23:52:29.140800,S002,ph,6.07754952830276,-29.150270944628307,24.512554292551023
2026-11-09 23:52:29.140800,S005,ec,0.8086152837589321,-32.03185457390021,21.555819011739928
2026-01-10 07:52:29.140800,S004,ec,1.3775112121436353,-24.23054144483992,22.92901603022561
2026-11-22 20:52:29.140800,S001,temperature,9.510379221559715,-27.254768148932826,27.316517314904537
2025-10-11 13:52:29.140800,S003,soil_moisture,0.9092359369867811,-30.36869678820093,28.64639497305477
2026-02-16 17:52:29.140800,S001,ph,6.901723451867186,-29.10891912839057,18.795155513581705
2026-06-19 21:52:29.140800,S002,soil_moisture,0.5813678471210016,-24.420272405444223,26.983614512975954
2025-10-23 05:52:29.140800,S004,temperature,27.192033230369294,-33.970419403683124,23.558685899558807
2026-07-20 00:52:29.140800,S005,humidity,36.86056084509819,-25.350214829963747,19.60678013949382
2026-10-10 14:52:29.140800,S005,temperature,19.265099589603864,-31.110659723334336,20.19804679014285
2026-02-21 23:52:29.140800,S003,ec,1.1421297285129524,-28.46644247890849,22.699609011814168
2026-06-09 11:52:29.140800,S004,ec,-14.087498102561165,-32.617334104676814,22.334684965354985
2026-09-06 17:52:29.140800,S003,temperature,21.106639753955744,-30.40190027454034,30.20644531396863
2026-07-01 13:52:29.140800,S002,humidity,81.240080402829,-32.095872843899876,23.50257606960143
2026-06-22 19:52:29.140800,S004,humidity,105.09452428177502,-30.79976360534631,27.975420032231728
2025-10-16 13:52:29.140800,S003,ec,1.7836251177571822,-32.61699391422748,25.89863235331824
2026-03-14 15:52:29.140800,S002,temperature,28.954135333084096,-33.00505623869584,25.28741446558879
2026-05-11 14:52:29.140800,S002,temperature,24.303126318561127,-32.46454911235356,24.18695583383661
2026-10-15 21:52:29.140800,S005,humidity,47.14017676219437,-28.36495514943246,30.756325302768893
2026-02-25 12:52:29.140800,S003,humidity,67.455316961357,-26.07133295919583,18.198034832568865
2026-04-19 14:52:29.140800,S004,ph,6.800246705623214,-30.169907957545078,19.139909889930106
2025-12-15 19:52:29.140800,S003,temperature,22.25917002762698,-31.90725055213816,28.466538235397724
2026-06-05 12:52:29.140800,S001,temperature,41.59085743127481,-28.406585052553105,18.43723150294788
2026-07-25 19:52:29.140800,S004,ph,5.476422798294397,-32.796859552331846,18.58165040092937
2026-10-05 01:52:29.140800,S001,soil_moisture,0.18148230552743116,-28.684555311550472,28.595835144415034
2026-10-02 15:52:29.140800,S001,temperature,38.31333758326482,-29.034540850876645,23.520627307137616
2026-01-12 11:52:29.140800,S002,temperature,15.551889663761605,-25.685039126054853,29.37921514891388
2026-07-29 15:52:29.140800,S004,soil_moisture,0.42391484703873605,-30.528677996465984,25.36872491410019
2026-06-25 17:52:29.140800,S005,temperature,25.762735901552876,-28.389608500517006,25.651060156307192
2026-04-14 21:52:29.140800,S005,ph,6.633942709626348,-32.02808753606778,30.19652785342563
2026-04-22 19:52:29.140800,S002,temperature,21.242086794299443,-24.11780506651836,23.13663619873367
2026-09-10 12:52:29.140800,S004,ec,2.456721044200265,-31.9573869712605,31.790492667968138
2026-08-22 10:52:29.140800,S002,temperature,33.386439859524074,-26.92148950901794,18.28013844425274
2026-02-02 20:52:29.140800,S001,temperature,24.328457676819337,-25.879417426954486,23.183451488947597
2026-08-17 18:52:29.140800,S001,ph,6.937741488180073,-29.472006090571554,20.41845167956945
2026-02-02 05:52:29.140800,S003,humidity,109.45072868438854,-25.573080048740117,25.147683813759663
2025-12-18 01:52:29.140800,S003,ph,5.862447413197387,-27.032307340920088,25.91387726152898
2026-11-13 06:52:29.140800,S004,ec,2.3923531900592314,-30.585336430111187,30.829496642854437
2026-05-24 13:52:29.140800,S002,ec,0.6214535614925973,-25.744201491892532,21.000411258959588
2026-06-23 23:52:29.140800,S005,temperature,8.131691799082915,-27.610771925007473,20.39205928548704
2026-07-09 22:52:29.140800,S003,ec,1.5334109035774603,-28.21240518206406,23.166358091027476
2025-10-03 11:52:29.140800,S004,soil_moisture,0.3216808726544378,-28.995800895021663,20.966487005810688
2025-12-22 16:52:29.140800,S002,ph,6.826296114100036,-32.665483366593854,26.735838202032163
2026-10-21 03:52:29.140800,S002,temperature,25.826666766624946,-29.563095870470892,28.831958817407
2026-11-10 10:52:29.140800,S004,temperature,22.817314005905484,-28.75731258006513,18.49107478228033
2026-06-30 19:52:29.140800,S004,soil_moisture,0.5031946106675944,-28.57192454392677,29.95815756480292
2025-11-04 06:52:29.140800,S004,ph,7.247781551191494,-32.299278396005825,24.45938130612297
2026-06-26 17:52:29.140800,S003,ph,7.241107241392412,-28.684115049795263,24.15992201706232
2026-03-27 06:52:29.140800,S003,ec,1.3890807933081528,-27.119253183933473,25.580151095482485
2026-06-14 10:52:29.140800,S001,ec,1.0005928313189973,-26.53707131724398,27.579005925210147
2026-08-25 19:52:29.140800,S003,soil_moisture,0.550911153619305,-32.08696881719333,29.52657477775189
2026-04-08 02:52:29.140800,S001,ph,6.3315447274606385,-28.63198473943281,30.219370990371836
2026-04-16 00:52:29.140800,S005,humidity,57.62228996345091,-29.24040658357866,31.700091642204786
2025-10-17 19:52:29.140800,S001,temperature,30.083338112900865,-32.495121431707304,23.642142593115636
2025-11-06 04:52:29.140800,S001,temperature,17.935838174113343,-33.31959386613348,19.843479965262436
2026-07-10 10:52:29.140800,S004,ec,1.6453349772211008,-33.340591969515366,26.17813978843157
2026-05-12 12:52:29.140800,S001,humidity,98.96001218351036,-25.657875984260315,31.75257722353623
2026-10-12 16:52:29.140800,S003,temperature,9.291059148193417,-33.28167349067173,19.988149395847245
2026-05-23 03:52:29.140800,S004,temperature,37.66683338877627,-24.16004292125961,19.45956915891763
2026-04-22 04:52:29.140800,S003,ec,1.1648288843695855,-29.610655767678146,22.003186613335338
2025-12-29 12:52:29.140800,S004,ec,-2.670151061454793,-26.77663737843904,28.99610137003489
2026-09-20 00:52:29.140800,S004,ec,1.0018720618432546,-29.819987608304153,23.079089925211832
2026-02-03 22:52:29.140800,S003,ph,6.295795433000395,-30.520198648235034,27.140872604418426
2025-11-27 20:52:29.140800,S002,humidity,51.98656210762353,-31.82917670539046,30.94614379247426
2026-04-29 18:52:29.140800,S005,soil_moisture,0.27230521806983465,-25.80015630026459,19.324049903816224
2026-09-03 02:52:29.140800,S002,ph,6.5996075665502385,-33.860363038496594,21.556926257355258
2025-11-08 19:52:29.140800,S004,ph,6.808832301440311,-27.002911575437253,23.99071806174388
2026-09-04 03:52:29.140800,S002,ec,1.276129923460399,-30.52983659666651,18.635065691533104
2026-08-02 19:52:29.140800,S002,temperature,17.689537994411282,-31.163602866647402,30.90788633469206
2026-05-26 06:52:29.140800,S005,ph,7.069936758917191,-29.167256509281504,28.102590367513614
2026-06-28 19:52:29.140800,S001,humidity,78.65979086316923,-27.451443848944738,19.892094619068025
2026-08-11 16:52:29.140800,S002,ec,5.624609322572127,-29.68157544835081,26.13217394917323
2026-02-11 16:52:29.140800,S003,temperature,37.804293752677886,-25.318285990848437,25.571949605929017
2025-10-25 08:52:29.140800,S005,humidity,69.35815917799142,-29.53491171464286,26.241514144486594
2026-01-24 20:52:29.140800,S005,ec,2.0203814768994546,-32.73694989365613,22.508429458993565
2026-01-07 07:52:29.140800,S004,soil_moisture,0.5352611968537723,-31.703204571301544,22.641314196927024
2025-10-23 13:52:29.140800,S003,temperature,32.63734811395673,-27.912737512444885,31.156463102358316
2025-10-20 13:52:29.140800,S003,ph,5.848087806601273,-26.705167487656976,29.864197864568347
2026-05-13 09:52:29.140800,S003,humidity,77.44583437456635,-26.43769688830614,21.621575968172777
2026-10-18 01:52:29.140800,S003,humidity,60.72180461270807,-27.871187858760923,24.370960613699694
2026-11-03 05:52:29.140800,S004,ph,6.629289710250024,-26.207026610640412,18.081165403324906
2025-11-18 00:52:29.140800,S003,ph,6.246817236607104,-33.65922568952619,26.128663340035764
2026-01-18 00:52:29.140800,S003,soil_moisture,0.43847313459636,-32.01890106349699,30.386948528506615
2026-10-26 13:52:29.140800,S002,humidity,36.017760274177554,-33.96250531926597,30.7176755345329
2026-03-30 14:52:29.140800,S003,soil_moisture,0.4769109952046679,-28.93153313089662,26.461194820939596
2026-11-05 05:52:29.140800,S005,soil_moisture,0.46549380405721863,-25.261490856322194,29.89887718262436
2026-03-12 01:52:29.140800,S001,soil_moisture,0.44114709821569137,-29.010686696527454,23.93693552830796
2026-04-09 10:52:29.140800,S003,soil_moisture,0.5166039278195362,-32.704297984381455,27.29197059670409
2026-04-16 14:52:29.140800,S004,soil_moisture,0.41720119991418725,-26.65987580062339,19.333990802288437
2026-06-22 02:52:29.140800,S003,ec,0.8818949787788126,-32.030374707893046,25.313897089096127
2026-03-17 10:52:29.140800,S005,ph,6.1872487416650115,-27.96308929966473,18.94429522667476
2026-02-16 19:52:29.140800,S002,ph,6.981258611826305,-27.238903097939687,22.27176922927157
2026-01-27 08:52:29.140800,S001,temperature,9.396667387186238,-32.12497279393425,18.559737215649132
2026-04-20 20:52:29.140800,S003,temperature,17.082296509779205,-33.030745436048356,31.867118852860706
2026-09-07 16:52:29.140800,S005,soil_moisture,0.6803255924161165,-26.018944872321125,30.863008709548055
2026-02-18 06:52:29.140800,S001,ph,6.482031562122015,-32.94912121701739,24.169674203303956
2025-11-21 04:52:29.140800,S002,humidity,45.289220088935785,-25.034408601939617,22.63362995173624
2025-10-20 16:52:29.140800,S005,ph,6.287515501952842,-29.62693602837427,24.184555985702538
2026-10-06 08:52:29.140800,S002,ec,1.6322892552414563,-28.1117249406545,21.42110651713898
2025-11-28 23:52:29.140800,S003,humidity,67.16572431650404,-25.996847729053442,18.92643982713359
2026-07-31 13:52:29.140800,S002,ec,1.9892999717544262,-25.41131875726922,26.7627018075909
2025-10-07 17:52:29.140800,S005,ec,1.269976874189235,-33.49426168476622,31.963522413276067
2026-05-12 03:52:29.140800,S003,ec,-10.385426009421137,-30.442034012826614,29.448304143781957
2026-03-11 01:52:29.140800,S004,ph,6.95505014831856,-28.258847546264104,24.20064433682635
2026-11-22 00:52:29.140800,S003,ph,7.016599013608799,-33.95938756569153,26.73922660285003
2026-07-24 21:52:29.140800,S003,humidity,50.302360692121674,-32.272166971341875,24.511379339597298
2026-08-03 18:52:29.140800,S005,humidity,28.621796480600892,-31.02447031982556,30.130801604430957
2026-11-07 01:52:29.140800,S005,humidity,80.22537613415793,-30.863069310750095,24.412953106146574
2026-08-05 14:52:29.140800,S005,ec,1.8650074885889518,-26.48265921427122,30.957914166514374
2026-05-28 19:52:29.140800,S003,ph,5.308462017909303,-32.159438780148754,23.795999184935365
2026-10-05 22:52:29.140800,S003,ph,6.381148136677311,-24.711065396469838,18.371819631989414
2026-04-21 14:52:29.140800,S004,soil_moisture,0.49955031253185334,-30.132499737877673,29.702339186343803
2026-01-24 02:52:29.140800,S002,ec,1.8370377737876762,-26.633810540336682,21.94541749348197
2026-03-31 17:52:29.140800,S002,temperature,21.117169080195765,-29.386987408350137,31.225111005232346
2026-11-21 07:52:29.140800,S003,humidity,62.65246955281234,-28.80195756763309,19.888023808481684
2026-01-04 01:52:29.140800,S002,humidity,64.80187495030357,-32.981819768955155,21.492512848647088
2026-07-28 12:52:29.140800,S004,temperature,32.4865019344691,-29.82269291611341,18.34675703461005
2026-03-09 13:52:29.140800,S002,soil_moisture,0.3072942802653228,-24.964863750669245,30.104998232466073
2026-06-02 13:52:29.140800,S003,temperature,35.30721284089603,-29.81919599600734,21.796678271566602
2026-04-29 15:52:29.140800,S004,humidity,50.07077943297641,-28.7623436974932,27.35266235281376
2026-06-09 16:52:29.140800,S003,ec,1.5673586036076235,-29.13975340411848,30.732660186585328
2026-08-21 09:52:29.140800,S001,ph,6.313201380169859,-30.220337518305698,23.125138945853166
2026-01-19 20:52:29.140800,S002,humidity,19.829301495253226,-25.568284879557886,28.60665445157668
2025-11-15 05:52:29.140800,S004,soil_moisture,0.5903040838439921,-24.18306804041086,23.503267281620154
2026-05-21 19:52:29.140800,S005,ec,1.4844597859180484,-32.58532706986546,22.325529829297963
2025-11-17 20:52:29.140800,S003,ph,7.1052695974968545,-26.35984673430559,31.159511143635243
2026-06-16 20:52:29.140800,S001,ph,6.093333418760111,-32.95536331406974,21.53527384814254
2026-04-01 12:52:29.140800,S005,ph,5.731546377594618,-32.87886797798794,21.946275594376793
2026-10-23 08:52:29.140800,S001,humidity,69.00421861203887,-31.1959189364483,27.1506962105769
2025-10-29 07:52:29.140800,S001,humidity,89.1236224556862,-24.30707188280857,30.670062486955864
2026-05-30 23:52:29.140800,S001,ph,5.811705486306125,-30.873042774428914,28.612482334634688
2026-08-26 19:52:29.140800,S005,ec,1.2048176711857348,-27.68201796837761,30.39189563282673
2026-07-18 20:52:29.140800,S003,humidity,46.470434177697214,-25.33596339210135,28.9148075064347
2025-12-10 07:52:29.140800,S003,ph,6.862529494379733,-25.071482032009808,18.840445523576374
2026-03-07 22:52:29.140800,S004,ph,6.427238221676045,-26.010550029363458,28.92949614860192
2026-07-02 00:52:29.140800,S003,soil_moisture,0.9218789502187827,-31.244312866716072,22.442404441981274
2026-10-08 04:52:29.140800,S005,temperature,45.83122328904871,-26.11312530562254,24.647966761772565
2026-05-15 00:52:29.140800,S003,humidity,120.06980006678737,-30.062133500432346,23.75914302606542
2025-12-10 12:52:29.140800,S004,soil_moisture,0.26006889981642567,-26.189940615342515,19.390570609837027
2026-09-04 16:52:29.140800,S003,temperature,23.574750451084807,-30.66105102858266,26.66205288088237
2026-10-31 12:52:29.140800,S005,temperature,25.40733366915506,-31.51221483997505,18.6745108036572
2026-04-13 04:52:29.140800,S001,ph,6.722861404164945,-33.39903077585371,19.877866816332908
2026-07-23 15:52:29.140800,S002,ec,2.2334406961679605,-30.62887991476157,20.795621288881456
2025-12-15 17:52:29.140800,S005,ph,6.878750485916587,-27.407725934940302,28.623780526285913
2026-02-01 16:52:29.140800,S004,temperature,20.583719655669693,-26.095455335643493,30.524822349317567
2026-01-12 22:52:29.140800,S002,ph,5.803513235124583,-31.217776001801084,18.893861832762305
2026-02-09 01:52:29.140800,S003,ph,6.0432621066607775,-24.424876857199976,31.705093656304904
2026-04-26 02:52:29.140800,S005,ec,0.9747502658263749,-33.68283616542412,26.8044329850364
2026-02-20 03:52:29.140800,S004,humidity,58.75564771035286,-29.729055373198563,20.034811468106863
2026-08-11 19:52:29.140800,S005,temperature,29.375113943411403,-27.596506975244516,22.809852896108353
2026-04-27 15:52:29.140800,S002,ec,2.235735558515713,-32.310367888801515,22.45912481220374
2026-04-08 08:52:29.140800,S003,ph,6.037780089959943,-32.74685393713268,25.730414099615622
2025-12-02 18:52:29.140800,S003,temperature,5.729528151673726,-24.200817869286514,21.652927521584864
2026-05-28 19:52:29.140800,S004,ec,1.2832215539214897,-25.276336165864322,23.447984692842656
2025-10-26 05:52:29.140800,S004,soil_moisture,0.5617674423216295,-25.65536935981766,19.24447868354028
2026-11-23 04:52:29.140800,S003,soil_moisture,0.5146016814635964,-31.731193466757684,31.206286999037438
2026-03-29 02:52:29.140800,S004,soil_moisture,0.36236198305297695,-33.92471848934711,24.231138555820625
2026-11-09 23:52:29.140800,S001,ph,7.0124198038471235,-33.64991554216316,31.714425169380515
2025-11-05 17:52:29.140800,S004,humidity,64.35360633806883,-31.33444200773277,27.94439772972182
2025-11-20 08:52:29.140800,S001,ec,1.4201746897938867,-24.012904217046668,22.619108563930048
2025-10-29 17:52:29.140800,S002,temperature,38.942889099973975,-29.166877407068995,21.39887324716979
2026-08-31 14:52:29.140800,S005,soil_moisture,0.46681899127652854,-25.329288218363622,23.714675610237727
2025-11-21 00:52:29.140800,S002,humidity,88.176633973519,-26.33733911295026,20.01119327159895
2026-08-30 04:52:29.140800,S001,temperature,17.197593457372832,-29.177996769447983,18.90123201129844
2026-04-29 07:52:29.140800,S005,temperature,30.421062450935292,-26.73531443935849,24.77237052292886
2026-02-21 22:52:29.140800,S005,ph,6.5953732656583135,-24.074794512385214,25.79756182389198
2026-01-10 04:52:29.140800,S003,temperature,29.565675683976004,-24.24910973544458,27.22545789967316
2026-05-10 03:52:29.140800,S005,ph,5.394287948139508,-27.13214182668277,30.842276669122402
2026-08-08 01:52:29.140800,S005,soil_moisture,0.4161410529192413,-28.61072609893695,22.85960059113036
2026-06-16 07:52:29.140800,S001,soil_moisture,0.569727069932034,-26.768192910264442,25.331081639498933
2026-02-18 18:52:29.140800,S001,temperature,23.390261749935046,-32.563624193980125,27.95451475620267
2026-09-03 06:52:29.140800,S002,soil_moisture,0.6178682986345274,-28.037015483058774,31.282110270617807
2026-02-15 13:52:29.140800,S003,ec,1.5370372368767047,-29.80097392657454,27.425771395638282
2026-08-16 03:52:29.140800,S001,soil_moisture,0.3416700007069654,-28.194922963133596,19.169146976090815
2026-02-22 21:52:29.140800,S005,temperature,26.15096462855611,-24.548643580514497,26.859752307352476
2026-07-30 17:52:29.140800,S001,ph,6.714834445223473,-31.902680582714858,29.477642248091346
2025-12-13 14:52:29.140800,S003,temperature,32.99564126804037,-25.767508487270447,25.24263469157454
2026-09-20 11:52:29.140800,S002,humidity,93.28024830144993,-31.39391917493782,23.664898389810247
2025-10-25 17:52:29.140800,S002,humidity,91.3531577723136,-31.81379058124187,24.363471242434215
2026-10-23 00:52:29.140800,S003,temperature,16.962122317453282,-29.759892616901112,26.983143321510386
2025-10-06 11:52:29.140800,S004,temperature,31.069953006030573,-29.14395438636933,25.74431276267671
2026-09-28 06:52:29.140800,S005,temperature,32.48643802542672,-28.241282110549008,31.81777783268799
2026-03-15 15:52:29.140800,S001,ph,6.4702676775664125,-30.325360734654783,23.08110091506874
2026-09-04 23:52:29.140800,S005,temperature,1.009212682492013,-33.49665117300315,21.60616780562445
2026-09-01 23:52:29.140800,S004,temperature,30.74805558134127,-31.911070724354374,24.41884676480175
2026-05-17 20:52:29.140800,S004,humidity,107.29116344407126,-24.90953064979189,23.131198635544898
2025-12-20 07:52:29.140800,S002,humidity,84.41311764714781,-25.977479320762967,22.939606352528635
2026-05-15 22:52:29.140800,S001,ph,5.921226007268901,-31.830942528053647,19.87873201845248
2026-02-16 07:52:29.140800,S004,ec,1.0104570955454757,-29.165231311747696,20.916473703669986
2025-12-01 12:52:29.140800,S004,soil_moisture,0.5915108375190222,-33.286525825200876,18.98422225605377
2026-03-03 22:52:29.140800,S005,humidity,74.13286123470198,-30.98920982193516,18.957075734489848
2026-09-15 10:52:29.140800,S001,soil_moisture,0.7071833485821366,-33.37816706599357,24.192859060938
2026-04-15 15:52:29.140800,S001,ec,1.5924737618936269,-30.65481505833104,27.130697325072717
2026-11-16 17:52:29.140800,S002,humidity,87.68167532385849,-32.090464831607115,30.42206392144828
2026-09-13 23:52:29.140800,S003,humidity,57.39060977056529,-29.7165209116096,23.41692814690278
2026-06-13 10:52:29.140800,S001,soil_moisture,0.5771597193052725,-24.98216428749445,24.370720400075836
2026-01-14 02:52:29.140800,S002,temperature,26.56835297881479,-24.932734549577432,31.914435922627682
2025-12-14 23:52:29.140800,S005,ec,1.4021802737170743,-27.07685084730567,18.961988426354164
2026-05-01 04:52:29.140800,S001,humidity,55.00006683861564,-25.67212231197712,29.631512333547633
2026-05-13 18:52:29.140800,S005,soil_moisture,0.5560801167016634,-33.84632642973123,21.12818994482113
2026-04-03 06:52:29.140800,S002,soil_moisture,0.6391558101659046,-26.469694341035144,27.767625011453376
2025-12-28 11:52:29.140800,S005,humidity,53.6807188313106,-26.428185052388116,18.039643233345892
2025-11-08 17:52:29.140800,S003,ph,6.360011007215645,-27.21393921118584,18.164062390093324
2026-07-31 19:52:29.140800,S003,temperature,27.93445799573604,-32.55577501694091,26.517273370060742
2026-11-10 13:52:29.140800,S005,ec,1.0240075109108695,-27.277130067893296,27.359454632483015
2026-09-25 00:52:29.140800,S005,soil_moisture,0.5307168842277157,-31.97218527659634,22.71634473958091
2026-09-20 15:52:29.140800,S001,ec,0.9700226412278903,-24.049824109252164,28.7695773228522
2026-02-24 07:52:29.140800,S004,temperature,9.123972503500019,-26.307058703967012,19.40906697957597
2026-06-04 04:52:29.140800,S002,ec,1.4229427720636703,-26.784727239557174,21.983530765979147
2025-12-06 17:52:29.140800,S001,humidity,60.04118717122673,-29.766868932477017,25.83211344099322
2026-03-11 11:52:29.140800,S003,humidity,59.45876556642086,-27.41693875569006,28.85914220743601
2026-04-23 19:52:29.140800,S002,humidity,54.43259615956255,-31.188433985363616,23.52535332336692
2026-05-09 02:52:29.140800,S005,ph,-10.852695146610785,-24.231518763040192,26.903098111369104
2026-06-16 01:52:29.140800,S001,temperature,1.2442048099270515,-27.75705972445403,19.01300845790558
2026-10-11 10:52:29.140800,S003,ec,1.7575252480582664,-33.705654241841174,20.37773720748627
2026-09-06 14:52:29.140800,S002,ph,-5.610202297136453,-26.347423271266678,30.053141902042785
2026-08-18 06:52:29.140800,S004,soil_moisture,0.5197825774843865,-24.68595567435645,18.748577568904665
2026-03-07 07:52:29.140800,S005,temperature,18.407043513507844,-25.54109125458364,20.769906945796517
2026-10-13 08:52:29.140800,S004,humidity,65.15986612714883,-26.33907649135252,20.07172929080263
2026-01-28 17:52:29.140800,S005,soil_moisture,0.5124450682752988,-31.814473312965497,26.717376403501454
2026-03-04 07:52:29.140800,S004,ec,1.201624787613859,-24.73236828316269,24.30424918892931
2025-11-28 08:52:29.140800,S005,ph,5.795191064464241,-33.12202087603115,22.034979553778484
2026-03-01 21:52:29.140800,S005,ec,2.1401087115832613,-29.61353273641853,27.892572673867107
2026-06-23 00:52:29.140800,S005,ec,1.5745898120659831,-27.409645588022517,20.048084634823205
2026-11-13 12:52:29.140800,S005,ec,1.9220912210099113,-25.84865241976886,29.79411028907297
2026-08-06 14:52:29.140800,S001,soil_moisture,0.609966462254758,-28.54994369248324,18.747577203917558
2026-11-11 20:52:29.140800,S001,humidity,60.442222606538564,-28.29188905596383,21.094403701897395
2025-10-11 06:52:29.140800,S001,humidity,78.67754621687828,-30.662909257176985,30.205309985322167
2026-10-05 23:52:29.140800,S003,ec,1.5405631246220461,-24.16026488957019,24.724560593469754
2026-07-03 20:52:29.140800,S004,temperature,26.118558593444938,-27.650759098628438,19.941112115256562
2026-03-03 23:52:29.140800,S001,ec,1.8014522622227762,-25.640453671016452,28.847328824761828
2026-05-15 10:52:29.140800,S001,ph,5.665283219005281,-25.503465987797764,19.275868427698278
2025-10-30 17:52:29.140800,S003,ph,-11.25928972013503,-33.289130263411224,30.388494368977707
2026-02-25 01:52:29.140800,S005,ph,6.622652660645195,-31.775630763479445,31.694802332517433
2026-03-27 23:52:29.140800,S005,ph,6.187143903309853,-27.42761109489719,26.521121762854364
2026-02-28 05:52:29.140800,S001,temperature,15.570133359889347,-29.095850719780074,26.669677440365568
2025-12-05 06:52:29.140800,S002,ph,6.687998185204391,-31.699899048114872,21.441858486083213
2025-11-19 03:52:29.140800,S004,ec,1.3566096506932557,-31.919050573279936,25.716133071190164
2026-11-20 08:52:29.140800,S005,temperature,22.046946675326218,-33.74425905799387,20.90378224218103
2026-01-14 17:52:29.140800,S003,temperature,28.96352622619915,-27.40554222658742,29.160432309071894
2025-10-26 19:52:29.140800,S003,ec,-12.042400497704445,-24.844911847582622,26.26702531503912
2026-10-21 00:52:29.140800,S003,ph,7.202581964563212,-29.76488201082056,30.41942128684142
2026-10-11 02:52:29.140800,S003,humidity,66.07215969977338,-28.397134121215004,29.449938703675166
2026-05-28 20:52:29.140800,S002,ph,6.721114200195035,-25.09807521179568,27.631474204772847
2026-04-25 08:52:29.140800,S001,temperature,7.93065532665673,-31.112173603861336,28.72045103867024
2026-11-15 15:52:29.140800,S003,humidity,64.1601783359423,-26.025012487341076,25.51593328461741
2026-04-23 08:52:29.140800,S003,soil_moisture,0.3498831789735846,-26.60075680981286,28.843802503776047
2026-07-19 06:52:29.140800,S004,temperature,43.137655717433624,-33.13069187141144,24.088436278352862
2026-06-24 01:52:29.140800,S003,temperature,22.63273253118546,-25.83552826674888,24.30905409468331
2025-10-25 10:52:29.140800,S004,soil_moisture,0.47232501748908534,-30.355699749999644,23.092716482128083
2026-06-12 12:52:29.140800,S002,soil_moisture,0.6708338114509373,-32.020308138954846,24.56839199633208
2026-01-22 07:52:29.140800,S004,soil_moisture,0.21295956129721794,-24.530811279115316,28.323493991781557
2026-09-15 00:52:29.140800,S002,temperature,29.223325957425548,-24.741823148740018,19.768419123238402
2026-02-04 12:52:29.140800,S002,temperature,37.293324930993364,-32.7237192947584,29.224167025736925
2026-06-05 08:52:29.140800,S005,humidity,85.72258456514426,-27.301379608328958,27.45880387132793
2026-11-17 08:52:29.140800,S005,temperature,23.759832602763804,-25.285677153161785,21.09959238420551
2026-06-18 18:52:29.140800,S005,ph,7.4696892152744985,-30.498767358752136,26.84491945158734
2025-11-30 19:52:29.140800,S005,ec,2.0064900694501944,-24.868362703140395,26.051850651352208
2025-10-24 10:52:29.140800,S005,soil_moisture,0.658731675746389,-31.65218020027859,22.65138018050768
2026-07-05 23:52:29.140800,S003,humidity,106.38163005133359,-24.511246560968804,26.185098619282677
2026-10-12 09:52:29.140800,S005,soil_moisture,0.8538148763482479,-30.0336698370809,19.717366068135302
2026-06-16 04:52:29.140800,S003,ec,1.5355434402131092,-25.249684537821025,25.048118414635063
2026-04-04 12:52:29.140800,S003,ec,1.3629874958808537,-25.57971176675817,29.195484021791195
2026-09-30 21:52:29.140800,S005,soil_moisture,0.47085562089399285,-31.110159569412694,26.706448091707337
2026-06-23 10:52:29.140800,S003,humidity,42.15433667726177,-25.98491318145375,29.24627081560211
2026-02-07 19:52:29.140800,S003,soil_moisture,0.6547196570658379,-28.69775655543111,22.97822894857149
2026-08-28 10:52:29.140800,S004,temperature,17.564768112465046,-27.289580482001718,18.960848761044346
2025-11-10 10:52:29.140800,S001,temperature,29.02018937282143,-25.26134098646272,18.081843222740105
2025-12-27 11:52:29.140800,S003,temperature,30.390365488099064,-27.70862676854977,28.56403776132135
2025-12-10 19:52:29.140800,S001,ec,2.3943200016546458,-26.96029193242194,30.77919957044056
2026-08-29 15:52:29.140800,S001,humidity,75.58057503517453,-25.9866881227414,27.89391173365944
2026-05-26 18:52:29.140800,S002,soil_moisture,0.5934912371326309,-25.698798970173485,26.56092777479992
2026-02-22 13:52:29.140800,S005,ph,6.778027443350163,-33.513017060318845,21.965330370559652
2026-05-30 13:52:29.140800,S004,humidity,58.74307157982205,-26.64355639105159,20.310727140767902
2026-07-18 16:52:29.140800,S002,ph,6.733058455731329,-33.004927026620905,23.605190373564998
2026-01-24 13:52:29.140800,S001,temperature,26.54394602665152,-30.38268802665579,27.31665921462489
2026-02-14 02:52:29.140800,S002,soil_moisture,0.4694682326214837,-28.228728523542053,28.082136448627377
2026-07-28 16:52:29.140800,S001,ec,1.4306947741841305,-25.31043341480733,21.25956760070278
2026-01-19 11:52:29.140800,S005,ph,6.6384870159522364,-27.048049327777967,18.83399032505855
2025-12-21 15:52:29.140800,S004,humidity,58.41939381492613,-30.44209378862548,30.020694974893836
2026-06-06 06:52:29.140800,S001,humidity,44.32232873585351,-26.660375093480376,24.7104568422659
2026-05-27 14:52:29.140800,S001,ph,5.787038404727809,-33.77831190523682,24.962526913099282
2026-08-27 12:52:29.140800,S001,ph,6.770488374084557,-31.669395480318517,30.22815786047445
2026-03-23 17:52:29.140800,S005,soil_moisture,-13.897250799606104,-30.56866880324292,20.054814024436943
2025-10-13 18:52:29.140800,S005,temperature,3.9842584102483087,-32.156573094699006,26.34924588893098
2026-02-23 18:52:29.140800,S001,soil_moisture,0.7061153169087373,-31.990798160831574,20.478738884352342
2026-06-07 06:52:29.140800,S002,humidity,63.779800950570625,-26.92431388754747,26.321702215234506
2025-10-03 18:52:29.140800,S002,ph,6.582334054671067,-32.00530534499739,29.525488143094556
2026-07-09 16:52:29.140800,S002,temperature,18.84951298958852,-27.471330497746994,18.105262175246605
2026-07-25 05:52:29.140800,S004,soil_moisture,0.5368556889734932,-25.7599796545067,29.504437449139257
2026-09-13 01:52:29.140800,S005,ec,0.8281171132262642,-25.14671106949116,20.535651699896004
