field_id,date,temp_avg,rainfall_mm,soil_ph,soil_moisture,ndvi,growth_stage,market_price_per_unit,yield_kg_per_ha
F041,2025-11-07 10:52:30.776448,36.16970210844462,77.26495838245535,6.335032661982024,0.44572594288630074,0.27128347852964896,3,553.6100886929202,585.5631501920602
F019,2025-05-10 10:52:30.755377,9.500872074243311,52.897254427790706,6.544054693153562,0.3613436030551118,0.514820462507122,3,541.1038966656668,466.1521035484263
F007,2025-10-10 10:52:30.764854,31.575908850266835,73.7698304398557,6.931909219411904,0.24334281229512789,0.7859684433086165,2,416.43961014733793,587.9361746832981
F018,2025-12-05 10:52:30.803812,31.533344989130285,27.14985719364216,6.099220418464247,0.5927176608209133,0.3633554491024238,2,506.54260326424077,393.1961387845824
F017,2025-05-12 10:52:30.784302,19.70289070925333,44.74216994728305,5.320058630021244,0.5613732603948237,0.6591678958663431,2,542.3231464717674,492.277405902707
F017,2025-04-19 10:52:30.793167,15.665450569354913,21.05476559415511,6.301552075528001,0.49628129461573933,1.103447340130253,1,542.647032000145,474.25451609057126
F046,2025-11-17 10:52:30.790058,38.020148974327924,87.03924233459212,6.6696084237149345,0.6891168736561925,0.42483691138953183,3,507.5727738007779,608.7865539023372
F042,2026-02-04 10:52:30.763233,32.132473613414675,92.83911308003911,7.083868581508256,0.9796766677554465,0.7811768355321689,3,590.5956055273759,681.6116205542887
F041,2025-07-13 10:52:30.783162,23.507609717769157,47.959536214405574,6.933974582651421,0.6993857319539334,0.8001009670810323,1,391.89862264831993,573.2835409357011
F045,2025-10-31 10:52:30.774390,21.31990062710852,46.675497854360096,6.750554049635388,0.2880655256263909,0.6715035316078892,3,491.5211070499446,516.726760280498
F023,2025-08-30 10:52:30.803961,24.04077654552099,42.81317621314524,5.736894734357662,0.46738441138067166,0.43885441265973363,1,472.7987205625489,401.89264346512545
F005,2025-08-29 10:52:30.823176,32.2192177176609,64.69905818841781,6.505338895328651,0.4696780443146381,0.45279223866910095,2,431.6566721490392,459.38686911014725
F012,2025-08-17 10:52:30.811672,25.907564343399414,42.99462971381413,7.121155567220832,0.6893830041694415,0.3721661834843741,3,443.2524794530873,498.4903765707827
F035,2026-03-27 10:52:30.785305,31.577881403952674,92.98122064185074,5.567810395428444,0.27941470142753017,0.6118593778696099,4,414.0239065569347,638.9203908732311
F044,2025-10-28 10:52:30.764673,35.703610826132916,47.2503804637737,5.402758379525423,0.7239992122900006,0.4810159635705175,2,542.2093017341371,492.97239181664753
F018,2026-01-08 10:52:30.747121,15.119006138516566,63.4756393942496,6.739338233864406,0.2953173200784657,0.5792064647154178,3,623.2203012225448,456.20101805454976
F022,2025-06-04 10:52:30.744324,31.38133171267502,78.86441185253526,6.994052315092522,0.36105215333339147,0.43205641531550143,1,769.3489950976563,406.9238312490893
F016,2025-11-27 10:52:30.797180,30.230171998700587,59.71473614923942,6.5973045812216915,0.3458458575179304,0.39643566732440916,2,524.7819133916702,437.51529573344584
F045,2025-08-22 10:52:30.783240,21.392535817822324,61.20258405650462,5.868021560320411,0.8159520556385592,0.5239539303579726,3,509.3132357443543,498.28300983883656
F022,2025-05-24 10:52:30.805097,17.234857503190007,32.608213453748135,6.524200947167089,0.49295914807847474,0.7897340748246979,4,490.00623309570494,601.0573681390816
F018,2025-12-16 10:52:30.798010,13.254336813309324,46.72668003642387,6.343261548807536,0.6231090307039352,0.8502304804416798,2,594.0237228207525,507.3585254069831
F018,2025-07-04 10:52:30.742184,8.672110715554702,35.38077074569567,6.446002138731907,0.7743286188857833,0.7041344402318495,2,568.6365179325467,465.7698093467898
F021,2025-08-08 10:52:30.782005,27.700569559234278,41.90333073539232,6.758577605231924,0.6237820567027795,0.35610702269150324,4,491.36567328518043,535.2177217967137
F006,2026-02-26 10:52:30.816633,23.550304934687816,38.00316371377676,7.173780520299074,0.38233662174207006,0.555816888803057,2,578.2987806357669,415.28029541750794
F011,2025-07-11 10:52:30.744901,33.88031797538842,17.667323522739828,6.459795709357207,0.6506754947630482,0.5688205272550313,4,459.921636027696,663.0351595821805
F050,2026-01-18 10:52:30.809981,23.71246173999861,39.77891004764257,6.786364314893048,0.6394642322665918,0.46396313839099756,1,468.25263266286976,502.97480766164676
F028,2025-06-17 10:52:30.791910,18.930840522622834,31.71042535265353,6.842015803455054,0.5968737324798785,0.4659686777419285,3,290.29594730996274,439.36362544482415
F011,2026-01-05 10:52:30.831175,37.02305700802551,29.80380694544855,6.921248424116488,0.5873709519923671,0.6705532083755682,2,637.7466791287925,502.0760513059636
F003,2025-10-07 10:52:30.755845,28.985428575572968,63.35810510497014,7.7350217893881235,0.5500424125997904,0.7848188500538513,3,397.89174028827154,582.559044774279
F007,2025-05-27 10:52:30.784164,17.029482591663893,10.753058639198123,6.7418066857365355,0.5753714654916938,0.5901947277809602,1,469.8896488062566,343.9637580246987
F010,2025-06-21 10:52:30.750621,21.464484309764536,54.45461499702514,7.234326958660204,0.22454285831234466,0.615554571391205,1,515.6819558482827,464.108598136426
F039,2025-05-11 10:52:30.814988,24.60645718293144,12.741447074108166,6.863348187009764,0.3897101909915295,0.5272587981737936,1,558.0004342037203,429.06539481895663
F048,2025-10-22 10:52:30.799336,37.561251808523046,57.428708798071156,7.001685189771463,0.5656003173927286,0.26746398298538393,4,233.90645144010722,552.3082174212987
F027,2026-02-16 10:52:30.762274,31.189059096655065,49.246549274367126,6.709660190227078,0.2732972748304898,0.6739638871081006,1,683.9654760844036,412.9539821132766
F043,2025-10-11 10:52:30.823705,26.14035841466476,49.76825906794962,6.044456030013552,0.6733283662942546,0.6957118370657551,1,398.2317292525963,456.1163658502346
F026,2025-12-08 10:52:30.798143,9.926663690944554,9.915043338784393,7.196799501256058,0.5245221913383664,0.6635281393066519,1,632.4270721557571,444.23624171098766
F015,2025-09-03 10:52:30.742143,41.21263552935205,71.84778978194791,6.749079588074853,0.308459762519207,0.43223633977715703,3,476.120867872142,481.85948790576333
F015,2025-05-17 10:52:30.764965,27.892659948373197,78.69367590711336,6.1216494713834235,0.4057736331028756,0.6109388189757029,4,477.1472608420301,549.9650609525287
F019,2025-06-01 10:52:30.807437,33.86211738953301,80.38284433935905,6.439424845934904,0.5236370676727318,0.5380265578893163,2,402.79053653613823,518.2274502117249
F018,2025-12-14 10:52:30.766891,23.693983884621304,50.01267549791553,6.139984984418294,0.691727288135953,0.3235503623023251,2,484.9192799080169,410.9541403864069
F001,2025-09-18 10:52:30.794450,30.63733337495271,33.78086699937896,6.500629561812964,0.35561661055439575,0.661651765462731,3,445.9573171998334,548.3552742465508
F023,2025-08-06 10:52:30.808902,12.189441654601522,43.64832383400993,6.7588226967141,0.4560457048869217,0.6196852720072563,3,605.1507038246476,540.5892137906546
F017,2025-12-25 10:52:30.816787,29.360920351808616,26.623773171739657,6.659828287811681,0.4929484918423256,0.5483526426188423,2,363.6383243152919,426.6820711432041
F013,2025-10-26 10:52:30.770042,41.505006532488785,62.96977251932775,7.178164952191876,0.4122091660154448,0.5230221218518678,3,621.8118245372771,549.3398745738757
F003,2026-02-26 10:52:30.766635,27.284244801911342,55.82797772874944,6.466609291568403,0.2805283594575111,0.6727497828023594,2,478.1246463779404,541.5457923971385
F049,2025-10-19 10:52:30.788555,33.74153857729345,80.46707911472218,6.383715621287707,0.48005544533475275,0.8597988640833971,4,498.16607452013113,606.8505777878804
F028,2025-12-30 10:52:30.804051,32.50812728117992,54.54713284107365,6.6114656820352335,0.5600231441319864,0.7080820462409412,2,244.435260007016,492.521798249979
F047,2026-01-30 10:52:30.741897,20.542070722564493,77.28811350530904,6.6567456276134065,0.6769498448354165,0.684786638028064,4,471.8884501766356,590.7464390264944
F022,2026-02-16 10:52:30.771637,15.33137574104207,87.76906191237816,5.9798848778002744,0.9584664191449653,0.7423090735801547,4,607.6900132860568,659.8232359710321
F021,2025-12-19 10:52:30.779483,28.018668850605913,30.448694938988584,6.437677198635915,0.40558520002343723,0.2652463039397595,2,538.0966082182996,433.84290125322354
F013,2025-12-02 10:52:30.763533,36.78274562997658,17.68414442509343,6.6820777843699055,0.46491600871306515,0.569241353036368,4,567.8924611778245,584.1756346008806
F006,2025-04-21 10:52:30.803580,35.823795104057176,0.7423985380886648,7.127165477835813,0.4107930196113948,1.01581011494135,1,388.063050489143,492.0588183086108
F005,2025-10-05 10:52:30.816619,20.631402260239902,19.492886881137615,6.844980964655483,0.3138403783056897,0.4813251873235166,4,544.5086719930101,528.7612706901259
F007,2025-07-02 10:52:30.755899,17.001481183927904,36.04443925196854,7.02773151146992,0.24422061673686585,0.44800771404126394,3,412.6098257475562,452.9624734718256
F045,2025-09-24 10:52:30.790044,18.064740302970556,50.82889271591512,6.124935283323555,0.4633973978606358,0.6927758745591974,2,411.10334150049067,545.9402517617499
F038,2025-05-15 10:52:30.753280,23.577497571545724,66.98451032163644,6.862488568958262,0.3759656398719937,0.5233229895186767,4,355.3880882040076,631.95560824062
F023,2025-08-11 10:52:30.794025,15.783941197588005,82.84056176949832,5.659944629576885,0.7132191120994259,0.6476504055491313,4,547.9669492165965,544.0165951047335
F043,2025-07-03 10:52:30.756397,31.829951003245,71.22544142891067,6.43381273553031,0.5794389824239429,0.6699825810390705,1,502.1032163999405,457.60875970455317
F003,2025-08-16 10:52:30.794478,15.123703227259691,87.8048987824709,5.857223552629911,0.4896895766920914,0.5957896252045572,2,408.8979368135973,413.5370172041128
F019,2025-08-14 10:52:30.747841,19.3755628153105,32.95628896273105,5.956945769810387,0.4001319081706302,0.6273708855467112,1,671.2138543492348,372.36872024407404
F017,2026-02-23 10:52:30.747107,27.866029779549738,44.481665782286676,6.460802813214137,0.5418767771404983,0.3624094228313817,1,635.5159771033788,498.3436043889162
F017,2026-03-10 10:52:30.799616,28.10560130728923,73.01530974388199,6.145726187086626,0.28096260052361144,0.4067657610136353,4,455.9113051896585,606.89324025461
F037,2025-05-25 10:52:30.770377,24.552239361154975,48.13874346914098,6.167499461674128,0.6752085883752905,0.5389496514891504,2,552.7709080344559,492.0714141995974
F037,2025-07-24 10:52:30.826443,28.274049184164994,37.82267784904521,6.38344149918446,0.4519229396458835,0.5270658844477694,1,522.5585290035057,384.4626654359884
F040,2025-06-09 10:52:30.741065,20.039340314663782,42.97590106081019,6.529837200816059,0.26429569094367267,0.5421760985606361,4,542.2566380368463,573.9460813282133
F032,2025-06-01 10:52:30.832164,22.962985789742767,42.38799498935333,5.670949535773241,0.7423301318400409,0.5934689702937423,3,467.9150791609395,491.55894735033223
F004,2025-06-01 10:52:30.817307,18.078359487875026,48.22983341663015,6.902726334279234,0.4223444754539852,0.6904224166715888,3,610.7636430047813,587.6815823357254
F021,2026-01-16 10:52:30.778441,39.84702355683129,25.145849617463412,6.96631497111435,0.6684904579423072,0.4666794719528522,2,505.8594528641397,467.7015810280343
F050,2025-06-08 10:52:30.757194,27.057801058967687,42.21791071781723,5.896211328915707,0.2593247979867355,0.7462492622315625,2,498.50308424273226,441.2032466231194
F048,2025-11-14 10:52:30.778011,31.150991876178733,81.25175637953484,6.365899840014047,0.3397727186117838,0.7629846905995262,4,506.15291374029886,556.212538805739
F019,2025-06-06 10:52:30.779453,24.791011323374665,33.47937369108888,5.766416520293216,0.5424263909663699,0.7195149446984411,1,455.6457549489074,453.3764587198455
F002,2025-09-13 10:52:30.775900,31.98895974441999,1.4986224578894678,5.424744321176923,0.9110446586757177,0.787091277768212,2,456.3682822793962,571.3280389544195
F014,2026-02-04 10:52:30.746360,20.759118089454653,74.39864217266353,6.733431234729101,0.4586810320508123,0.4132607486222371,3,402.43993891821117,479.4750087570002
F049,2025-11-04 10:52:30.791506,23.734395150893995,55.22122287249345,7.001260169693729,0.5527513256222496,0.527306487562965,2,247.05490535320345,456.6235375838289
F037,2025-11-13 10:52:30.811222,34.680413514669105,18.35881525953557,7.155668274469593,0.45278962359774416,0.7278323275402963,3,428.4770658523561,640.2742987390984
F004,2026-01-12 10:52:30.819618,49.753519842892146,53.69651754405017,7.2869744480427645,0.5042109348594148,0.24417348527764016,3,527.4874009317032,466.20522363469007
F045,2025-11-10 10:52:30.748209,19.40356295494953,25.981120575470218,5.574938618142842,0.3710018387322199,0.4253049767522967,1,518.9098560651568,358.878291634794
F028,2025-10-31 10:52:30.788016,17.319052624817516,44.35502089540506,6.354556695075585,0.2745276405053275,0.6547228930382473,1,536.8957581448727,277.72541381812607
F008,2025-12-16 10:52:30.768939,31.87395342275048,45.86078695038385,7.184199050501482,0.8593671699042066,0.6339398221899988,4,606.4863427231203,721.106981333084
F026,2025-07-29 10:52:30.814806,23.98282991431034,43.42755922223969,5.704117954368078,0.20469883974730763,0.570735508361047,4,461.92878663028955,498.4670025194204
F001,2025-12-13 10:52:30.746169,21.89614798450774,81.69981714420652,7.349994987933571,0.3471415012336613,0.39769450144177404,4,645.9922899425706,624.9838308543581
F008,2026-01-05 10:52:30.786347,24.066088608297456,45.290000543660554,6.894412541550734,0.43558980632846145,0.2982578524019195,1,655.2139751314312,428.1396851106065
F032,2025-08-03 10:52:30.824980,32.221907763770076,42.99217060559269,5.896812153064273,0.5968291834830183,0.4691602116160406,1,509.09099143977636,540.6186531279615
F019,2025-12-30 10:52:30.747134,34.02362103956658,11.773112847424159,6.232018231441821,0.6126955222968979,0.4988574426857659,2,600.9889966881444,504.8816275303278
F042,2025-06-25 10:52:30.779939,26.9263403723485,48.60174305016374,5.443613515532911,0.5005407742194193,0.5126285778546537,3,384.9352587985346,511.5586917516632
F040,2025-11-07 10:52:30.796581,13.100969389154015,42.08615622928854,7.771186022839496,0.36417021519988263,0.5286967416389697,4,504.09573628675764,618.0242411310242
F007,2025-12-11 10:52:30.792322,20.798927173954084,9.363688426922167,6.73367883710842,0.2553668787196246,0.7987492390366169,3,489.0709142652888,494.9615811871389
F024,2025-09-24 10:52:30.788992,24.740579661175786,69.16697541596744,6.955757598367921,0.4886554352177031,0.49610268225622284,3,529.15070687045,571.7622681464095
F046,2025-12-06 10:52:30.835124,18.897212339368007,74.16456713352046,6.401562220533144,0.6667787175770439,0.49896348456755124,1,354.25464848469534,431.06102814092804
F045,2025-12-12 10:52:30.819491,20.325024417665666,53.72930189653096,6.428081084461442,0.5144842199102618,0.5822106375404626,3,653.6321104022159,642.763965307019
F025,2025-06-14 10:52:30.757715,7.226398721469543,32.13128918920005,6.323009251865022,0.46338458383504627,0.3947415635257011,3,458.90961418126176,368.2541259088679
F026,2025-09-23 10:52:30.815508,35.32688562053909,30.650606414301652,6.651295149628211,0.5635553950105571,0.4396006577557675,3,593.333567675822,581.5862128550576
F002,2026-03-03 10:52:30.746182,47.23205888912052,35.112601892831236,5.907778109552804,0.4550460403940386,0.5338043433070139,1,656.3515740531437,418.7724554021413
F005,2026-03-10 10:52:30.820351,23.430682877835252,42.64961063270458,6.750346284509521,0.7251370687857176,0.47846456262344955,4,392.9285185985151,456.46292596286764
F004,2025-10-24 10:52:30.834310,23.98843779958943,53.89435376310794,6.468690786886491,0.5297269522503284,0.562381464232897,3,501.37102340156775,535.5966325478837
F039,2025-09-05 10:52:30.807017,28.331454200410587,55.66167558618718,6.79855323351625,0.44306410028985777,0.7181010016269789,3,668.7974874005236,591.9684965545662
F015,2026-02-11 10:52:30.817461,22.44494430690869,60.62793048605007,6.14458959410612,0.6877856985119264,0.49522819222686254,3,737.0899714069169,490.575373284028
F029,2025-09-26 10:52:30.764453,26.257706922589936,42.54381735013785,6.4174047394310385,0.5019620712339645,0.7312390033913054,1,653.66884629014,488.8028962799125
F003,2025-05-03 10:52:30.805520,15.478126380433912,43.85074771584013,7.254833594527312,0.6879463879284844,0.6852995871147826,4,545.2303809653455,630.2708545018612
F016,2025-11-16 10:52:30.764979,28.204296576284815,45.020789864684225,5.993779906351611,0.31037214703751664,0.7422179489314022,4,337.3270061105764,602.1583846070718
F024,2026-02-19 10:52:30.809618,24.41490953344417,48.870559584094494,6.971500068227257,0.33859649196500485,0.4746632333623174,1,382.6429040521436,371.5314144867367
F014,2025-04-17 10:52:30.784952,34.14183945042554,0.0,7.327192449735163,0.7768800026291387,0.3735157022234459,4,397.7141310500642,500.92075701801656
F018,2025-06-18 10:52:30.802884,33.2179745134701,50.831890877143486,5.817534177997554,0.4963701334041175,0.5358530914207167,3,575.1928516241572,409.82504508313923
F035,2026-03-03 10:52:30.796464,30.26072817040849,37.447197699471545,6.493165348761425,0.4675084982481763,0.6096783108809768,2,343.71611192290464,502.012934286372
F014,2025-05-18 10:52:30.759677,17.75300583785612,39.2631772461866,7.0663574854644144,0.2592428714312868,0.4641279772138195,2,592.169612937732,375.3665909921875
F023,2025-06-09 10:52:30.828813,12.572181052004524,37.7379291749006,6.6856908122862855,0.5325992279838201,0.4245804239901417,2,586.2528093170279,390.4965741016739
F050,2025-10-31 10:52:30.755117,23.219767048800755,53.83302228632396,6.172530823376878,0.6052616258250652,0.6628530594510755,4,438.54028609918856,621.7598398278927
F049,2025-06-03 10:52:30.809265,28.849621179884807,72.86623199442442,5.37362449955787,0.3766800349298744,0.6533689148912192,3,322.1140094736684,638.7436881178713
F010,2025-10-22 10:52:30.761028,30.42959835159232,65.75695563648802,6.472545759895144,0.3170724740862693,0.6303807167126083,2,448.9685861364299,491.2097818846569
F015,2025-07-07 10:52:30.803722,22.120085794037017,103.72519099433333,7.5118085676260895,0.5126700370129205,0.32558893225463287,2,743.7177844026401,453.7113410409951
F027,2026-03-30 10:52:30.763025,41.377827165917786,31.90625971153766,6.549009808925851,0.666648786075105,0.47923090317916933,3,395.13296596170056,530.3236244276854
F043,2025-05-30 10:52:30.741843,28.36620301548767,15.829683112311784,7.1325604101533155,0.47770664759367815,0.6210204938707001,4,707.9259274447148,577.3553539020113
F033,2025-11-26 10:52:30.823566,20.082612679070294,73.6504675943753,6.216925932856802,0.5065071794971714,0.2662047555833457,1,450.38383290669856,369.798094870836
F008,2026-03-12 10:52:30.825341,46.629802304193205,28.87301798178941,6.9232669923306736,0.7401339339688793,0.583845701510637,3,561.3496293864965,612.9567434861265
F019,2025-05-08 10:52:30.819847,31.611040650123915,54.50526276667371,6.32065609572843,0.3726513259652874,0.5871084326081851,2,375.1393726592886,403.67442968988024
F034,2025-06-02 10:52:30.786014,14.273204018454823,60.738638346650376,6.936558391381592,0.7166981354832468,1.0038009792569975,4,404.7638149760713,616.9533891899271
F025,2025-12-22 10:52:30.820631,30.550835023624302,42.27447287836428,6.642509422503001,0.4947588710863242,0.40346417287046366,1,439.25124578013157,361.4006920151498
F025,2026-03-04 10:52:30.770211,22.153551559236192,21.21373022037724,6.353785131572505,0.6537297747520869,0.6443310947239439,4,455.80556536664807,623.6792540911302
F013,2026-02-22 10:52:30.823992,34.42500956312736,55.390087638692144,7.10720199623062,0.6174707787548374,0.7541407077106614,2,400.70865684375985,557.9311914322922
F039,2025-05-16 10:52:30.760734,36.20195734799128,67.19000024297489,6.497636256227638,0.5395103303806361,0.2887116420055503,4,599.2008522266121,508.83261478253047
F006,2026-03-15 10:52:30.801905,15.034700801089466,40.31621809402787,6.318997177495004,0.5588064961580361,0.7904420748216008,3,401.7615577731715,555.1603828529583
F037,2025-06-30 10:52:30.814256,23.197758356592963,36.35653862051347,5.379966335915004,0.5053707138096161,0.5494284622781479,3,655.7031224297448,509.2468241926654
F015,2025-04-29 10:52:30.784274,24.142558557561394,15.147139527081528,5.711215306730007,0.6159333965063768,0.6781848620140641,2,433.1027155173817,412.3645397611863
F011,2025-09-13 10:52:30.823259,20.666922063189475,32.89531949948805,6.200325739722179,0.5740627997682274,0.3967915362223683,2,675.9028315301478,427.95467827725423
F044,2025-07-01 10:52:30.760097,13.641585685946252,22.888770057153017,6.495551284112746,0.36579325412551633,0.43844119003122983,3,484.6389433065625,474.1608102095805
F048,2026-03-18 10:52:30.823774,20.493251440234786,86.15817411959303,6.1940993235468085,0.616384815807998,0.3485802646604401,3,390.66557559257427,474.81488761581943
F042,2025-06-26 10:52:30.814326,17.652294979266273,52.371399216261274,6.5330519745227305,0.3383205033772768,0.4956758978141637,3,514.1997211963936,485.4705840863503
F049,2026-03-08 10:52:30.828101,25.353550482855972,44.841665287941325,5.850814198623382,0.5074320059570376,0.5054039609285182,1,658.0690168456065,373.02015460590405
F005,2025-09-27 10:52:30.794522,32.587951118044465,2.6260508358629338,6.75362376904116,0.12255934632213555,0.9662266900806262,3,508.3075151077852,487.1304494790053
F030,2026-02-28 10:52:30.782147,33.5984032947126,34.74317185206236,7.22190613840409,0.46151212732111485,0.45761609944666337,1,663.8394076980481,413.35320975646613
F027,2026-01-14 10:52:30.826294,25.900953361860655,54.31482573324031,6.822753388465937,0.49402431214005993,0.6868112235487215,4,561.3775179938292,565.9780747831653
F028,2026-03-01 10:52:30.807565,28.745841976560786,50.54476265954584,6.6617249554502065,0.3449180354562723,0.42066366263652816,4,455.8958919114158,543.1076015915986
F019,2025-12-15 10:52:30.745012,26.888678659362842,50.06486299640028,6.400769554379005,0.5118965140337515,0.5057178993078538,3,554.4376460950571,466.39359847002027
F022,2025-12-19 10:52:30.777585,28.57886626790168,36.55797206948511,6.365896042827233,0.3697297206295211,0.6525257870623716,3,425.31047060537435,444.26835291390057
F002,2025-07-04 10:52:30.757222,26.10517354206918,64.00513585284955,7.051239658569151,0.5957459480701054,0.6218711232653273,4,295.8651914306804,502.870798818114
F024,2025-09-20 10:52:30.782848,27.82111169279022,10.824415648077299,5.704612658567304,0.869872149029155,0.5563406415017065,4,500.3179780292333,609.5802870503695
F021,2025-11-06 10:52:30.809573,28.435113353419347,59.52320442341537,6.588792769101181,0.4056360781992038,0.7049903768142667,3,530.8273388033862,609.2789160055303
F026,2025-08-19 10:52:30.776943,23.917777225690827,6.887524736820573,7.258824034450462,0.8654077813643982,0.6739410500633669,3,542.9541558548949,584.920818193416
F023,2025-05-24 10:52:30.805888,31.6776436165789,63.14973068908593,6.448477611917215,0.44564102337411554,0.7018836863281669,4,681.8402969290648,627.7612673851181
F015,2025-12-13 10:52:30.808790,38.42434488220002,65.12371592703528,5.558415004982523,0.24584328106459002,0.6539779263750111,1,532.2980969226239,389.4624388735126
F039,2026-02-28 10:52:30.795200,28.838804395412033,31.229006961515974,5.897485329719296,0.5472844474993741,0.5451101022910081,2,620.8695662520728,473.0552853798771
F023,2025-04-08 10:52:30.770183,28.94835173110966,65.16638013487926,6.780898347126436,0.6005653131544441,0.8531140355941706,4,378.07009927605964,603.9618372488579
F003,2025-06-05 10:52:30.833179,40.28302687902203,37.43605976052886,7.286079961490608,0.33725991823544005,0.36982801611655014,3,411.31998398026735,660.3685035845341
F042,2026-03-12 10:52:30.741829,26.505586137781144,78.92150289793867,6.578139315491005,0.3386015593698428,0.5877739114976257,1,487.3603340764898,489.41339460490957
F026,2025-11-25 10:52:30.821374,26.38226336569796,30.87975319177444,6.760569406303481,0.5991437559028341,0.6560695399099928,1,628.2555944563903,451.70601360794757
F009,2025-08-22 10:52:30.740639,37.49208079716274,57.85004561851609,6.778172506064924,0.4054761682541248,0.5116832028021727,2,516.9836518396855,470.44567588971006
F025,2026-03-01 10:52:30.741597,15.67359982372227,62.3374303210276,6.772432076623075,0.524614625993142,0.44252494688974725,4,383.14907323829647,603.1672385607764
F014,2025-10-04 10:52:30.789609,21.293243330678653,47.55191274092637,6.877737760332961,0.47141575178828476,0.7452232627504467,1,551.7897306278642,534.6208853331574
F046,2025-05-19 10:52:30.794379,32.053166244118245,55.720402085225615,6.052830151506422,0.7525957080311572,0.5725534776990577,4,598.8413400695449,671.6429633028338
F009,2026-03-29 10:52:30.800353,15.908198853703702,49.038368714695906,5.95175063291335,0.45086418327236766,0.6208308225262394,2,398.62230829720465,453.20364544423177
F049,2025-08-04 10:52:30.764743,17.364312430048287,81.91622269599543,6.902112533108526,0.4505664475968663,0.7066813927940735,1,320.97562419892614,397.0735658681457
F011,2026-03-08 10:52:30.761042,25.933490036157398,46.69576025319075,7.086884407119271,0.40865930614092405,0.5190664553194674,3,562.4945137552519,571.9295501253915
F049,2026-03-03 10:52:30.833111,29.266317132931576,34.42244261355533,6.622459692519808,0.5146248201478205,0.6984129420807109,3,432.41845531450923,554.8849747447124
F032,2025-06-06 10:52:30.774913,20.911582121224882,46.966692048357395,5.562868834034694,0.7504658059097469,0.6649633125595413,4,464.874444300108,554.8094422790862
F036,2025-11-23 10:52:30.824312,15.648972360414891,77.78008897131755,5.482682075169104,0.5521288482043705,0.7221780531724388,4,561.5993409040718,584.5815760779847
F043,2026-02-12 10:52:30.832311,34.40245517990067,12.745217142156292,6.038653265150597,0.5588904272271003,0.3563223675545294,2,411.69208228809157,411.2533140507004
F031,2025-11-19 10:52:30.832820,26.63225190400296,62.45839540312315,6.603877187618873,0.6218203509851011,0.5834634566383924,1,487.9051333522823,477.35684316658137
F016,2026-02-06 10:52:30.780301,27.152818925586214,86.38451779010454,6.149589591094789,0.5588323186223678,0.45149646959016765,1,315.6314227754574,457.8992913003878
F015,2025-06-02 10:52:30.757401,22.044272719614078,48.135310166475314,6.034447268798475,0.6055954860752757,0.5218374500086306,4,486.44074761423036,609.1146903108946
F036,2025-12-18 10:52:30.806120,22.918535933073716,71.38224395035623,6.0245668213179755,0.35237624403299084,0.6024324354683567,3,438.85851679215637,457.5147137866701
F027,2025-10-13 10:52:30.746546,18.341377145266026,6.42331317484112,6.83932712359491,0.7051209630110746,0.5866713232049047,3,727.9501943575931,525.3881839457011
F031,2025-05-23 10:52:30.785246,20.528579633015525,41.13564672705925,6.7467839723147955,0.6241870405861272,0.6878801691163271,1,479.9515605071692,405.0213069495656
F044,2025-08-12 10:52:30.811356,19.059146012113818,39.70341252749058,6.319238580833835,0.30423506912462805,0.3474034930367584,4,420.25450979746165,495.0863892899366
F014,2025-06-08 10:52:30.808776,13.463276187865846,38.22236771282971,6.751454588373857,0.5159844392419964,0.8471354991584842,1,484.0525446035937,497.536287427345
F017,2026-02-19 10:52:30.764993,15.012287610489034,43.781445148954234,6.188242690457171,0.47606919930688274,0.25226169195617354,4,584.5074048142305,482.4330344263663
F013,2026-03-24 10:52:30.744190,31.285596924550006,84.59994989907509,7.030218772459392,0.6282289288929086,0.720106840593154,3,394.56930892838704,660.005631891058
F012,2025-11-27 10:52:30.765739,29.49729217849994,40.33009529964413,6.2051001343195304,0.4628185248983598,0.40170678878015154,2,541.3869796522691,460.73568508422795
F009,2026-01-13 10:52:30.746994,27.78074502573024,88.90085609766862,7.195224554867688,0.7529785148368848,0.37585745008023674,3,367.25219186100486,561.3450648834005
F017,2026-01-31 10:52:30.741488,16.00080195980683,11.70702077652394,7.033138671020765,0.6087392002095343,0.8955417667785301,4,433.0659344377543,648.3473597527037
F034,2025-05-10 10:52:30.776349,26.94069083661429,48.534750608501994,5.855681279433401,0.6627132023142182,0.42382017580229736,4,523.7507766688443,496.2182855206821
F050,2025-04-29 10:52:30.820281,13.801816447906894,57.00387595478205,6.4221558717956535,0.6973253407186795,0.7819796773365912,2,384.93223639710334,549.8356248943492
F033,2025-06-15 10:52:30.775630,28.648639268178385,55.44344308346094,6.003269988501728,0.46858363529092517,0.569934607331576,1,304.1028988234516,450.6053572843469
F025,2025-09-17 10:52:30.755459,20.340174843974395,36.66998535106169,7.161185296434179,0.537016992755212,0.9211652197049423,4,584.6888770217009,663.900584905817
F022,2026-01-15 10:52:30.758960,39.66552914605722,53.64059935044944,5.822167620749719,0.4106594511471203,0.6905930478778858,2,611.5228439345788,461.2379006718654
F032,2025-08-16 10:52:30.802395,26.289166661998628,69.05927510123504,6.1358915615387,0.5428495103726533,0.50207152361092,3,528.955974396311,549.2771934556904
F010,2025-05-02 10:52:30.797847,29.038687769131087,42.55043548370296,6.901146373084398,0.83230736409948,0.6382032198184501,1,688.2043696797164,512.005856394983
F020,2026-01-28 10:52:30.756780,18.24117384331426,54.533199901880174,6.260442328554382,0.3990799123875063,0.7088669156964277,2,497.48035116588215,559.3347487265161
F046,2025-09-14 10:52:30.815791,23.96181448953769,72.79831303252855,7.418078652179113,0.6269549863863431,0.6493824584921474,2,404.0277744632779,542.6698301720841
F004,2025-07-08 10:52:30.740571,16.003061165942903,53.52407552584464,6.818146009950695,0.4525825605816583,0.3909018733919497,1,540.2308162271794,368.7567963737535
F005,2025-12-26 10:52:30.825300,17.37067265094918,45.47206695029966,6.255824014869789,0.5176634212544357,0.6441248466558145,2,326.05031914712663,416.76251697138827
F045,2026-02-13 10:52:30.802572,27.793400185381678,41.35465030060469,6.601446137888193,0.49092838273329603,0.47146533640448096,3,453.1842548871736,459.06770108938434
F045,2025-04-22 10:52:30.835111,12.747240670374758,31.95487217049022,7.395986778102035,0.1751128465102234,0.6609496213297248,1,347.4247003513507,397.44831679798705
F026,2025-04-16 10:52:30.811047,24.653245116448836,31.480055242179887,6.268520177141963,0.540645107456498,0.753278205817095,3,540.5451866986691,518.0470928290284
F041,2026-03-28 10:52:30.800075,16.842656851173743,68.23804280697146,6.375628550637493,0.4997380240559038,0.6836308929777382,3,516.856491723327,560.1488064074596
F010,2025-08-22 10:52:30.831836,38.97697014460023,98.39564220061564,5.632331948525897,0.46569264904642316,0.3076154490935699,3,401.39528070560596,371.622032928266
F011,2025-08-31 10:52:30.804817,35.04371786459769,107.5589147372557,6.678095715635166,0.5070196740799754,0.6195465184424072,1,459.1249568643477,493.64689304420057
F003,2025-08-19 10:52:30.767945,19.43556807365682,85.694489869559,7.06082011021734,0.4432551409434687,0.6896916353421887,2,549.6615310418753,465.1361429419361
F015,2025-08-10 10:52:30.824741,19.192355971771143,44.96268521392146,6.577703432559425,0.6884243380464896,0.745647054556257,3,415.12246338279795,585.6540493031123
F033,2026-03-10 10:52:30.820044,21.208026767221575,70.35217010233336,6.132884084098152,0.47384974292259585,0.5955233937713815,1,514.0097155726165,366.4041352999673
F023,2025-12-29 10:52:30.773059,26.53863418364011,20.77010252933042,7.2467914517789085,0.49132218634875324,0.5165967301940091,1,491.5234043499905,393.9275125309622
F005,2025-07-11 10:52:30.787696,31.410576673179584,38.73005608663581,5.812635291499259,0.7070957749141145,0.5274564564285619,3,731.1272551625327,526.455938155686
F042,2025-04-11 10:52:30.784647,33.98295095435739,0.0,6.953312016837073,0.4994448295138027,0.805482884970909,4,471.5667087975594,632.742382711354
F002,2025-10-23 10:52:30.806431,18.84540372419808,36.06377688279693,7.174602790694808,0.45602765366555115,0.7734304700452882,4,592.0624037834157,575.9293560484781
F009,2026-02-06 10:52:30.765689,18.640321464015308,60.125036472248084,6.911102497775466,0.6467447906315721,0.5986835624999337,1,483.809448960656,369.5627631430825
F003,2026-01-05 10:52:30.741285,24.396162964656313,51.74976875480794,7.2303846635726465,0.5266415031096082,0.5714904845956853,3,262.80615406600975,543.5231221875416
F025,2025-07-11 10:52:30.798129,26.285326505739402,8.438041034318545,6.842210868227217,0.3787305795749234,0.6958392924029777,2,260.1522002303123,473.5289953202713
F025,2025-05-15 10:52:30.808227,20.426642293586372,39.10506765298944,6.773116703362232,0.7575508661839134,0.8215054301182741,3,398.35304612412426,586.8001125337973
F034,2025-12-31 10:52:30.764530,15.84083819731942,71.47859978087428,6.092607333890604,0.5712439055030591,0.8098492262764547,1,498.38764876595934,446.2693611694583
F010,2025-08-29 10:52:30.769959,37.87017206686672,65.77850076186735,5.626298178651514,0.4084300209621661,0.6143534832188181,4,467.72952665452215,612.1856864971644
F025,2025-11-24 10:52:30.832070,43.961529079513056,64.064077290709,6.349851049864201,0.5736532544079648,0.3646104740390443,3,577.3326920549646,474.61472564873105
F005,2025-08-26 10:52:30.784827,28.57719522176963,62.30471987774099,6.408513990873454,0.6474119280224812,0.3791024525282465,1,326.18947013028185,435.6199502618556
F026,2025-09-10 10:52:30.750053,22.988786386564367,48.11559840802834,5.79369603776283,0.3968289027534037,0.7165237029370114,4,524.0323697529293,605.8140934880822
F045,2025-06-23 10:52:30.825849,22.294691753164585,39.840873969961876,7.409100932733772,0.327715841378393,0.7085857198767793,1,665.585222540269,398.0396428977054
F004,2025-10-17 10:52:30.763399,34.256498210746045,61.830504992050585,5.886566516904065,0.45989122989401315,0.7080535421415254,2,408.0943814436954,618.622456713913
F004,2026-01-26 10:52:30.786985,16.856936539297607,100.92885674246529,7.301267243600826,0.4178746201149892,0.6613523174252504,2,363.58965413503165,496.4148968688813
F028,2025-04-19 10:52:30.780472,16.47279665052322,59.8421014978377,7.139632383267989,0.6300083558635753,0.487764734457548,4,443.51446107683023,647.1485136692996
F022,2026-02-08 10:52:30.803946,25.525829837345718,37.86025303529426,6.814407117104835,0.26169039257414883,0.803014955739084,4,556.2461958453491,612.3735589965636
F019,2025-05-22 10:52:30.834588,17.027642651001578,20.811637223918023,6.31904047856979,0.5969867163500687,0.7704193124475986,3,549.5284069879096,475.63377479805314
F032,2025-06-03 10:52:30.831459,30.931851590159358,70.90128754054248,6.048186870467452,0.5233791839916592,0.7410762081567532,1,476.66149331673637,476.1284151036937
F015,2025-08-04 10:52:30.776784,22.600353366895877,71.35002892054604,6.287022782421372,0.5417371741697777,0.5117595859577782,1,568.8991631425513,354.0923163752986
F002,2025-08-02 10:52:30.785573,31.976143766290868,54.80107751661267,5.714737464590568,0.43685518329767786,0.6198824849950797,3,494.7607496345993,572.944877732074
F032,2025-12-05 10:52:30.739543,16.56029978308792,62.496871564327364,5.708659954741151,0.4800691643668078,0.5444850457353173,2,493.8606848918681,524.4850719468684
F026,2025-09-28 10:52:30.759030,25.13378210798873,44.32675419471465,6.372542359933797,0.4812230417689861,0.6345017549223491,4,501.7558195771338,657.7640489221154
F038,2025-04-21 10:52:30.754187,28.348309850529354,53.86538630999268,6.924838602548094,0.46088425280157874,0.45019821664580645,2,598.4837608068304,469.2847065365946
F023,2025-10-17 10:52:30.769272,12.828938460197051,54.68064951772986,7.148273908558892,0.611012534061099,0.6092828121702184,2,509.0153535245958,468.9264658049044
F050,2025-06-03 10:52:30.786930,34.75580772248816,49.19244317647353,7.025773137045196,0.4168430035585889,0.6798763223382569,1,550.0528747989259,539.4558932102011
F050,2026-01-12 10:52:30.814438,12.834129630672145,53.917282810046196,6.240140494833552,0.6507063414494612,0.7194948556134886,4,673.3467306233499,602.3992017362174
F003,2025-07-24 10:52:30.750433,4.686500975401906,33.5674574491617,6.713433850393472,0.5795032908100237,0.6859798843266931,2,460.18176633904693,423.8741080012019
F033,2026-02-14 10:52:30.789875,29.132741246887857,66.18474175747195,6.297225177790518,0.5526912416426434,0.5142203473926903,4,386.60847837233445,557.7457096848826
F010,2025-04-10 10:52:30.744149,11.417527438002924,42.640859466663954,7.079161108815059,0.43814333901615427,0.4900650017980964,4,310.20115499740086,573.9470188646666
F013,2026-01-11 10:52:30.793884,21.906360088317484,45.68883399324043,5.443078065613536,0.4871111558088597,0.665794738991379,1,568.6825888911087,369.01221739210575
F048,2025-06-24 10:52:30.811435,30.88419318655504,58.64534171092421,6.007559920707395,0.45212914772907004,0.60778336190497,2,439.06258831423816,427.25712665614066
F004,2026-03-16 10:52:30.746925,36.360074326042636,64.67899549647919,5.410858514448701,0.4504045712110207,0.7357366084308035,4,425.464094018064,579.5088011264205
F019,2026-03-13 10:52:30.776139,19.568402645341422,49.29371917543336,6.339732164643124,0.3981397007988732,0.5035037474834747,2,570.961642837869,446.92523588750566
F045,2025-09-18 10:52:30.827270,21.84659454474107,57.70738162578282,6.7077995596855615,0.6247163431124032,0.6709657490696622,1,342.2542828942085,459.05224450550406
F012,2025-12-10 10:52:30.805676,25.786225225208536,75.24510139634508,6.831521293405289,0.553349395883325,0.25236488150408287,3,484.816809184949,482.29643770989037
F010,2025-05-15 10:52:30.795965,23.355491582851958,53.08449655985928,6.2508135514819605,0.4352083982228893,0.538150140936604,1,526.8445372213972,435.1923565090484
F043,2026-02-25 10:52:30.786832,33.61566324521771,67.69653669100143,6.545995603249482,0.4642476921516678,0.7791597661972544,1,672.4834630920616,479.90938544488046
F023,2026-02-17 10:52:30.781217,2.5698620253205178,38.93359856544591,6.665731093682772,0.33580206180763056,0.2741376151936353,1,634.4332417799793,374.93094333809114
F046,2025-11-14 10:52:30.746812,24.791570407782526,21.552623865883646,6.51985407325626,0.554896514455832,0.5271212442783442,3,557.3759481401072,467.3468312308857
F006,2025-07-19 10:52:30.761911,27.0170732854839,52.570568629191946,6.74099847256132,0.5891092875056896,0.6425372379160594,2,671.9772659191977,514.3491375068517
F026,2026-02-02 10:52:30.807537,32.169540097503514,34.1853028784393,6.973228085180134,0.40684539827926436,0.4292706639356414,2,649.8896327164762,424.1716178748872
F006,2025-09-13 10:52:30.742022,18.62851980919014,22.997084722108923,7.079052252680587,0.46294603816428503,0.4994868898235397,4,400.9205353900902,629.0075827719222
F002,2025-12-30 10:52:30.780099,20.316312509300367,49.80093634877426,6.1938961044870195,0.5095623610877252,0.47332397920533753,3,521.9095577352929,471.3206998102446
F035,2025-07-30 10:52:30.762413,32.13245947915568,84.0061457267845,7.293690915105715,0.6842641817215485,0.5062867067615856,2,597.6491313990396,563.1272043032011
F036,2025-06-09 10:52:30.757001,29.450062095560458,61.66442390908347,6.352080384570255,0.2764237505068313,0.6213457247619933,3,630.0298224140995,492.5382472300732
F004,2026-03-07 10:52:30.799424,19.78379102334916,31.818140029502224,6.6854753551011274,0.5505631063966451,0.699828030950374,1,432.3990091782486,473.2211222741588
F019,2026-02-04 10:52:30.752931,21.4915725569547,54.889649099660915,7.211183677096297,0.35622361491366794,0.3923485150076266,1,542.6774632249409,414.5098059813984
F002,2026-01-05 10:52:30.749722,30.68657833202008,48.83525730574784,6.1340997509781126,0.39350077638584025,0.40503131831728945,1,514.2929669618659,414.9879673125261
F050,2026-03-11 10:52:30.796778,27.205785255092657,78.01361165889112,7.282154847054152,0.5597280459233899,0.7317853854373415,4,412.4585602297925,664.5053266127777
F006,2025-08-05 10:52:30.744092,23.128997539290708,32.464896273067026,6.913523656537764,0.7065058242163087,0.8232903923271975,3,652.130663299447,534.5256257297839
F050,2025-08-26 10:52:30.769738,16.38924832280304,63.08643839548873,5.47338815800282,0.5793532092422199,0.37817293462034596,2,415.20038979211193,456.99644805134074
F049,2025-07-19 10:52:30.784051,15.3640363551132,61.53171174905573,6.797026061315612,0.320030739121499,1.0072819811829339,1,325.2114228099362,475.66406583276665
F015,2025-09-16 10:52:30.775378,35.99529000112605,20.727197597395996,6.394565486770372,0.30146535702586497,0.5139630516188382,4,620.2131927350313,523.7340670860463
F039,2025-10-22 10:52:30.771932,38.13812851017371,74.82807662241655,6.482525868080413,0.6983761469418899,0.5104030948890077,1,588.1573169900512,448.4514152537502
F043,2025-12-28 10:52:30.758209,17.828372289814062,68.84940871485021,6.973275236643978,0.5862325448189216,0.45337459784213197,3,513.0414860841025,544.7516229406451
F048,2026-03-26 10:52:30.815822,27.572037546170296,0.0,6.8217416316828565,0.33661103525316877,0.3630783644638637,4,552.4546035562934,517.3865737090855
F022,2026-03-01 10:52:30.789721,18.30843487896352,59.59561261507844,7.6824108308562735,0.5309779947439558,0.49884008053278084,1,429.6013473105121,413.0975168126123
F035,2025-08-16 10:52:30.763841,28.556476350102713,47.86160661827897,7.835425411469862,0.6138884404658305,0.8482023364368906,1,466.2882275903061,571.9118047141756
F012,2025-07-04 10:52:30.755967,29.116959006195664,25.33428738904236,7.143418190263381,0.3156030526916697,0.3899384490281119,3,473.16689701855336,465.37091144987073
F044,2026-01-16 10:52:30.752522,22.184485440751978,18.202031745617024,7.0171428048748,0.5015345922398546,0.7153291388614526,4,526.8269119009627,556.5629654847827
F010,2025-11-04 10:52:30.799509,13.95454957364778,65.73284199578424,6.584720664798683,0.24800483402778617,0.7106763345447239,2,343.46198416528335,473.2242348624367
F038,2025-07-04 10:52:30.771914,30.06395163630048,30.05078388659105,7.243342028200078,0.35528411379498315,0.8853698652896969,4,625.3183618658292,620.0488220225687
F028,2026-03-18 10:52:30.786624,31.2324027588695,66.493620054682,7.583198060043324,0.8831396171773368,0.5557578313865338,4,541.5182522670071,564.8587232482206
F016,2026-03-23 10:52:30.800448,33.516784763082306,43.54089917834358,5.9622731941009866,0.32699437378396,0.5543177183507363,1,547.0086120151864,307.30416618719937
F024,2025-05-05 10:52:30.828845,21.519986238539232,86.572514795737,7.6658352075613845,0.4855333756995675,0.8869725504794777,4,636.2539103252927,739.5150389504599
F049,2026-03-03 10:52:30.790100,24.328863492808562,46.85420720714044,6.676767372333088,0.3969547211174635,0.5995592931199151,1,517.1172867135967,451.28751055236154
F039,2025-08-16 10:52:30.763896,29.55810647321782,23.72915211215168,6.379334494656408,0.44927136464220346,0.508131047894277,1,344.2040106451774,467.15427028932123
F012,2025-10-30 10:52:30.742103,13.515674848157266,66.33049954651791,6.020997102897855,0.3304134535739206,0.8632743016081561,2,429.22831773381404,492.04873710303576
F041,2026-02-17 10:52:30.760762,27.121009634730736,43.849785320196204,5.534102586972968,0.5065751150704338,0.6164834965409112,4,503.2382422768686,516.8633028390815
F009,2025-10-04 10:52:30.756629,23.554536084347028,27.99225071020355,6.120494251542081,0.5004774694754405,0.6337343488681804,2,498.47130286376006,475.4288922163477
F008,2025-10-28 10:52:30.771377,17.605690139723137,71.5705547143908,6.976058415747172,0.2746957648881136,0.5632877613258215,4,596.5352978896246,664.344707817491
F008,2025-11-06 10:52:30.810796,15.617004544526685,29.38074614376974,6.528478399853669,0.47716297890322934,0.35022383244294786,4,418.5651025582035,472.970698996313
F047,2025-10-02 10:52:30.815102,19.85532612099439,56.99193302059762,6.361128487470653,0.3961361707488654,0.6896577708992635,2,521.6938347082466,527.4254837430749
F030,2026-03-10 10:52:30.749406,20.269178812651287,49.480046146302406,6.6943654339554675,0.494534457920699,0.6230825974101817,2,460.6035946851082,482.3662033633059
F023,2026-03-02 10:52:30.800543,31.284386580176488,53.33621408087264,7.457280610744675,0.5537883304334292,0.74770886792099,2,408.9669418820259,660.7391724573167
F049,2026-03-11 10:52:30.823092,31.0296171668723,76.71087138154047,6.900264944613987,0.6731758455340161,0.4926070911879022,4,532.1970354509693,708.5325800257708
F020,2025-11-14 10:52:30.782788,35.05305903124166,86.92540031816563,6.115053946593969,0.5138260251110541,0.6350480013618001,1,719.3103411950664,509.02156362500284
F007,2025-09-25 10:52:30.805591,25.663532449934962,42.67373076662032,6.533405640117562,0.5380511757189054,0.5622979804087611,3,360.2430482075205,564.3801969174909
F016,2025-12-18 10:52:30.747800,34.99743240204171,45.06674413067841,5.750169819108612,0.6040421238733622,0.7433811523394601,4,511.2596258315182,522.2975525025892
F042,2025-12-11 10:52:30.820871,28.287271390780845,54.75979141255124,6.049996466021512,0.4422789484187772,0.6445584704139082,3,480.07934209094384,564.614526935915
F050,2025-05-04 10:52:30.823106,28.273043282245393,28.319702679335094,6.446767085172343,0.14714382693234845,0.7023456534466809,2,652.7140698291122,517.9805977062572
F033,2025-04-19 10:52:30.763813,31.130351589555506,37.27483001446865,6.177131363283903,0.592311221188756,0.693389714413184,2,568.193213085946,579.3100324279427
F010,2025-10-31 10:52:30.813846,21.14887586578047,58.74813313425717,6.254699145934414,0.6120610174061085,0.4669106841749422,4,500.5030082663893,529.3853150103755
F031,2025-12-04 10:52:30.749420,27.251819455909292,51.88756773279731,6.9838659790099005,0.6266025161261595,0.429235745579048,1,519.0405025350605,387.66580610375325
F011,2026-01-04 10:52:30.831849,22.36220620788663,0.0,7.171061693040116,0.5762274025062205,0.42133228372062426,3,557.0338355446222,526.6623853884505
F031,2025-04-07 10:52:30.741680,21.682925822909766,41.76273543246828,7.298048402945852,0.7186678406900687,0.4605722290973707,4,359.6843854100075,556.5419229577433
F035,2025-06-18 10:52:30.799110,7.631007708673273,44.144944666628305,5.860486221893078,0.39898852800454065,0.4267738596118721,2,405.10151715289794,375.810713294565
F005,2025-04-29 10:52:30.775237,19.75675643016917,89.92736591856851,6.214449004150758,0.3714161226719138,0.5069258495523142,2,549.8624082541799,460.74094603296714
F032,2025-12-22 10:52:30.791268,18.147204234312465,42.87345915024115,5.987323927325566,0.7176035342200533,0.4895460239599479,2,652.2198705158888,351.187176882439
F029,2026-02-02 10:52:30.743613,19.31726530283914,71.76331090484071,7.433468380332776,0.5160010063258661,0.5727642889878981,1,434.0418775530994,364.89103777938476
F040,2025-05-07 10:52:30.743871,10.088960728316717,36.42372487897326,7.403999622497395,0.30528346754608554,0.5634925584990521,1,499.1909765938499,306.205040476818
F025,2026-02-15 10:52:30.812197,12.6649788363662,119.26921531689753,5.705831285704369,0.6174686164836901,0.6910713983799376,4,557.0278071068202,545.3045510845399
F044,2025-04-07 10:52:30.755036,22.835630895382696,52.98579002690183,7.085212524519394,0.6266127999131106,0.6186076829959852,3,541.0550119207223,483.77673963385024
F006,2026-03-23 10:52:30.780951,20.218380152327743,56.916920342837756,6.042057552894055,0.4093890622009715,0.4972270046721817,4,499.37161544493387,565.4918916130877
F032,2025-06-07 10:52:30.788072,29.56936512201476,64.8641273402277,5.883127478184388,0.2787490442501789,0.5254282282485068,1,395.3532327358808,317.99440198899725
F003,2026-03-02 10:52:30.807919,38.3234576469935,6.48958608161287,6.1618190776763475,0.3432231777897945,0.9093459180362502,2,695.5661640405491,541.3578233365762
F027,2025-04-10 10:52:30.816930,34.27679172045414,73.46826561782387,5.554798170504983,0.6442363601364087,0.7793266606455227,1,321.2405186456361,431.52693682801356
F021,2025-06-17 10:52:30.743487,22.338850979140762,39.43947560410757,6.76522134434718,0.38910452617712654,0.5821121104234586,4,506.39163304731056,589.5351940258288
F008,2025-04-11 10:52:30.811593,25.825168585713325,80.87178825070725,6.030854042157471,0.7062502496743985,0.6418801646864284,2,681.8571548743334,487.6066151358528
F015,2025-04-03 10:52:30.818168,33.8849097921853,40.72075324616174,7.318463648627941,0.4208824758993095,0.4511921920847304,3,635.8248847055422,463.2153894843999
F009,2025-07-14 10:52:30.823231,14.195524639079792,63.16561410465755,6.85067916025026,0.39763029817295786,0.7319964275062181,3,588.0548132494104,593.6279535681816
F029,2025-12-24 10:52:30.834823,26.077408084842926,55.65004051948702,6.200590904157419,0.38755417264889624,0.6871776463423721,3,485.18556106804783,518.0558193983736
F012,2025-10-03 10:52:30.740682,9.15481150610649,70.542887479923,5.79863388374718,0.6296765093102092,0.526434016176431,3,492.41434500870196,540.6186881344197
F042,2026-02-03 10:52:30.761641,16.85524901279515,83.18334556137755,6.982797855675998,0.6903399625451108,0.5540566154382796,2,631.9952455807099,456.03465499192635
F021,2025-11-18 10:52:30.742225,17.39847814154377,17.781246746502596,6.251919731847916,0.7816520442694959,0.7326164978009698,3,369.71275638450027,486.283482533002
F022,2025-08-06 10:52:30.790426,17.015089739589722,48.373632947387044,7.040473843839444,0.33220428437754945,0.8178263498726741,2,433.65308785880984,496.6552953669399
F034,2026-01-09 10:52:30.740299,17.350969688611624,48.649521502590396,6.576555740139285,0.48166858674710966,0.6178338807851881,4,595.2706950670255,514.2678281953921
F023,2025-08-15 10:52:30.793254,19.268115664415557,75.25290575878195,6.238376542281977,0.5677556562708198,0.6326358816838505,2,540.8744756746935,590.548302934854
F012,2025-12-23 10:52:30.746332,26.995713273071395,75.63887053980089,5.42095361529136,0.3234982472690099,0.46899682131665377,3,525.3884964716868,501.73536674927163
F034,2025-08-31 10:52:30.823580,33.322164816224486,143.85053490896598,6.914793219871401,0.41433492345514034,0.5730849896004541,4,568.5880821647584,644.5353222298127
F002,2025-05-23 10:52:30.747605,20.36156555550224,41.70850607378152,6.848686306528244,0.3970417550457877,0.6888190703572863,1,575.9021014721925,519.5135018911751
F008,2025-06-05 10:52:30.820393,36.080005235269255,62.794252759428886,6.757467112993291,0.1782076959682114,0.35042541934714877,4,508.1532898086564,545.2436533425446
F032,2025-11-17 10:52:30.814890,30.044482798813394,23.97412301339979,6.634805332965517,0.6932171399702455,0.5432735562876458,3,571.7429072234428,476.3344489279966
F003,2026-03-25 10:52:30.825963,25.227031876926052,61.261164532046195,6.734709029866521,0.3637239912194392,0.4342308544271184,3,391.42901291295624,404.4462142453689
F016,2026-03-25 10:52:30.831949,11.430173118426778,48.90759881998158,6.884356577088097,0.547067369759946,0.5997605464980605,4,463.4812608015536,551.4444943231518
F022,2025-08-12 10:52:30.793240,35.00679556284011,88.84797836707438,6.3264988023742195,0.645718452524231,0.5454426807825133,4,486.05028237162765,550.211100023215
F001,2025-08-23 10:52:30.748993,19.402550586349577,62.96757937977108,7.398551148088193,0.5860746612100021,0.6764791960455926,2,465.99300413652895,476.1831822647412
F009,2025-11-19 10:52:30.749818,28.91008572073843,47.174515648361556,6.880351386521577,0.4152744656695717,0.9381625257548334,3,588.046225644255,538.4307965667665
F002,2025-05-31 10:52:30.799394,16.269420975691716,60.58886710951949,5.677015483687853,0.7197483685084155,0.7847799146394518,2,470.64364845704364,502.38381400257185
F020,2025-08-24 10:52:30.832002,26.207453585421497,33.68405669062498,7.733666352036541,0.6890932936421797,0.6070599325254862,1,452.704426699148,397.4839334013282
F014,2025-04-07 10:52:30.777473,30.69732655424971,27.899535211645688,6.858476724228392,0.6822398733359961,0.7529054490896337,2,597.027802142676,526.2370525730998
F025,2026-02-25 10:52:30.762239,24.2215428466053,82.87353870258528,5.902846179381109,0.6001145582776612,0.6130629737879835,1,436.81545123181553,518.7889369520199
F017,2025-07-18 10:52:30.758872,29.60236166308318,0.0,6.435809149109951,0.6159448952513225,0.9061299304935099,3,510.642233656682,551.7275008810326
F049,2025-10-05 10:52:30.813622,30.72628244984315,39.6607075846541,6.758789728648357,0.5985588894510836,0.6747364389134102,1,318.2017990827552,446.92110406879186
F025,2025-12-11 10:52:30.770919,14.625407935541244,24.18898517377458,6.3179205454717735,0.3728696258375782,0.40844095032928357,3,483.5398317841029,357.22119001016824
F008,2025-05-27 10:52:30.793035,10.604059995921004,43.37490789242289,6.64032611109247,0.8740882835445636,0.6362127035761618,1,557.3406193723023,348.5164792427183
F047,2025-10-13 10:52:30.782428,22.320576700762683,57.84311653056241,6.413482213282219,0.40647953763166617,0.7174161900742007,1,561.9379659114063,478.8912330506438
F015,2025-11-24 10:52:30.744218,41.40843504950878,27.179920960914384,6.180772871036769,0.6593985197735743,0.5435962533943179,1,519.7327399672408,402.73767280401637
F020,2025-07-18 10:52:30.808157,22.374311367832785,66.8251676228441,5.6365168288920255,0.29772135953765766,0.7110533832018915,3,717.0022089463228,496.06792136920814
F028,2025-08-04 10:52:30.762291,35.32781411174588,49.04124276137472,7.379063762378292,0.2950734416404752,0.4839641256714269,3,413.50642237787764,510.15152520782345
F022,2025-06-15 10:52:30.802226,25.158940608362233,11.946267927937697,7.388326846024925,0.470879024916586,0.5703093858060604,3,451.64312463366946,511.45173330643865
F042,2025-09-23 10:52:30.786124,20.255230706516297,45.607043011489154,6.678987579887819,0.7386589086171481,0.5196866145010918,3,412.2863861830113,467.9331508216001
F028,2026-02-06 10:52:30.814130,24.862794271322674,108.03708079858617,6.415382253500829,0.48584628438330235,0.6688105049863601,4,441.4679325011073,567.088156039439
F007,2025-09-05 10:52:30.790216,18.349099225585977,88.42547619933228,6.02819898467677,0.19235862011475097,0.35504042067733016,3,388.0387206981842,492.8827742235734
F039,2025-05-16 10:52:30.810525,35.06120185318048,45.449908429528634,6.96995814412636,0.4101900152476441,0.4814034313856626,3,384.67747737874186,508.4980773787388
F011,2025-06-01 10:52:30.808032,19.93985659428238,56.320845878444125,7.002783455019486,0.5742732813022822,0.7818606715866404,4,329.5609113333668,671.0120878240214
F050,2025-07-27 10:52:30.835178,29.23846327610686,38.84732987421769,7.07822860496084,0.39751997508846326,0.20326004154460625,3,612.4500770770265,402.50450946829284
F020,2026-01-28 10:52:30.797246,28.209510014280145,77.88999555400179,7.216018107122458,0.5021290493475696,0.6651148109420301,1,329.7797860196722,495.37871004179635
F035,2025-12-24 10:52:30.749487,18.572379093764322,69.39291665326772,6.571664099676201,0.602208499824875,0.40534228601305033,2,540.9342764201522,457.1502504395266
F019,2025-10-26 10:52:30.810247,32.30341762661034,63.390514180231534,7.170576797766676,0.6529387846820948,0.6224973330231182,2,370.9140818977066,533.9735588659046
F025,2025-09-03 10:52:30.774812,30.641912636002882,62.33170790660088,6.112142708368596,0.5991821907174815,0.6071236785846214,3,408.33467303192236,620.7958310005951
F036,2025-05-26 10:52:30.806975,22.359076592691622,11.389422956534311,6.642666447142489,0.761465240717097,0.4978758880386698,1,329.4359449352312,437.9640230334615
F045,2025-12-19 10:52:30.823732,12.349632034910478,21.624865098988966,6.427019588190862,0.627502759789349,0.6734055762852871,2,439.0057674221855,401.42909035271435
F027,2025-09-10 10:52:30.744393,19.69966801602319,107.42857640043542,7.0783097436270035,0.3916103024152055,0.5517597731587761,3,338.5610490301516,556.125717763881
F031,2025-06-29 10:52:30.820015,33.32567076089888,42.64690437900299,6.835018293008641,0.29302869757398664,0.7012866722515813,3,394.895710096731,539.8483419281674
F005,2026-02-18 10:52:30.826685,27.005028196038616,81.6672723684462,6.4710293840838595,0.6289948619240868,0.903330380962847,1,377.8334070374764,564.607891122909
F048,2025-11-27 10:52:30.822378,38.472047542497215,0.0,6.305602157422168,0.6429802415411999,0.6829217871248481,2,697.6469804896939,643.3300224384732
F001,2026-02-04 10:52:30.826631,22.73283648136446,65.44915401433974,7.029377431623195,0.568820574541129,0.7409817231826272,1,529.1786769595037,505.38883754134946
F020,2025-07-02 10:52:30.803857,22.073691191749607,25.071209106592356,6.447229675572175,0.5567341739625766,0.6796341761418474,2,422.55019229118517,447.0635812566231
F014,2026-02-08 10:52:30.787821,23.444580315291027,0.0,6.808767946097915,0.6814603176516336,0.4354791301870523,2,506.0785319701255,348.71207213835237
F011,2025-06-01 10:52:30.799523,14.618476070863952,30.667585969426124,5.835417793217173,0.4102698631415583,0.467544809120617,4,543.3770829450285,536.1892527394339
F049,2025-04-12 10:52:30.744732,29.70725681881646,36.042052357581724,7.322307025316463,0.23752275715203514,0.688726365155506,3,446.85782871938176,529.8679360776481
F027,2025-07-29 10:52:30.765134,28.91736294402078,0.0,6.318949162063461,0.6185078953071237,0.3420751797189089,4,409.5792570365085,419.6633970210894
F017,2026-01-29 10:52:30.790356,16.764445482638035,56.24767462903593,6.9194149416185535,0.40377448158225826,0.6021325289760419,4,604.5749808881349,638.5899603575504
F022,2025-08-15 10:52:30.753002,31.107667192302145,10.270236822231105,5.858088598962287,0.5173859195548226,0.6632975970842275,2,625.8776673875965,416.65452307367866
F014,2025-06-30 10:52:30.816046,31.52763237928717,83.89181371345708,6.204086517955577,0.49430633148940295,0.49351878803721416,1,384.9532301453504,421.84771671888234
F014,2025-07-08 10:52:30.776770,13.203349485399997,4.075508611564494,6.671992288781811,0.5170102509353651,0.44818131719784104,4,422.4442602749753,473.59145888624573
F025,2025-05-01 10:52:30.815494,26.851812861376843,59.5692763291991,7.587457563323932,0.33860481381276486,0.7313125560751768,1,505.4529128812905,480.99476045392015
F004,2025-11-30 10:52:30.793730,26.235212261874214,48.12933775382132,6.048986431155955,0.3481194053795969,0.8729280404583253,3,619.6981472808934,601.7036421584365
F036,2025-10-16 10:52:30.740326,19.232765100662043,37.43005617715661,6.526905322138297,0.48763211167188336,0.4710473924657418,1,535.1293830968962,382.16293571045543
F028,2026-01-23 10:52:30.770253,35.07412651333811,46.06221203346833,6.986637440319712,0.6415261321144623,0.5766645019623451,1,647.6735563938992,433.10950912103846
F007,2025-07-27 10:52:30.815948,22.166445815667306,71.16610902338002,6.146725207423997,0.5303463466301755,0.6796281077575196,4,528.2428832536721,586.0434186097984
F001,2026-01-12 10:52:30.804569,20.076073069106503,4.07342308109925,6.1395410776320185,0.5692711486223034,0.26495755596286236,1,426.5591753826744,387.3661641647063
F050,2025-12-06 10:52:30.777278,22.6488786913787,45.451062186587755,6.052886757155446,0.6345770632113633,0.6003190875159256,2,833.942306636656,457.1292536830573
F045,2025-05-25 10:52:30.746798,18.95971391769376,36.21374783217809,6.177937393921426,0.459692169522626,0.5846382728189732,3,355.4593967000894,423.99494424858295
F011,2025-06-10 10:52:30.821165,19.091190459512624,67.58449552633482,7.328239418907773,0.40411222265229474,0.33654384849412416,3,399.6729954892367,478.2413627748917
F047,2025-06-16 10:52:30.804476,25.487653638508185,44.07053038307935,5.8428562559694095,0.5330154476366931,0.8062162891132688,3,544.7602455252505,612.9963469428773
F043,2026-02-12 10:52:30.802544,14.564573481949932,78.60694809854382,6.976658419686165,0.2215006159963504,0.6270114181349186,4,349.750322235442,569.6453062832342
F021,2025-07-14 10:52:30.759774,28.3149820357744,79.10376049043836,6.730987169550336,0.640217827173169,0.5804709092357693,2,419.64327926807135,489.16394336434854
F020,2025-10-12 10:52:30.781989,25.08189362728042,46.34052020723001,5.767807211647469,0.2776326210964799,0.42996586056477304,2,591.5541037664025,381.6000847386034
F049,2026-03-03 10:52:30.781642,29.813577081330372,67.46160558981097,6.628556246996544,0.6889808501585211,0.5024828865676433,1,495.7672291745953,423.794174329581
F024,2025-12-18 10:52:30.819180,41.7481553233453,45.949209816735255,6.075483289138023,0.48685627035898776,0.598801189989416,1,695.1116433408253,464.05488062805716
F019,2025-11-04 10:52:30.748552,12.645365743643652,34.680949821142896,6.782372514319334,0.5301504763802901,0.41813969676965035,4,390.2516329001946,518.2185678967977
F047,2026-01-08 10:52:30.821666,5.968002806140596,59.199656497099745,6.8217725254099255,0.6156178308027277,0.6512950186682123,1,549.6703461213369,456.43871972322063
F036,2025-07-25 10:52:30.781417,24.9640154143085,104.22736017214241,5.708398388462754,0.5679100291737652,0.7640280716399581,3,388.659345495497,603.196477610413
F004,2026-02-16 10:52:30.831754,14.969111570222921,58.011087504903465,7.098462948223544,0.3834701157339835,0.7837748538893315,3,369.90067444875365,542.4306165094208
F008,2025-08-06 10:52:30.775280,34.395430322350805,57.68278205945836,6.0990055986544585,0.5583400830386545,0.5147313695444595,2,468.83231253271975,516.4143496974567
F050,2025-09-08 10:52:30.804536,15.64976254918841,27.443390164177274,6.065536873654647,0.4549312727357119,0.5718071312294793,3,516.070564866831,506.02575695931944
F014,2025-08-01 10:52:30.762049,23.42140892761919,87.5663829696619,6.040673600560307,0.44010812481655615,0.8326787354793994,4,523.1719799107626,722.5254006815667
F003,2025-07-12 10:52:30.827378,25.12253966615976,65.37631704771105,6.781765865202674,0.39505834281854835,1.037859016810041,1,444.9334660012138,580.5402933584477
F002,2025-09-19 10:52:30.811497,25.239016944259824,41.07326142977633,6.5561163542636685,0.7704812648089994,0.2701447430013089,3,475.1628882013165,543.2985066918083
F020,2025-05-29 10:52:30.752945,23.22469174983502,92.5346033847556,6.712296948224213,0.3921763208101956,0.40217486335812236,1,361.64547039914146,350.80814022493087
F007,2025-08-02 10:52:30.772309,23.645154454258357,48.05725055027602,6.413496967419425,0.38661244043091847,0.5585382252511131,2,637.4519578413408,463.492785191288
F009,2025-12-17 10:52:30.806559,34.78328293665267,78.6051592824737,6.357735154321051,0.6196004492318488,0.6876207370739992,2,505.97433807411426,558.8694638779756
F007,2026-02-02 10:52:30.744845,31.131901743423708,25.989956767780647,5.742846306993752,0.500240686094442,0.5982169266714796,1,444.11876349453973,468.4355471678909
F013,2025-10-09 10:52:30.757373,29.055808751466035,79.05475760045026,6.889288459006415,0.4519721981407711,0.33372615408327316,1,566.4645039664174,325.6053876705974
F027,2025-11-09 10:52:30.813157,25.814894959739938,57.92425772893007,6.830928360780689,0.6580659587213047,0.6738862875599898,3,554.7239196642188,541.1064104468156
F031,2025-07-10 10:52:30.777711,41.79897621209141,54.468968958079344,6.772347737225454,0.5735914152969526,0.7208902405132694,2,381.31790757915496,572.2535570172847
F016,2025-12-12 10:52:30.833401,32.533391501763155,30.907194127627,6.570458362004868,0.6564538522362207,0.7168728814024763,2,492.684877445995,521.8458227052239
F041,2025-08-10 10:52:30.770433,31.537688576611764,49.843508501102114,5.663310582662526,0.7258629236288943,0.2004372492583345,3,508.9021476776913,493.34022674960784
F030,2026-01-22 10:52:30.747995,12.287576560584224,63.509243709633665,7.0809580650262065,0.8144207109462922,0.6100556080539973,4,530.6412039328495,552.281591080707
F022,2025-05-31 10:52:30.780386,19.98504755017317,45.90627417686426,6.85121100294457,0.6798943815275256,0.6635283381521165,2,467.50065932082464,528.3841455011287
F042,2025-11-05 10:52:30.766412,21.81175156950946,23.518206112431294,6.455024808970124,0.4215955901090715,0.542222652466369,1,695.6687699079042,358.6258733277955
F013,2026-02-24 10:52:30.752848,9.910098479451305,56.54189488036389,6.892560254783636,0.34145831734154986,0.7269085569150652,3,500.83204842113526,483.670730879611
F025,2025-11-15 10:52:30.802979,26.38764768833618,85.458179451177,6.132480377437406,0.5540731264672947,0.8015501023879559,4,549.744638965181,659.4253508459828
F046,2025-08-13 10:52:30.791464,33.94458859662043,34.44058874831073,6.4507636399163335,0.5033728317358931,0.40015444358166863,4,483.45596117931524,467.3222544668352
F050,2025-05-14 10:52:30.807877,18.014387098284658,58.59882685908205,7.036621237971767,0.637837403092153,0.3574273949902602,4,400.8205460962013,446.025648074267
F027,2025-12-01 10:52:30.830653,22.97105117229767,90.9220534926767,6.1323262900227995,0.4289729326483151,0.5407941878348552,1,404.79480833280724,369.0322281572936
F017,2025-05-12 10:52:30.756739,19.815033646121964,22.821991924629202,7.210698497777669,0.4903201359903098,0.665095025782367,3,537.6387082305727,569.4774239575567
F042,2026-02-18 10:52:30.763938,11.707511189169493,52.25310150903475,7.194004603751924,0.39219625684050435,0.4298802781042077,2,461.82998315609785,397.5982706308539
F009,2025-09-18 10:52:30.783453,20.998756738216585,52.17312904567038,6.243961676788588,0.6969491175586826,0.3798226659521782,2,685.2104779950141,444.3304084097325
F038,2025-12-31 10:52:30.814270,28.255994221571477,62.65289345395225,7.155604710473985,0.6370271517814722,0.5039066451175783,2,385.79403921604444,436.2621877785282
F026,2025-05-02 10:52:30.827015,33.685333810964714,21.97444741419107,6.245895067066572,0.8896958450732271,0.6495553833602717,3,317.7230155880444,604.0255874819567
F026,2026-03-07 10:52:30.781262,34.62131608812895,108.02806662678728,6.13609727529873,0.8217067473217129,0.6600047879911185,2,347.19893001386873,507.4911618598427
F011,2026-01-25 10:52:30.823964,19.279862372346752,15.848996413769072,6.974531254544942,0.32522197782354395,0.5787291487319508,3,580.0302302625819,414.94007679499936
F032,2025-05-15 10:52:30.827797,25.338413135712187,66.40491613807613,6.779161872792639,0.5984081593558666,0.5612326149547843,4,350.25884718762336,576.3623086655235
F005,2025-05-06 10:52:30.833207,29.48346536113547,42.57379909422156,5.734139503931664,0.5482510441256404,0.8199425461630064,3,455.4205924814336,578.0796099708272
F008,2025-12-16 10:52:30.816660,37.846560588764675,89.16636671878531,7.030269033774399,0.5396225334622204,0.8541890644267149,3,424.7975100572672,587.868147433953
F029,2025-11-18 10:52:30.830681,17.647923696590283,53.25365425530764,6.934747423740083,0.4355002167463868,0.6806848866431802,3,362.3771834559674,545.4740701836588
F046,2025-04-05 10:52:30.804461,37.74930411344097,69.89860319663248,5.530488196399287,0.39658041156393187,0.5230938805167452,2,793.4771605657223,377.03522887045926
F009,2025-08-02 10:52:30.831149,18.657184060081512,32.41165011082719,5.61482719498006,0.5240491190814563,0.4218010088864078,4,652.3335144594823,465.4368504239158
F003,2025-06-26 10:52:30.773720,39.300582065458904,54.321340041369396,5.836631741935722,0.2680475975244588,0.7017710274192505,4,361.7554897762601,570.4160772667441
F027,2025-04-25 10:52:30.768388,23.082039840364565,69.10088194850375,7.186267044588957,0.4960441704135574,0.7306495334500019,1,600.8688700170412,548.5254483889431
F037,2025-12-16 10:52:30.813433,13.069498868346598,72.0670768917013,6.030183351016871,0.6192821313520074,0.44094180712691355,4,491.73002822935734,514.7380606168931
F038,2025-06-03 10:52:30.831539,10.863236537779747,57.370933471969394,6.528706632336364,0.325872909683984,0.6177633451589747,1,557.9147917979999,426.3079192906678
F043,2025-08-16 10:52:30.764660,25.264564782474533,65.36167443199383,6.992457763382131,0.5474318610301359,0.31902221295702354,1,524.7391900794988,419.26648375229996
F024,2025-07-01 10:52:30.767015,36.57353055012349,70.3987719583493,6.046116054826281,0.552626018371369,0.6341317078151867,1,578.7184403725186,411.1209098400354
F015,2025-04-21 10:52:30.815353,21.867508598739576,39.667873949933764,6.855290612036993,0.19590946468801218,0.5043171608186428,4,552.9495082860302,482.92337114594864
F011,2025-12-06 10:52:30.803658,19.02967645136421,31.759039284804462,6.818281698388493,0.3736145630688945,0.4508445915053193,3,568.3360268605761,503.87516427144726
F041,2026-03-07 10:52:30.746742,21.844934829769425,23.471039970167553,7.095568738536673,0.9031494945167786,0.5049270790777088,1,745.9228513129967,553.9803160440584
F010,2025-06-14 10:52:30.820421,33.08193510279038,43.75169673650238,7.037384996603418,0.41487076223531644,0.24548756166338637,2,563.4413590450376,351.6928799617147
F007,2026-02-10 10:52:30.755213,19.655872229966707,85.27610864407593,6.439601211429577,0.3865234482879306,0.4302913651810182,3,593.7553181654598,424.88344478317686
F044,2025-11-03 10:52:30.789327,32.50308339260558,65.93909036047795,7.000041379138264,0.495737870610469,0.5417683399364007,3,418.288888994909,592.2302712940854
F033,2026-03-09 10:52:30.829904,23.844606646008035,55.11306208903176,6.371043953114844,0.6980083928730717,0.5757159601650073,4,403.0878291409525,654.5321821198278
F018,2025-10-18 10:52:30.762117,10.634011997374419,11.234963327871014,7.179589286897371,0.6974715530299805,0.6888723933861666,1,587.4876679032008,464.2117243699344
F026,2025-09-05 10:52:30.739460,24.401692502118333,45.12422201789639,7.05991780848573,0.5729069559960948,0.555366517987461,1,506.2804951611205,400.4524493146909
F014,2025-06-07 10:52:30.756698,29.88862003880162,72.09594534831318,7.04250521103495,0.5322118170428728,0.625046332000291,1,636.5079366110969,391.8155152002758
F002,2025-09-08 10:52:30.787654,30.159160564493877,39.92812070014658,6.273712060043274,0.5760426526026236,0.5689495875710363,4,483.45558362525173,557.3055508785068
F003,2025-10-04 10:52:30.764091,18.627782312209405,17.53860520009627,6.278444302661413,0.8992939072758772,0.5042189826982745,2,626.8485771721051,491.32218073813135
F040,2025-09-19 10:52:30.821568,19.853518072209233,58.869026524602056,6.137066391573686,0.7535978693273868,0.2327581492850722,1,423.10672608596303,390.9691995986219
F007,2026-02-23 10:52:30.811577,25.282862011189813,20.900333960133278,6.716128438732979,0.2890432708790748,0.5712710012920666,1,503.5903200032102,365.0962719500339
F034,2025-12-31 10:52:30.745935,29.14051762380689,62.589395234768624,6.927980389444422,0.3102345687883159,0.7364507151714854,3,452.535070314479,579.7770105865762
F044,2025-08-07 10:52:30.821624,24.236033670136464,67.54799540223104,6.950338186101891,0.4252191947741165,0.6779935718717924,2,491.2304193964703,542.0127054299987
F033,2025-11-04 10:52:30.801478,20.361654230119097,6.779975018559917,5.737756126855972,0.6849525980275214,0.48094326947061455,1,480.9763877996122,280.3577881410627
F004,2025-07-24 10:52:30.833193,21.291528302449695,18.0180493467016,6.859458743597092,0.451906284197111,0.538919957736905,2,600.4501519067079,513.2646483698084
F018,2025-10-16 10:52:30.786485,20.294657627770253,32.78039444098181,6.269110166070426,0.5721716567467653,0.5486107513084353,1,422.5756150905897,377.65728524615463
F046,2025-08-26 10:52:30.788502,23.124049211537912,45.19589964976764,6.0113018222238255,0.42284387106716326,0.45347224413944465,2,385.46131522461314,422.5022808108941
F038,2025-06-01 10:52:30.834997,22.803689327347577,47.4729973851835,7.117477862274167,0.33230726945248135,0.5398686275392087,1,588.5214459209735,379.77063692547284
F007,2025-10-20 10:52:30.823908,17.733277959795377,16.538777284155977,6.953882174533949,0.442808417374125,0.5673685782235174,1,426.19612932085045,294.9935080481333
F022,2026-01-15 10:52:30.787238,23.74407761591971,56.62456018584846,6.830839021624053,1.0435053732853752,0.570458973422469,3,462.95496950044264,617.221401000053
F043,2025-07-26 10:52:30.805384,13.249399781595658,22.83110738478219,7.763595307656949,0.8293547236871919,0.5513659751757212,4,470.3782697427349,611.7674535698814
F003,2025-04-18 10:52:30.756546,19.341852642817766,42.13854366812233,7.310707336891529,0.5520909093269404,0.7622033215051909,3,483.42381636287314,551.850342259139
F030,2026-01-19 10:52:30.787349,35.70932701535049,37.75462721392748,6.8733433038821445,0.4906695205090256,0.7433832383497506,3,523.6417203524089,639.5443814411667
F032,2025-08-25 10:52:30.806915,37.7928759881557,44.55819649594333,5.857770990056129,0.7804155364409688,0.6732996497659064,3,542.6230434229477,569.8646268368356
F045,2025-09-12 10:52:30.741870,28.353270826921566,54.874235383716055,6.270359386850096,0.5179616319971437,0.8930066667858836,3,476.2907556619017,558.5114151762751
F016,2026-01-20 10:52:30.748510,38.754721934082184,29.692158808928166,6.638580820394571,0.5683766832452453,0.566182456667355,2,503.1333823395572,433.39226742972846
F044,2025-07-31 10:52:30.748897,22.809711557931685,5.199152396728643,6.2039547920333735,0.5738755915938357,0.28046045182861273,2,424.9119380633435,335.8656804826347
F028,2025-12-20 10:52:30.820673,22.98154884516703,30.682335057513974,7.1691794215083435,0.5595924729129217,0.6905856064582655,4,542.0166103546408,549.9879585916717
F048,2025-10-19 10:52:30.835151,20.78057761207031,50.68474809357106,6.954239276931991,0.5850873932366455,0.5980355431995632,4,494.4057081097744,630.5002494118136
F038,2026-02-03 10:52:30.820815,16.90918747881603,49.27556363005747,5.644884173231131,0.21461927067791853,0.8480741473862624,2,555.3860648216028,453.9417332461757
F031,2026-03-22 10:52:30.744451,22.45160632741657,67.62418979530764,7.256760139093196,0.4378218425928647,0.3789469200477381,1,584.4581521733571,473.0120712085324
F018,2026-02-07 10:52:30.824061,39.83273699763855,35.865482172045475,6.952013765938441,0.6334128774526442,0.6472455804347448,2,464.4460393245792,559.2094948061674
F016,2026-02-04 10:52:30.798823,13.962500661011855,52.717841281624736,6.097496862735895,0.5887463974017223,0.8517134483044232,1,404.1907947040691,411.01028885827895
F011,2025-12-04 10:52:30.788765,28.534992366357294,38.252615276426475,6.715167550125099,0.307137136351499,0.7540590990857746,1,353.5881897431802,399.76717866982443
F044,2026-03-03 10:52:30.791436,25.73171497613492,12.66623675252464,6.623218205645345,0.32938961194151706,0.42708573016837836,2,505.7116651536951,454.28338421398814
F034,2025-11-12 10:52:30.746644,23.67027714760832,21.363399631481833,6.723852042857003,0.1133437387348259,0.6519240144875862,2,560.471698529922,484.7008927059835
F023,2026-01-09 10:52:30.809604,31.932746377298432,51.015293332515434,6.999824556570923,0.21205042861553802,0.4873021306877039,3,328.4199639616422,504.2009824550381
F039,2025-09-05 10:52:30.778800,31.25470363650976,77.36222483728554,6.637458213461016,0.7341201493573221,0.6962544446972497,1,567.7213815016659,513.8575569221501
F010,2025-09-06 10:52:30.773895,34.0724622953273,64.8717368244691,6.277754497494374,0.5374192174988838,0.8412272430106067,1,592.608370603138,518.2007877277753
F031,2025-11-28 10:52:30.801435,15.464913097143663,54.009530564586775,6.923828663360843,0.4426348704099555,0.6511601529601652,4,272.5777217232007,595.5180029703815
F033,2025-04-28 10:52:30.739557,22.20702317630851,10.89208785580366,7.0704999978436485,0.552354723107888,0.4414044997622547,1,565.2418563570104,377.99095852872784
F009,2025-06-08 10:52:30.819688,12.037285176907377,87.67748754044678,7.183528708019307,0.48706303968077863,0.6927425947711369,3,352.8084429368595,566.9998268551635
F042,2025-11-29 10:52:30.815732,20.42116527661757,76.62691835919816,6.527524894663761,0.5849506673002008,0.678539695425521,2,547.5932336134885,457.9494835242546
F049,2025-09-06 10:52:30.835164,27.29813598432022,57.4747303098216,6.2697420803069885,0.5094520154178406,0.7586459949543388,4,423.18309742293314,600.7428495559556
F045,2025-09-23 10:52:30.762576,29.274007603608453,72.63676742961468,7.047265938980164,0.5802694089025343,0.6633212920440321,3,555.6963869234537,561.008397723424
F024,2025-11-01 10:52:30.777612,19.48309426624752,23.73786125127708,6.191479703100012,0.44762841365709355,0.5334810998059398,1,506.6479515842664,380.33265428505734
F027,2026-01-08 10:52:30.806845,26.994710391405444,4.720883987102006,6.069471060185177,0.4191165948485637,0.6686485532499248,3,336.6317119972513,530.6598014118014
F005,2025-07-07 10:52:30.832471,24.264104556002604,40.39556317589468,6.492264142466393,0.49356098610568294,0.7194711162505331,1,515.6060858236812,535.8562930391766
F006,2025-09-26 10:52:30.766682,13.460552562279998,80.2057665119242,6.256830168879325,0.5557743002564057,0.8006353586961827,1,542.1774281171163,441.9420706208061
F043,2025-09-23 10:52:30.785419,30.555777813333677,55.178048302536176,7.014369534362426,0.736933962238181,0.4732138417211683,2,371.35554996028634,483.8272992482157
F030,2025-10-02 10:52:30.790538,39.9104940793654,32.65578776702908,6.523793560254533,0.44807532951270845,0.6401931457771887,4,415.29308588693056,599.4432804628667
F034,2025-06-08 10:52:30.822883,29.566247462819675,20.686767917081323,6.028460552874881,0.4468607676073283,0.6344556670986178,4,458.63159357806825,506.5611542250016
F002,2026-01-16 10:52:30.761835,23.694706956079862,25.751448208100406,6.243513355894305,0.43403333682703504,0.8135740447855556,1,576.7285647801954,433.8961792016872
F009,2025-06-24 10:52:30.830288,26.567562101111516,25.253039644034242,6.290382783116157,0.2943582676987354,0.6677501355870612,4,457.85999174161094,620.8645670683085
F021,2025-07-15 10:52:30.741542,27.072020126454056,75.32836239387144,6.580872478127166,0.5201765197801068,0.4799610064664524,2,453.25732900976107,494.1726053119121
F041,2025-11-27 10:52:30.747451,19.930883943440218,62.855106889759185,6.748027593798735,0.2200381835526341,0.4794220171267272,3,497.38720280728995,581.6348068982694
F006,2026-01-31 10:52:30.799452,14.498638468776301,10.033992683331732,7.5421319334600625,0.6150229976009491,0.5821062743381543,3,483.0057340628438,498.24718254527306
F018,2025-11-25 10:52:30.811903,30.631527170396804,101.99874562299817,6.841984888590477,0.7289677880258738,0.5081057262163802,4,420.1787198601343,631.5527101212238
F019,2025-08-16 10:52:30.814705,23.146896908518094,49.234817367362,6.521880587198907,0.4833134395195819,0.7124345127034666,3,509.1568284591166,526.7735956090132
F030,2025-10-04 10:52:30.782971,15.444827307592202,128.54221571509504,7.065341690523855,0.4937874617005946,0.5714963498243817,2,603.1742976864808,465.95448628932047
F025,2026-02-05 10:52:30.749336,27.788703635414073,54.95733754520807,6.098507006485348,0.567966361257928,0.42312199764320274,3,517.699618137877,523.0466007453405
F011,2025-06-17 10:52:30.820435,27.134343711868596,40.39748596133902,6.777839457481986,0.45750018927121183,0.4044497375470306,4,423.8258598919608,494.83274828037736
F008,2025-11-15 10:52:30.785656,11.496638425261978,33.09078844246616,6.747275304151545,0.3340604101123784,0.7270397296386643,2,509.4478059406055,463.09106922162215
F016,2025-07-09 10:52:30.769141,22.438373701183096,65.52708781741602,5.96815786312258,0.49722752149204796,0.25755731222575795,2,441.5992751266323,505.6020032175704
F024,2026-01-11 10:52:30.780414,41.063782481579686,18.288700473817876,5.749118365616517,0.5317653694183282,0.6576807659793467,2,573.8616176336401,472.3446511363485
F001,2026-01-02 10:52:30.774474,26.421680092284536,74.62716431660348,6.961662940186866,0.40560515693879273,0.3775880506672076,1,399.3041198172971,344.9660799478042
F014,2025-05-28 10:52:30.805704,28.48592920220837,36.89641477971238,6.934209000583936,0.3272906891831264,0.594523657797386,1,711.7599846755608,560.8100776730558
F020,2025-11-14 10:52:30.820562,43.48914234341999,17.213473454052433,6.475029350037251,0.5463356524298293,0.5301025832487414,3,426.9980230442576,591.6180314687746
F002,2025-08-05 10:52:30.774489,20.119504237453803,32.192778677000575,6.451274556475157,0.7091845682354405,0.6367178001400812,2,550.3581351130342,456.31117442940337
F047,2025-04-18 10:52:30.820941,10.725425974281803,52.60611553446296,5.625286042209349,0.5883271292595663,0.4253074456146927,1,513.8391410997101,371.46683290414404
F018,2025-05-26 10:52:30.819833,23.886854716151497,46.50151608536939,6.1769226900868395,0.4722651739197696,0.3624267617227199,3,590.3745501896337,492.46065842609295
F049,2025-05-12 10:52:30.764035,28.594948331977005,73.5660154846753,5.587271391213108,0.4605936969429606,0.5827095203308942,4,601.833755305784,592.6092822639442
F007,2026-03-24 10:52:30.777375,21.88135494708182,54.85938877895037,6.021718337938961,0.2003720337327491,0.5632794350366738,2,572.2723869424804,411.9995446080047
F006,2026-01-20 10:52:30.744831,31.156808334345634,70.4006445309375,6.968398080351983,0.5059600216573981,0.5558503969154045,4,551.4190227510909,558.7564932791928
F023,2025-08-27 10:52:30.821332,28.67146363908149,67.88774542672743,6.559093269054057,0.5146939270883758,0.8745279705355858,4,462.2523684773371,710.0151821782047
F010,2025-10-13 10:52:30.782633,23.74295441415494,30.840472175677302,6.8448010620942235,0.5505352408654264,0.5233671379567286,2,714.172912466397,449.9278358278508
F045,2025-06-24 10:52:30.823036,17.544745500635496,31.20214067849205,6.484211113502763,0.32435764099672554,0.6661558908880343,1,347.41904195596976,472.89802970063243
F022,2025-06-27 10:52:30.824117,21.484646103750876,54.203979301292236,7.795423238129551,0.5042627238715208,0.6104858880022564,2,722.3906338160781,592.0746032914723
F022,2026-03-03 10:52:30.830527,25.969571520114982,51.314721241801585,6.495506984272526,0.5280705973738214,0.5902026519366814,4,397.79565366450737,584.1941260932603
F002,2025-10-14 10:52:30.755832,34.063557774895315,60.6507970703008,6.61416196665962,0.6962245211294369,0.5935835182054537,3,556.1544904045727,580.2787816450093
F038,2025-06-10 10:52:30.795165,22.81755514838363,106.08767478640016,6.120838419677679,0.33640587654769283,0.5253538366526456,2,660.4742741175412,511.87967080652214
F049,2025-08-02 10:52:30.826605,22.416542764344353,86.818470033378,6.188537374119209,0.6762141860923898,0.564483138018456,4,449.39940284646997,604.408252414869
F002,2026-03-20 10:52:30.767930,20.252977487976455,95.62950080243544,7.714071835780552,0.4779071477783105,0.5680414996530182,4,578.1939110189722,630.6492025843854
F001,2025-12-23 10:52:30.797711,24.555946143801943,17.597389239949578,5.074849585239281,0.4207432068986209,0.6992467182734251,3,487.5354590221808,465.16728578473953
F023,2025-09-22 10:52:30.768309,10.262775758921096,21.807090914501252,6.603065102672761,0.4814478904738351,0.9150916399844498,4,445.0220843676748,579.5562488672157
F047,2026-02-07 10:52:30.758343,42.63511188064014,47.04317857992126,6.196148905825108,0.3057493306996809,0.5411284565577241,2,246.10313179628437,569.7485862159091
F029,2025-06-09 10:52:30.770267,27.265426986080637,63.94355451053486,6.452709761860315,0.2931052102048319,0.2734523301384711,4,656.0769347325478,546.8754121232587
F017,2025-05-04 10:52:30.772789,14.182731779388899,19.24807361820207,5.818367373901368,0.4317940286349465,0.698439134123208,2,596.8376391291218,406.24408242918355
F006,2025-09-29 10:52:30.772291,8.306173975945757,54.97346016928786,6.805121976470746,0.5377993571226386,0.5081529235191022,2,383.12427408351084,526.4856595144234
F042,2025-08-25 10:52:30.804342,37.020226984874604,58.048429110090865,7.186582156398206,0.26459746666503037,0.6405538003806397,3,749.9224778528037,552.7976532974814
F033,2025-10-19 10:52:30.763108,27.583077487486328,15.567085697255479,5.969222553763751,0.5120776141991927,0.6967296951905627,3,458.3984518843146,558.2166837087699
F029,2026-02-03 10:52:30.744422,29.477543136972802,49.01356559355748,6.279599375560993,0.25921695410699963,0.5527194103233875,3,579.2692342755082,525.0037786480078
F049,2025-04-06 10:52:30.748966,22.54994830454456,46.65135532131112,7.584489344352032,0.3053814254414077,0.8827416473203802,3,477.0997230731325,570.9881117888466
F050,2025-04-13 10:52:30.834237,27.765503699684825,99.06021642049114,5.986414822999136,0.7814884007228425,0.5793473377486187,3,499.1571860944008,591.9724184959226
F024,2026-03-20 10:52:30.756836,31.24705712166506,60.80506553471232,7.516676061360427,0.77582477183275,0.7313741156460022,3,652.9036847374134,716.6266113436031
F036,2025-06-04 10:52:30.783871,5.79868295918693,105.55113261184411,7.846715308138374,0.035538838630224445,0.39418953106837484,2,375.5809898640989,468.33414349210693
F015,2026-01-15 10:52:30.786444,13.570915295193812,95.10850639586337,7.372962695712847,0.421538591276496,0.7776146564849923,1,493.8447876682762,436.91588523826454
F032,2026-01-27 10:52:30.800667,16.939541344423894,71.57424057416007,8.165507792230716,0.4774404972419847,0.4880509338521804,4,568.3818499373496,581.2445270750517
F001,2026-02-22 10:52:30.784772,15.604285462772957,82.7772646656484,6.984732597512095,0.5752739419376635,0.8259572900033776,4,590.344536874617,564.8167997507119
F006,2025-07-21 10:52:30.784150,26.644448132517564,22.088033196032786,6.358642656482269,0.565480250988645,0.485480774808399,4,457.19028545957707,568.3437543603
F039,2025-06-23 10:52:30.820128,24.50652244700743,65.61464820248166,5.811742890058374,0.21547706071231226,0.31195966018340243,4,465.6484570052074,435.43470223904575
F010,2025-10-15 10:52:30.759621,25.974352555878045,76.06470619422512,6.374290179619037,0.4914256815237948,0.6917230362072762,1,416.450731480258,410.01987060653806
F043,2025-09-19 10:52:30.787529,36.17572931465327,15.678176332744343,5.537593894071994,0.4298366915504595,0.8724629587201982,2,315.65172982869956,541.9986887494912
F038,2025-08-15 10:52:30.793465,22.194771091694122,49.35640781872854,6.446061705890801,0.38749315438622217,0.4924597376218565,2,434.4757434931921,419.6506417253597
F008,2025-12-13 10:52:30.782603,36.59932118215518,54.23765655117728,6.39930945739927,0.32807413653278833,0.7681756257632413,4,429.7387456029454,571.0655217127189
F020,2025-04-27 10:52:30.763630,23.061254339088414,40.898618852167445,6.347049035797188,0.4135434278378203,0.6242136603809778,1,670.796876036536,471.6481976886775
F029,2025-09-07 10:52:30.761373,37.53923108855436,79.2348076663721,6.816589153066778,0.3591189146015287,0.448782884952078,4,634.5594494270407,555.3641961068148
F006,2025-05-12 10:52:30.810065,15.57842659113393,38.81280249533095,6.5864213146524655,0.6603075195730521,0.4196180754864961,4,616.3618575893356,510.29282171410387
F024,2025-09-22 10:52:30.755446,40.09433816825023,75.04918017949097,6.364404185202915,0.43072677461700065,0.8045691272248267,2,338.72854047481826,580.1873297439372
F034,2026-02-02 10:52:30.824284,34.51676868014455,46.65443857954061,6.06148052857912,0.44604235498353395,0.5829955704477698,3,325.09005544060244,546.8626932298416
F012,2025-07-08 10:52:30.832565,38.6704413681369,38.893945573612626,6.756435308862345,0.47946196516228046,0.7436068412022504,2,266.93518970090247,563.1111891085899
F005,2025-07-25 10:52:30.819632,37.31881675650257,84.75633337876596,6.016771242689886,0.5463602737215337,0.7356962082746551,4,485.30960288412035,602.753542149841
F013,2025-06-22 10:52:30.753727,18.335545512037754,21.473040735956328,6.230606689804233,0.5320423488932486,0.5327747942628487,1,478.7827755221542,337.0806460838849
F008,2025-05-09 10:52:30.803611,29.365292440599106,41.954361212528454,6.01626726130654,0.4557143105621659,0.5827291471899833,3,410.056706682513,577.5535473491516
F026,2025-07-06 10:52:30.766070,19.236376957553414,25.714447027283423,6.768006625939695,0.3554404885814566,0.5471135765507408,2,531.2979141250365,468.9146942986082
F047,2025-08-25 10:52:30.767790,23.43761766366952,65.72084264897644,6.729464272574178,0.4549562892535924,0.4402531350860178,2,475.647603856054,377.16452834271234
F025,2026-03-13 10:52:30.786582,38.06500536824577,98.37764724006965,4.835589629345439,0.5910540204265614,0.25875621249775277,2,737.544296893111,366.70707162133886
F037,2025-08-29 10:52:30.767377,22.9081369519102,28.573557888321428,7.2298932353998735,0.5489700031413914,0.47303833218350366,1,439.0838229284895,376.89114495048574
F030,2026-01-26 10:52:30.765176,24.93725754436105,43.817044984162315,6.456650242418459,0.4109544864490733,0.606150780125461,1,342.8037279857225,397.72558800913856
F030,2026-01-02 10:52:30.799834,31.623978814678285,48.46764492323627,7.0348963286087685,0.7234908431839725,0.2829495629486434,2,348.9696131133523,438.2996287113692
F031,2025-11-24 10:52:30.745894,33.943906740208135,55.257521990364964,7.134304139612766,0.47030148620801837,0.39446527364540385,4,510.7417796081758,565.8406834283343
F009,2026-01-26 10:52:30.768971,22.1851541084258,39.535929353748244,6.82296116832142,0.47998244551152247,0.5467159644168251,1,386.2006677489437,448.63965247537465
F012,2025-06-17 10:52:30.794683,23.32319870174993,36.277360003730315,6.428506723824821,0.46974280215168845,0.868291760394563,4,753.1807626851139,575.8480982757592
F037,2025-07-11 10:52:30.814960,46.11852605982608,52.276723062240364,6.660491279789128,0.6125968230269302,1.0956789725881029,4,492.6902058299449,682.8840530158345
F048,2026-03-06 10:52:30.795614,39.698418395867414,84.4471482378244,5.755324675493321,0.4814628622420611,0.8318497426123299,3,564.8045367228858,593.4057803028106
F041,2025-04-06 10:52:30.818533,41.5402133848768,69.21000685325714,7.56889171850836,0.5931935769796209,0.34252371927862446,3,510.5448142603828,458.9729625862462
F033,2025-06-01 10:52:30.810442,19.687770499792606,58.20755186279848,6.769307989344035,0.6637735816102298,0.4146968907991668,1,468.699914231456,333.92670850898946
F023,2026-03-30 10:52:30.776195,39.88951455985737,0.0,6.6160192975089025,0.35782194104064147,0.37793988815040963,1,568.3853566057387,316.09380872169
F032,2025-07-02 10:52:30.825670,31.55772762310356,91.04417299902488,6.759748060077394,0.6066990057870248,0.5535752453400118,2,475.61163455611984,564.2338328610067
F024,2025-09-06 10:52:30.790455,23.197518242424056,80.41436524891824,7.265506272635783,0.39449023257635696,0.6452349707212629,4,515.4655707365015,649.0582285021433
F011,2026-03-22 10:52:30.824657,46.216260551635884,52.7146787789807,6.282365348994297,0.26290013921080213,0.5734544693064498,3,486.09294535503193,569.6750741904887
F025,2025-12-17 10:52:30.797320,37.54646033269781,52.14353676937555,5.666139149603324,0.6215009003289995,0.6033873509178844,1,549.7343500086961,486.3949974971392
F009,2025-08-03 10:52:30.813831,32.0161817161812,48.25564655929195,7.14459389010462,0.5370881203637036,0.578732927873227,3,481.9813547173042,632.7706903507124
F046,2025-07-19 10:52:30.833054,34.97954851919144,24.36006298773049,6.480562677280041,0.4777685727223443,0.6423176278928213,4,548.1547581588369,612.6258709392496
F046,2025-09-02 10:52:30.772068,18.92883967122726,29.99991006806647,6.724791201729163,0.44080309498247705,0.8305669083412179,4,433.9206883109595,557.7343466708272
F003,2025-08-18 10:52:30.807214,22.357120707936204,40.4155685981837,5.830823336497126,0.33540410205639837,0.666326587295961,2,349.6368056071748,457.83583247309923
F025,2025-08-31 10:52:30.776223,33.02775483121448,7.894581218437466,7.291935461726412,0.7355739819377708,0.39854069994614577,4,408.95588642004554,529.7500583227139
F007,2025-11-13 10:52:30.756601,23.129029573295647,49.114867915483,6.1563905784086135,0.4904345172824893,0.6165996847423741,2,405.9940440975946,441.58752387332663
F033,2026-01-14 10:52:30.808340,18.92427161554408,52.237113232150115,5.628909659462395,0.6617426007310757,0.48989401648116676,1,747.4460791087372,490.9339004329084
F019,2026-03-23 10:52:30.751967,34.90651866662087,95.81395174064419,6.084897231970748,0.6231344433654389,0.6281230149831059,3,447.9348781638445,611.5122506301823
F039,2026-02-09 10:52:30.804283,29.705261308923443,0.0,5.998928902671182,0.5020647238280653,0.5817270919158017,1,289.86968507437035,358.7181351043473
F034,2025-09-22 10:52:30.809758,22.60234892041925,88.33905486715152,6.908703850264771,0.4178249007294542,0.26776777348145775,2,534.1392141471209,350.26337875017316
F048,2026-03-19 10:52:30.766559,34.635745238765374,40.337969162914156,7.987918489720398,0.555635163751223,0.6928684016383109,2,404.10587575992537,589.2719825787984
F009,2025-06-07 10:52:30.780200,32.45895216738184,47.4560467985965,7.13471973188441,0.5391473550263206,0.46663848766061206,4,356.8517933810957,562.7313614113377
F037,2025-10-21 10:52:30.741025,39.32409058258807,53.51747271392442,6.858887890964847,0.49236897589973894,0.5175055805637285,2,491.1158951340068,569.9945235336703
F031,2025-07-29 10:52:30.790552,24.583999442407677,64.71982426568302,6.728036548600998,0.6061597782827568,0.6470013276622898,1,525.3537376674112,478.9114597646474
F028,2025-08-26 10:52:30.785932,34.28686375017188,98.30876014972169,5.936752811656401,0.0840192330499196,0.6409930736701099,4,544.9171612827723,602.8767108215527
F029,2025-04-06 10:52:30.824214,29.040832506977225,75.53354812214309,5.8373290950989425,0.37614585261570405,0.46507983046238865,4,475.69253349465896,539.9089026102888
F031,2025-08-20 10:52:30.757977,25.434495501051178,91.1708305828194,7.053963196818234,0.19201328785927424,0.5471377817260793,1,370.13775613794945,365.10560219691206
F024,2026-03-15 10:52:30.793269,18.62948186079437,51.459909714811765,6.677379195755168,0.4902161253686123,0.5519781180424653,2,327.89749672135787,452.0186781586622
F039,2025-07-01 10:52:30.753294,29.209239371330355,94.59280225794974,7.30280423180821,0.5521924996504348,0.5166633388956232,1,613.617646001476,450.3105566239251
F002,2026-01-03 10:52:30.805506,20.57391030904669,106.91871192399358,5.750299976889797,0.7143890579667111,0.6407798284436876,3,416.0591407981543,569.7598846257824
F003,2025-09-11 10:52:30.785587,17.695370242149416,30.21798749347632,7.12016523809886,0.552783077726031,0.7118554724213435,4,507.33923219255155,599.3315666304177
F018,2026-03-28 10:52:30.751949,28.340144590369135,48.05970036632879,6.24117801516679,0.5846353561044828,0.6592131948017926,1,306.18976676252277,407.39280652315085
F012,2026-01-05 10:52:30.756670,21.34818539178234,41.32209570483073,6.590655493319888,0.6041054254461214,0.7745825426574877,3,547.108397683733,552.2662795391379
F016,2025-04-18 10:52:30.802115,25.375612288838344,33.406965513467995,6.229453198732947,0.5947082133197288,0.6490623298464593,1,561.7655016375729,443.64919639783545
F001,2026-03-09 10:52:30.810698,26.49481254864527,25.700097681888813,6.325604024237372,0.5848895988063272,0.1653391586257914,4,363.9538894276807,499.85351469725197
F027,2026-04-01 10:52:30.823482,26.448898132423952,34.27483237693269,6.451307076291262,0.24135660083983745,0.5404651632810856,2,585.1939261992819,373.38285207537666
F015,2025-12-13 10:52:30.759691,24.171883232949533,54.41454332732222,5.411325635045548,0.642079443221132,0.5639374798479927,3,443.94902103555006,516.1370510896195
F041,2025-09-25 10:52:30.754996,22.162618061740805,95.87417471976863,7.466661659820501,0.5411891648659357,0.507595029539837,1,605.8572937369975,446.7638848810562
F027,2026-03-31 10:52:30.790496,25.282550989264795,32.24837443463498,6.721849455115157,0.5242609628138486,0.6059323763704728,1,474.61338402488855,379.3284317043412
F040,2025-05-17 10:52:30.767456,16.825578643299338,50.73732168654506,6.247139989371334,0.5370635527166815,0.5223975065180763,2,313.53102217732953,433.1610611791985
F025,2025-06-12 10:52:30.800571,23.54406096755263,74.26778898389493,6.329111758804738,0.28111655189607654,0.5540526733169157,4,460.04146708037615,548.3370334588959
F004,2025-09-27 10:52:30.744803,35.7452939423339,20.401312053798186,6.532160127154952,0.692559665492334,0.5905159724464145,4,577.5310029545922,622.7032994234703
F004,2025-07-26 10:52:30.830221,24.322533716027415,94.56402509367811,7.501310054511225,0.5993877528931884,0.8835005294767293,4,393.3887850905311,684.3880197552945
F029,2025-11-20 10:52:30.778578,18.72790097280692,40.89928811176077,6.630315401155493,0.3721804948960043,0.7171312272198619,2,496.276739887331,423.10849703174193
F028,2025-06-16 10:52:30.824200,22.908181430837118,53.58801514096032,6.779007516426923,0.341244297494652,0.8115839937491579,4,273.71149799068166,663.3667117253344
F040,2025-07-13 10:52:30.763205,26.050593234950107,31.46662101866228,6.678378613875861,0.381270450788582,0.6848874647105165,2,639.905982074044,541.6598972129254
F050,2025-09-28 10:52:30.801808,10.468484463418434,99.1535308576605,6.448989318422188,0.7825185881130303,0.5160725271098451,2,422.9347333768689,421.3373556545625
F029,2026-03-04 10:52:30.759082,18.914265417530803,20.801465328966717,5.454279252715343,0.5727139789524132,0.6341702389806022,4,398.09351604423443,601.5092330607679
F034,2025-04-06 10:52:30.809056,17.515653698347755,30.33627497717106,7.033085538681923,0.39377032950768664,0.8873895875914519,3,381.9277164807525,529.8793456842509
F003,2026-03-19 10:52:30.782524,15.086921527054644,9.438494368871126,6.478643748258227,0.6362696487274841,0.6800263174394348,4,373.3659416178292,606.8727474907902
F038,2026-02-20 10:52:30.830006,23.943295110493253,71.50837914807434,7.217981138859933,0.6956768204720358,0.7129465701422011,2,603.6865311098969,616.1332480762941
F003,2026-02-08 10:52:30.739831,25.877486598954924,22.029129899814563,6.561167559682077,0.47464375792009195,0.595862169365966,2,622.2225750575865,491.78498112381203
F013,2026-03-26 10:52:30.812924,21.66665021381572,81.49721897939173,6.360212108612593,0.5967631847643725,0.9031598846928237,4,534.2613885358015,625.4078790551633
F013,2025-12-06 10:52:30.822587,26.838751706780844,54.30252069868341,7.025373961030703,0.40918787341829027,0.72720803778368,4,429.8868538329249,523.3979079175663
F007,2025-04-19 10:52:30.814536,20.014306946687,36.043779875205615,7.268778462802768,0.5102198692815044,0.3396696332780654,4,540.7978809047876,540.6731879661442
F003,2025-08-17 10:52:30.818701,43.26468556679399,40.33335442690466,7.388756883508482,0.5407110740640114,0.42263385966598976,3,364.9824277186382,470.01908238062214
F040,2026-03-07 10:52:30.764617,27.31055962120757,58.182429559961335,6.116377602803938,0.561011076651188,0.6442012702030396,3,539.6534950310855,536.9534000898552
F030,2025-10-01 10:52:30.763066,26.33501829450276,62.456074734025364,6.615590478815652,0.3771246047444984,0.47427171925196665,2,410.5094807415871,440.1115224044018
F020,2025-11-22 10:52:30.762927,24.966647369374012,81.06316612062938,6.3973866300306055,0.6683873293003241,0.4003698412785315,4,736.5807627900431,581.5122366346828
F038,2025-10-01 10:52:30.783898,24.332513806915138,66.3658540978956,6.967574602691128,0.3920466564124606,0.711501223396181,1,526.6751421666366,448.19768190914846
F029,2025-06-03 10:52:30.774166,35.28451959862983,35.16796228630813,5.679896070070614,0.382852835471845,0.5729757470748793,4,538.7998025178505,632.1571199647908
F040,2025-09-09 10:52:30.793492,29.532623723172588,52.5743612032654,6.651095485031354,0.5396239202414492,0.7263736866719015,4,389.3172638724914,549.5210628306182
F012,2026-03-08 10:52:30.833346,6.275507290162462,34.56516320970237,6.889636358222448,0.3395163724770824,0.240596864753223,4,740.2425992165183,428.10803001332584
F019,2025-09-14 10:52:30.785808,25.375869635898546,24.271758633550423,7.131433391053494,0.3940411122012274,0.739096099423874,2,634.8349178677739,439.72187867792195
F037,2026-02-09 10:52:30.745976,25.704433940866405,15.994235844383837,5.538924609721043,0.4219446398402815,0.650213092228863,2,493.0016897616539,455.5212947784969
F035,2025-11-04 10:52:30.815633,11.978300911877126,69.49087092001692,6.43094159040741,0.7390533333253398,0.8073525258937996,1,704.2859525390252,497.32719624609626
F010,2025-11-20 10:52:30.801049,27.31002294231889,10.252292354422096,6.160130095850259,0.5324543794402509,0.1791869364619269,2,405.4984820252833,353.2969768996471
F039,2025-09-20 10:52:30.764603,29.33000564350397,77.59680210950637,6.953018334273366,0.5897263388877604,0.5280876553848642,2,381.4516648106984,559.1790248664755
F029,2025-05-30 10:52:30.828952,33.760216123941674,8.182626184306422,6.305785299829023,0.6444902316631618,0.8167698317886208,3,453.63980650460593,587.0036217896959
F041,2025-05-12 10:52:30.764631,28.760630152005692,35.55771104140293,7.4749672873440245,0.6801096622016566,0.4824209953998988,4,462.71859425414726,586.0062470536714
F040,2025-11-14 10:52:30.825091,21.86277331253598,37.628895920909684,6.121697539884009,0.42286736209506365,0.6036632739438209,3,457.01960076922046,490.5152509669249
F024,2025-10-20 10:52:30.754764,21.649385362769266,101.92856208807683,6.553934979125383,0.7821636275509888,0.7213735923987917,2,487.71139883848565,598.1575772671694
F039,2026-01-04 10:52:30.759258,31.31439062225237,103.9064348473042,6.835558863655659,0.40899603857090117,0.5601618712118057,2,367.52967221782717,558.4676729691167
F043,2025-12-08 10:52:30.777931,34.64799717952215,44.262533504504034,6.467532629069932,0.4398427568515298,0.3739180604586381,2,429.6359177539975,372.35872658617274
F038,2025-09-24 10:52:30.822239,19.45449850598113,9.568428290939515,6.855913213711428,0.7159979855361704,0.5044770908427849,2,697.2135549247137,485.1782494031123
F021,2025-12-13 10:52:30.796199,22.563798429285594,57.212245073953085,7.3825389561972115,0.4456062663099328,0.9529812995164348,3,480.0743766479921,504.72790678534307
F037,2025-08-27 10:52:30.821526,29.6250510661243,43.77662656495863,6.748647516600097,0.3523107073052233,0.48457110560483924,2,657.3879880088958,451.494125182464
F032,2025-12-14 10:52:30.776321,19.042459630228706,1.3758616344241545,6.281074138423041,0.37235159093337855,0.7408388671469366,4,692.4956593498912,577.7953938672892
F049,2025-10-10 10:52:30.789397,23.09058639864984,36.40635421252012,6.0689133343092285,0.49318114912316763,0.5463539555154227,4,625.9278950675666,631.6800088443647
F048,2025-12-06 10:52:30.763317,28.154391992893814,51.91902921580201,6.737712825793263,0.7639743778857351,0.5153100394468899,3,643.9389126495614,542.830402726264
F050,2025-08-23 10:52:30.746155,35.86266425545877,95.16649811083441,6.481134815313489,0.5742192582152151,0.7279221836970712,4,539.4906180884688,675.3519069822473
F020,2025-08-21 10:52:30.778424,30.09077236571769,46.06276177029151,7.20182570439664,0.6838316109813228,0.6535402620719227,4,526.0005383265888,551.0173684890182
F005,2026-02-28 10:52:30.792294,26.119108130429353,66.80408196645737,6.893869347680971,0.41523086919102925,0.30753627044344606,3,382.1108639609459,514.5527065906341
F046,2025-06-02 10:52:30.825175,29.23192769666629,57.924767356523446,6.606773714317473,0.6036048227398606,0.5519840123507442,4,441.8842564685841,616.2856924041582
F048,2026-03-30 10:52:30.786902,21.626335631664055,79.09409691160045,6.00813227918857,0.6028904083588066,0.4537073874892389,3,674.128363631531,442.4333795270505
F002,2026-02-25 10:52:30.764077,29.6699739092466,51.17534361110995,6.77775937705087,0.0670085068631005,0.7291406151002702,1,204.27119262409167,454.3548921853464
F031,2026-02-12 10:52:30.824243,44.866064619536694,27.964495527897615,5.771415385373797,0.4551816923546065,0.40366287593491,4,594.2276686869151,495.0620431407174
F047,2025-12-12 10:52:30.757153,35.45140308646222,85.9650276605584,5.880186115473177,0.2627823181098695,0.7533412472257199,1,559.7660932748487,397.58712818461106
F021,2025-10-17 10:52:30.801247,19.424853639583073,25.27312367545191,7.117344124862741,0.7335292358665667,0.6222010510449968,3,567.4512135608137,540.3255598425125
F043,2025-12-24 10:52:30.774362,27.956913690826685,64.53945857156828,6.161634128009044,0.5220630480086368,0.499269422710319,2,416.0646691298612,395.7476249814997
F014,2025-11-01 10:52:30.760377,13.730837956516664,60.361088649534295,5.812805290262622,0.435099522134451,0.6865040761070121,4,492.2718829596951,658.8458359280072
F016,2025-07-11 10:52:30.772752,22.21936440862835,64.3588487816329,5.901324814045187,0.6972759594496543,0.7260938531744686,2,748.0770303717215,485.4176542982771
F009,2026-02-16 10:52:30.790943,31.435867258113,62.35112815652277,7.187094311278886,0.33078338005043706,0.4952130439698265,2,545.6651801380083,408.81569377547453
F039,2026-01-24 10:52:30.783131,37.16267467044313,53.65211143133738,6.692946986877215,0.6302352448860256,0.8642439137007389,2,368.63546919568154,524.2743544698883
F010,2025-12-22 10:52:30.787069,25.37235169396179,101.54647852713194,5.905196326506441,0.5687448344206049,0.6850877669407878,2,317.350818147694,581.0933983099446
F032,2026-02-04 10:52:30.761417,18.51163720160914,28.743273907994134,6.191310088070839,0.7762760451921051,0.5977997452184199,3,546.694873912749,501.99048311177074
F040,2026-01-20 10:52:30.790677,24.819112536596005,52.14785350759753,6.120028391604398,0.553494028001947,0.633304832139943,3,463.8685900537437,560.1080343502174
F014,2025-10-08 10:52:30.745655,20.21942377150183,76.98214079868022,7.279459695007826,0.3897536887780213,0.576516383157516,2,482.88261766749713,449.04110751788494
F042,2025-09-19 10:52:30.754243,32.04032512618008,48.13998643081734,6.789379207403269,0.5813064591772998,0.641476502242886,3,748.9252687790147,512.5641907265561
F002,2025-07-01 10:52:30.751565,26.993194589945272,68.8365463018765,7.2186024036340966,0.47696065854812464,0.3164720125321778,3,525.9996189003799,512.5960996856772
F046,2025-10-29 10:52:30.814382,28.34584291321467,68.54097229275105,6.483736902161069,0.2454923581114536,0.86998304523911,4,619.2191175650977,539.6891456370952
F045,2025-05-09 10:52:30.833040,41.40390998715078,0.0,6.063002895105369,0.431081235509848,0.727573315761809,1,559.1889876156304,455.65648247400065
F007,2026-01-15 10:52:30.743182,22.654000589503834,90.30277615908231,6.945396230068528,0.6469417240220062,0.4941005360728917,4,493.82082580538105,613.4976884925213
F038,2025-12-23 10:52:30.832947,22.49619366126911,94.86774132090838,6.845987008964583,0.44550371368303354,0.29404871785635095,4,541.9806719571466,506.65040028764514
F036,2026-02-11 10:52:30.776378,28.67052108414546,23.698113579255864,6.668909727966363,0.5250405036105581,0.7689843790921931,4,578.0828873313973,586.1115968762028
F048,2025-11-29 10:52:30.748952,10.155115648798414,41.401201250270596,6.26952660097011,0.49808080987687664,0.5157921943650928,3,372.84681829444276,541.220490169148
F018,2025-09-01 10:52:30.768233,33.40335054572364,48.1489353074664,6.644914859462643,0.240420879268459,0.37560059546047,4,342.81143181060736,465.4587307482058
F044,2026-02-08 10:52:30.817168,32.90018209694347,22.223227765758995,6.440727769096268,0.4238041849819165,0.43139359109792996,1,529.8023369817531,354.3441181638041
F021,2026-02-07 10:52:30.787919,22.89670460627335,52.76602457679716,7.592318563202767,0.5864069659563063,0.6357976442205161,2,541.264016073405,521.4386961171556
F037,2025-09-24 10:52:30.786749,45.16471578149759,55.21155356374443,6.527639393380173,0.7678336277102433,0.6690810735941395,4,260.55319128434184,627.550440286785
F044,2025-10-09 10:52:30.781564,18.731088535819328,69.87874230265759,5.949975974024792,0.35229402088562684,0.6586648214153775,1,651.5319236812271,423.8088188327285
F025,2025-07-02 10:52:30.739446,29.108768396196293,19.97983935068645,6.550704083647821,0.5233482814888453,0.7816858936736738,4,475.28757039455365,519.1283250245458
F039,2026-03-06 10:52:30.756330,14.18863020312244,17.030058753863663,6.295726362668948,0.1739108013928511,0.7087724061556714,2,485.41020019027934,401.345046361181
F044,2025-05-16 10:52:30.827256,25.490283773094205,35.202927841088204,6.717502186254578,0.24527711718902834,0.4688798532208883,1,564.9589512876578,352.323193662895
F009,2025-11-22 10:52:30.792350,29.353703333559977,57.80701105115294,5.649475826134904,0.5410603727753651,0.3992591546412633,4,325.08315729143305,579.0648253873637
F013,2026-03-04 10:52:30.740696,28.51025512104397,36.7139841447194,6.613256246898944,0.8407329816492638,0.6396575089531148,3,588.9558054701616,591.0245540291559
F012,2026-02-25 10:52:30.777445,12.368471392255016,24.71630740331304,5.8991691581074654,0.7215534104661396,0.6890997511100672,1,443.6405485404423,433.6709788415328
F029,2025-11-20 10:52:30.783774,29.67031265746232,50.094914975513554,6.51570675753212,0.44197926458041636,0.5685971440897628,2,439.0346160730588,497.4690275585334
F007,2025-05-02 10:52:30.739885,23.899532505603204,69.23437416972504,6.881348797392908,0.7469783810061242,0.73373780112457,1,462.120433222744,488.5223471763066
F010,2025-12-25 10:52:30.760320,14.960069384788037,70.67538873363469,5.810295163625557,0.4607469984526649,0.548522632230994,2,392.3124623726392,334.51586672066253
F046,2025-12-25 10:52:30.749639,9.822665162592692,105.50297898048711,7.050890678034155,0.5642984440980838,0.5158328825659158,1,609.7201851214262,440.7697625756272
F042,2025-06-25 10:52:30.809869,29.81865059141775,23.81990082253016,7.061519103890596,0.5095613750323996,0.7441886190354526,1,427.76620256915044,535.7593887129517
F028,2025-08-13 10:52:30.759065,11.800284816258126,3.147074025023713,6.490918010452808,0.4267849864136126,0.754415323107625,2,471.3657203593162,374.9717050549251
F050,2026-01-12 10:52:30.772168,17.899014356066502,47.19453721630268,6.982531261436715,0.48120663033348104,0.7059728454066778,3,373.02879330994404,587.5914607471221
F027,2025-12-10 10:52:30.743585,39.02464033435798,64.28977813211384,5.906309922477594,0.374027496588779,0.6103490774945463,1,518.4671551887664,401.94607559130725
F027,2025-09-16 10:52:30.782101,28.280336970454904,77.12148479902658,5.965625036275808,0.5222756852820809,0.5952339631184871,1,613.4181749449808,338.07653741875873
F016,2025-06-28 10:52:30.785766,24.29186093344441,30.736814794240424,6.150613487732683,0.5887370364359201,0.3886373534492539,2,584.9633785402418,479.6788245315917
F034,2025-07-27 10:52:30.769453,13.48442140241174,52.95607296098918,5.10001545591325,0.7039942638537738,0.5135847409305523,3,681.8076969536288,522.1951474059205
F033,2025-06-01 10:52:30.749458,27.063289684003895,50.79141767301279,6.002631523330415,1.0144963227566999,0.7834808427969773,1,573.3238270055384,553.9262772131854
F035,2025-10-01 10:52:30.789201,28.34623874560107,0.0,6.867590337373918,0.6562065360185214,0.5570066025990622,3,516.9035672746444,459.2099029994382
F010,2025-04-15 10:52:30.809420,23.9403254545646,46.6948559619205,6.815286280786102,0.6342291459451739,0.6321189935852143,3,551.9292192833502,604.4434252482577
F038,2025-10-01 10:52:30.757029,35.430142554300446,53.456950628966105,6.1137182425616095,0.5308240213913551,0.70047719657779,2,367.8060505716603,543.3324778445228
F019,2025-10-18 10:52:30.816116,19.342666445902374,68.04851468081812,7.193918709492342,0.47033532118313187,0.5910603509412465,1,356.24985963278345,443.6071233334911
F003,2025-07-05 10:52:30.802680,34.39227230806474,21.276558294078036,5.7395201346899425,0.49950473314705207,0.43154247152723346,4,512.1152028193478,564.3690630318689
F037,2025-06-01 10:52:30.819380,29.810127382225684,36.37755049675893,6.787373912209956,0.5612553067076447,0.5584633782540676,2,436.9275938925646,499.68093400733113
F012,2025-09-14 10:52:30.793092,39.48953351998384,62.680367023569175,6.408865089296574,0.6488174397214425,0.6642486380415505,1,511.90696872291034,453.33266368660975
F047,2025-05-29 10:52:30.760846,30.187782012119623,101.67726618088213,6.098087526501703,0.419243857346641,0.5991347090126493,1,503.38771108844116,439.44161337215814
F038,2025-12-11 10:52:30.812426,29.900170998922057,82.37025560405075,6.733037130942068,0.25591548731545577,0.8799963390907188,2,623.5008981853352,595.5396971289186
F031,2025-08-08 10:52:30.803060,29.65387681377389,77.77103427527649,6.074531309917431,0.4870150599765214,0.6638864709168821,2,528.4884809515198,493.87587589641566
F032,2026-02-22 10:52:30.799063,28.187498371951698,74.66310360454526,6.572345682943772,0.4432589173137086,0.4168348235608037,3,400.9698168127129,529.3318361873016
F035,2025-09-27 10:52:30.778706,12.520904477549658,51.64593351634494,6.764833824520227,0.541127641136237,0.19447223968865268,4,575.0983319376642,401.855542978151
F040,2025-12-23 10:52:30.818519,20.670962226300894,23.733985710001466,6.985177540716271,0.5350897034426512,0.5862701935793362,3,522.1738764914955,455.9345648750604
F004,2025-05-17 10:52:30.807228,17.055262241907716,108.09388490137104,6.000172162874352,0.6507725948421086,0.8966179423343736,1,369.74018957919634,507.4935930048894
F041,2025-09-22 10:52:30.817126,23.67291357572369,49.30557072290104,5.9878432048666275,0.1983820763894037,0.6135557930341546,3,530.23644309516,530.9187882810787
F038,2026-01-29 10:52:30.800748,52.35963233631047,32.269886115573556,6.916983786844269,0.5826207572278241,0.6359566920037306,2,676.4355737859634,558.1747259511327
F027,2025-09-14 10:52:30.793311,31.281436016138926,39.134987037144015,5.76480156682313,0.6054236508551671,0.9396818743260494,4,719.4976531372893,689.550654088724
F039,2025-10-15 10:52:30.780626,23.919724237646232,62.58215935800863,7.197347720285649,0.5751203439760204,0.7426405537801642,3,412.59623540822923,544.2577934477255
F013,2025-08-24 10:52:30.783513,21.36270329138405,90.82986626529893,6.375421852009944,0.46758445990573977,0.5235382644753275,3,528.9804677029784,481.0995909760128
F007,2026-01-13 10:52:30.819660,14.173525722531144,67.77548912416273,6.735460221114242,0.6537666038312673,0.846986875633112,4,282.11378106310883,576.5745461564849
F046,2026-02-03 10:52:30.818603,27.92830464586462,57.58078902489462,7.315676972847508,0.5214054987801555,0.5065918008192577,4,449.40277181739157,565.4321291555597
F032,2025-12-03 10:52:30.740271,23.393459144045107,46.912343321485174,6.734157362749911,0.4075392786285491,0.6672609899044257,1,491.7690429832051,319.81780552715986
F023,2025-06-09 10:52:30.771654,28.879478175038965,55.53238374186575,6.847128992325881,0.5551241023117697,0.6645448161357227,2,365.98197128853934,440.4795327742718
F015,2025-08-11 10:52:30.766847,18.971683338536845,51.67518571246612,6.543834967797485,0.17064870123105896,0.5017028381174568,2,395.04160881429254,362.89067138352385
F016,2026-01-09 10:52:30.784288,36.822783991246695,40.63149745352143,7.283041427911671,0.32767154842178636,0.46952009041438336,1,592.7759503941372,468.0502301955827
F002,2026-02-27 10:52:30.796836,22.17405025070571,41.043344675500535,7.265332090323872,0.5455195633754465,0.6082157455054037,2,394.59085523648105,530.3594024312295
F047,2025-05-24 10:52:30.771225,23.684256962015347,73.85988172919872,5.929252128765314,0.6133290836586668,0.5981882639709076,2,745.023385395309,474.77302249645777
F009,2025-12-20 10:52:30.791645,31.68245230358699,74.10522602923231,5.998726079470652,0.40427719773963366,0.6142715261416614,4,656.6687489939292,611.0020833546589
F011,2025-06-30 10:52:30.786388,41.26289691010036,81.99862427742403,6.752257795508804,0.6489719759375834,0.6154169921846311,3,485.28183769054004,545.8824512873349
F030,2025-05-12 10:52:30.807596,13.995890077962036,97.84531231451327,6.478282097449203,0.7268596248088366,0.7072478995077448,1,340.74314089323934,443.5982924905126
F011,2025-11-18 10:52:30.764909,20.241820904129447,96.8595296929401,7.037422703812865,0.2546198097095317,0.7062935251833562,1,587.5452064030029,377.4138839661716
F033,2025-08-27 10:52:30.790580,35.13613314519818,68.13000727171062,5.981379265663173,0.5660313864804701,0.6412922986343917,1,488.6676937840969,412.2830714813761
F028,2025-08-30 10:52:30.832780,22.652532750698054,66.00436508013476,5.820471460084564,0.3614180061784531,0.8180194440176678,4,422.0222216373034,620.8352270344963
F006,2025-07-21 10:52:30.806487,12.25919853435671,41.91227056365482,6.129833203592281,0.5652496428617503,0.7487585993738686,1,320.56288173922906,517.3699280538417
F016,2025-06-07 10:52:30.832619,22.465777954179153,7.972648136477922,7.508586054161674,0.4841665508310155,0.549013380476515,1,375.9194318683611,483.0210419714574
F043,2026-03-20 10:52:30.817153,32.18641486533942,21.23145800956021,6.665942887481785,0.2942169819698377,0.5994708207790825,1,528.3230025005048,310.5294436116369
F016,2025-05-16 10:52:30.749201,33.70328554237285,52.641250694750106,6.633031809736494,0.5300089694992994,0.6221626475168937,3,381.4843680139228,560.0816507811285
F045,2025-07-23 10:52:30.775798,9.277310379936456,0.0,6.008009303313072,0.7191065019246916,0.6445481382446824,2,517.6247975950131,491.4220888028252
F007,2026-02-06 10:52:30.798693,15.9006702708107,41.027694341177714,5.412568034431946,0.4211839467343571,0.884083709495904,3,507.3183613845707,500.00366422404636
F025,2025-06-26 10:52:30.828859,6.992327882036054,18.011294275060642,6.401014037979528,0.6193131618031363,0.500594730130349,4,548.1644731358016,526.5443108374996
F018,2026-03-16 10:52:30.755364,23.5322574449576,47.076630952337105,6.974180342568536,0.3199958482249393,0.8610406999091316,1,530.2089039647319,413.2612270185675
F008,2026-03-24 10:52:30.747688,23.897784784715462,3.123912680925173,6.724669100229942,0.43794999246726546,0.5771298438671437,3,332.282433068641,423.3400435934253
F016,2025-06-15 10:52:30.815367,12.763175662632493,44.77025095079595,6.209713151073216,0.5976441470456958,0.554449810463317,1,382.15044766288145,455.66855206518846
F037,2026-03-01 10:52:30.792742,30.644486875810824,63.84760681564275,6.727445763272251,0.5565007023255489,0.49618451600108027,1,484.5647927878244,439.18442823954456
F008,2026-03-27 10:52:30.758701,42.276439746752985,64.98649822753143,6.354721259158371,0.37441094754658993,0.7800399714220789,3,530.3645222260539,620.3068453230306
F027,2025-08-20 10:52:30.785132,22.92090936683979,73.6229396350754,5.8558257612159,0.5334697117498045,0.8286688824953113,1,495.7305247767218,512.5896174933712
F026,2025-05-06 10:52:30.787294,31.602672721063044,55.25625509946771,7.7373440245936385,0.475337090237606,0.5212323968554632,4,590.8034931867603,631.5728292058778
F011,2025-09-21 10:52:30.763505,31.70166621504187,52.653713902230976,6.001379089625296,0.5818461725000871,0.39518799888106537,1,448.63339874267655,297.7460940928827
F026,2025-11-28 10:52:30.782084,11.763126321910518,47.971281587949775,7.254445067429469,0.6838288412569383,0.45404933496379773,4,520.5627714636094,550.9051603820174
F008,2025-12-25 10:52:30.798707,26.74451129943782,31.25260720796304,6.256784918131821,0.537319480989918,0.71384126791492,3,490.8678877875894,434.1117584201306
F033,2025-05-19 10:52:30.804136,37.93806623464849,41.74054394868172,7.095242963379626,0.6449923305904608,0.7639292146761574,4,386.65104430169026,640.3952264643553
F037,2026-02-11 10:52:30.804238,32.25274560685353,15.713506141848413,7.0597110812149975,0.12268877992150329,0.39371676511665754,1,629.3733555155532,408.01902949183494
F017,2026-04-01 10:52:30.743412,24.418998992156542,104.26359930550626,6.665941291348946,0.5576514374066552,0.4754345790871394,2,605.663797459945,439.2209110219493
F040,2025-06-20 10:52:30.795239,11.71104335491885,73.4280122976451,5.514829479970829,0.4848424523641297,0.7672282678314162,3,573.5454749218354,615.9786078179399
F046,2025-05-28 10:52:30.812553,32.25133204934264,68.01012663499795,6.542076228134112,0.4004356187468235,0.729926892834214,2,628.9013108932,450.63746077182054
F012,2025-09-06 10:52:30.774629,37.12627716075865,50.37924382126339,7.209972402134389,0.5849219673025406,0.6043790846831468,3,603.6389328670773,592.8578593778492
F047,2025-06-20 10:52:30.809939,35.81592133875469,16.184159287608082,6.0778638165456655,0.39764544370436283,0.7545978553876815,2,576.0771338077111,548.3346926992658
F010,2025-11-22 10:52:30.770707,17.810415881585712,51.05671216749324,6.368052345178651,0.47658298002564203,0.5166480612769729,3,632.9071496828667,548.4886471528026
F003,2026-01-19 10:52:30.788625,29.780430558740257,6.71452473313731,6.001754282997994,0.45938307181004256,0.4496593424293758,2,506.6092381393695,493.51603582581
F011,2025-11-05 10:52:30.830316,42.265344896561565,92.0386774954735,6.4996523221439135,0.6784073996458202,0.7840923958826813,3,615.5586456583965,615.5699345549647
F013,2025-05-11 10:52:30.808060,28.665387036838236,60.566989707356086,5.7539283184224095,0.5152593478860547,0.6219004336912294,3,524.0808872551823,602.1478808929803
F046,2025-10-18 10:52:30.815088,7.013972072178973,7.707646272914772,7.218722334157087,0.2356733217731845,0.39828321144106615,1,340.1063204633667,292.77552488008735
F010,2025-07-20 10:52:30.790258,33.98942958707522,55.65463661819895,6.170835369142047,0.5024165872728026,0.770265998918876,3,314.5171246221678,492.269496224009
F035,2025-10-11 10:52:30.768586,51.38355068209144,51.4699406906764,6.414045687376733,0.6439665967835838,0.5889091720892561,4,322.2842044413226,655.8367413508003
F038,2025-06-04 10:52:30.759240,21.75541591498753,41.45261622827201,6.883249728363963,0.9268165748206316,0.5018428326130469,4,444.0156411703268,671.0677300233374
F010,2025-06-19 10:52:30.819702,17.41562881414197,67.78556060935937,6.724267357876749,0.25103932569015236,0.6084910072314456,1,626.2448959560254,389.53825554977
F040,2025-08-17 10:52:30.800062,26.929197017956035,30.470115947626855,6.55553128481642,0.3040631244279268,0.8330006556197971,3,475.9509370812133,485.58921373921254
F013,2026-03-13 10:52:30.830343,14.69466596736243,42.5060050977274,6.6977775007602665,0.5586937405437615,0.8073861620514994,3,463.70457941782473,601.8017090933544
F021,2025-12-05 10:52:30.833512,26.815899934065218,10.681232296866945,6.72320281292326,0.43560711200174335,0.7997704128435379,1,195.85115674492772,443.24215869355425
F037,2025-12-31 10:52:30.775686,44.845978678845505,80.28841656694486,6.627995461055958,0.5100131870576632,0.7652279774674969,2,656.6173862414145,573.2543352718687
F037,2025-09-12 10:52:30.793451,43.53184991332053,24.344063022341306,6.3848143998516935,0.43076239715532716,0.4279020607047186,4,738.1988691805057,571.5574655376549
F009,2025-11-22 10:52:30.753651,30.28589495416679,41.462666012288345,6.608123957645221,0.6523366661967865,0.8618825559320102,1,446.3951540241892,491.48083266080533
F004,2026-01-02 10:52:30.760237,17.155754480810852,29.74107726213227,7.068246471502658,0.3346284261696274,0.8991697456519949,3,554.5689276653732,573.3852162042132
F009,2025-10-24 10:52:30.828266,37.90174073547295,23.22875924630768,7.027444473027227,0.4784022055696184,0.8567808745023673,4,505.1519954088655,679.9406000963307
F028,2025-05-05 10:52:30.765148,24.567118507787416,29.99114626652888,6.770303339162516,0.5638229384949878,0.4411448928808376,1,456.39083843230856,405.91051883947654
F023,2026-01-11 10:52:30.763672,30.41326691415292,43.72885106660358,6.639327426561331,0.5130475137140389,0.38289161516825476,1,518.5846804443356,327.1183194961868
F036,2025-12-14 10:52:30.752320,29.150331838166547,68.83229412683029,5.942420961790449,0.3046253247807811,0.6480170609764504,3,574.2932686475071,414.3017050323837
F009,2026-04-01 10:52:30.744874,30.471084547088868,41.26515510564866,6.274155897337181,0.6387600172782939,0.7591103628249142,1,626.9635137603733,422.21467828758483
F039,2025-06-01 10:52:30.741052,37.7970342962163,47.048213533102434,5.790106142275789,0.21820334643315326,0.815432473375346,4,512.7398941141648,643.4756859752451
F050,2025-10-09 10:52:30.744010,13.72354437835056,60.757922650593216,5.621782159672944,0.5886262922753251,0.3745228862679757,4,334.38722402893075,479.94337960639757
F007,2025-08-24 10:52:30.764147,31.434992583620026,44.83492894447946,6.367663956285023,0.5250628064649763,0.5492665585033412,4,517.9860691174191,542.5711764171745
F004,2025-08-04 10:52:30.755172,26.548192999141765,50.57410688866944,6.3690952309619036,0.43201002581229964,0.5889453225508672,4,427.90157481214965,514.6117755534351
F033,2025-09-13 10:52:30.745206,17.94921958015057,64.1441544492538,6.348090532573701,0.3776265660995769,0.5548067504754697,2,523.3337536610843,386.4136935973728
F003,2026-02-19 10:52:30.784106,25.490629795342723,0.0,6.117048995133413,0.5328396389391347,0.5561684368608492,4,403.4028971023249,547.6065764608207
F012,2025-04-19 10:52:30.750653,21.14972715913634,0.0,6.759592468252659,0.49331102008530187,0.8706224396767466,4,515.727466933363,654.0687749170269
F039,2025-11-14 10:52:30.796563,31.725544752488343,23.921747590279157,6.1737594086695955,0.3615781123863497,0.5120728322371929,4,471.75841320466526,601.5589487389656
F009,2026-02-03 10:52:30.786361,32.67557234618289,86.51060727992925,6.710168195453322,0.5419787134527482,0.8645222370881788,1,410.27934383219133,483.30558824815046
F035,2025-06-04 10:52:30.806106,31.983691321045168,74.07088827575282,6.48555665469367,0.47512344775223964,0.3226782950183059,3,449.0313779936821,538.5262808144658
F018,2025-11-23 10:52:30.817503,26.276423621330775,41.411302684748975,6.4262364332727895,0.30921234577242873,0.5386077326685492,1,415.97100112377547,409.707763701726
F033,2026-03-25 10:52:30.821471,28.82000509364504,66.23142431547973,6.391287135967498,0.5821120795173954,0.7467154883970835,3,391.74739249832567,530.5262071988716
F003,2025-05-27 10:52:30.761852,19.63266985564403,44.730357506972936,6.614029560277265,0.4224215659739479,0.5895802314033494,4,539.5140037777733,500.67112087947316
F011,2025-04-24 10:52:30.805663,30.76817236932046,51.083749500139604,5.858654610443099,0.4596967872935375,0.4054340003016399,1,597.4849827224939,407.34998165561063
F012,2025-10-01 10:52:30.821878,20.07913232253035,86.17021217441791,5.456505340222089,0.3145612641110721,0.5764571765707283,4,397.1656948865396,597.2757030911504
F033,2025-04-14 10:52:30.771030,29.567525123062666,118.43630469620821,6.713926565110622,0.5455960128926151,0.7426653088180876,2,454.68243693229846,495.4224307498432
F004,2025-04-21 10:52:30.790174,35.90495225446824,55.50253990431484,6.362905092730784,0.6907103456516637,0.7514652001577881,4,551.4565879940415,519.8891504126524
F036,2026-02-07 10:52:30.791324,8.050527095136633,86.62059536992192,6.025112518773509,0.41874854947652806,0.7461849566094872,1,408.0850490082987,430.41584463112935
F049,2025-05-25 10:52:30.816535,13.644592071863249,50.22927083877831,5.695242004657031,0.507573039471971,0.7718825687271199,3,503.9145987762253,487.99636470506164
F039,2026-03-13 10:52:30.821554,9.993301454950808,81.96558776537182,6.605090085729837,0.4946182872590216,0.5819425012594291,4,412.2941909644161,552.0169655311715
F006,2025-08-23 10:52:30.834356,13.365100679218752,76.96196805491125,6.782301365710754,0.420953984416457,0.8112425847603585,3,543.6896423674121,503.61559466302776
F026,2025-11-22 10:52:30.820645,8.277521041327272,73.42517675364743,6.213114818197361,0.2984376734606576,0.684329941813467,3,454.1501566864157,423.3871669057297
F015,2026-03-06 10:52:30.783541,25.711019948412517,34.81263612085556,6.821933927234462,0.6168960318169001,0.4130378849317504,2,401.84831660801194,528.3707758879565
F009,2025-04-12 10:52:30.739913,21.79452516580589,60.61821215416372,6.497012032250233,0.5128768109723922,0.8091329680981171,3,631.1462145177619,624.9864720984125
F027,2025-06-12 10:52:30.740199,22.610427504719127,86.01998781062989,6.6470333784573254,0.29781758192593977,0.48047579394415885,1,456.6749932947533,362.62412285229743
F047,2026-03-30 10:52:30.751397,24.672599814963753,45.71332598100818,5.744516010564098,0.6557462869938907,0.22962743495867433,4,636.6479083935371,497.55722997616914
F017,2025-06-27 10:52:30.779420,21.546829352772324,28.37746940478712,7.2204113454045125,0.5007715622472497,0.44024316382597234,4,783.9335216995614,655.4184656209991
F016,2025-12-29 10:52:30.789637,25.01911354242138,79.8463765719995,5.343706694103636,0.36683285967153745,0.491816250925431,3,449.8848666148359,513.5187346476973
F048,2026-01-29 10:52:30.812617,28.575852726210616,80.23466713963322,6.588925687902473,0.6024230138122034,0.8906191282661164,2,443.58742039514004,560.5436056317601
F036,2025-04-04 10:52:30.751143,16.788231191955063,89.8114402891446,6.425088877625403,0.624873859520459,0.18799081622631952,3,531.198658699418,523.6031395544238
F006,2026-01-24 10:52:30.785628,22.424096251303947,64.41008974467191,5.6446657883061455,0.43295025932236325,0.4512202826008952,1,479.0769182783346,415.1115748903678
F038,2025-10-20 10:52:30.786763,21.783010242641765,17.755102395438286,6.454758556385378,0.4283004880234457,0.6809488167638902,3,556.038097788799,551.2734808117482
F018,2025-11-23 10:52:30.776125,34.91758404482676,63.82196475723994,6.482581943584793,0.3450231406399725,0.4496203876134788,3,618.1825879254314,568.6047796401098
F044,2025-12-28 10:52:30.787543,28.345739937449252,46.96917907775015,6.360039604105373,0.5760887757036769,0.3785594624746737,3,514.9355193704105,503.2221040453143
F001,2026-02-12 10:52:30.781672,23.951822184356754,61.34276176962079,6.582305602803253,0.5461401964585029,0.665572383883064,2,517.7276806113655,491.09761681428364
F041,2025-12-30 10:52:30.794310,25.94983152033211,24.9840799758355,6.436592594785104,0.2477935477452678,0.27883306355347515,2,429.9120300928978,317.5840378434769
F006,2026-03-05 10:52:30.783408,6.56936077988917,21.208011165924027,7.698771942072832,0.6972845538713118,0.5963586396375287,4,327.22623431503223,661.4266307440669
F009,2025-09-06 10:52:30.832525,29.784723484537036,111.3242443548171,6.660964027731563,0.5572322743189388,0.6765620990967124,4,403.714984104133,733.74164964601
F001,2026-03-26 10:52:30.814452,40.04098181803249,35.573675858565494,7.088205024988386,0.4055931569326121,0.6136088394801392,4,511.9760792672367,626.0530668305743
F011,2025-10-28 10:52:30.753679,22.576070961559,47.35132492001418,6.258984322716101,0.705597369536628,0.5879983216169458,1,605.0305210376285,523.7025471407657
F023,2025-10-12 10:52:30.775490,20.090252723178068,48.81626529961075,6.398485326556725,0.5187027274016739,0.7387759223787442,1,513.4881124381154,387.0937857968021
F004,2025-07-25 10:52:30.794493,37.534361665439285,53.70057784311348,6.181848062535867,0.624935778391255,0.4894308648010619,3,265.02830795337053,510.8596581481765
F010,2026-03-30 10:52:30.777417,28.63999495486713,43.78514009887505,7.118206767797366,0.5999411258361125,0.6435973320353847,1,481.98181258308875,385.93275875302385
F026,2025-06-16 10:52:30.828879,31.242321649595624,41.88949009840389,6.033008774056644,0.5070229688251086,0.5253340728647492,2,559.3475663328231,493.7741471732633
F008,2025-04-13 10:52:30.759592,22.494975246793313,51.456185899437656,7.046240470559905,0.6190100260570021,0.571923898875262,3,511.38432769605606,522.9570775225926
F046,2026-03-19 10:52:30.780769,3.9060667364577775,47.75480612861787,6.4351786843573695,0.39528340441756804,1.0215942185165716,3,451.80107468216636,522.2973552374558
F043,2025-10-15 10:52:30.812511,25.52618452043131,23.00099065503221,5.997115578935195,0.4740016234432498,0.29874413895052326,4,444.9546183851709,500.5308956410072
F006,2026-03-21 10:52:30.795882,24.01407425945893,59.098291208145255,6.5454564437784395,0.4816100304987728,0.4639200935222865,2,375.8250905256629,435.4800367137356
F029,2025-10-13 10:52:30.757938,11.143521061780238,109.51202056101951,6.28925033600459,0.6575847163803084,0.6641527830604043,1,669.073967544798,470.5440236616829
F037,2025-12-14 10:52:30.812412,25.446168342836554,58.62704243518208,6.652432010565787,0.5364471517239472,0.5857356914360032,2,444.2642986454347,460.16660501390834
F018,2025-08-11 10:52:30.818210,30.996495608271807,59.665101364940526,6.164149596545783,0.6077841639294971,0.6097301119612484,1,635.9381952690202,428.4275795861215
F043,2025-06-20 10:52:30.746059,11.419039321885775,58.02305453717502,6.636119165547739,0.5030823664667684,0.5382110018535975,1,555.810454254525,288.52096731366254
F034,2025-08-12 10:52:30.804150,10.552479723535223,35.32511946541156,6.671496161306246,0.34634262648354175,0.4937762779923045,3,575.5873353578469,559.0238251013545
F030,2025-07-07 10:52:30.804093,24.501421099921778,51.52940799235287,7.219593600355974,0.37270518176318035,0.6236522362978968,2,603.070730228045,565.5683767304886
F038,2025-08-28 10:52:30.791352,0.44633831622974895,31.63800456141247,6.310088677268496,0.5750953400272703,0.7151262868203443,4,416.30020707149185,480.07786359423005
F025,2025-05-21 10:52:30.830611,30.33195082337772,37.930717686503996,6.073646905561017,0.6616805012388124,0.6884922563382581,2,672.1071775439407,499.04467817533373
F005,2025-12-10 10:52:30.755872,39.41874054560775,63.86583146097479,6.1443921934207,0.3051438286358427,0.6440705009674231,2,295.2102339460432,494.4030914997316
F035,2025-05-19 10:52:30.831499,39.6788972623014,42.45496608515462,6.8886460405994505,0.5459040983907747,0.7056288985178198,4,476.3521056804543,664.7165770821168
F019,2025-12-17 10:52:30.813988,20.758250304412677,90.58886970343659,6.309638435923025,0.7695922688624,0.6924917924839837,3,540.8359022787021,579.4803546502554
F045,2025-09-23 10:52:30.787557,20.855515879586473,28.268278642909536,6.634200224164882,0.6805636485533391,0.48027998243526837,1,331.5496923357156,380.02370176957425
F016,2025-06-04 10:52:30.762083,35.03884590954199,51.305510791763474,5.690980576624477,0.28525075816482437,0.8713100664618938,2,406.80268940343507,402.70023584390617
F023,2025-11-06 10:52:30.778475,31.69046451315152,54.11734512596142,7.182816630153831,0.5339667109935837,0.7966992068533433,2,372.8001383466815,572.8085568109677
F014,2025-12-10 10:52:30.808074,30.27478722378417,93.51316472627747,5.914550911285744,0.5044368866559266,0.7635207157042081,3,653.7024732392558,582.8028638568688
F027,2026-01-28 10:52:30.786610,17.50007684693174,37.81038764826654,6.738517181123308,0.5250338720241575,0.6338616617304874,2,626.6179390130511,479.0486578281576
F032,2025-11-26 10:52:30.823552,37.69714199660285,108.62718390622145,6.470576418686407,0.4728702370537006,0.4906151380514057,1,446.7723302431409,490.4339771784521
F042,2025-05-01 10:52:30.797579,34.119752147661835,34.85895031434062,6.527282846382755,0.32184312472399257,0.6648475269291911,1,677.3921605297306,433.16167602770423
F029,2025-08-09 10:52:30.807580,28.198413660291006,31.046599862691043,7.6807377963123615,0.6955885913698177,0.6272477583255935,1,520.5287091810559,523.1893129647609
F003,2025-06-05 10:52:30.763386,30.69143318273429,55.37365398701652,6.401462104959459,0.30759906008705756,0.7607139076468707,3,365.17229384807763,430.8912475557078
F013,2026-01-10 10:52:30.788800,15.846044972374623,30.203048217902563,6.93230329616323,0.5777001442281697,0.36080527637324933,1,453.2200884617476,394.2637798427373
F019,2026-01-24 10:52:30.800489,26.16714213159101,26.528190532728104,6.597530030890741,0.43517979449806365,0.63475778702031,1,585.5822848461212,371.87364568321516
F012,2026-03-24 10:52:30.772458,28.79514846518756,10.474964607570882,5.678151830886158,0.436094778369842,0.6602100979636522,1,461.78659930914466,391.21769325246424
F017,2025-06-08 10:52:30.812980,34.139972535711266,102.76634710792385,6.6333270260616475,0.5595850314059232,0.8953636808295261,2,504.0569368495633,540.7779292953319
F019,2026-01-21 10:52:30.787891,30.62691859424632,63.398023907669014,6.381677400801174,0.39634799314449026,0.6272789581894475,2,476.9777479155766,490.4247775614595
F007,2026-02-20 10:52:30.817349,0.35480626889128786,92.2644452950088,6.159251942345433,0.6896007916966209,0.6863632963504634,3,405.52596275137796,475.28557674724834
F004,2025-06-03 10:52:30.812781,15.411852486323058,63.41553401202661,6.37437743898963,0.6325131733838145,0.5483064208012747,2,675.358875130715,510.4710410204167
F003,2025-05-17 10:52:30.793716,17.657317140384023,87.87608205540852,6.953378797209814,0.6668122355973467,0.8465446800839627,3,529.6612474760885,571.4101841337244
F007,2025-08-01 10:52:30.739182,33.420623495440594,66.72129498078154,6.893212169234313,0.505303596421358,0.4828434474318206,1,583.3788100129042,451.3650920882938
F038,2025-09-25 10:52:30.780612,27.2388425838297,0.0,7.478374843132785,0.4449200814904563,0.5690818201225847,4,519.5035228423812,604.1686601940295
F029,2025-10-19 10:52:30.749392,21.831624688527082,87.3146759188011,6.140781637910706,0.4922325315527771,0.5274304290012637,2,450.8828239448866,527.0410764107986
F044,2025-09-05 10:52:30.771183,25.514761089071435,43.26703391282276,6.913275450941962,0.5279319185577804,0.5827561529558146,4,698.7121135383665,637.1848821756398
F044,2025-10-25 10:52:30.798508,28.366065367370275,40.65760264528168,5.842024939927396,0.35271065965317494,0.6392449450027542,3,555.0032234792913,543.9537667769614
F028,2025-11-25 10:52:30.827042,28.903267336238795,21.82859064875084,6.907281849166732,0.5281080861925022,0.43491246958553453,3,385.0863748958576,410.95523598629376
F019,2025-10-16 10:52:30.791785,37.92855643790614,35.53695769539207,6.767931801079197,0.5214233133258845,0.4227695596909872,4,447.74948373344637,446.77362278802457
F041,2025-06-17 10:52:30.822281,34.05782859339521,84.75388330906438,6.750298375530272,0.5973013161577034,0.7003625060512163,4,481.5197458316795,657.255867212131
F017,2025-04-24 10:52:30.829593,29.578937110678083,39.51592643209436,5.570866046002476,0.6236063315922602,0.5548333716012775,2,598.5411074645631,475.670670829038
F042,2025-10-07 10:52:30.830873,21.407036004541986,16.51370015701051,6.590068409797294,0.4913921330330302,0.598194068625867,1,408.40368027338536,398.04636200973476
F015,2025-12-13 10:52:30.756008,22.4316501315088,46.83844743436875,6.9723413947467705,0.6908540892645894,0.8790094090755288,4,429.4958460994638,652.0065451857214
F035,2025-12-18 10:52:30.811174,18.120491437708253,34.515486243209196,5.5147138899076,0.39317244336097024,0.652937629791552,2,338.2080215912898,351.009860365953
F043,2025-04-14 10:52:30.776476,38.68925100869198,57.18936688301324,5.899663561856121,0.3599442583752003,0.4228221303917153,4,415.8309065020453,530.5709174005149
F025,2025-12-15 10:52:30.762997,10.917231200595186,107.49083053301717,6.7614920723490455,0.577123395434237,0.6689256855138478,1,546.2252018189683,380.65409384297465
F024,2025-10-05 10:52:30.811018,28.71192155291751,36.238568830339545,6.792544716784057,0.8656910960766658,0.3769769708419817,4,574.8331246888889,619.180753736367
F040,2025-08-09 10:52:30.770419,27.8081103647343,37.20456097451806,5.946550025030272,0.49790790018975506,0.6379116748290049,3,489.75805596544035,487.61682979190886
F029,2025-06-18 10:52:30.811088,26.877178470682253,79.41096768691668,7.040299809243332,0.5377476460201102,0.4721656981689038,2,480.2440142286532,530.2810079386765
F022,2025-04-28 10:52:30.773012,32.945836404202,21.573247170376796,6.990116875573286,0.6251094565107002,0.6426778772649114,1,455.98497389501415,393.3701340963204
F041,2025-06-25 10:52:30.815717,35.546798628001085,33.24059655809542,6.841401928958611,0.6392867551136782,0.5268342465231418,3,415.53122960920956,514.2131952572378
F047,2025-12-02 10:52:30.808536,11.579836670239088,85.31530082231822,6.346077242749653,0.3021522457068989,0.5339285908160887,4,557.4720217629048,545.6857487629638
F018,2025-08-24 10:52:30.780330,15.914379538516588,49.959741819565174,7.144917446807988,0.5376941541367503,0.7178250937765268,3,632.947853299691,461.0782067619598
F031,2025-11-19 10:52:30.821443,22.642504912935376,67.20390418707518,5.9334679515361115,0.6383857792645806,0.6572660544806903,1,465.7070451627644,514.1958408900637
F031,2025-07-07 10:52:30.756933,31.095226788968475,54.717172118875084,6.11876528780023,0.47317201600604153,0.6145663037611824,3,522.8099137314553,600.1801683664653
F012,2025-06-16 10:52:30.762816,17.521297665020334,26.244315843431757,6.771928614530177,0.42152257909016766,0.6557823589037043,3,583.6978056473989,502.058609398881
F048,2025-08-14 10:52:30.789383,17.61741016783298,53.099147125253396,6.8873002931299565,0.7292908552587525,0.6923979152222619,1,402.3102636677352,449.2131646014348
F039,2025-10-29 10:52:30.825767,36.08063305040238,21.036355256765262,6.220374749253291,0.46658886349256556,0.6295828220527193,2,410.64413175262746,440.37640403194933
F039,2025-10-25 10:52:30.806177,24.40657699841004,37.50024804715417,6.078136201536279,0.3889665447829236,0.4183423262167263,3,652.7932079142505,431.33091220927867
F005,2025-10-15 10:52:30.798665,20.336276555147116,6.0200978665288645,6.972762533010629,0.48824696578890875,0.4972010158864463,3,744.5704027508734,455.329270627235
F023,2025-11-03 10:52:30.742251,30.838529464296677,62.191479273540494,7.374720454506961,0.47821468948968254,0.38880365131492,2,323.58410996150417,444.6828769967535
F020,2026-02-23 10:52:30.827607,5.618119395995464,142.4085680932892,6.277597404688964,0.497480951339189,0.5301323842213382,1,539.3198085130547,448.20689338679324
F049,2025-07-30 10:52:30.739776,22.62452655192949,27.657750951369064,7.125779848388432,0.5335287954663219,0.5680691060688994,3,388.5262089856919,501.25184450360746
F024,2025-12-28 10:52:30.747911,28.364635959511194,68.33604392602112,6.294023643398731,0.6208948754395168,0.5272028196964194,3,514.5936276143435,594.3465573372235
F037,2025-11-06 10:52:30.759222,24.01562597453888,52.10683218744486,5.953441966156053,0.5399308777115877,0.7399843323498088,3,509.3182250635088,538.1519520460936
F034,2026-03-14 10:52:30.813357,31.600369560890393,28.260003023047016,6.32460915386814,0.5302602611477014,0.6291439327606226,4,390.56070923870584,563.7632876735452
F018,2025-12-01 10:52:30.831976,19.326240170110854,29.317031844707802,5.888349148204111,0.4232370756916974,0.5459781433632285,2,473.18243568379984,441.41142454509327
F049,2026-02-24 10:52:30.825216,24.08632576835788,58.23246176968135,6.335394268708367,0.2952274373243301,0.3294916381537974,2,558.8707869150614,311.19251318992366
F033,2025-09-20 10:52:30.777040,19.342210894414023,84.57869456130386,5.288496875469635,0.22480183626548073,0.3488568533585156,3,443.67955738370324,438.769194592522
F029,2025-06-11 10:52:30.803033,23.565110918820626,14.83140244170206,6.745003315175242,0.3438821437664972,0.656305505402456,1,442.5307614053348,382.11904097083806
F018,2026-02-27 10:52:30.743427,35.102535412443274,22.033657735472474,6.873988739755768,0.5336763141682533,0.6079525784892034,3,442.3517668478687,705.7929298452236
F005,2025-05-02 10:52:30.756574,28.020365770562925,50.92801927236832,6.492416592143089,0.705509467084999,0.3692700612235289,4,298.8023073170902,573.190264709485
F006,2025-09-07 10:52:30.777361,13.069775712060116,60.94149964102406,5.737464902941169,0.6043386647782942,0.8235981574047246,3,664.1928141071065,519.9283043481895
F040,2025-05-28 10:52:30.815703,27.93508083239777,58.79133593775006,5.6775379764611715,0.8732700907183748,0.3648544164089486,2,668.2136737907472,422.1390778516349
F036,2025-07-07 10:52:30.771072,45.521832280178835,70.15776105788889,6.579323368183994,0.22532076000377116,0.5907386934833041,3,335.6590395129436,591.7219915076303
F037,2025-10-30 10:52:30.745277,24.46597369375285,50.60803259344176,7.057328423209718,0.24013273705444171,0.5662663051873597,2,475.244070998432,475.5625156866616
F002,2026-02-06 10:52:30.766620,34.432292653153326,59.884828622809884,7.545580431151364,0.48487215669155903,0.5895355721614909,2,629.4701229493271,525.519485014996
F029,2025-12-06 10:52:30.765162,34.98895186556636,50.4103211386914,6.179877255561001,0.5141944444309264,0.3332208265183964,2,553.5444403534274,496.18497202304474
F021,2026-01-27 10:52:30.810977,13.72059269272536,44.28780088360794,5.7613859385023884,0.6389995544348639,0.9130148070404507,4,488.4795622755631,630.0962486870762
F041,2025-05-20 10:52:30.786804,28.792562848994322,72.9398529289461,6.820901903158739,0.412802370840195,0.6922354608164607,2,538.795520989168,552.7303957275059
F008,2025-06-09 10:52:30.823217,12.463888939843343,59.863871196634975,7.172333392828816,0.24266609139378154,0.5450058531503076,2,493.41140587447757,377.78649268092255
F014,2025-05-22 10:52:30.764244,29.861095705302365,51.31855012163574,6.45265931786515,0.5222270293352099,0.927879074953065,2,429.9280232152518,535.004334475511
F011,2025-05-24 10:52:30.795985,18.89961132538266,20.44350787287792,6.670854652536206,0.37006682019351866,0.7124124163582446,2,528.4377126024718,423.2314220146613
F010,2025-09-07 10:52:30.742076,21.765819049229645,54.10222195925783,6.322824796762689,0.5732595702416436,0.5775378450662448,2,352.21188628380287,496.9150241508664
F010,2025-11-25 10:52:30.753665,14.904316062160824,27.65048420277522,5.966908504035917,0.605739358944405,0.6516292944711024,4,585.9189524275165,561.5771805544533
F040,2026-01-26 10:52:30.760042,31.331043141462906,70.07731462315216,6.900446111007148,0.323515290285297,0.4305768566966887,2,590.9801131856012,519.4755472319429
F001,2025-11-21 10:52:30.812707,21.553898573796143,78.8730804217172,6.988327544087929,0.49146267213882344,0.6811499065944178,4,453.03525680579514,587.4171522683989
F029,2025-07-08 10:52:30.800625,31.605263525786306,28.366040009085435,5.922615420962118,0.6534111164710223,0.615491427538717,2,396.18228243219784,510.12719062363743
F043,2025-11-23 10:52:30.769633,15.682726895929381,68.48478979030934,6.138015693374568,0.555727974865186,0.7346202027229385,2,401.8947507369222,568.2122728311997
F048,2025-05-02 10:52:30.780816,35.42659255475636,71.25934620142007,5.3888931574431735,0.49684491956115207,0.49255348986245506,4,387.4916261194106,550.3422589650795
F024,2026-03-25 10:52:30.818294,21.914375516690363,56.274734972264056,5.979211964992171,0.19587084455930331,0.6219881347916111,1,636.5116822061805,374.3086828229883
F014,2025-09-09 10:52:30.821206,28.715601698639585,77.81326670488416,6.516435002586882,0.2772879760539648,0.6076486406343234,3,428.7004610540138,488.2743742637677
F009,2025-10-20 10:52:30.754559,17.49942858925748,37.38959899473107,6.811498892411295,0.27176717905588543,0.634896297744351,4,581.8183263955018,545.8977454063231
F044,2025-12-02 10:52:30.768737,28.38740869414169,59.77338246772334,7.733072263950824,0.4220921497321234,0.3844344459200889,1,387.78535163832163,453.21035949879786
F039,2025-10-05 10:52:30.774306,15.985568099916629,36.09162642876248,6.185457378713451,0.3087914325071063,0.7377100945195537,3,606.6217539604837,468.4093800813127
F032,2025-05-04 10:52:30.744465,11.83228389905108,62.01614670727861,5.867115616948215,0.5780529566702672,0.7361479723918918,2,235.3417419298632,545.9677965200328
F016,2025-12-06 10:52:30.818182,29.201584381348415,40.08160541657208,7.34682721430252,0.5209864811823864,0.7663794871108939,3,584.3624291504467,625.4757906694506
F006,2025-04-28 10:52:30.800995,22.949707652274178,56.76347341388953,6.100545236342255,0.4407239282747073,0.9031038709136523,4,514.7200190448029,576.8388520272558
F046,2025-07-27 10:52:30.786874,37.10340970888495,63.50525255082727,6.314299564795183,0.5083910787759669,0.5111604893723581,3,384.67460533952374,588.4249466282935
F010,2025-04-12 10:52:30.780214,25.21648130035933,73.43608795793814,7.0246717572475035,0.6161990088251006,0.646901831170833,1,713.9164788641219,474.1040205925069
F025,2026-02-27 10:52:30.768356,41.69072587635104,42.117313152689995,6.320760182569861,0.46184373739266626,0.6098932446155891,3,491.99255423939854,595.4526165847351
F038,2025-04-03 10:52:30.807710,26.120282354750437,93.4761026590789,6.035769677134961,0.7311596550910083,0.6192898810489869,4,536.2189521519656,680.8271071825832
F004,2025-06-20 10:52:30.792280,37.639827040487056,81.54243933501373,6.796244395387263,0.480307435051892,0.31696103752992444,4,610.6420100986178,497.5515231868515
F040,2025-07-06 10:52:30.798451,26.670004903665557,70.43416443655288,5.575151519472149,0.11187182646420374,0.6145354161275356,2,681.0681317480698,409.83102150664547
F038,2026-02-06 10:52:30.817783,30.80302739317351,60.87110643449567,6.81623346823773,0.5980244472846886,0.6564886771317335,4,577.9619340730179,587.8517819681663
F029,2025-05-25 10:52:30.785202,29.016558801709717,4.464388246567594,7.438858973561834,0.5296981953509893,0.8848825313258514,1,551.7299208040307,506.8369000581872
F006,2025-11-19 10:52:30.815227,13.642870405050424,34.69700596416453,6.611964481550248,0.5206586968547005,0.3537948587839272,3,584.7978446822592,440.86271645034844
F019,2026-02-14 10:52:30.784329,40.307604459170136,54.950394581526815,6.75850448113256,0.445249218017036,0.5652449752670646,2,537.5271382805416,492.9732309661661
F011,2025-05-16 10:52:30.766787,12.819242703045406,32.81861152097501,6.049235411745666,0.44744981368018316,0.6617086308745466,2,529.2304814740448,430.46592788812706
F050,2025-10-13 10:52:30.815850,28.869972279985255,60.218242805572075,6.255563313348737,0.5728526603333641,0.7957642988407012,1,454.4453052019235,508.492030313217
F029,2025-08-02 10:52:30.780486,27.835765694329307,25.70422534808258,6.280679389070187,0.45299531765413054,0.6388085975065338,2,429.7715692045379,485.79019995779527
F017,2026-01-10 10:52:30.761161,31.338887824854318,34.90589673917753,6.90127690570951,0.5131083466985825,0.6813259732849952,3,559.3521414105608,527.8000539223118
F024,2025-12-23 10:52:30.741584,17.97294439399218,66.79894193684275,6.773445484204091,0.3858848699336128,0.5200033754202715,1,533.0770578018738,381.2396163396546
F009,2025-11-12 10:52:30.803627,16.33245075027086,64.91225804836222,5.41364964849568,0.4091106658126589,0.7033495636053563,1,375.35312669702284,346.8463180311831
F044,2025-06-19 10:52:30.810599,29.46631607580319,75.27362708708151,6.901627744372692,0.540102120569194,0.6377933096677607,3,432.20501136646476,521.702567961689
F004,2026-01-18 10:52:30.785601,31.007731216430223,62.8172208454648,7.353717045673328,0.3546975610946538,0.6355728342793351,2,461.35469133913284,517.2232756357331
F039,2025-04-18 10:52:30.822953,12.265294507722029,90.89274059051847,6.7893282275708335,0.2463484899134869,0.7896748359444214,2,445.0694725413231,525.4232800613588
F006,2026-03-04 10:52:30.793007,18.72559645970668,67.96166611705189,6.081707501533161,0.54266492440083,0.858887339965624,3,504.01069344380505,526.3493117684393
F003,2025-05-19 10:52:30.771308,20.880364514324235,105.92173523476967,5.663425764129132,0.440600949659558,0.6694245471875154,2,559.3851938285749,453.4606487480321
F047,2026-03-12 10:52:30.790072,16.509382533418567,37.26143713350548,7.054564636148314,0.5401431831699112,0.4767984650817858,2,488.63811123744847,410.02986754618166
F042,2025-07-28 10:52:30.796616,18.809757590407894,38.927533052871,7.523943022605937,0.6449669776889457,0.7485329884452872,3,614.788330168069,625.610766678865
F037,2025-09-22 10:52:30.773354,24.935989962483916,88.48769251550222,6.760691456833293,0.36177490801682366,0.605205353133412,1,599.8597994167071,421.2172142849706
F040,2025-11-02 10:52:30.807031,23.845674714791503,49.715519258310515,7.308520608336169,0.36929269966864886,0.8408489228926499,3,338.70689549140025,597.2750194767303
F005,2025-11-08 10:52:30.821082,25.319268392361607,38.9280538973753,5.9104698289251285,0.3999749710242072,0.5758959247331207,4,451.6193686600198,541.3783067308481
F023,2025-11-22 10:52:30.806789,20.152008726644446,99.01709302792611,6.722032047241254,0.5111214087196828,0.4218001651951515,3,456.39150935191014,590.2917845972456
F001,2026-04-01 10:52:30.738974,27.925883653028702,51.45391316279059,6.397711875093776,0.6456491295323731,0.4395798968573689,4,623.2974286811909,522.1187397336909
F025,2025-06-04 10:52:30.775518,22.543681101995098,49.471152760259635,6.668030822238748,0.36945278235333434,0.37866987237280614,3,697.2303831524817,482.15132485765986
F007,2025-07-12 10:52:30.760986,32.651373008777114,96.27873490171916,6.845867694437051,0.28346389181661746,0.6921551423815127,1,487.2642933949243,456.6892317188767
F031,2025-11-04 10:52:30.831446,30.107604997888288,67.8148782472587,5.479393765549503,0.6864918836368138,0.7447250272610622,2,429.6589297287331,543.4897044354439
F033,2025-11-25 10:52:30.833734,23.68392751065438,48.57125160224568,6.359817122963736,0.6414828157402694,0.44695171359942554,2,694.3001756305661,399.3307240937214
F029,2025-10-29 10:52:30.824939,39.778051918243605,36.58892204546611,7.068874984856466,0.4178517773252316,0.6243203209293254,4,563.794186528828,640.7928792126374
F047,2025-07-03 10:52:30.745416,13.106787630542247,63.00833304753307,6.380420728002867,0.540276203979937,0.49191522276014743,4,526.4953552562544,564.7202434037378
F045,2025-12-11 10:52:30.815074,23.206939428673902,45.8196676239014,7.0489845146652845,0.5215243092286294,0.6066548927270519,1,423.0687990121266,417.9128566028469
F023,2026-03-31 10:52:30.815466,19.608564661501617,40.43501286292811,7.3517553217194775,0.6369399821530299,0.6921173016704191,3,690.8383013030023,548.3716916315891
F013,2025-07-10 10:52:30.769062,33.173563256459616,59.73488821335568,6.027928919113339,0.6607571376018645,0.5473408819299556,1,556.730173174879,503.42467172546003
F043,2025-07-02 10:52:30.796636,32.48819836378808,42.79311654597737,6.427348147200726,0.47187067786189996,0.6657506800535676,4,557.517841565277,571.149311592612
F025,2025-09-04 10:52:30.809631,20.230119997339607,46.813902329273475,5.5989789274567725,0.37363155346927746,0.6276133572223942,2,464.90758117950406,471.567213344285
F017,2026-02-09 10:52:30.751931,34.15282652745347,0.0,5.549304070650448,0.40119140809994175,0.6713292266956008,4,460.1139600352969,526.1775436682591
F023,2025-12-23 10:52:30.764370,41.06237442163851,12.564461736472602,6.464011121421841,0.40840729366916156,0.7443617123020569,4,592.5084056741398,571.4341727848805
F050,2025-10-06 10:52:30.831028,20.168343264526293,63.675688008396385,6.419658903322917,0.6529147585548247,0.5197285942766738,2,642.3551830182384,443.2851342619379
F001,2025-12-09 10:52:30.768838,14.883258278736843,22.36351290506165,6.455812547591562,0.4298826168304016,0.44446463467970665,2,445.34926060995514,543.3109554266032
F031,2026-01-19 10:52:30.777013,7.293741887872407,40.35613676791604,5.891497024210565,0.31907320153039265,0.5481485629348155,2,473.6767947833648,491.0941222577969
F046,2025-09-07 10:52:30.800858,11.132181957957478,61.65772275415647,6.194312417524855,0.6719373181054829,0.547637140859258,3,383.2164332270793,542.4767440247829
F016,2026-01-14 10:52:30.816074,7.237177202127459,51.49225041112725,5.929722696866827,0.30946819641956913,0.8867025871714526,4,581.6578294401244,500.28205553895805
F035,2025-08-14 10:52:30.801521,32.107025886146324,58.069763099445126,6.492659244958556,0.49801385504625895,0.4131413745639363,3,539.463482791497,571.3177631557655
F008,2025-06-18 10:52:30.812854,19.74013190927131,2.9006006864943856,5.676211972448636,0.3904034544293971,0.5331232156673547,1,282.79754919454876,298.50760125970663
F043,2025-04-21 10:52:30.809883,25.999515304195086,56.41666472470261,6.85928398185661,0.6134529579485,0.47164900589357805,4,642.6227888897247,531.3846998359759
F035,2025-07-25 10:52:30.822196,20.834801571421973,67.00031175755183,6.729780779664492,0.29093740740577734,0.5340995475085318,2,489.59880399227,411.0988558040654
F035,2026-01-06 10:52:30.800708,31.850600553874298,74.39084473116624,7.282329086941018,0.6540429252094586,0.6538184129822558,4,589.569518708561,577.7235963861657
F042,2025-12-25 10:52:30.793521,19.51572202224734,52.86667254512474,6.555541339798283,0.6689541768492593,0.8140551798906815,3,609.3179899671002,552.170200844901
F037,2025-11-23 10:52:30.831526,26.08815110118367,78.92111946325976,6.577223191701498,0.4532670900470327,0.6792874696117097,2,512.7600743268449,498.5074733143127
F020,2025-10-11 10:52:30.807451,18.568711327802827,74.98631624600989,6.5711684852726995,0.5812392751251593,0.6949510723781118,3,544.7050221584665,470.8359054020931
F011,2025-09-05 10:52:30.816702,16.12282896658008,43.361044003565404,6.583610594459023,0.36900855103077956,0.765378813237957,1,376.62928065501353,440.61910711056004
F005,2025-05-01 10:52:30.747647,44.92321307667511,75.58695654887313,6.4091792382972095,0.5485328914885607,0.8074270830395763,1,578.8042510047051,547.6249323905431
F010,2025-09-28 10:52:30.757332,17.38492106461148,33.06779035843063,5.888423957238528,0.6042415438141432,0.46317295889365795,4,583.7629758043357,508.4306994307293
F014,2025-05-11 10:52:30.758819,31.072484160399092,51.375948856202236,6.306844818269923,0.47106698338520536,0.7108478943772454,3,533.2125149813513,557.196267572293
F021,2025-10-20 10:52:30.819875,25.96476007569577,18.08817702470444,6.147926347249451,0.5411187325394387,0.4245640286255845,4,409.8761307379025,599.8079487089741
F026,2025-10-06 10:52:30.760553,22.086811519266263,92.192136996393,6.934953318038376,0.4203920984805319,0.5554155654495977,2,512.1064378934506,528.6344357935322
F048,2025-04-02 10:52:30.818631,26.33212297308417,45.039741100626834,6.199724250631236,0.755352327833552,0.5983823906680729,2,594.0956852665744,467.1593503174936
F041,2025-05-26 10:52:30.792092,28.072010876408086,56.217056161846344,7.500857147244855,0.8601305017454257,0.4702944660835475,1,585.9385074326034,452.57529545885757
F001,2025-05-09 10:52:30.749708,28.074952992576637,28.036628688598647,5.677591177942536,0.5705433832284094,0.6597189376638832,2,375.0412692693951,438.57995058257285
F001,2025-10-18 10:52:30.784079,31.885812173069514,111.867102317883,6.347046512816304,0.6289277520431515,0.49136875993704143,2,447.86187147898556,492.78773394474564
F034,2026-01-13 10:52:30.831486,33.009435039027245,34.15001697674781,7.2337478768819725,0.5692721008385813,0.7610581247565191,4,525.0768956012301,598.1356775478009
F048,2025-06-03 10:52:30.769707,26.972645608019924,49.97316962616748,6.64997797863227,0.11121818126491906,0.484643442521869,4,597.4972250229131,538.6419854556033
F040,2026-01-24 10:52:30.827965,18.21894965298682,24.987229937556705,7.170502683816649,0.8291612381161277,0.831605057920803,2,549.0913646602237,503.9740513381317
F006,2025-08-27 10:52:30.762730,32.738945595551,39.07974795517558,6.673906781038332,0.311559195273193,0.794349921853755,4,493.0647440634596,722.945076467845
F037,2025-05-04 10:52:30.820100,30.036117425427122,32.11626628612843,7.417866037695274,0.47036492213103454,0.6635381302994593,2,363.69319721072225,430.87031560318115
F006,2025-09-19 10:52:30.786320,32.21560589445227,50.10874078158032,6.189828775314042,0.48987375247147336,0.4524285379866766,3,593.3498709750276,488.9033594494891
F021,2026-02-20 10:52:30.785049,27.86667704654616,67.04103496616098,5.487698510765624,0.5251388753397543,0.7975270277726197,4,438.6846608630152,707.3830917891512
F017,2026-03-22 10:52:30.752904,25.69562221558675,0.0,6.794667505911083,0.740654999761693,0.5849890753134158,4,337.6772795283416,622.4208057845381
F045,2025-04-20 10:52:30.765414,23.699717368056646,42.11171170108401,7.180031067616779,0.3436353993695522,0.8486717220350848,1,581.5985745784101,429.67126351162153
F041,2025-07-22 10:52:30.775041,30.869796118149118,47.23083852164794,6.733982878101681,0.3031301896768377,0.7863642440162667,2,651.1752900370841,552.2279569140608
F027,2025-06-16 10:52:30.807551,22.587092686564866,71.32020216289988,6.157968651165926,0.48187937001814474,0.4102092629493523,1,544.0078992662975,383.7376352228184
F035,2025-07-25 10:52:30.793423,26.421133463332975,50.7059355173209,6.3535127240779605,0.4123646255853808,0.9851498212599912,4,559.9410721568238,604.694601749333
F041,2026-03-10 10:52:30.763219,32.25517390689213,43.60286159000449,6.319673253278401,0.4117360431209477,0.5722175643544001,3,415.8497199513825,497.8445516252765
F014,2025-06-14 10:52:30.793120,36.76097206400203,104.63204435336806,6.549795498244852,0.41757407447716666,0.5359019325397268,4,330.0955797867691,631.2210805559295
F030,2025-11-25 10:52:30.750107,26.17160453365548,97.24465956806495,6.162884682750068,0.45366111556020694,0.9861718968934335,3,514.1954665449161,646.5319316982075
F025,2026-01-30 10:52:30.801337,22.427338607187302,57.90325212212267,6.476852241995053,0.06983736145064273,0.34220079589910096,1,552.5790510766676,360.10942487766164
F011,2026-03-16 10:52:30.809434,23.05608137609381,74.4836422926592,6.092023081425351,0.31069271312445484,0.5518477385286721,1,264.58260727781567,341.18383039709863
F021,2025-04-08 10:52:30.782802,19.970679979746283,13.110903729769532,6.308021926955058,0.4805727212963733,0.5037853903670316,4,339.8865322413569,504.0593100958805
F037,2025-11-10 10:52:30.771086,32.590105639861754,0.0,7.338701607400179,0.46912852895646123,0.8016779559081912,3,577.577227135185,531.1186085955908
F019,2025-06-29 10:52:30.815409,20.70655199268727,61.38381988099492,6.28472697402169,0.6811004529647049,0.6329026512417193,1,611.9997530802829,443.60991219865093
F011,2025-11-16 10:52:30.756657,9.26612022592582,67.38213670404103,6.024944321267067,0.511707692836641,0.4106561805423887,1,566.1870530915647,407.8948719429265
F041,2025-11-25 10:52:30.817830,35.14338776517288,50.40427982290425,6.2468668127908265,0.5731040810377888,0.5174530624352578,2,301.84561750032606,368.4225136775443
F021,2025-09-08 10:52:30.824824,36.72835887313312,55.79457136005835,6.06261704582726,0.6029693644886329,0.6667289965495474,3,394.3032545524743,526.4575042232392
F045,2026-02-28 10:52:30.778993,12.148179446768685,31.220351655541062,6.35686300777359,0.5588068112400987,0.909084553590878,2,493.37295048208364,597.9625279097903
F036,2026-02-17 10:52:30.758069,44.53435794696696,51.875101472683156,6.930950766286661,0.48380200282959757,0.7526850561665254,1,420.5220983236194,531.222790473424
F008,2026-02-02 10:52:30.772327,30.95504918670956,58.86000735136572,5.591171952103023,0.49218201915055887,0.5926802539262659,2,450.8711717130126,455.15141318258577
F044,2025-04-03 10:52:30.741856,22.48907022096193,45.233614564912784,5.98326991206765,0.26308258993835704,0.3641917877970686,2,548.0482212943316,317.38629669872984
F016,2025-07-16 10:52:30.763574,20.11280209887351,78.74169606513732,6.701120328138465,0.4566576427421273,0.5191022863860019,2,480.1038983652413,601.9655672926219
F029,2025-07-06 10:52:30.747980,19.83561654482771,38.5487452880588,6.526678231258467,0.6587294698701416,0.6622002044686169,1,607.0000696343662,584.161552982431
F024,2025-08-18 10:52:30.774797,40.093184525389155,0.0,6.625236319162517,0.5152598406445339,0.5997001182239338,3,434.6240423264666,514.1871562383209
F030,2025-07-29 10:52:30.762326,19.748388411652037,79.3375369267688,6.192011493480938,0.3819130889084306,0.4346160866983635,4,581.8171025953465,581.6917704821064
F022,2025-12-25 10:52:30.750891,36.861651217676965,42.22121138037435,7.006675166786639,0.5068691106818854,0.40975117932999083,1,618.057024062912,405.4884331499579
F030,2025-09-07 10:52:30.822827,31.59687354046599,30.811177520098667,6.810784519458354,0.6185524092986183,0.7167075525916674,4,509.26921135130704,639.7852297806845
F046,2026-01-26 10:52:30.779009,31.939690915907082,60.458012816070706,6.4621566194879065,0.2565654905727728,0.7574807485072352,3,450.05984926794576,589.3896016088892
F042,2025-05-13 10:52:30.833934,38.143953338532356,46.165986662601206,7.2761985416192125,0.5395770732569418,0.5564673720507143,2,510.67658739548483,494.350988914916
F047,2025-06-17 10:52:30.769693,27.60693585753229,21.247241562782154,6.819926963097295,0.5083635516081918,0.5436749275655486,4,397.69731643647253,669.0452784250798
F032,2025-11-21 10:52:30.740957,34.17855628516696,43.09001237128995,7.592646418504596,0.4995699277451714,0.5740053450982474,3,526.3627261797237,433.48970910274016
F029,2026-02-15 10:52:30.741652,34.968702265070625,32.5527658923855,7.092714161622972,0.6159995504119176,0.5235169369718239,3,392.0220662259409,513.7720824782365
F016,2025-08-08 10:52:30.824755,20.321306812413617,47.480200544022715,6.6159281887952,0.2848380495194704,0.4122803159174018,2,550.5556490005773,438.5478168398625
F035,2025-09-04 10:52:30.799976,21.384318463030073,57.59219929105874,6.250686742028524,0.4663694334355285,0.9866969090346522,2,607.1544463720038,562.7182087609368
F001,2025-08-30 10:52:30.795758,24.62639512916087,31.79846776803136,6.2969322361701225,0.48200969507923286,0.38662804025228426,1,476.0354914973595,305.2066095214249
F031,2025-09-08 10:52:30.782161,33.771537079822764,70.84581531523932,5.088938819444741,0.6516361187916018,0.5560741103431269,1,333.42999167262747,381.5803473587226
F005,2025-12-01 10:52:30.796928,28.213551591042908,87.72503472469384,6.161925846850511,0.4438791441880785,0.6507025424930348,2,512.7598371781679,491.1730615877994
F047,2025-05-08 10:52:30.792179,10.785498438369933,28.73947690107386,6.374893803615845,0.46198929896769103,0.44897000258816444,3,439.8172958295774,480.31702005876105
F049,2026-03-26 10:52:30.806389,10.636446196971049,55.245851307795455,6.791641735804184,0.6710361072442224,0.5144040619980315,2,455.87964448892234,373.584841252713
F041,2025-06-27 10:52:30.798466,22.062743171270714,65.85169753866765,6.794246732660551,0.47944037971297715,0.9780551794619408,1,534.767566303606,610.3653233901678
F024,2026-02-27 10:52:30.774093,30.119835265205328,79.70124213664496,6.551919324247354,0.5340098250207781,0.7458810526014783,2,585.4539298854256,531.3682652974477
F009,2025-07-03 10:52:30.749104,25.000264763952853,54.22697699028876,5.368602851287598,0.5315937281131017,0.5076007122444897,4,592.1544659225048,557.5738450321442
F047,2026-01-03 10:52:30.770526,25.261483480955448,38.58591757525021,6.385857683521266,0.6374485749727623,0.4240074124279729,1,492.6586597581523,369.60946158268314
F036,2025-06-08 10:52:30.810484,18.78929224230423,43.478159027801844,6.672371928264267,0.46947614059916787,0.7495458135493444,1,272.4137034917925,416.0573117687426
F002,2026-01-11 10:52:30.818687,21.277435789594517,71.89472228010217,5.972414935794832,0.4781259417607183,0.6585020118267562,4,463.8824048089853,657.9781864281022
F022,2026-01-01 10:52:30.776181,-5.354539440593829,57.75654786070734,6.787639140201027,0.4860745616956721,0.3739524375454777,4,474.9770872409679,449.329527367308
F034,2026-01-27 10:52:30.829919,25.149833413270102,94.11828196862291,6.120640143207913,0.3890314839612049,0.5825031348814308,3,402.48220295625123,554.7647733408759
F030,2025-11-18 10:52:30.778595,16.970024645413133,32.55964717184575,6.243678428745978,0.7097004104830488,0.5311738534930336,4,417.46181928531576,563.3061619866293
F048,2025-08-26 10:52:30.762618,32.99818319729732,59.99236330004414,5.850252189609253,0.4683963668632472,0.6149722140779077,4,293.1084825552838,598.7405485880793
F043,2025-07-08 10:52:30.744648,27.928455971638176,59.19130567293242,5.918651154419313,0.4571906679767479,0.6163778996010312,2,496.8782136399284,430.15354117656403
F034,2025-04-26 10:52:30.796445,32.63605375144363,69.86967434008778,6.742322320840771,0.5867019410273409,0.8110849140161305,1,478.29387278302,519.125937688741
F028,2025-07-06 10:52:30.781293,21.88397720408243,92.37410221638126,6.6975537903855,0.617391103868747,0.4718545710138735,4,461.0680867889769,584.5599978499688
F028,2025-08-17 10:52:30.750080,39.5671436908126,17.477520899646706,6.063010618978366,0.6443704091808662,0.6444715335671667,1,442.20078305753304,472.96067375240517
F044,2025-07-09 10:52:30.815760,6.060192497146058,94.41307790913783,6.8453889117578415,0.4703410545850811,0.7167836441503559,1,522.0618208229612,340.25277254192605
F027,2026-04-01 10:52:30.754805,24.041648548053097,22.93154781546406,7.076803969802587,0.6431967693748604,0.780885062246367,3,505.84920465210024,504.50243945649964
F001,2026-01-17 10:52:30.823120,14.245010472811828,25.118172168729007,6.847154885553323,0.6275723342993428,0.532577012494358,1,645.3022164751596,484.01470670598815
F012,2025-06-07 10:52:30.826086,27.45577622797575,76.72605446577248,6.497550369367079,0.3258428868094987,0.5436392438271344,2,620.9190180422568,508.3920542292974
F029,2025-07-12 10:52:30.770975,17.906870366918913,59.23390359126367,6.872212309891358,0.47637713356131317,0.5270238469955857,2,518.0048378945056,481.3450538421003
F007,2025-11-28 10:52:30.818056,29.178855254138327,67.1824674219311,7.799438659979202,0.40345524331007754,0.3427941787787188,1,438.6925516534599,400.93043618199755
F015,2025-07-15 10:52:30.831229,31.092169578840277,62.630774577545026,6.818470911165171,0.3242898930904713,0.6608721262030226,4,454.0828414003482,634.0251943095385
F050,2025-10-31 10:52:30.760181,23.328143356778998,8.949521977327976,6.546940891604273,0.7697056506501454,0.3307847829008776,1,517.6785690502988,259.83239747280373
F001,2025-09-05 10:52:30.807186,20.085514636490366,61.67769019845383,5.946522312988303,0.4364975198053411,0.6509999035526693,1,583.0258111246425,424.52008724341727
F016,2025-10-26 10:52:30.826833,24.660122265542476,75.86398363813618,6.576101756857247,0.6358686030692267,0.39277673502766197,4,369.1057462274091,542.6568426308665
F011,2026-01-13 10:52:30.749131,13.82422036186793,83.14723239733232,5.90041148173284,0.24106312904858535,1.0041322369236534,1,564.7318311625919,441.2098856025607
F041,2025-12-15 10:52:30.768694,15.12096533633696,75.01077786023242,6.827713859388386,0.5458151447298074,0.3476522360319394,3,613.8492365942084,526.9233320223688
F030,2025-08-05 10:52:30.792644,31.40570033046358,49.63518490778743,6.9840399955753405,0.7942015379789664,0.6251566751525541,4,422.63171155736813,672.9006774338027
F014,2026-03-20 10:52:30.802087,26.346123183716763,28.0766127824122,6.503959526200186,0.20409934871498192,0.7910634325424654,4,639.4634896431129,555.2471179009492
F026,2025-09-23 10:52:30.806831,23.09153998133806,6.221680561701135,6.775571016436465,0.6929780835905519,0.4846252803333435,4,571.2190900315998,509.320261121967
F042,2025-07-21 10:52:30.795304,25.24964974735185,28.687682744664865,7.44109793238405,0.7355684131110574,0.5015591386000475,4,466.9682608542928,604.9865560460252
F012,2025-12-10 10:52:30.822573,23.139765233754765,35.325390696038355,6.9490089864018705,0.3700067884400816,0.6515950520598296,3,466.8731993830134,568.1205877060877
F008,2025-08-30 10:52:30.788713,14.91671427901094,78.99922895611269,6.578879842961023,0.5369094778790887,0.6948135430989149,1,498.5105574093568,449.8634254216711
F001,2025-12-21 10:52:30.800212,36.943205328431084,31.342711654794208,6.835104273872187,0.4704895988169322,0.6367883678825057,4,376.8284199700861,515.7894428449345
F030,2025-05-15 10:52:30.827069,4.945876493254474,14.928653101841668,6.680119401477413,0.5758342114831064,0.550357686553257,2,455.7942136253009,411.16543650978025
F036,2026-03-18 10:52:30.756290,34.9507369965111,33.591442421184304,6.13414758405988,0.46713102303683957,0.22752366528679657,3,405.0423430657361,524.4028524095392
F019,2025-09-16 10:52:30.829620,28.43563138530135,0.0,5.632490243718757,0.6347792925323965,0.45920039005921565,3,491.79571807603355,491.7949370582107
F045,2025-06-27 10:52:30.749625,29.36017038550543,96.93527300993253,6.872284781815625,0.4849503661239194,0.5136148915891019,3,518.4522155168593,555.446309580045
F029,2026-01-12 10:52:30.759886,25.675433350804283,56.979680828745806,6.604423695523511,0.5395162429217141,0.5153754721327635,4,496.98000603781986,633.2063357314606
F006,2025-06-03 10:52:30.807961,24.696202490309336,39.04872801930085,6.823003636128887,0.3555970079579234,0.6002316496296816,3,473.32724098365685,517.7806454322879
F022,2026-02-15 10:52:30.765064,27.626776557705277,64.67687264761341,6.412370216234356,0.6739180541248473,0.8490719833440041,4,674.7784846610285,679.590419569954
F012,2026-03-05 10:52:30.781853,17.857666934231258,33.37357060887091,6.6497180251065755,0.8525486795144682,0.6006418725150034,4,269.3804785504572,562.2493943284966
F015,2025-08-25 10:52:30.807381,27.30652614594197,64.43501290193687,6.090579444345541,0.44302540217742986,0.5623272597722777,1,399.9080383687186,477.90796164455065
F028,2025-06-02 10:52:30.803020,16.03339078497032,0.94899145358103,6.500422002766868,0.2772652998768838,0.42971179804747583,1,559.5273450018079,254.13468181226006
F018,2025-06-28 10:52:30.740045,22.799866155786447,0.0,7.546424500478173,0.2877099789676043,0.4154025588614725,1,356.6395575693882,425.30798221494734
F050,2026-03-24 10:52:30.800198,-6.808582830141411,28.91524820520655,5.242716567136625,0.31448708348527,0.6751915731622715,4,453.19148545676353,436.4648089578326
F044,2025-10-03 10:52:30.807087,45.41982223372154,95.53061484556974,7.098494530410361,0.5780365254436002,0.8582823218772773,2,583.6708862255142,684.4419416230479
F020,2025-05-19 10:52:30.776854,23.258691569481524,56.67691912963025,5.820440708705874,0.23667623127878384,0.3909385384396258,4,635.5321202117475,529.6029592527573
F045,2026-03-30 10:52:30.807807,31.415216220630242,55.324205639888056,7.288232380125084,0.4981577567088485,0.5598425386488892,1,522.5474067490989,464.50300585713825
F029,2025-12-01 10:52:30.827055,38.98221420524351,48.842016178613214,5.543329788223637,0.6451193006448268,0.3887313741937515,4,557.4714636325409,561.7443172183918
F021,2025-09-27 10:52:30.752001,24.33895681990861,32.775620057891814,6.2811688891774695,0.8419466010980782,0.525034797676841,3,557.6191468757851,510.6695169845484
F027,2025-11-13 10:52:30.759047,20.919392798968914,52.40004825867639,6.046960630290024,0.556497391644115,0.8623134035723032,3,713.0397079370256,628.3265346242586
F028,2025-07-22 10:52:30.766135,23.14856790464543,7.1672248412617705,6.4105440935216125,0.605450652923287,0.4055887784195298,2,420.22336411071086,411.0018946798134
F029,2026-02-07 10:52:30.819987,29.67597350427811,0.0,6.869841943720413,0.6303374957537888,0.5053907594050702,1,456.05488729896865,394.2065616125916
F014,2025-11-12 10:52:30.822601,5.499227630702876,45.36167851278918,6.53538607921332,0.5898527297079421,0.6305434355392378,2,678.5782437458065,435.9487250358742
F018,2025-12-14 10:52:30.778390,23.518685563479472,65.40986817002506,6.308729857928518,0.2908414389796732,0.34216814887297275,2,661.8405441972319,425.6225413443421
F041,2025-09-09 10:52:30.787502,38.37040109999542,49.62686458156359,7.030415354477687,0.7632166488539329,0.6590578953210614,4,418.9969070553796,548.885097683771
F008,2026-01-18 10:52:30.801022,31.743199934877946,81.8190945136154,6.136576260775252,0.721485312453439,0.7118497202652208,1,467.34963831705574,560.9693424100118
F013,2025-05-12 10:52:30.781060,18.969552331835402,64.1639797914892,6.478121845803577,0.7546117738128894,0.6680123781887857,1,557.4448878921816,433.5728915230226
F024,2025-07-17 10:52:30.784399,25.270591095488168,48.07015658490379,5.994486240809994,0.5924336119309251,0.4635775511514231,2,435.91195302520475,449.9864955120525
F004,2026-01-31 10:52:30.824560,17.66101047183272,89.77071606658404,6.544558651530737,0.5373412190937867,0.6144716697605352,1,495.169435725207,452.11575855551865
F021,2025-08-26 10:52:30.821304,25.388813334852102,48.99141608683343,6.328531712817764,0.5833535405549597,0.46298256078531397,1,609.7207669076737,513.4154971205763
F009,2025-07-24 10:52:30.810810,20.866950525230752,52.74048774209989,5.982371661624257,0.5650335269759804,0.8068370682739383,3,476.3983007831672,546.9860832851633
F044,2025-10-16 10:52:30.757112,25.809821687453745,55.63497837955744,6.068126557617017,0.5938440951893935,0.37047924782429653,1,458.25850632233846,355.07050025682133
F048,2025-06-25 10:52:30.745429,37.751337354806154,49.71291659639605,6.056610492572269,0.27865647451065034,0.8431938602058935,4,618.3832201548997,601.3245885418326
F043,2025-11-05 10:52:30.823009,28.76853735241603,83.94275270583734,6.0219220766048425,0.36988487495235434,0.35753062808732117,1,447.37364530394683,405.02104550280575
F006,2026-02-11 10:52:30.821791,20.554699857775997,81.46754566552207,6.60981442872307,0.5157610191587663,0.26348080301153254,2,442.94500420361084,373.42063303147563
F032,2026-01-23 10:52:30.801449,30.206290195954743,78.71821207774343,5.453477591367758,0.46709130693375195,0.3886229191798116,4,380.8071605098081,618.7593491334434
F049,2025-05-17 10:52:30.761769,26.562856813427473,52.848354468644224,7.164338056203284,0.5019970898764406,0.5652265069550997,4,549.740161898289,579.2632146036591
F010,2025-05-11 10:52:30.765709,13.669913207551469,26.83313412853429,5.885708757140133,0.5161910048016034,0.5879295510049768,3,574.2389306634161,450.4099915239934
F028,2026-03-06 10:52:30.825615,14.410814240918995,47.64955416815727,6.475103611373327,0.5527061680519049,0.5079199166586466,4,498.5422841103592,537.045202608416
F021,2025-08-05 10:52:30.776167,18.1917723402549,67.85904351904611,6.95683469428189,0.4941393516953167,0.5991506670052483,1,601.6080348091086,402.21414664203684
F030,2025-05-22 10:52:30.754846,20.00934966956983,69.84053023465844,5.9769731721587265,0.5173006781898732,0.5442745315421235,2,577.1487862635861,511.1587992271604
F032,2025-09-14 10:52:30.777725,14.95488176921958,38.69582932126119,6.67332391250399,0.8027759726932461,0.5291645217136952,2,402.8940267745023,452.06244740511204
F049,2025-09-30 10:52:30.760167,25.85636228470522,39.62937072878236,6.9059834497601456,0.2509235750849128,0.3973327022889413,2,614.8486039660502,373.3471801889521
F015,2025-07-27 10:52:30.790328,24.767007067020103,76.29476554157425,6.548989818457098,0.578286903481887,0.7674672525882223,4,496.2052226563371,622.452457801027
F033,2026-03-08 10:52:30.740285,12.784772409128294,85.14386581134055,6.3893814482272075,0.6499411158664605,0.4791661726626508,3,347.3310753531565,608.4653443571334
F048,2026-02-23 10:52:30.788537,27.337439821910476,61.680553215476735,5.925613023437615,0.5917022423867502,0.6032554604430277,2,644.3548009875747,427.5556080160619
F001,2025-12-16 10:52:30.808591,21.948671521456898,35.43996832169057,6.013187613699296,0.4115415775692496,0.525646335938292,1,495.90021275547,358.7551633318575
F010,2025-05-24 10:52:30.815283,26.571343346545934,54.104535981766354,6.7368221689995655,0.5148573833328078,0.6451119556160286,4,569.3962151750706,642.3751259214547
F003,2025-10-02 10:52:30.801863,28.239987945955548,54.51247334698386,5.973067118030739,0.6572290012945882,0.5857607701061411,3,326.6427856317538,558.9670903763597
F025,2025-05-25 10:52:30.829702,33.942845478168785,52.91622784113155,6.348197751497107,0.49946229328527525,0.7520452497806785,2,540.1270910330549,494.1073930964988
F043,2025-06-03 10:52:30.790719,20.221482151981526,20.392374048642438,7.411682528413335,0.6569248890837819,0.5499765777929612,2,745.7798911404095,445.63776120663533
F024,2025-12-09 10:52:30.745793,20.839489119194305,15.189557933574193,6.939619905337688,0.3189640749180973,0.596252019933119,4,442.00852352731073,474.4209993002478
F002,2025-06-29 10:52:30.822434,17.802645567894036,23.582662312768477,6.109828862756167,0.24259005231655673,0.380900616222491,2,476.91793810504697,379.0571694051697
F005,2025-11-01 10:52:30.770638,12.258441983846451,13.523495717770409,6.159888795337959,0.38788574356198147,0.5584052668134374,4,533.2719731919892,509.2764072010082
F048,2025-07-02 10:52:30.825891,30.45918404156673,70.5022154094839,6.400430188792946,0.873301097736363,0.47719631883064717,1,630.1690225119848,348.58822003211486
F031,2025-06-13 10:52:30.763783,17.561021514619206,84.16027827782358,6.526609704860191,0.35538271015849926,0.6766726344348051,4,461.41355972399964,556.143889065114
F029,2025-11-02 10:52:30.816958,26.164615432449995,56.96532970459468,6.411669656399631,0.5404508775977358,0.5144622223774207,4,520.0419364978712,564.7420291300486
F016,2025-09-21 10:52:30.764272,18.530765595355888,64.41097084437943,6.599016399354412,0.4753069770974079,0.5345386052318302,3,588.9706050438554,550.9861125990005
F041,2025-07-21 10:52:30.825795,24.735277495066324,39.09414976936682,6.556939972187269,0.41426862555995153,0.5407591295761641,2,456.52231125987754,428.48748647394257
F050,2025-12-30 10:52:30.784758,28.430522820894655,91.42945872503753,6.077223669122285,0.45801184999777833,0.6471752963634417,1,379.8085232498827,480.20394113752434
F040,2025-07-24 10:52:30.752389,33.01294359465877,50.39319730022112,6.953980164229225,0.5072176002970229,0.6574863347413245,4,595.0295963690774,608.4821782883704
F001,2026-03-18 10:52:30.746881,18.29421312265152,54.27614126785602,6.456037915452147,0.67590907167412,0.8198828140799116,2,521.3556828794285,438.6158532287018
F015,2026-03-11 10:52:30.791026,26.080108061763525,85.21706821512807,7.260224104181127,0.6885310214887145,0.6538540250437689,2,456.63692020082266,517.2449814011051
F042,2025-04-30 10:52:30.741092,5.67208099584386,63.920673597478796,5.916377783606161,0.4277143493110659,0.5055991923396123,3,513.714132719375,418.5925439251017
F019,2025-06-10 10:52:30.819104,29.65488875656577,81.9822298336661,6.238938883288877,0.3400654666622983,0.653908612870648,1,381.56852252357766,513.3157246741006
F006,2025-11-03 10:52:30.782572,20.004312041268342,73.64788066459946,5.809088070276162,0.6610459442393871,0.7415390190775217,4,316.5471056481495,665.3033958524343
F028,2025-04-10 10:52:30.761357,20.277786290485658,92.78906195357587,7.055314856389359,0.5093475925190383,0.7781102111636644,1,430.60985498355814,488.64360550038015
F033,2026-01-14 10:52:30.814904,6.374086554380895,61.83708868024179,7.8349224080963955,0.47593704209103393,0.6293267717108112,3,437.32670232330656,499.4206849030321
F034,2025-06-18 10:52:30.832861,29.550153336194874,53.56165666856979,6.8640332108413915,0.8518607179328019,0.6093893161302039,4,668.0105426886317,637.1533508103068
F017,2026-03-29 10:52:30.776812,28.70944537484663,76.29748192428619,6.597546337177957,0.39657819914053377,0.2910043394779575,1,590.9701037735235,356.34822878393527
F038,2025-06-20 10:52:30.787460,29.77039808612103,29.67794714546023,6.231870320075172,0.282242222849717,0.5465796905603347,1,600.9745613557532,238.7300099381742
F039,2025-10-20 10:52:30.757043,30.377177066825666,82.71373483342916,6.848840976941462,0.6141134383559379,0.7919673306062388,3,612.0550856107302,623.5405235642447
F008,2025-09-10 10:52:30.776686,20.764403454171365,70.74771472732144,6.42424159131586,0.3885498804045592,0.8265968055508564,3,420.28857377112365,529.5009025140861
F033,2026-03-08 10:52:30.796426,29.062306213968746,97.40383210100742,6.954558814616641,0.23207791853822346,0.636274974661247,2,561.8427871595857,511.9281532168981
F038,2025-08-11 10:52:30.768628,25.28274693366795,77.76022746680428,7.0137867429240455,0.475134077810454,0.593476734912916,1,530.3005651191547,432.9951471331715
F014,2025-12-03 10:52:30.797133,28.73621196287431,82.70588565510914,7.094452404013849,0.6262807056193758,0.4546474625394459,1,318.25368908816546,369.4897397243283
F001,2025-05-01 10:52:30.747591,23.497069297541056,18.127927723779774,6.749964311591759,0.5864800138639484,0.5760254860838044,4,539.8082940849678,589.8602322018924
F010,2025-08-19 10:52:30.746305,33.234936224947205,42.27646108688159,6.798115669041857,0.1871481502561323,0.7170001049940171,4,370.45747702811775,601.0000041508005
F020,2026-02-03 10:52:30.772894,25.50425704741343,79.77934127331955,6.7211450502540835,0.6774514865720102,0.5016734946940887,3,464.39003448664766,544.1968479644906
F049,2026-01-27 10:52:30.754402,22.278017493664905,30.914995175702025,6.751365910435115,0.33146774982622695,0.7109693322468679,3,398.5142382120979,586.2564644516863
F008,2025-11-14 10:52:30.819674,29.392255563950663,55.88521735846315,5.73599738456409,0.191629368739055,0.18795702524180302,1,488.0084520722171,297.9182408732639
F030,2025-05-21 10:52:30.824229,25.38777744113943,37.88007999322293,5.900981267262995,0.4983687573321653,0.758867231773017,4,465.10128533549,630.2167686348774
F033,2026-03-11 10:52:30.747339,35.081617737815314,91.9887452233223,5.524665315212028,0.26780247480298397,0.7745033573656002,1,455.0642784416473,416.24102611326185
F017,2025-06-15 10:52:30.800462,28.884808889827127,27.25590162296375,6.6713420400998835,0.2536184359986804,0.5190960748367742,4,479.883443250011,532.7819051323083
F030,2026-02-04 10:52:30.769387,24.949383627910855,79.87686621007404,7.633502350744755,0.6947491065412359,0.6380123466584099,1,537.1687600661375,532.0019217393383
F045,2026-03-07 10:52:30.805411,24.043508502497744,23.368027051531886,5.9916662314182965,0.4004196771689924,0.6065563461031699,1,551.0233859941297,397.25386149087643
F005,2025-06-26 10:52:30.823880,43.27852627958564,0.0,6.509615914528032,0.34173779451001185,0.6943768939708803,1,541.5995618363436,364.62353657807546
F046,2025-07-10 10:52:30.816493,30.682634616752495,40.498995779365096,5.811210147765871,0.48295138478060473,0.5227337111133417,1,512.4083424829545,350.3017799577015
F014,2025-05-19 10:52:30.792420,23.132465484494524,23.20230621883635,6.259095620184591,0.260328436684931,0.4673073933078875,3,577.3378933583488,489.26949591839343
F003,2026-03-27 10:52:30.764798,31.15588618658031,55.071293237822715,5.804311334517434,0.7859757775170754,0.5898091451359935,1,696.2377431216186,492.7333950631649
F039,2026-01-10 10:52:30.776420,8.539486381701295,85.44033943438419,7.230296647123508,0.5198700722721615,0.5781357143004655,3,387.17293647218753,509.1006055029128
F040,2025-08-10 10:52:30.748842,32.41219749157622,80.01341082304867,6.310280952183076,0.4734035967771933,0.5825696706019389,1,553.505727555596,554.6503417496385
F046,2025-04-17 10:52:30.831647,18.536431503853507,0.0,4.929910514469549,0.6458861326150891,0.5808604701747839,1,402.96068616145965,315.6834670327009
F018,2025-11-21 10:52:30.754681,30.38029972291353,16.87540366543147,6.746674977979703,0.5117532029418739,0.8017089207764709,3,565.7810949614102,530.1274179594373
F034,2025-08-24 10:52:30.820757,27.83704658615617,73.26704683574084,7.548036283310333,0.36521893412865714,0.3458757820373493,3,409.4595894998678,452.4138724374009
F039,2025-05-01 10:52:30.798437,21.920214400904207,64.00711179529242,6.857317118523983,0.7187708140902317,0.7307542605274548,1,639.8776982195694,561.6490321387319
F034,2026-03-13 10:52:30.766254,30.007596362628746,57.61151273600123,6.559351129122273,0.6091692305608527,0.7107413697399596,4,412.63652132071786,576.4701213157363
F049,2025-12-08 10:52:30.776560,36.60943564460682,26.026383629477607,6.646142483144181,0.5622018492919468,0.27833649748510586,1,450.3387288963171,492.5122101626233
F027,2025-05-22 10:52:30.808256,18.430430684078214,54.361613078000865,6.600528237431,0.23196572084311806,0.6365516045470998,3,559.8359222274289,483.60686534655497
F020,2025-04-08 10:52:30.824810,39.43468293613552,0.0,6.952319723251482,0.3693239658294276,0.5590223897153518,4,740.6541127811172,611.2002109135606
F011,2025-10-29 10:52:30.791673,25.491631441324262,38.80305176569361,7.128030110294436,0.5748176713598842,0.7973162446106443,3,376.65425358310364,610.3120699045439
F006,2025-07-10 10:52:30.741340,21.736992423832632,0.0,6.149884481776824,0.5133468546885871,0.39359678542951176,4,562.0182950133836,559.1682194663808
F046,2025-10-25 10:52:30.777222,12.27418896134226,58.80447315928395,5.839918721290602,0.49450994355824063,0.6582163105629587,1,536.1132080759646,466.28543415569516
F008,2026-02-21 10:52:30.794623,17.223461848731944,28.107274505437402,5.967261112443306,0.549250085670591,0.5669438760544595,4,394.41737406679283,550.3438379108711
F029,2025-05-18 10:52:30.808987,41.96537193171183,65.13654428376074,6.573681999364776,0.3942896528388048,0.5554753630365233,4,294.8725136475486,518.6638781445633
F040,2026-03-04 10:52:30.756343,27.063329356919542,56.18808652358974,6.26123511229704,0.4620927801209767,0.6318827592514629,4,808.2363919776226,630.5710992231838
F026,2025-08-09 10:52:30.798967,20.421270885406656,64.61466366165314,5.642053245482268,0.5004937639207356,0.7838344295790509,1,524.0466428592218,478.70494886878345
F020,2025-07-10 10:52:30.777557,31.696526768855943,82.37919491497746,6.453731393459853,0.6060863296919473,0.6569495663107349,1,279.5951764870467,497.7804515695284
F039,2025-06-08 10:52:30.820829,23.04635034615726,84.82067288655614,6.162038625391543,0.6967513680448204,0.491484871132157,2,594.115470709906,508.288096109302
F039,2025-05-23 10:52:30.743857,11.13641095966692,51.24311410894887,5.898455588946376,0.5490190387231098,0.5861489106611132,2,389.2389991299109,341.1062532165642
F031,2025-09-14 10:52:30.754090,16.8066577065521,67.23659732993092,6.425037684193372,0.5160502163752907,0.5852776481466475,2,527.5499495959775,437.62496954879975
F018,2025-09-12 10:52:30.796132,34.228051191162976,54.13948979575035,6.400341018362702,0.7892450651531724,0.8955154557918514,1,562.4557773603565,523.0045193487517
F028,2025-05-13 10:52:30.814834,15.797847017107342,45.78775051687416,6.417504052115609,0.7388677751694663,0.4735747541646308,4,397.52485009956104,541.9342013924369
F035,2025-10-20 10:52:30.786720,16.86917501510802,62.213069474259406,6.19568967097937,0.17604311431548814,0.5653890606549729,3,644.687923795392,488.5946424172296
F049,2025-10-22 10:52:30.822392,18.5502035508933,37.23535440611791,6.634533731230079,0.6413561073685474,0.46083731987713866,4,536.9335144081651,557.244013082197
F013,2025-10-06 10:52:30.790300,25.024493815970793,36.14307129394046,6.053813647875372,0.5785731921626991,0.8287234597348774,4,554.9538268503322,641.9498565391526
F002,2025-08-03 10:52:30.825949,35.21892087000369,70.78946779734831,5.768072154069479,0.800171551248506,0.8254435760513227,1,371.7639071837434,465.2011685800841
F025,2025-09-12 10:52:30.811033,28.741146239125346,29.244168571421678,6.303594684510297,0.6462624832354641,0.7055073311080475,4,453.1667388809164,567.6370957728343
F012,2025-05-23 10:52:30.814607,25.105108529600884,12.39244502454028,6.482388719117407,0.6132251769865388,0.9206865743867263,3,285.1232268954677,615.4816439422362
F014,2025-05-17 10:52:30.833374,24.997806359706495,57.52619119635149,7.189961630597576,0.2648383355593533,0.498928699797352,1,561.9031094681511,399.48640701546833
F043,2025-04-06 10:52:30.754278,28.690589921155237,74.35455480074384,5.862896971743376,0.5221404181367598,0.7449463875316112,3,466.6763411510872,602.9454826022431
F005,2025-04-22 10:52:30.778179,20.144880887263856,41.71067986907077,7.571838450035594,0.5466125289089637,0.5138339206814362,3,479.7165487181507,582.8671438197324
F036,2025-08-13 10:52:30.816353,30.601913197571204,22.93649187576377,7.081703696553866,0.5529917612084524,0.6971093990354814,4,515.3519329556672,640.7521483147825
F036,2025-07-14 10:52:30.822211,33.46558801388353,82.82286503422299,6.979721525492439,0.5355048690942878,0.6192537479756067,3,614.1194054547615,639.4832024455844
F001,2025-10-18 10:52:30.828132,30.256762506269,66.86941145819574,5.959122888362652,0.7426747972631011,0.42918100035340156,4,468.88030074216977,573.3045776858157
F049,2025-08-04 10:52:30.766574,29.091812097947145,73.52670226768228,7.379430321421362,0.6236425393334635,0.6594042203856036,3,453.36054225015283,583.8991802418307
F003,2025-11-27 10:52:30.829380,30.932537863022464,67.82926161809198,7.229505202196167,0.6650882481838466,0.784885684495157,2,464.00704113570896,646.8481855711054
F047,2025-11-30 10:52:30.806361,34.99372894067051,78.31391256825063,6.9886219442597675,0.26139333616340504,0.4737842687309896,1,264.77352744392965,508.2647865941434
F030,2025-07-20 10:52:30.795041,34.9923961586034,62.287016369404206,6.64215686830168,0.553476750939199,0.5221201181556163,3,484.8698367358931,536.5444433584476
F017,2025-09-03 10:52:30.828528,26.683233691161373,52.80206127082825,7.482751903973645,0.341723715152237,0.5037106203833444,4,579.6044819441687,622.9546687070547
F004,2025-04-12 10:52:30.807933,23.580849303398367,91.28117974713821,5.827713706245749,0.4370604220295043,0.7472247358274585,4,374.2853378885466,583.1197035072837
F036,2026-01-20 10:52:30.754927,27.268413946688515,2.171702857746155,6.0428348329997315,0.310297095928204,0.5306847464231167,2,616.6472548917543,493.5951772511475
F042,2025-10-29 10:52:30.816437,17.237797881489854,44.99575946845061,7.791769623649216,0.7500595123109679,0.583857095368327,1,351.9961258583371,464.59732199869006
F011,2025-07-07 10:52:30.821864,11.60993650316369,73.68760703676979,6.750667930482806,0.2926110136359481,0.6381757099783216,4,367.0837256893283,493.4122689035768
F049,2026-02-25 10:52:30.832391,25.518267185722014,76.0491613628272,7.186846488242452,0.5229368209008666,0.4629816419547782,3,548.4860585604811,593.0963610485472
F032,2026-01-19 10:52:30.830723,18.637214162224637,77.71750747311582,6.383324385177106,0.09663312986599498,0.6411584469440427,2,496.4725370382669,459.980061874555
F032,2025-08-15 10:52:30.754873,34.15998017606954,53.235273601093674,6.801388373117384,0.5712853254587353,0.3946562221358618,1,545.4750888314585,365.15410521315226
F013,2026-02-09 10:52:30.794701,21.156881468898376,75.81895479286582,7.14445502744992,0.4680816728248266,0.8250721035326031,1,395.61602694746244,526.1746677320638
F004,2026-03-26 10:52:30.790873,16.254089438218156,32.15639110164555,6.477342967730747,0.57230000021243,0.5203685707806727,2,424.0521434609965,401.0170715568295
F016,2026-01-01 10:52:30.826142,30.861612236773865,63.370065248948514,5.766682819590459,0.5251629501226065,0.8749971934971243,2,341.5642912876583,544.0178677856403
F013,2025-05-04 10:52:30.818140,26.632047282063684,0.0,6.56913724235778,0.45024173198521883,0.887408260120409,3,436.01996570949655,466.0480738467055
F022,2026-02-06 10:52:30.808888,12.71706906165834,35.20752056738509,6.965394605867066,0.3084183565285206,0.8920066869373839,3,599.778060304807,535.2889110609825
F025,2025-06-13 10:52:30.805917,21.011621195217487,62.698005264327506,5.419728687909389,0.6934017580029688,0.4989107166781209,4,263.9707723461115,548.4555904241416
F023,2026-03-30 10:52:30.813100,29.256428132988038,54.98862272028826,6.022562807527369,0.44626798680006574,0.5253705453825507,2,518.9906851738048,417.2799390554704
F048,2025-10-07 10:52:30.792193,20.978283100354478,79.86374878004138,6.388018417913456,0.5263500984832931,0.3984182321459939,3,520.8102586714762,560.8422253357589
F029,2025-05-06 10:52:30.816255,23.87918314925317,8.484760418617746,6.1398367340197915,0.4402678840082818,0.7227239008448371,3,480.66239983722625,458.39486744439654
F008,2026-01-05 10:52:30.762759,17.705965839369874,0.0,6.55014653577684,0.7852190725222816,0.566897214631369,4,362.8463752262868,556.7410324570308
F046,2025-10-22 10:52:30.761714,29.991281883689126,16.154316824909756,5.93781468473932,0.7817510930301613,0.5959710427920466,3,495.23734177920585,439.67910486878736
F015,2025-07-18 10:52:30.743353,25.131500624588092,93.78416369072187,6.4199720703244605,0.6349298379563029,0.6325270820892013,2,417.3934356473536,573.606519684198
F049,2025-12-08 10:52:30.784744,18.49206901166054,16.537969020514318,6.072605952983636,0.504437788357375,0.681667586740534,2,472.63424505009937,509.4867925160298
F030,2025-05-29 10:52:30.822127,24.977619872045494,9.593207734063327,6.175369678435941,0.3673167927781421,0.6253900481899237,2,529.7185054284344,375.76179776928683
F043,2025-05-05 10:52:30.783967,19.800991565825196,49.850236532496105,6.724569638521852,0.3407233363499994,0.4631830718117679,2,542.5442130553241,426.877879479948
F030,2025-05-05 10:52:30.754076,30.937368453823826,89.8619343951539,6.410264850071949,0.34297020676824896,0.4588820494774821,1,390.3749207989664,358.67742568175765
F024,2025-07-06 10:52:30.834692,27.417108867653063,24.930291434959233,6.553319926918197,0.8360229465486744,0.7741297188627161,3,488.50979515334654,596.3069621178855
F026,2025-11-10 10:52:30.790482,33.34914038082658,65.07025555283991,6.346353190482029,0.41581154588002034,0.5839824793063046,2,554.0218299805673,440.9631646968431
F001,2025-11-26 10:52:30.779156,29.93789861408057,21.487152044397934,6.9574062771744165,0.48345385080447323,0.5922853766369022,2,436.6452857624638,533.4198220036433
F029,2025-09-18 10:52:30.775574,28.545874904952285,28.748001491601126,6.176746789633914,0.49745189288293173,0.5829293419819847,4,426.4494357908679,498.79427807990453
F029,2025-07-04 10:52:30.806873,13.620820884439658,73.92998793765942,6.1603003273599075,0.5500938895061407,0.7235539874500854,3,497.1233654571198,497.1267440040458
F047,2025-12-03 10:52:30.743009,40.245780436432604,30.56862481775104,7.275287864719896,0.46335398513820975,0.4604991647867869,1,502.5029724375688,367.03404799581375
F045,2025-08-06 10:52:30.764688,40.12598066150495,77.85865112852116,6.303043224030093,0.3539733622614645,0.5643558757883026,1,480.6313383741575,432.84757477130694
F009,2025-12-06 10:52:30.768046,33.55290564990782,81.75223561302798,6.7606653111493475,0.40655635790801187,0.5832518046373881,3,545.2436817893926,599.085936036576
F039,2025-12-26 10:52:30.832258,20.924874742380414,31.793340280444067,7.500954766106188,0.4633080269247769,0.5183343456061191,4,544.5658311389438,523.7889998533407
F047,2025-07-30 10:52:30.802599,17.763384522701266,59.26398340871157,6.725838316475379,0.6563601888244727,0.3987643658930714,4,358.61689129608374,549.6344809553723
F024,2026-03-10 10:52:30.753933,21.220988510147645,28.586796466922237,6.153302754426112,0.576448506543839,0.5374196600703067,3,464.77413793508293,482.9592313412099
F014,2025-05-08 10:52:30.791715,39.91331733200378,61.22462763979124,7.548833384947412,0.5295604184446604,0.6536282680128217,2,542.1244923414516,501.78907259578943
F019,2025-08-31 10:52:30.743442,24.042456868098988,78.93718367584856,6.3259512576155315,0.47969099841356844,0.7402722319866588,4,521.9731966838929,652.0872134436697
F020,2025-07-27 10:52:30.749264,42.5554677218389,32.13475713221905,6.01467370918268,0.5146193720098786,0.6306261476206614,1,316.9023013759932,428.84819582325633
F022,2025-06-06 10:52:30.832029,23.401709936864943,98.64384857840125,6.5828580627601045,0.47164680509070944,0.5503088333406034,1,480.95259304673897,407.55378556059287
F011,2026-03-16 10:52:30.770721,27.62943382906797,66.85207729343799,6.17271592222473,0.4033487728389429,0.6814409098478299,4,629.4343282159181,607.67706490174
F043,2025-06-12 10:52:30.807073,20.16107186054875,45.848529269982755,6.800642342450887,0.4919618257022364,0.5219318855787253,1,474.91468365154327,381.7172929959632
F003,2025-09-07 10:52:30.757235,25.084352794033684,88.49013854001078,6.268908436246197,0.45199444211485157,0.5286719349019033,1,550.1690399376962,381.697981166552
F038,2025-06-09 10:52:30.818491,23.36820211882548,87.87673238741564,6.679416098095069,0.557347567037581,0.5947703303870742,2,644.1273540500973,513.0055131838019
F027,2025-08-09 10:52:30.831392,19.435725294412002,66.49975643865426,7.416876316075299,0.40560113719686447,0.5637149235353348,1,514.1527782406579,341.3975774222351
F024,2025-12-18 10:52:30.812146,31.968289110494894,80.78880478016367,6.852206106547689,0.7513609623314029,0.5545515566150252,3,401.52831934124777,617.6393657225371
F047,2025-06-07 10:52:30.784023,30.764323983656027,82.58109617489293,5.616026523824868,0.5893715892187605,0.34761763667589457,2,628.8781715885929,551.4874379657592
F042,2025-04-06 10:52:30.782333,33.558265933521746,81.80510146395495,5.758050185154678,0.5938161572184799,0.7088102544184594,4,454.403756049924,645.2391525968264
F040,2026-03-27 10:52:30.820843,14.292472754164558,76.4318931971916,6.499434643828205,0.6445531122312081,0.611608173786052,4,664.8753986203556,549.4380212727259
F032,2026-02-27 10:52:30.768543,13.373550672113344,62.154887888351645,6.383786090994968,0.47637362814093254,0.6372234816171328,4,531.4508125819426,586.1107988868353
F014,2025-08-24 10:52:30.779375,28.502222346076756,38.86568984058393,6.497458033809728,0.40280655252619674,0.635983978661136,3,490.39910689466694,570.097927424512
F008,2025-10-15 10:52:30.777389,21.55231936134599,50.516772408309606,6.653711438727174,0.4699179350664129,0.6074995362446408,3,381.10565711373397,501.1900121190156
F009,2025-06-18 10:52:30.793049,30.086101284105666,118.51206556916839,6.705585638725794,0.37317890363135,0.48072521394234863,1,519.2411896164018,391.91992287330925
F038,2025-11-25 10:52:30.807003,24.824708906843682,62.22812553865026,6.419477206646526,0.44701610076120735,0.5098631695674705,2,427.2679696362429,492.5024646959332
F016,2025-05-24 10:52:30.770793,27.14867709874798,83.26063027412891,6.05450728241024,0.5142907506472386,0.6554934114098286,3,376.83466870159293,611.7556262863063
F002,2025-11-14 10:52:30.829352,18.878224592471504,87.76138128855138,6.172651608836859,0.6427417194836702,0.5371397228950789,3,363.57335138934644,559.285655685669
F013,2025-10-23 10:52:30.748469,36.71986643267962,106.23519860056706,7.117950432387658,0.6933885994601541,0.5382359497005358,1,492.1940725999339,436.29642120314526
F038,2025-04-27 10:52:30.814974,17.459157889921418,97.22232848952021,6.452067747590682,0.565899840478814,0.35716349870474423,1,466.06107278543294,469.0746966848927
F018,2025-05-10 10:52:30.776826,18.34733015639509,28.920000315134622,5.988854737002423,0.3991486915297523,0.5031326386760245,2,483.3621506186267,368.13450320725644
F007,2025-07-22 10:52:30.831122,19.292243163263542,74.74199978745347,6.268199587150925,0.5336631481353808,0.7067349535346414,3,585.3577484314428,485.09290469933444
F034,2025-10-12 10:52:30.781387,33.43759477042884,56.14356426781742,6.174224173228573,0.5011478277855186,0.4510329463683285,2,529.8421238389726,483.33861743906954
F040,2025-09-22 10:52:30.739652,9.028490291134252,54.39394639371672,6.778353580594398,0.38281790739106464,0.8365887567002659,4,565.5818384469025,596.1809070549059
F049,2025-08-06 10:52:30.770554,5.428816869211499,41.983454493352525,7.202946237728305,0.4882727750013408,0.5492058219764167,3,617.8555115927074,494.58328426671875
F050,2026-03-29 10:52:30.765509,41.94752486628133,69.53292352755071,5.305018857150767,0.4052787364041541,0.6453834928038841,4,439.64656958311315,597.293049631548
F049,2025-08-03 10:52:30.829294,20.702039562933834,94.83093037306236,6.669095403681961,0.4173659350095742,0.530933972074955,2,583.5631791426595,476.8800467952795
F009,2025-10-03 10:52:30.743211,18.147014077970404,62.15471154095723,6.254006390443972,0.715424849828737,0.6015550343975123,2,546.7378149853282,461.3763711022925
F025,2025-04-23 10:52:30.787280,19.972321016059727,81.16188944625952,6.579571896991192,0.36208205674874466,0.6527503583855265,1,645.6231181564043,406.91074560312586
F035,2025-09-06 10:52:30.779747,26.48270971642861,27.94311382610943,6.527115156235006,0.9155459870748034,0.6920592407596985,1,524.9248573375762,469.6773850209854
F048,2025-10-24 10:52:30.752578,12.695488066461506,27.88740547933366,6.200679880123485,0.5218519395311992,0.7549963302378184,2,460.98543900170074,477.61922406081135
F023,2025-05-11 10:52:30.785863,15.64618837226902,40.1724197552754,6.953056370833649,0.5294211221618202,0.7027885377213459,1,624.3758665325975,438.2367722001922
F026,2026-03-15 10:52:30.810344,28.12480331977765,67.68112736645459,7.0366489142923765,0.3978707340574576,0.33602290989513,1,364.25810512887904,412.0321894022645
F001,2025-07-19 10:52:30.821026,34.48215871447191,78.49154023079592,6.581167622261921,0.7254923910934005,0.4993361744225476,2,561.067340855449,506.526742475317
F006,2025-12-04 10:52:30.802721,27.57327680293584,32.32965201661561,6.410660319289134,0.40183116713922146,0.3959099833959605,3,450.13268883253215,489.3529162950441
F021,2025-06-21 10:52:30.797261,39.329019699471324,0.0,6.735754686663708,0.5211094226002667,0.39114724416851565,3,307.4737804694644,579.514336835677
F034,2025-09-17 10:52:30.759170,19.94379357022775,9.615292541890128,6.359191878728744,0.3377259894516485,0.3552645668911124,4,523.9160038381037,472.99310068628466
F028,2025-06-29 10:52:30.756891,39.29905598412987,55.61190408220345,6.19920886157706,0.7300626900294095,0.9185594381291942,3,305.78775078611704,595.9649652438025
F028,2025-08-06 10:52:30.794124,26.061853454244844,35.33100121885541,6.084691015833109,0.3059499662136272,0.5163612145099771,4,498.0957975166472,576.4407454366808
F018,2025-12-02 10:52:30.771567,21.527163951994254,49.932878180994926,7.440926227765243,0.5575538500068995,0.3460581147377434,1,524.5162144146553,497.6630068279668
F009,2025-10-21 10:52:30.747702,31.75246237524264,71.6752288273706,6.87274849717163,0.41707229565356546,0.5058952548073348,4,468.69126501699236,577.7042329615814
F005,2026-02-14 10:52:30.753595,13.461245099069634,38.48212026242953,6.337502412317774,0.5147713263696316,0.6507954886152387,1,628.2491994455381,393.0118334697113
F015,2026-03-11 10:52:30.782713,28.32774923702807,49.765150330907126,6.228996557797411,0.4294801752648907,0.6718154726760796,4,564.0119111741033,562.9865194436865
F035,2026-03-26 10:52:30.746658,12.77407192260188,6.6289471802904245,6.279652231993198,0.9682307320319402,0.6704196156537172,1,457.480242922177,419.2767415496111
F012,2025-08-21 10:52:30.776040,26.05881217486221,62.284695152137786,6.543037459434782,0.6115828952470088,0.6265673995931432,3,462.09812937071064,614.1226336813536
F021,2025-11-17 10:52:30.760481,14.21206602017272,84.69248509738416,6.7644090338137435,0.6497685284525989,0.6502785532813187,4,698.5367494666775,599.9566173364756
F029,2026-03-07 10:52:30.814848,21.328926802544125,50.326862739622136,5.834319050335733,0.30793721645053973,0.8059977406674739,1,423.2798627419349,423.76774675153854
F006,2025-04-26 10:52:30.781751,18.5651225619088,9.500984670867126,5.747027809236849,0.5722364083018449,0.5799807647132165,1,439.6795133787956,476.707851120228
F008,2026-03-18 10:52:30.739196,24.179024515413758,33.970951512931634,6.57934794556895,0.69676130476302,0.39715021299227216,2,651.5172204767134,413.26118544660716
F016,2025-10-12 10:52:30.777502,26.79211913028553,42.32966286028739,6.564016972036707,0.598431152471339,0.6917034066287412,1,357.18233524168033,422.63830191945937
F045,2026-01-01 10:52:30.820913,19.669931479053925,98.35159053088128,6.089597469966643,0.40433914800676796,0.42576332168940945,1,329.62376979800547,390.3001288043343
F009,2025-07-26 10:52:30.810107,35.40833453433728,75.30168764705618,6.347183155717782,0.6211749640000385,0.4665366022477301,1,607.4787558505111,373.07379477992214
F041,2025-05-26 10:52:30.809154,28.703745549596828,42.26335691298165,6.449097898380911,0.24836389333132014,0.5738353475932295,4,567.8690974537503,496.07122699087694
F030,2025-11-13 10:52:30.823524,41.35868534427779,0.0,5.747564944633149,0.5159665395305882,0.5964410217942344,4,730.6167638412842,581.9236927692956
F001,2026-03-19 10:52:30.762660,17.955395732593765,88.01871173372564,7.179020039988302,0.42456859079104575,0.615253942675771,1,522.9862408751679,397.83356692564007
F002,2025-10-17 10:52:30.758479,13.497877800281332,50.718154116280104,6.451878679937715,0.5213267013530632,0.9602661645963868,2,606.3942232918318,555.4785909887781
F027,2025-05-31 10:52:30.779578,16.775116858337867,68.20874049518146,6.7858358309556,0.453975285836797,0.8754710737886554,1,570.4856678876132,433.67406217143656
F049,2025-07-10 10:52:30.783303,16.854785430309825,57.845214708926214,6.998880658553816,0.515999285971188,0.7155984937956761,4,383.7145499813047,693.083533164689
F015,2025-05-26 10:52:30.769121,33.817773956796685,53.17525070577318,6.606624599505358,0.5164113307205016,0.5759135251821739,3,554.0711512413068,567.5736937614816
F027,2026-02-08 10:52:30.784440,26.684879373486442,77.59917181460845,5.654975736829262,0.3425946197993023,0.5755152193437524,3,550.6518544144859,498.7139817559044
F024,2025-10-27 10:52:30.750918,27.180439321573576,67.98783809252397,5.945076847983033,0.45087517065040555,0.553033417756692,2,445.7704424017569,455.90830185797995
F025,2025-12-22 10:52:30.776929,18.433988989876337,43.52332425067066,7.250876564998602,0.4040962081036002,0.6484849322440415,4,453.7546377773791,592.6498102277377
F012,2025-12-09 10:52:30.755280,18.500113955137493,103.41406368632038,5.530446931126756,0.33969259148508135,0.5118560459560071,1,481.94797661854585,373.68890719735276
F010,2025-09-26 10:52:30.802775,36.85561377425909,26.169597651014374,5.878660291915885,0.39914609939270496,0.6323919852292977,3,682.4249207112651,635.3416687299458
F026,2025-04-30 10:52:30.818322,25.736462558536612,78.9957976565762,6.311721939920182,0.5827047928158136,0.5591720977777243,2,493.66919621470487,514.4864663927916
F042,2026-01-24 10:52:30.771983,22.853737566158898,70.3938971155989,6.3737438026772955,0.3535531827761126,0.7102208009647418,1,443.0889144725588,446.8318341738716
F028,2025-12-31 10:52:30.759872,19.18734362754924,0.0,6.078022525530984,0.6449906340117613,0.5922124202714817,4,548.2503673503197,498.2886106232747
F034,2026-01-08 10:52:30.768571,17.032673833318892,19.744185699701767,6.743128792906822,0.7205467325924365,0.4579509722122381,1,418.728730226317,405.1938152807665
F019,2026-02-20 10:52:30.823371,16.68835949230092,44.74660688067652,7.116445590304231,0.4871679798716454,0.7516618364172345,3,254.39302096931752,542.8141219866491
F047,2025-08-20 10:52:30.746114,18.43478298223187,35.12274079951668,6.238545020336555,0.5088327163971117,0.3125547483413944,2,346.28277385329375,371.1355288395471
F031,2026-01-07 10:52:30.753127,17.463946045819174,89.05694051070705,6.036077673238405,0.5890851141558084,0.6203431191160953,3,544.4572444055764,543.5696136030805
F007,2025-04-26 10:52:30.824602,25.40736590873601,34.73916825141462,6.598767049779686,0.5192139296749569,0.7274500957641103,1,486.8561244512524,436.6325026429214
F028,2026-02-28 10:52:30.784454,31.99843794555128,2.2168959305281817,6.6266135711105205,0.7836084227369446,0.6196921338569563,1,539.3891045341759,551.5558048772177
F032,2025-08-25 10:52:30.751073,33.08374229974578,25.3922718469236,6.112571772600275,0.497018293367955,0.7440967721452373,4,667.6994372067699,548.3653890102856
F002,2025-08-14 10:52:30.783348,8.845790707260154,45.050481268810465,6.484319822789619,0.9319441023103314,0.39752457084975873,2,472.0546537526592,494.48402760457634
F030,2026-03-21 10:52:30.832137,21.139332502475465,38.6130904453496,7.02630965678791,0.44218067694329305,0.32392596546360747,1,550.9722353371732,326.16716805502864
F050,2025-08-05 10:52:30.767899,30.173428496756035,55.68303294543434,5.976118724869643,0.3577133666573604,0.45385563042425336,1,355.5147439077178,342.53409153161766
F027,2025-06-07 10:52:30.774839,19.799488462115345,47.41251131239317,6.248823211140824,0.6147389465101798,0.4804008919888405,4,614.2562834938033,404.0964286954614
F006,2025-07-26 10:52:30.797786,19.91306868229141,43.63823038501546,6.553791016723305,0.5774677664195393,0.6983536929379841,1,665.7485326267661,502.61551420864737
F042,2025-12-29 10:52:30.785405,17.2094714748373,40.80012768389889,6.268299890173858,0.38414191157860467,0.781431169229268,1,370.3790423863786,425.5641722402162
F024,2025-09-24 10:52:30.779530,22.274828698740315,53.36858926245603,6.388393087910409,0.21242157896192754,0.5093574524672113,3,642.441732038663,481.1430332601393
F010,2025-12-13 10:52:30.832538,21.459868173209777,59.278707235680265,6.739408016893318,0.2878963626461219,0.6117488194818006,4,532.9719676973217,592.8327174953369
F032,2025-10-19 10:52:30.822155,39.78677679598465,62.61043442256266,6.278509603741201,0.5138311849515588,0.4195312663382461,4,261.435171192308,456.3982113680034
F034,2025-07-09 10:52:30.753169,38.19726366361944,45.26666515226199,6.410830214948322,0.25801351429804376,0.9528408546498197,2,572.0424368438,515.7685894394498
F049,2025-11-29 10:52:30.792207,15.7556797865557,51.7082475340433,6.24857067072723,0.34498199300197796,0.4846348655405844,4,456.9118012406477,452.7196324707597
F042,2026-03-23 10:52:30.756383,32.49172490412963,33.94044299831574,6.730467671959563,0.41894367017894957,0.6599318262842815,2,511.2185732206485,496.55916702153877
F017,2026-01-04 10:52:30.809517,18.155091836584987,63.93986075675002,6.661320955893303,0.5423968958032604,0.6541806396042782,4,461.23036187790126,565.8362336499381
F020,2025-11-01 10:52:30.805803,28.695229866831255,33.63597864268539,6.850591707407538,0.6467192889680805,0.5668140729483424,3,689.3650721965022,522.0619044025049
F032,2025-12-23 10:52:30.747325,25.852070723875215,73.38757018236342,6.584820717303012,0.7005983919474604,0.893289780859899,4,325.7705982990867,675.0272479186626
F023,2025-09-22 10:52:30.816172,25.095099666057795,16.374615108032017,5.898856193531829,0.5852074377206837,0.6535878431627365,3,392.962415811233,379.57715658863117
F039,2026-01-01 10:52:30.779828,30.20081744896643,58.365094896134515,6.009110379513202,0.6880284442756848,0.5508032284327631,3,595.4110856979653,501.5043663571678
F032,2025-10-04 10:52:30.817699,11.862037118988582,86.08552455733759,6.548056178838581,0.666849047852575,0.5215053684262804,3,550.2790408372935,524.7324037825658
F040,2025-12-16 10:52:30.810539,22.30696305863957,71.58895511391194,6.280106102135109,0.32721588763770204,0.7349961818342621,3,540.0223931483808,487.3430306005885
F026,2026-02-03 10:52:30.802313,17.70624747766889,28.801133881604606,6.628552695280229,0.6492923728218467,0.4521693691098436,3,498.58914698951634,526.4974946810809
F030,2025-10-17 10:52:30.818379,19.080953846383345,2.987890213882629,7.147292910593452,0.5112777168410444,0.6198493215030034,4,490.11135177698594,542.0819450628942
F041,2025-05-13 10:52:30.777152,18.52377899641494,29.100493162992286,7.236128065598244,0.9332159869871282,0.5727638496816742,2,577.0176222725903,571.6154704802714
F028,2026-02-08 10:52:30.767077,22.107360757121484,63.50184881176358,6.719273633835261,0.7037845694226349,0.7185244834712786,4,574.2877654662923,599.9083763684592
F011,2025-12-13 10:52:30.748441,39.073500172872365,8.159576066714159,6.13959145069154,0.1953633850940797,0.900397977061075,3,498.4356620257921,510.85024858325477
F021,2025-05-30 10:52:30.747869,19.369028509088754,21.425624715543268,6.518019051208712,0.5985554332550839,0.40582794648625,1,601.8366990452952,372.74326606796313
F050,2025-05-03 10:52:30.799365,20.120169134874494,21.798146121680233,6.257114732363292,0.37851575566249107,0.44596565124904586,3,479.33816799090727,546.695594058004
F018,2025-06-27 10:52:30.760432,25.611386459224562,40.33292897816625,6.343569247925812,0.3796522417458291,0.6162512598321062,4,687.6035508592756,554.6168770592318
F044,2026-03-31 10:52:30.744663,34.72685338681124,45.725286472050655,7.913415234763164,0.6769480642914065,0.8290530462310371,4,557.6417894339473,658.6696070245008
F038,2025-08-17 10:52:30.748106,20.008379850712153,11.532457895832607,7.5649960405359336,0.4568885556238292,0.5687863903695954,2,545.7395637866147,520.2907182474514
F037,2026-03-16 10:52:30.748800,27.00489735086966,42.96284039519402,6.985681000310759,0.5050429224524131,0.6319395109987318,1,537.495861708592,454.9261163313617
F035,2025-07-11 10:52:30.745949,12.577705668733033,65.12901978589566,6.529550295531588,0.6063807008114187,0.794327531740104,3,340.7726686346575,453.10329115623074
F004,2025-11-20 10:52:30.770624,41.61978265768661,55.54883941091226,6.834921940074716,0.5392695732696569,0.6354649989316935,4,411.96903734622106,642.20355198205
F048,2025-11-06 10:52:30.740490,33.77841009626583,54.739533020947256,6.451496049229999,0.5986164852248222,0.47811757149417305,4,544.0451070407347,566.638163048628
F021,2025-06-29 10:52:30.789707,35.3668470971838,27.417996271744272,6.056439488488072,0.4699798981861261,0.9095900956450185,2,505.93542833295885,527.6419747768069
F020,2025-04-22 10:52:30.792504,26.79062515020472,20.414673703011545,6.260046015605281,0.5877707017826848,0.720991613617994,3,545.1087099254831,564.6693395089255
F020,2025-11-07 10:52:30.774037,30.903079557342117,81.98937136705476,7.06875592481739,0.2855769013915152,0.4880992957889788,2,521.9384203955076,416.74544829840494
F038,2025-05-27 10:52:30.763882,23.567347238066077,59.06196053437524,6.846796197922071,0.4466915739092726,0.6489111281639949,1,463.0855030793956,456.39667567791855
F039,2025-05-25 10:52:30.832960,35.84591590801923,32.35343610925406,6.5104696983291985,0.3112344817040242,0.6550499124301461,4,471.81661995708913,601.1183819796954
F047,2025-08-06 10:52:30.807130,37.6771832323537,33.31067296422332,5.677060284403123,0.6465346718353602,0.5218600803914825,3,378.6526678124696,621.3207931381811
F043,2025-07-04 10:52:30.816451,28.29773557283115,84.44863090320985,6.970052552352349,0.522215881148988,0.746012984029795,2,497.192708542445,494.28141604859104
F015,2025-11-17 10:52:30.791729,28.533710121585887,73.02928222845792,6.726051125903245,0.3978706296829034,0.42253037803108784,1,590.2997176251355,390.5252932238056
F018,2025-11-19 10:52:30.763602,31.361072365415794,0.0,6.035477710612712,0.769923274416425,0.1369409897285892,1,578.0403847794275,320.71973219685225
F016,2025-06-09 10:52:30.754654,30.031745514502905,20.338366010342263,5.75529212347028,0.7318141286167057,0.42212798821662617,1,412.71153722825716,495.84941105919324
F038,2025-08-08 10:52:30.823635,39.24829109635598,33.8454913040702,6.727958988742152,0.58687829476018,0.4099086590256699,4,436.0770251622356,543.7186453636115
F029,2025-12-26 10:52:30.747283,16.614993769533587,40.567266679951786,6.382758552327889,0.6683509653461313,0.5134845615455518,1,512.6353296871224,390.5972005004625
F027,2025-08-18 10:52:30.741624,10.835889335981218,69.33721751932924,7.699020365027373,0.22818431090360802,0.6002362584334487,3,491.2768045503459,577.819532346193
F021,2025-10-26 10:52:30.780372,35.47665866944685,90.86743664917793,7.197901928750611,0.18761689987026292,0.558727191879007,1,546.9900858704276,440.24805845351773
F044,2025-10-14 10:52:30.812525,31.344132660337085,51.48468301530611,7.114692965408361,0.6481172653517039,0.6551677500144313,1,515.5978979501145,511.6918891632842
F030,2025-12-30 10:52:30.796375,33.730185856053836,36.78075990771476,7.518224972390136,0.46701001922948915,0.7002774096691688,4,232.10072246604238,678.0767761799643
F002,2026-01-31 10:52:30.788607,33.4618366449438,26.945526190029735,6.50197573386491,0.273325395883691,0.8719186477631697,2,468.6147062955461,484.4259817242716
F001,2025-10-31 10:52:30.821721,30.732150049926762,8.773522342059017,6.6559993806299556,0.5810672718994301,0.9826061057793437,3,427.10100789510994,561.3245180094023
F023,2026-02-27 10:52:30.747897,29.43978929044989,46.345815165566826,6.086861873148093,0.6766085957860327,0.7218087821172364,1,464.8595175206917,469.74115494244916
F035,2025-10-28 10:52:30.817042,31.20886334595441,41.882153130705085,7.505050474302841,0.508983463006859,0.6832471825656807,2,576.5338517601134,526.5359503948864
F043,2026-01-28 10:52:30.748176,23.561609067326643,50.420589222550895,7.0086735091983625,0.3546089742437336,0.7426341395699894,1,522.3568371590071,410.94625830631236
F022,2026-01-01 10:52:30.822713,19.556701278664626,59.3653826869525,7.145908731598254,0.2601282071354765,0.7095662465287642,1,382.5368478632545,369.9795276629426
F013,2025-08-17 10:52:30.789594,33.027237921645394,84.43407036674611,6.174770343535391,0.6359723627078543,0.6342847953335871,2,456.793785920329,546.5146925211641
F021,2025-05-02 10:52:30.793996,24.48009370494461,44.56247382161327,6.039475697362643,0.6010877974162105,0.7498675132631563,2,611.5742887480337,432.30151468408224
F025,2026-03-31 10:52:30.778511,37.232123114563166,23.34814736572327,6.6571214429111585,0.6080873240050965,0.6220795457065323,3,527.9581380008046,545.6978949349069
F015,2026-03-03 10:52:30.789623,8.731386214957649,5.8821567937990835,7.139273802256729,0.47601161147502846,0.5798845741924517,2,441.77820725937386,438.8413070279142
F034,2025-11-02 10:52:30.829023,23.61700815969976,9.813726773530298,6.579869136825077,0.4663250103502068,0.45890323334407057,4,515.5773117888449,539.7791795327047
F008,2025-08-19 10:52:30.809392,19.152701741366958,61.9832488899786,6.140378154056478,0.34980326502770553,0.4672996791641495,3,373.29045127607435,488.38544628046384
F036,2026-03-07 10:52:30.797491,11.031122093323289,55.8785463393839,6.720139533256745,0.30660644899326206,0.6795363058587702,2,613.9561142875402,405.9264924263869
F009,2026-01-02 10:52:30.775998,27.201142611045295,45.35918885251685,6.910784736596722,0.4691962610179972,0.22220182058811178,2,544.3617470201517,333.69526332510276
F046,2025-10-02 10:52:30.824450,29.31731012312514,59.393650533429934,6.860812895714964,0.4499640658602832,0.2678081323364268,4,460.0659752624033,500.80546040739296
F043,2025-08-10 10:52:30.780689,26.304081753054373,9.911305091404252,5.618233217407092,0.7187270618409617,0.631365550917988,3,518.9502607505669,540.3408506022547
F017,2025-09-04 10:52:30.824047,27.980712954083234,72.73953880472158,5.801810752679528,0.7383957470951813,0.6628313435444679,2,402.64315908764945,503.4029419745142
F034,2026-01-17 10:52:30.745220,18.52375035914122,50.356807778726605,6.768460300069544,0.521934002280691,0.5187205690685953,2,484.92507891204644,511.3760862152414
F003,2025-05-13 10:52:30.752648,25.611731064455583,41.7160969223263,6.667666221188583,0.28889391258594505,0.8596383929369624,1,553.7704500305629,440.2640177901057
F031,2025-04-04 10:52:30.770294,22.49323986635154,43.627297391850334,6.360480324835087,0.5548185947597452,0.5531946291640779,3,495.51895918956006,590.1834169094293
F021,2025-05-20 10:52:30.745039,31.34961152162571,39.62103913672191,5.601824527901422,0.4514554403755656,0.4466249935631631,2,399.1889592858697,436.8868429087134
F003,2025-10-03 10:52:30.792266,21.1358419105365,62.23834312614464,5.614762451323098,0.27961290110396475,0.5245557193542583,1,513.629271209226,335.277939033838
F008,2026-01-22 10:52:30.807989,20.231111871290516,8.886778826818201,6.127811266784758,0.6382795485848775,0.6509664447420027,3,462.7513908921505,488.3840977756504
F013,2025-11-04 10:52:30.832579,30.561817036288627,69.85775549713459,6.658017786327695,0.3773901040509432,0.6639824080634833,2,510.4597815803971,477.87704637986565
F034,2025-11-08 10:52:30.822182,18.935264048377736,92.44797494000528,6.568519747314321,0.5073600416552418,0.7945271159758678,2,626.8739482068124,617.0619916125027
F006,2026-03-10 10:52:30.756588,26.448666256643566,67.9077061382802,6.853347144917219,0.5717046384006538,0.4888372014958034,3,332.7143180359558,575.028341752484
F015,2025-07-31 10:52:30.814649,19.319729375884403,83.661030804483,6.697784516115474,0.2549395846736012,0.7243791063176788,2,415.7627862659592,427.7793063524231
F012,2025-07-03 10:52:30.778295,21.82440384848314,66.20840386635675,6.711096320217826,0.8334523726127476,0.29286066024800744,3,380.56747157860224,553.9152452351357
F042,2025-10-26 10:52:30.817140,29.569507376148508,23.80552499181884,7.219896523458436,0.4491271850467357,0.4578384927686212,1,240.3428419017626,394.07760985539187
F037,2025-07-24 10:52:30.760706,26.70558970736863,35.98648255863401,7.175055758220305,0.5292068450658418,0.5027124354496338,2,542.8101002636088,417.24013072979847
F040,2025-05-02 10:52:30.775728,29.141718868956424,50.46025753357912,7.106288854778653,0.47110851938238185,0.7575246528626074,1,671.6907197992438,434.8939732303593
F010,2025-08-25 10:52:30.826752,20.33124738516083,49.6458245072016,5.950260126567219,0.6327595553628599,0.5576279148372199,3,360.62187050522004,445.23138415582935
F013,2026-02-28 10:52:30.825410,32.413728859933094,60.33776708118354,5.55620220622102,0.38772283896766835,0.7763689709861742,1,427.7596013130881,523.0830531259086
F035,2025-10-30 10:52:30.791309,23.02659332854542,76.68417043268832,5.481430802981386,0.7217764701599074,0.8433442767029786,3,429.5903800076225,577.5069027997371
F047,2026-01-13 10:52:30.776532,23.05244856127079,14.222058561522402,5.383055070541734,0.5823218579900383,0.6210825049648302,3,730.4812012645191,485.3304281747459
F009,2025-09-04 10:52:30.805635,23.943515301926542,90.16290284275286,5.634749281381006,0.4371531428539776,0.5837611872237746,2,620.1641351997553,437.9423156548683
F015,2026-01-27 10:52:30.831935,21.445180465409578,68.15889612399793,6.789810654452834,0.5496555905002694,0.5235803455056898,1,569.7570280365998,401.8074893362265
F022,2025-04-04 10:52:30.757641,23.714943006467593,34.09522120797485,6.186315613781975,0.44765554787344974,0.495875979616647,3,347.1049974875741,463.4172029500982
F048,2025-08-15 10:52:30.797667,18.693070932537545,59.00637579066948,6.162181046761659,0.6071460635069325,0.6928121917790877,2,373.44042246940404,564.8581572709987
F013,2025-12-07 10:52:30.811702,29.350782288325952,69.132125276474,5.757363512858249,0.583743041929076,0.6993251641511384,3,578.2796409771049,499.6733324422577
F023,2025-04-20 10:52:30.762204,31.926682088489013,0.0,6.694008452642742,0.42928217176664296,0.6407808033711573,2,390.9960050643924,357.9525799901222
F037,2026-01-23 10:52:30.783885,26.930129689669734,68.18267796120625,6.678174152673842,0.310350281737092,0.6808376652752841,4,404.68273891457704,644.646350114984
F010,2025-07-16 10:52:30.791659,17.77837981695346,24.228827610991367,7.377522077063558,0.49857675581010963,0.8008442646706194,4,561.916039748684,630.81310513193
F021,2025-08-13 10:52:30.798895,30.2501134683935,53.13370532983596,6.508389879117716,0.5421799552142882,0.6294467397783433,4,446.0381569904828,600.2486935017729
F047,2026-01-13 10:52:30.832364,30.12440309807433,36.49679103388875,6.451611533804562,0.726160754727585,0.5749068579521369,2,650.0773153093841,475.76206732325085
F015,2025-06-21 10:52:30.762857,29.64653734095173,7.071077018552799,7.547797253100273,0.6445839226829211,0.6812332454898025,3,649.0292702982672,612.5628745416024
F025,2025-05-04 10:52:30.753044,27.490844325756555,61.88653698605849,7.221322684549468,0.46632870323509407,0.5011071551006859,3,547.4578822582897,453.57713475623916
F048,2025-07-12 10:52:30.777250,26.606554065788618,66.97629751405587,7.784687433767198,0.37980284871711034,0.8476424917181589,3,280.3804956395961,555.1102851834362
F044,2025-04-29 10:52:30.783221,23.76367764628837,5.767146369883797,6.206984436515988,0.5197906623478801,0.8301990021129396,1,618.4440313455815,434.1540935387165
F012,2025-06-02 10:52:30.808046,17.641554979688436,62.81532702780395,6.7314012704841515,0.419442353101228,0.47152893615228336,4,460.61108355831294,574.9115707703106
F003,2026-02-24 10:52:30.822448,30.46862013010871,0.0,6.940668372942362,0.2828067838706385,0.662447377293657,1,600.291818669654,296.91615505499533
F002,2025-11-13 10:52:30.759507,26.231453649649662,39.85070809460177,6.179932568754887,0.5059488554152376,0.6809876091367423,1,311.51346971235023,444.0030228096057
F018,2025-07-11 10:52:30.791771,15.249622225565949,50.3682466496196,5.310168442214336,0.45411577630310773,0.4735409994527585,4,293.69050841076137,472.80811338089103
F041,2026-03-28 10:52:30.752437,19.57399256930688,32.011967624541256,6.544200882372836,0.3477579267919345,0.49393940642674056,1,371.76877427659656,365.5163322398981
F005,2026-02-10 10:52:30.807947,29.513719594897278,71.46264736440287,6.179953038627667,0.5855087167895963,0.4830616900828531,3,339.30929413728137,546.3504928251973
F032,2025-09-20 10:52:30.748023,19.924241146159467,45.454593217916376,5.779698125346214,0.614183837950298,0.6646366318302409,1,397.5559648484244,382.3803269696638
F005,2025-11-13 10:52:30.742009,30.705493830325313,50.965798372275785,6.343012366813859,0.45784857536567314,0.4846364360000855,4,525.9812939357192,544.7988408883577
F042,2026-01-25 10:52:30.765343,12.504534276501108,12.423370076459044,6.400269562800968,0.5512564734092431,0.6938146115365902,3,563.3541357647059,546.0076225964558
F015,2025-11-16 10:52:30.772718,-0.7243977278212306,54.97572454378342,7.334670478840551,0.4672138597778521,0.6010658263333472,4,645.926190963472,560.7185463486784
F006,2025-10-14 10:52:30.753609,12.900575138874093,54.401299425547705,6.36438478880818,0.6001020197418615,0.5693076038983753,1,587.7329941855045,531.5442682021154
F032,2025-10-03 10:52:30.748731,32.602731903034574,58.72334336817201,6.050638552593725,0.4665152809401314,0.8475044867322726,1,503.83740530554815,492.4363662248104
F050,2025-07-21 10:52:30.821012,14.093293251980812,3.766943831877974,7.5168475671287815,0.4561874915369759,0.8169970964610649,4,584.5558863908418,564.9056641579014
F025,2025-04-11 10:52:30.771689,17.232303150239282,42.012604383536406,6.609755621823702,0.5962141689059618,0.6378277020411943,2,484.5247928093444,456.9993303742791
F013,2026-01-08 10:52:30.741434,31.277960654486854,71.36526234662796,5.985174884809832,0.5447545810862615,0.8052229443183351,1,460.44201524170523,433.31065075686865
F030,2025-04-08 10:52:30.809001,25.18005551046795,69.85778308824855,6.10536808561664,0.8366323803176559,0.6227422058974517,3,455.87656472563907,570.0011195899397
F023,2025-06-21 10:52:30.807493,24.15926531243443,90.18129281332939,7.029958285132304,0.574222163959684,0.5552513924089405,4,417.9601608483661,635.2373736088416
F048,2025-11-29 10:52:30.825203,32.011462475161096,28.273113971437063,6.3133709525168955,0.36011037699666604,0.2965030004498773,4,492.86562159400177,486.86336169307623
F049,2025-07-31 10:52:30.794421,23.692700669379867,65.88941341559119,7.000888503617737,0.587358361744653,0.5972713430926688,3,625.5836420197111,634.8310399469625
F018,2025-08-22 10:52:30.748538,27.01293000800679,21.403561687935728,5.994915372169469,0.44171079575767597,0.41205748044053353,2,499.58813827635936,396.7115556650398
F026,2025-09-19 10:52:30.753057,35.381613997016565,56.75357199076592,5.604294069417067,0.47457143545585806,0.46163661570927517,1,408.9950490593212,389.5419841948522
F032,2025-05-28 10:52:30.762360,25.192007606425562,51.86898524418824,6.635083381561948,0.6927345729324228,0.662251926831334,1,481.755741685372,487.16321696153
F024,2025-10-10 10:52:30.787961,25.050005557508506,52.59741607364409,6.70455697833021,0.6949891678058128,0.3881374281147554,4,455.5007361247716,600.0488487141935
F032,2025-06-12 10:52:30.828995,21.694905889856454,90.51700407304051,6.365788899093385,0.5756180444491588,0.6020616773386926,4,464.81545264422044,610.359233549936
F048,2025-09-21 10:52:30.747548,16.857451004412034,58.10612724562749,5.677512282880191,0.4202552420155988,0.5852119915393252,2,500.47470505575257,497.0249025936336
F009,2025-08-20 10:52:30.814565,12.1672557255941,13.325699635515846,6.399594372424187,0.5847589219162586,0.7216681215187954,4,514.476935503905,454.55728231089444
F007,2025-10-31 10:52:30.826018,16.93494073661847,73.4096213843171,6.904343957145952,0.4421064882468367,0.6430890131060175,2,400.6929997752835,494.88064582309863
F016,2026-01-02 10:52:30.820506,25.658895683613117,72.02223941170755,6.328482557979671,0.4405894465641787,0.3899603641115173,3,500.67209540190834,422.4550245911193
F021,2026-02-04 10:52:30.792518,33.68187746759449,60.27423033010599,5.847086281975715,0.4494645818093317,0.2916590441411456,1,401.5435688971463,348.8984819644236
F020,2026-02-27 10:52:30.815424,19.69132274818246,9.409922525532203,7.379520284637588,0.3462164069127392,0.767164701698807,1,491.1963857207707,408.2092089347649
F044,2026-03-02 10:52:30.794352,30.56563711452084,22.060616172462343,6.129085415480399,0.6321761714071827,0.35640380945749184,3,360.1305134996337,438.2000461880695
F011,2025-08-25 10:52:30.818112,24.128395104256846,35.430250642905534,6.791222873317586,0.7554290540999942,0.6306767864911184,4,559.6048639750456,593.3075131637369
F007,2025-08-07 10:52:30.786334,23.175666600892367,57.216903676442136,6.601985087108541,0.49008704290948074,0.5161741918599635,3,408.47573705868,472.6319269121624
F012,2026-02-05 10:52:30.770006,38.50713369088466,67.99598604995785,6.849492520528254,0.4688261956282635,0.7164319548684366,4,742.1153280446565,596.818829952391
F010,2026-03-09 10:52:30.783469,22.857009480514712,93.96604390566219,6.826295848583918,0.5256092351509076,0.49466505856600507,2,543.5028308227172,516.8292880759816
F013,2025-04-11 10:52:30.826793,36.49011571319246,47.67830690771117,6.338104930579478,0.6295255382728315,0.6970315884162736,2,534.9835629863511,508.62968074402403
F041,2025-10-28 10:52:30.748856,28.706721030978773,32.05467502554561,6.3972427138453085,0.29830317132109646,1.095724450466751,4,588.5403872187467,625.3223208816154
F003,2025-07-18 10:52:30.824546,34.57455659558579,76.39301891782775,6.840181094311549,0.461509044648556,0.6137042593850114,2,425.4805410781816,579.9540460466137
F046,2025-11-03 10:52:30.807115,16.720826126591792,88.92684757246042,6.360581284275394,0.5608833491051687,0.4473307981034791,4,416.3428787485367,428.0652187197343
F015,2025-05-20 10:52:30.832606,35.803222775511294,40.392808744933376,6.026541028598264,0.6294987843907098,0.7686596075154879,2,426.85720623015226,627.4167783715947
F038,2025-11-12 10:52:30.748814,32.577383717474646,60.47510218604456,6.685918384354764,0.4199427922768126,0.7657118913484411,1,487.3506865654351,532.1571279987011
F019,2025-10-11 10:52:30.818224,29.61735328101762,57.863632343295826,6.360439611937296,0.6415302704359227,0.38644709129061705,3,383.48416954234864,550.1145879761549
F028,2025-07-18 10:52:30.812261,24.099081685205192,19.742332782927967,5.888549821005456,0.5174343642667907,0.3931702627418373,3,547.8138823591003,473.2181876546955
F009,2025-09-17 10:52:30.777403,10.619694666832064,50.46976690548433,6.530931962453678,0.5033007945022351,0.7175737803380399,4,537.2532415103717,549.7451643924346
F045,2025-07-21 10:52:30.807101,29.809142171233855,34.542416724125076,5.896617433666028,0.19975735671554007,0.552977332259218,1,417.45700931948966,369.7898206952848
F046,2025-10-05 10:52:30.790761,28.98062432440418,59.82592409538185,6.487223418355189,0.5589504713568774,0.5944964479073594,2,485.4842502181655,435.1936311891419
F007,2025-12-11 10:52:30.799466,23.69517688309421,0.0,6.946302267350115,0.6902092228991544,0.5385508425235074,3,521.0599086713084,530.3846362647603
F047,2025-05-17 10:52:30.774418,25.865200978432835,51.517117766637796,7.523282543336174,0.48857722741734344,0.4306000857786524,2,479.1206698057798,509.84496266792917
F021,2026-03-30 10:52:30.831310,18.924734215814475,93.36510133305914,6.620143570452577,0.626723577216893,0.3073230144267884,1,395.17792615252824,338.55350117783166
F007,2025-08-04 10:52:30.771363,37.788652451995894,56.83499058386576,7.403465477908255,0.6056000366583892,0.8044812021136475,2,525.879494141921,500.6676741848581
F023,2025-07-01 10:52:30.761282,28.753906378161012,8.80257063212754,5.999601790324427,0.44885118357947384,0.6231366633853226,3,548.3658353568833,495.5648204218405
F042,2025-10-02 10:52:30.803210,30.71977564132239,59.426295614801305,6.991914746326679,0.3814463217683389,0.6765114015836912,4,513.3712141326364,711.995369940005
F022,2026-03-26 10:52:30.753893,29.644183540365013,31.715311370383027,5.651096812827351,0.4321151741877847,0.5733431643891833,4,615.9569887748247,417.6608507486859
F047,2025-09-24 10:52:30.747534,31.652895913859595,56.33407707650022,5.575748310714989,0.3469613663288442,0.49840007366786365,3,264.10362165349113,512.861865996841
F050,2025-06-13 10:52:30.762646,10.325042936854473,41.28000025009041,5.916104167292564,0.5440150204104931,0.6733036614830251,4,388.7099185083671,529.7582795355652
F005,2026-02-11 10:52:30.785614,29.033196001771888,37.089758079063124,5.624884796901939,0.42764058381035486,0.5511625554341785,1,530.8914207700964,338.1433981224002
F011,2025-07-18 10:52:30.782647,18.923480767587854,44.49618520785321,7.023966829973701,0.4524688932251135,0.46355358075994213,3,398.15698962957777,587.8378475114841
F001,2025-05-31 10:52:30.770582,27.860707744777464,36.418309554155755,6.940766344956364,0.3695026218135361,0.3871258209571665,4,571.980757955628,567.541912029336
F008,2025-07-18 10:52:30.784868,21.601875956635354,57.65814692522291,6.661855031122985,0.6625395444957355,0.7156299459884631,4,400.1399114213353,629.5563143834584
F029,2026-02-13 10:52:30.773169,35.84223655288717,52.94421557309381,6.8699082648570675,0.4072232135251493,0.7409385665976091,1,474.94580950534095,435.8122481142582
F002,2025-11-12 10:52:30.777306,22.28341491522248,49.132092122343124,7.211209351228055,0.5265583567594491,0.863731022105723,3,493.08098515757035,670.2000091247578
F036,2026-03-12 10:52:30.770363,18.385210183232314,75.68595288624613,5.742705083158179,0.581119182290054,0.7492854019689942,1,427.6551722685663,368.34443192690435
F043,2025-12-16 10:52:30.765357,33.2179935948861,66.02303220589818,5.437848733859536,0.2802786202597811,0.6136704543171652,2,509.9609256524081,417.1465822109095
F023,2026-01-28 10:52:30.754749,31.171914920097546,1.4846637125785307,7.246586797598326,0.5994618646723449,0.8197810202245537,2,416.837469856475,473.22337775637766
F019,2026-01-05 10:52:30.831283,23.868426150499932,52.13779089784361,6.213797116315184,0.48602300340688137,0.5382936240696721,2,643.6503398834597,436.6478188604458
F048,2025-07-31 10:52:30.774433,21.25208427758522,14.321074042882898,6.7985848374573665,0.6234969184576082,0.6979620150861766,4,290.9409589305696,598.286437608425
F021,2026-02-20 10:52:30.822699,30.02902916732565,54.33319538162488,6.72015660369897,0.724191133204129,0.5852479900151705,1,604.9885037846254,322.1916485428549
F017,2025-07-28 10:52:30.823343,26.59807519296911,96.76244015682514,6.282792282625818,0.46068807727191974,0.48120451101651773,3,395.76966769423177,570.8979836126523
F047,2026-01-05 10:52:30.825189,12.373085391037126,24.533859354647163,7.050639967548499,0.42444855396846304,0.48054908895469345,2,647.3531669101994,422.98888512545443
F009,2025-06-08 10:52:30.834429,24.347786349447727,33.04318686522903,6.5112973621132,0.18455884932278516,0.6825350474643228,3,526.3816892719783,578.0869566039414
F037,2025-11-16 10:52:30.752337,18.804069117990082,34.70564364450624,6.4101221446885,0.7743031039985406,0.6259247524872685,2,661.4904489633527,489.98455575339267
F002,2025-04-30 10:52:30.748316,25.853931841091295,28.816834099089064,6.44790433412305,0.5140771522191188,0.5767872732938005,3,551.2972251823078,563.3495896316231
F035,2025-04-03 10:52:30.775658,14.784595944732391,19.794806662539237,6.463927462775338,0.6240928476259722,0.8410695669696953,1,518.5835018242375,470.7979804399666
F040,2025-12-15 10:52:30.816409,34.928472552617166,12.510129982915878,6.622535824533913,0.4000472454164948,0.6876232722275616,3,488.0259792443801,527.213161434924
F012,2025-10-28 10:52:30.813874,20.81731144069551,22.806000976349512,6.540929589489044,0.519096982632672,0.37450511516893026,2,608.4133641322236,381.80108053790246
F032,2025-06-05 10:52:30.824257,19.426898437228456,105.54763427603308,6.497297046446986,0.5755410333093431,0.5061284889041922,3,486.22963025491134,592.4151090351412
F033,2025-04-11 10:52:30.764516,37.78737093450776,25.69928571924056,6.164759111487198,0.811374048267028,0.7594634626313796,4,526.3937424024446,688.808478102051
F018,2026-01-16 10:52:30.821262,30.87898073224198,60.819608817157985,5.820748217371856,0.6576741925964308,0.5952911737780235,1,509.7430319552203,440.5603833762078
F017,2026-02-07 10:52:30.826156,16.0594113793507,0.0,6.657004393322962,0.6524810398640642,0.784250953350996,3,703.2543851708253,514.7335636019312
F033,2025-09-11 10:52:30.800680,29.622276735902233,57.48186465646246,6.207419730724799,0.3821600881999992,0.48867953501191513,2,617.686063657097,444.1355372490749
F021,2025-07-04 10:52:30.756088,34.570180787887296,70.52876827630378,6.695102385662853,0.45937713484440246,0.7306969266953446,2,583.2162348416643,545.7725370455513
F026,2025-10-16 10:52:30.768372,34.86336644614738,102.74896282458667,6.868861382026688,0.4435697121848792,0.6731259409774234,1,433.0918559968235,498.9965833906216
F018,2026-03-26 10:52:30.831270,22.102285930284303,56.45225574493348,7.8351460851206856,0.6125251481070704,0.6200401760309865,4,463.6034682546541,619.9126125803455
F034,2025-05-21 10:52:30.759958,26.7114380669708,47.42318706743073,5.712142028792216,0.6954557927497163,0.5538755210231995,3,566.3926205799394,479.47923298342795
F006,2025-06-01 10:52:30.819646,29.896915729844576,27.132354586918183,7.045437301182386,0.525058244198279,0.37851728997587486,2,570.0721201973245,485.30676639282285
F005,2026-03-24 10:52:30.810051,13.994132105426527,75.10921818299428,6.009568898904871,0.5131088557007403,0.5486322487600727,4,566.0650883383405,496.7096636001395
F005,2025-06-13 10:52:30.830234,12.138086500758254,44.010551304794575,6.650220981543193,0.6570429956026338,0.5115060383093192,2,572.8436949378756,435.9130819540091
F037,2025-06-10 10:52:30.769535,6.953916183079297,52.655218823724866,6.555005286213999,0.5448460180409804,0.4579674697117128,3,655.6302477892185,433.49366668739134
F041,2025-05-16 10:52:30.820857,29.030857088068483,20.025570050061663,6.290498497163286,0.6460857842610885,0.6860775006606693,1,466.2416195676728,446.65587677783236
F020,2025-11-06 10:52:30.755391,13.299799287277851,52.92798884461863,5.743508729916531,0.32687856148825317,0.7782463841426006,1,524.7977631058818,448.0392485706488
F021,2025-08-30 10:52:30.754721,25.24980693818467,35.16964720271946,7.044692710474515,0.4200421964648967,0.589665193147984,3,431.993186164222,473.6941907805863
F027,2025-12-26 10:52:30.760567,29.927051775406277,36.87407654600428,6.7712785544806975,0.3404799400294488,0.6209220012392734,4,605.5873621816726,526.1614198666176
F035,2025-04-21 10:52:30.810470,20.052345910038177,56.521452568524715,6.175272191636144,0.5531114250312884,0.7012043671471785,3,507.82997498186415,520.4567553233617
F026,2025-11-25 10:52:30.746532,16.537010928238246,10.124582159671768,5.949995917747458,0.48765725570327,0.7281319660466472,3,474.0556703815137,538.9085232892106
F011,2025-10-05 10:52:30.785697,14.993169282726658,51.97866965836387,6.789132427084638,0.5676163533549845,0.5242665535031373,3,469.8476136945726,530.3726613142226
F019,2025-12-31 10:52:30.811949,18.772508571685,0.0,6.571757393103052,0.4452451773559748,0.42151692316045153,4,465.22757200061835,518.2492852403012
F002,2026-03-25 10:52:30.765552,26.905181699420158,0.0,6.59386768484509,0.568464235878152,0.665808216799716,2,423.8679724424125,408.1530584696648
F027,2025-04-11 10:52:30.827701,22.645783321914095,67.73862332591524,7.3535461097607975,0.589325586198599,0.4818805684542471,1,550.4712138112162,425.1038807578347
F038,2025-09-14 10:52:30.821540,29.89745436833947,66.1513075019482,7.825398627846306,0.4428432392048207,0.6658598231912134,4,473.3602523507235,562.3909517437371
F029,2025-12-12 10:52:30.781309,25.40298399863958,68.98583569605782,6.350428748997873,0.5877691254193693,0.6031139399292741,4,424.69043105960543,517.6954138016296
F045,2025-05-02 10:52:30.821638,21.724261780366103,64.50741968085083,7.502471807990896,0.498007188562557,0.3820757729376072,3,308.1972625032947,484.40813485178955
F043,2026-03-23 10:52:30.794338,24.618188449390797,31.64060447931635,6.288337004543226,0.6628599238187839,0.6985423213627868,2,509.82561002579575,471.35139009465837
F037,2025-08-10 10:52:30.797506,13.720584012561645,99.07459694525747,5.5938480723757875,0.8124333230221925,0.70841658189201,2,458.69946925298615,477.168391138963
F024,2025-08-10 10:52:30.761297,36.34156863522765,42.52135105455806,5.809202723318356,0.4599352891744805,0.6268694765145512,4,278.2580402740998,581.1860145542274
F040,2025-09-23 10:52:30.750245,24.752293282579537,11.56268741038999,6.303057183166272,0.3676274409660103,0.3140007642340662,3,756.2023886627794,446.14421379975965
F040,2025-07-06 10:52:30.822967,24.065309045269874,75.32991639448218,6.234483354584135,0.43253432259696706,0.8530211937679122,2,522.6863234730839,458.4891324314989
F005,2025-05-11 10:52:30.821777,17.984364951076763,49.64630344935332,7.0504778165103055,0.29736082111594214,0.4626543618350001,2,361.49795256993286,383.19057024323007
F018,2025-05-18 10:52:30.752918,33.418571895993445,70.20508893997302,6.493233265905345,0.24447328845555366,0.2975001412596692,2,553.3729358678742,389.43901400086
F025,2025-12-08 10:52:30.787975,28.189446364853826,39.329297387004374,6.753757674253939,0.2949429692663955,0.4851092647187162,4,634.1175069962043,583.999422009311
F041,2025-05-14 10:52:30.757070,26.131159400369473,45.037092449131464,5.792998503510754,0.2864433072307968,0.4623670031642041,4,416.3414442112663,516.8258652573796
F048,2025-06-19 10:52:30.755091,37.94782027614925,56.12391057360788,6.903645326027755,0.41562200416157347,0.5980537940965848,3,484.93640014198553,574.5054212184683
F038,2025-08-31 10:52:30.760720,20.240227009235873,72.3117395598479,7.830737866519261,0.559958802337578,0.4061066109966962,1,383.76110311495734,504.73152815570376
F042,2026-02-17 10:52:30.747465,15.25600533962688,47.64047824295185,6.362649784967603,0.5553123828776177,0.282614541569924,3,547.992065089267,441.6088361073643
F050,2025-04-02 10:52:30.756502,40.109607568889984,74.6794810708897,6.880590616970366,0.8069209604989298,0.565493554542885,1,485.8081059098402,420.18801976520433
F033,2025-11-15 10:52:30.756960,21.333417441726347,93.91602948771447,7.005907963179232,0.6075511495597126,0.7172966109864487,1,574.7809295624344,538.9413772992883
F019,2025-05-02 10:52:30.831989,25.390124206354947,28.365204475215418,6.876594282988592,0.4154266003655032,0.675663840360377,4,447.09948976954047,703.6781813363746
F018,2025-09-26 10:52:30.800476,33.127746696954,78.59474157810735,6.061363896580628,0.7189279897576306,0.7724961677355682,1,529.2143003107634,507.1378792072303
F009,2025-10-16 10:52:30.776700,36.525855604503015,51.91293391163225,6.663521026672791,0.5385175749332944,0.5465553964835242,2,592.2381200921845,505.9133526409903
F014,2025-04-03 10:52:30.817447,21.534337158912976,38.42906404655276,7.622525051149764,0.4251034695862021,0.7300774274325512,2,497.1307829078379,458.76133308831544
F013,2025-05-09 10:52:30.787807,42.408198334389,50.44523018509719,6.275307311412987,0.5108473793230003,0.564256831130958,4,455.7388748251698,646.0455192812271
F010,2026-01-23 10:52:30.739927,22.45008714447576,107.42598245788079,6.245626718102889,0.5850889751000158,0.44410474670800193,1,591.610539840982,365.9494356278316
F049,2025-10-28 10:52:30.804507,40.4195078745243,10.105074247423282,6.6653225048345295,0.6189518553666307,0.6074889181386757,4,541.0065804792329,677.6307927159703
F039,2025-04-16 10:52:30.771114,15.152215497651401,36.63809144872312,6.5882588315760655,0.618832090047185,0.5739995808207206,2,606.3220927229702,349.006843403116
F030,2025-09-13 10:52:30.797404,28.843980564765413,97.44947211371833,6.402193837812797,0.3818833045887754,0.4045922260099608,3,476.5545893877285,507.30683253979055
F024,2025-07-22 10:52:30.833554,28.229250179751073,41.389852958389746,6.73714283751672,0.5483049869810284,0.5730493926925835,4,549.810177169872,538.2470527798424
F002,2026-03-29 10:52:30.797727,24.806475278597965,89.80545546435941,6.2749015331718265,0.45166085035103093,0.6121608932748471,4,392.36860485940946,601.0306005028973
F014,2025-10-08 10:52:30.785738,26.649177026895327,34.61831210536238,7.297384123242215,0.5147452887538597,0.5784706945254526,4,518.6803438140374,580.8760166165331
F004,2026-02-01 10:52:30.822462,33.975101664431286,0.0,6.6009005305465145,0.42638650392003263,0.7476420742279297,2,498.60465989938507,454.103928059803
F010,2025-10-13 10:52:30.793063,29.858123425598798,29.969100591324114,6.43692532956378,0.7667955720137014,0.6695709688313976,2,543.7804550007795,540.708306331019
F029,2025-10-31 10:52:30.756196,15.941040477033843,37.28444678228152,6.985334049515241,0.4706004714269342,0.5839608801427825,2,513.4718657361839,524.691890997459
F005,2025-09-07 10:52:30.812795,29.139210951080386,82.19319672944432,7.536345011263486,0.6929594684637701,0.5690472070393199,4,466.6938894436709,624.7940845197262
F046,2026-02-25 10:52:30.805425,21.191943426145944,93.39995176252194,5.56876710628918,0.45071529098073154,0.5390281427126992,2,614.1364382054796,537.0936004817428
F049,2025-08-12 10:52:30.808564,16.736279988763712,12.901695032535763,6.223278686650965,0.7280412707328271,0.44474764517669507,4,638.2065315537404,551.5356358341794
F016,2025-05-06 10:52:30.821234,29.946818322688095,85.87970676914385,6.672503633436727,0.41734258995479107,0.44672857834113955,2,514.0690387634635,423.5459546084689
F031,2025-09-17 10:52:30.782991,19.783466656059367,37.58491722340435,6.585132285146553,0.37922990181718413,0.8357399804778235,4,401.3774307189448,612.7211076825353
F023,2025-05-07 10:52:30.816874,22.187000294659782,73.28282000182779,6.629012722066004,0.3713287682885641,0.47590717626486967,4,450.3031321070423,570.8048434296372
F039,2025-07-22 10:52:30.830019,25.010282609988206,61.84754926360743,6.628193569806134,0.7101957056490829,0.7284331648590088,2,427.43727783023996,519.2460361636682
F048,2025-05-22 10:52:30.792896,25.67522902907441,0.0,6.801466161057341,0.3675988108367227,0.7257926727989812,4,447.1012451862652,613.8199748936559
F041,2025-08-09 10:52:30.754229,30.113506990161174,58.98752521423033,6.65294514004727,0.697913831447489,0.5359617330929615,4,465.4877951370697,636.0147636759903
F031,2025-08-03 10:52:30.756223,28.140037577189013,7.399671605847679,6.7011671815153955,0.5206631719743032,0.693934186998893,3,506.84827598788814,584.8810618719115
F038,2025-08-05 10:52:30.741776,18.166077767340592,48.77258128349839,6.47124813929531,0.6732995344190174,0.6409176091369868,1,443.3448671357849,441.68409734177095
F050,2025-10-10 10:52:30.798594,30.829685158151804,54.42499201984793,6.284185953403685,0.46023041911938123,0.4141751796406413,3,551.2419948749862,511.8617504709324
F032,2026-01-18 10:52:30.806016,21.51283448706591,41.626150975865656,6.664242382000321,0.3363619129682868,0.5313842061503793,2,377.44645851519175,444.8006545201064
F036,2025-07-05 10:52:30.774264,20.480967541754254,73.12240538518515,6.836398781972298,0.5495342955641239,0.32676874839710274,4,587.5680933132373,536.2804912133827
F050,2025-05-01 10:52:30.776574,32.41328663543985,36.299743444483994,7.127407473038302,0.2254104152394255,0.4197195073510651,1,489.281492081133,448.8457610933987
F016,2025-05-11 10:52:30.810205,33.641478503357675,25.908299249051662,7.699771391304122,0.42678559059481846,0.7227742495850772,4,382.7698313208807,569.8290841921928
F021,2025-05-28 10:52:30.832686,28.97850376312097,0.0,6.418655893286117,0.3218537954766473,0.5700515028355015,2,395.4734506909299,359.4399031263421
F024,2025-04-02 10:52:30.773078,27.893331435325795,77.67552092566478,6.46701292108286,0.2541753542356761,0.5805914607041832,3,419.19479970022604,528.2925225582437
F020,2025-07-09 10:52:30.799660,37.20270651177726,19.639158153287074,6.358819819626386,0.5543937123786304,0.8459083841059457,1,505.68301793800106,595.8173454064471
F043,2026-01-26 10:52:30.763247,27.349436496056892,0.0,6.5850222479693885,0.42921522934138356,0.5452325829399549,2,495.46136248717363,404.3290455421807
F024,2025-07-25 10:52:30.814073,21.55232148042082,54.14188029586158,5.826655238329868,0.7803380364447905,0.34783727941053694,4,478.5606651099511,558.0151283512776
F010,2025-05-27 10:52:30.803642,35.52765630023304,53.92380264985151,6.4259888422789775,0.29645465993293224,0.6662969773653384,1,553.3103460253187,485.89571351291914
F027,2025-12-11 10:52:30.742417,32.519715578355594,72.38015260272404,5.978151018670847,0.5041841217927365,0.40152762672671893,1,717.5126647744681,445.680779760678
F014,2025-10-07 10:52:30.755309,4.8863689242792105,51.625134072389145,5.959937709226777,0.7655719696240599,0.7014370695526065,3,442.0211091679496,528.0595166605134
F034,2025-10-28 10:52:30.782211,33.70646517462469,72.7505904299683,6.317329659637724,0.491901073996478,0.49353474242864115,2,381.94479526561327,498.0773674595875
F030,2025-10-20 10:52:30.770988,10.531294975545283,59.81763342655499,5.875272424089961,0.5555728797375757,0.7560508486020519,3,453.3834786581878,525.6717796117589
F042,2025-10-11 10:52:30.807765,20.516784403693713,42.50459547943599,5.24311715826015,0.6205806059634518,0.7604160587123974,2,545.6311222164546,442.1095896633907
F042,2026-03-29 10:52:30.825119,30.20203390910508,22.388145528826424,6.664895223390001,0.39132875186469795,0.7855952819604072,3,367.66204788764315,485.61933370335134
F005,2025-08-19 10:52:30.761889,27.02471665403814,39.283990674688994,6.751784531204533,0.43226823586802265,0.6112233847690879,1,504.3394435514222,509.8822254393709
F030,2025-08-21 10:52:30.775588,17.191621481300555,25.281577760185765,7.369015785845399,0.4384830459738317,0.5182858390230035,1,467.22823521843566,392.9637002660445
F048,2025-10-08 10:52:30.749666,30.711351270932052,62.07726371442134,5.676507178663768,0.8581484210249333,0.7127456371782886,3,519.4233456041742,626.7660038879665
F025,2025-04-13 10:52:30.756850,11.576594842112671,73.80813798629916,5.797888553077255,0.6268770902307116,0.8581528785760171,2,417.76125551108635,478.00685116522874
F033,2025-10-22 10:52:30.792686,22.678392407125344,95.29225420730513,6.756996394192138,0.6973359312508293,0.6306924334160252,3,471.59755008535245,502.98297640352007
F031,2026-03-13 10:52:30.802381,13.939751595706962,41.140877661524115,6.4754175993471215,0.3021983524516333,0.5096133925895465,1,361.9916713479701,333.43392643169136
F047,2025-04-27 10:52:30.805438,24.375422232392822,38.96567286009711,5.8891186167323575,0.6116569290072077,0.43858530272017027,3,621.6538885846045,543.4198466761958
F029,2026-03-16 10:52:30.768460,26.474217692503586,43.083140929765726,6.62744960487742,0.2872488919976294,0.696884259893399,4,522.0888696570349,644.3305473167402
F035,2025-09-18 10:52:30.783064,36.3599122400266,34.647162122353585,6.5253960522967995,0.5566679115006663,0.6865253269439163,4,635.5681256212748,682.425320176937
F042,2025-06-16 10:52:30.790002,16.327630092595122,0.0,5.718735140459088,0.5444779433663586,0.6276105980028232,2,637.0710189552339,417.8434979647695
F017,2025-07-29 10:52:30.803765,15.166771129773837,101.01565456104142,6.227359926573851,0.390712846639677,0.46238456983502985,2,725.5989367520759,444.4633489324987
F038,2026-02-10 10:52:30.755643,18.36994340090862,52.49200606206926,5.788344468410806,0.45189007494167877,0.64236291595559,3,395.5216664248705,490.6509573660771
F002,2025-09-14 10:52:30.830194,29.80965981075621,98.15684642585327,7.04160636518866,0.4363153537018618,0.17743324504404123,4,556.0750748622859,543.0482155794822
F007,2026-01-04 10:52:30.776672,39.12804734048375,58.33137960979596,6.236555683538613,0.7015489640368553,0.7099033836369253,4,540.0065372925192,667.1796645061803
F049,2026-03-13 10:52:30.799350,37.2332090598661,57.298639061202216,6.843364356900549,0.4707400412473516,0.5674480444612291,2,537.209492604776,503.44579173068513
F030,2026-01-07 10:52:30.833679,16.11287916781783,62.60596402817287,6.703333696486025,0.8114980611262336,0.7606406894341091,4,537.8676928364049,640.1391495524009
F014,2026-01-15 10:52:30.744204,17.008936773263155,72.64110560576819,6.876309711074368,0.6260304992111615,0.44505836398986387,4,549.9905918581587,536.4665755839912
F050,2026-01-20 10:52:30.783318,20.17488500701215,66.72408992634463,7.5332124398395806,0.6315666061531358,0.6466556578117828,4,447.9138696442093,671.9805963021764
F032,2025-10-21 10:52:30.777026,33.053097148427895,51.36070703387791,6.396145221465337,0.23403517973061216,0.7304036592992301,3,579.5815128802726,524.874052644299
F022,2025-06-25 10:52:30.798085,29.040389088360385,37.52718193266778,6.109285439359925,0.4687685847288452,0.458508392616528,1,514.7278368146893,330.83375651100835
F018,2025-08-27 10:52:30.821962,9.50416774526338,100.0420929550419,6.8913840885874125,0.4689834693130502,0.5071418930748947,3,517.8726504242547,547.9946938507652
F048,2025-04-08 10:52:30.781626,38.1311108264454,22.34191297851772,5.961353766676515,0.5502953817847316,0.685294358059829,1,581.9124671541845,475.41729509625833
F017,2026-03-08 10:52:30.762100,30.212087553242984,50.8023230783451,6.890480228058136,0.46246961144038184,0.5032138537138269,1,312.9832214220149,406.0273850910208
F037,2025-10-31 10:52:30.755629,23.577218664434852,86.17941948993898,7.275232351391888,0.5989115035622102,0.6782930118215236,1,396.57575720412785,515.5684978290517
F010,2025-11-09 10:52:30.775308,31.25073290541912,58.3724390453015,6.8660370796146095,0.7739928010736156,0.4656798849598822,4,434.2986814784706,732.8432870841917
F035,2026-03-11 10:52:30.788113,27.50790455481577,104.07714528835615,6.898642084557784,0.48574335404341296,0.6440776628523663,3,484.17236232313667,694.4825202478233
F038,2025-08-17 10:52:30.790649,43.486811332592296,51.55143256361626,6.357441530337895,0.45230030014914846,0.7979101024780835,3,474.85114146462286,528.7041445606707
F050,2025-04-20 10:52:30.819561,24.64526749195757,24.095270373808408,5.865909001423105,0.43847959600871655,0.42210174703642,4,480.05135165638586,499.13738682962713
F005,2025-07-19 10:52:30.767974,24.95289780591037,50.76369790817916,5.989756302983572,0.5769277530151204,0.8078475433830723,4,579.7869588667783,680.0515921603105
F047,2025-04-13 10:52:30.822364,26.011553451117628,31.877274388919773,6.720719794831258,0.5180565389826065,0.6317427833906573,3,354.41347024455575,501.02479950114076
F009,2025-12-21 10:52:30.831822,35.280407889496175,12.161693258177557,6.856112960290031,0.4982140501742635,0.6911695657347658,2,525.7819775510451,525.720341588378
F042,2025-08-12 10:52:30.800089,8.943560072875847,22.687480417897483,6.546495397824281,0.3800234937170006,0.45047236924178913,3,351.68390618514036,324.6403280248676
F046,2025-04-27 10:52:30.827283,34.713929399365185,74.45524695401431,6.539927210362908,0.4982175841168366,0.7192828654854635,1,720.8227864642452,492.8972098801981
F021,2026-01-02 10:52:30.781184,20.214596007022422,26.346926808844998,7.026104491103122,0.2132271804124931,0.6113278151833307,4,553.0113544404862,515.3708534704996
F024,2025-05-28 10:52:30.753030,28.919682047024786,77.46020238404641,6.628704873307281,0.5377503733821012,0.6320123506695078,4,546.6555500427986,457.8512830111045
F005,2025-07-14 10:52:30.810753,22.9684436268871,54.521842398976155,6.824291457596537,0.3922891891754325,0.7251348635163284,4,334.8131533615539,558.705005889394
F018,2026-01-26 10:52:30.833457,18.893098857822274,66.14228882908145,6.475250634410527,0.6974222642636321,0.3628628074502995,1,718.5612367803744,395.83335699872134
F007,2025-11-10 10:52:30.763441,30.752472673332008,43.093553864696624,6.349329581744237,0.6748383645203633,0.6447918654603697,1,514.6772533354471,482.17059255207107
F016,2026-01-05 10:52:30.801133,34.77657118724132,61.47712776772245,6.189231400216313,0.8581289388718085,0.6494396423660678,3,631.0481448962596,588.8269289172251
F024,2026-01-29 10:52:30.770905,24.57843648747071,19.996987860351588,6.96777890969524,0.8127692774142757,0.7438792083986203,2,746.1480709909465,562.5986012713643
F049,2025-10-08 10:52:30.746141,8.231804332985195,37.74100787621022,6.275686443866341,0.32744107902656916,0.5311512010443166,1,351.9161378632673,385.39358656878414
F020,2025-11-14 10:52:30.826197,16.57664721220879,59.29737830505222,5.6464927303082515,0.49631058399956224,0.6470144146689788,1,577.9902430615316,378.3666956711376
F009,2025-04-18 10:52:30.795944,24.20045983974797,59.423822412391004,6.0423987351960164,0.588119193981428,0.585615443739013,3,573.1352351097879,493.7104102830735
F011,2025-04-20 10:52:30.834473,20.090357259519863,76.35461570961223,5.559806607110665,0.5904692737824314,0.24719890654860432,3,472.3199254773959,497.7538330976788
F016,2025-11-23 10:52:30.810907,16.560725681122587,45.77867852993967,6.727840537613398,0.4123230956389551,0.7923693174409068,3,535.4968263679872,626.3978226919272
F008,2025-08-04 10:52:30.792336,42.743340418389636,93.0250272377086,6.639985113092295,0.34497896306522774,0.6474503296950607,1,500.4494690792884,487.41511286860003
F012,2026-02-12 10:52:30.744915,32.05159772163435,84.97138683090071,6.204100409423246,0.6023742734365387,0.644192892102659,2,450.17175404276225,530.6578458625967
F034,2026-01-05 10:52:30.775644,19.9672892478249,56.746421426835205,6.337352377848351,0.7337938197569446,0.770446334206442,1,393.5953339530846,471.26586512067394
F035,2025-11-20 10:52:30.756988,36.512349300354515,0.0,5.858885639952665,0.44982656823085865,0.5177224915323472,4,691.574077890941,473.88604384439077
F001,2025-08-12 10:52:30.817266,22.13644385333628,71.25604608867505,6.7126135247795915,0.5521589060209666,0.7264886127648673,3,579.2393892308369,627.2024163939483
F050,2025-08-05 10:52:30.791520,22.013540462678254,54.819045741128576,6.534632418424692,0.29312349085376527,0.7145928800532216,2,529.5809280781135,498.9717330098424
F001,2025-11-26 10:52:30.816563,20.63812853828549,62.855927068009045,6.906891896587484,0.5991596200159685,0.4443636531456647,1,514.6397008124977,342.70993210891936
F006,2025-04-13 10:52:30.775252,12.102302272667648,69.6763015784487,7.748438854996074,0.08901049355675306,0.4277326552692402,4,572.3242749722194,442.9266338586119
F031,2025-06-20 10:52:30.769404,31.950258035652816,36.53404940483422,5.321580327586533,0.5095284227956849,0.4946615419828684,1,523.4187719496639,396.5575389160041
F004,2026-03-09 10:52:30.755859,28.56420254374237,42.374951605417195,6.466328967694793,0.7155818880392293,0.7282892000634649,2,534.0286079925182,486.10697067324537
F011,2025-08-12 10:52:30.780228,23.30581015742457,31.30093982907493,6.082832123165879,0.306092022659554,0.6053955559519586,2,539.2213261263907,493.1665189952521
F023,2025-06-18 10:52:30.739419,19.135976119921807,37.52194033732382,6.607348632635584,0.5970653646610617,0.41309947854520734,1,318.68407373952977,308.0598692442006
F017,2025-05-25 10:52:30.773994,17.263471424258057,60.871775348392454,6.4590854846650645,0.2516062874924532,0.5344680198262161,4,430.9699142017971,619.9836105936732
F004,2026-03-19 10:52:30.765581,27.519080152497033,71.43229322647494,6.436978554861314,0.5362480900068751,0.3266242078519402,1,373.1764101148135,406.1828595467442
F041,2025-12-18 10:52:30.797565,19.10427533376997,25.820125955121025,6.461684399431524,0.4975712455523585,0.8108754987345705,4,585.6016509277549,601.2724177186883
F007,2025-05-23 10:52:30.809378,2.4451908851157818,30.180990789005627,6.502212071709494,0.639654702863965,0.6311030468052539,2,436.3198579822903,398.97709134139535
F044,2025-11-16 10:52:30.784675,30.20414013810806,19.808246597204075,6.712869362522237,0.7119270790362513,0.42614163854212034,1,412.22576974302245,442.4535843762528
F033,2026-01-29 10:52:30.802408,15.801927728659734,43.389767235794054,6.232821850331559,0.5150858877016644,0.6478339470987191,1,417.1930546933354,380.86203282287005
F043,2025-08-22 10:52:30.817858,21.49490933182964,28.555638744112553,7.00407191723878,0.4608106681127532,0.47889219983843223,4,647.7298054164555,552.8730068341935
F019,2025-08-29 10:52:30.780344,33.63721386921507,70.52535706523777,7.65620638284819,0.48596038207138303,0.7535821417229056,2,640.9957416845816,564.3953567645367
F026,2026-03-29 10:52:30.777640,16.77776227096946,62.91876583110684,6.656960341137746,0.21869366652859468,0.9352161497327801,4,408.62434271291994,617.0035518934922
F011,2025-08-12 10:52:30.746319,21.253878848600962,76.15369608196723,6.283706841817941,0.5042315938481079,0.5694492758506873,4,505.1381733630776,626.5883523132617
F018,2025-08-03 10:52:30.756048,14.851623802473298,62.57327295168255,6.514250346044317,0.3371568583641704,0.5819055277332074,1,395.2308591538798,457.8895229272323
F038,2026-03-16 10:52:30.740353,27.6614629588072,77.40546237179834,7.379016490375551,0.35155058104449044,0.6756345106607472,4,441.4130630931982,632.0685457136095
F031,2025-11-04 10:52:30.762343,38.130308752731366,66.81667676271616,5.436487545871918,0.5540669676785107,0.37714101144032464,2,590.1581879397324,478.6834806571749
F017,2026-02-06 10:52:30.798837,21.37401398458774,87.56498838097247,6.583992265902037,0.5228229294685733,0.6422597213615077,3,630.8696645029113,498.08022927694
F033,2026-01-11 10:52:30.743730,26.464175916458004,55.20733565280516,5.38808398705294,0.5180876505621763,0.5413991076388023,3,652.6467736296295,510.7068926124881
F034,2025-06-18 10:52:30.780557,13.639581812171015,71.51473800148727,6.686418335657152,0.42697997979426994,0.9327168563867294,1,498.7847707630171,494.84106507111335
F013,2026-01-10 10:52:30.746346,21.90085360911035,28.337098342200157,6.136379527248257,0.16562720040655426,0.6094814732095833,3,363.6852370063613,476.97170157536266
F013,2025-12-28 10:52:30.742117,19.891707723864073,50.70807539690364,6.337252281708612,0.5568100503223783,0.5474221830485471,2,524.0706118434413,519.4270198497858
F039,2026-02-28 10:52:30.782288,25.763440238469123,52.97026388722048,6.406651826885791,0.2747283156773396,0.57621920501514,4,449.1249267400144,529.9377290057328
F015,2025-04-10 10:52:30.821220,28.170726246166836,52.55444283662899,7.010056312993951,0.7451291348369871,0.7566755605121849,2,518.110222104058,607.1316568204024
F008,2025-07-27 10:52:30.787041,23.995885251570193,40.979209232987515,6.786144574972925,0.2971504769588662,0.36928599958095304,3,524.9753581618187,482.28797716920013
F032,2026-02-11 10:52:30.782179,42.13432274190534,0.0,6.889322219285448,0.4820068106250534,0.6696661869590361,1,566.5636668588103,393.62753843935326
F019,2025-09-05 10:52:30.761190,37.39418339662204,20.528017677492112,5.158572451611985,0.38929336420852145,0.49066215581025113,1,534.5638388709092,249.43175412292197
F035,2025-04-08 10:52:30.742613,14.09088616032663,39.33770472435083,6.075039713008561,0.7758514149993303,0.7657364234325011,3,552.3967617682935,587.7904833067445
F046,2025-05-23 10:52:30.801703,36.048193719686076,50.023837001167855,5.611184343417844,0.29996994001715493,1.0258330432904548,2,413.19999827882975,573.1310533446565
F048,2026-02-09 10:52:30.748254,32.541898299368064,102.56500620993337,6.834229709030162,0.6991204237851377,0.5299642481327301,3,592.7615617046937,537.8055137182396
F008,2025-07-15 10:52:30.823922,40.20821304439176,54.03940233825125,6.475096492158651,0.4517309479850074,0.6952356351005505,1,438.32303801041223,461.74659674764916
F001,2025-12-21 10:52:30.776588,29.125729696775082,60.42824410606256,7.09883842378966,0.48295614084825605,0.729758271470378,2,652.6974957160137,571.4705436726916
F040,2025-10-07 10:52:30.817815,22.84096661056065,49.31755747461251,6.825379344197436,0.6281234327059154,0.8568487919085499,2,612.638057937836,582.0719411921801
F034,2026-01-04 10:52:30.777054,14.07049496386111,107.9822117282002,7.7135000426418125,0.40569301169683625,0.800413235940728,4,556.6980068020241,626.6651025934033
F013,2025-04-05 10:52:30.749159,39.12205899926314,56.368471067624654,6.3255254243179,0.9325783914156254,0.34006174220843577,4,588.6846684814047,485.6048629592898
F005,2025-06-20 10:52:30.834341,25.492046464240328,50.249958362899385,6.109387702542807,0.6219288397719762,0.5842951262152776,2,563.8677482973973,536.7970486512758
F036,2025-09-10 10:52:30.777082,28.348707629562874,34.09301477392921,5.7803440075773995,0.4377205906509213,0.8223941380224676,1,497.98497274888206,294.83785765430486
F012,2025-12-06 10:52:30.829526,1.666619032392866,44.37611551597388,6.140712700010074,0.6219662197793167,0.8181584005337234,2,625.1129251167104,535.8259004809177
F046,2026-02-13 10:52:30.809224,14.61951521820297,91.94979719866356,6.396694807828622,0.5305337474397012,0.5372552367487575,2,529.4289871389195,446.2089107340966
F014,2025-11-17 10:52:30.797950,21.583929419930882,91.74584992299881,6.1110777280334245,0.7288478793665127,0.7201181120003086,1,549.640161188086,501.3152463737161
F031,2026-03-10 10:52:30.826349,-1.1204894047544762,10.808952366496356,6.581568991223331,0.49396826662567933,1.0131616854581869,3,630.4292775450004,493.6519546388807
F026,2025-08-24 10:52:30.794981,35.424420797305174,76.35431366296511,6.61876209159552,0.7276992411114724,0.63895159362922,1,595.5671012510393,455.09275642620906
F041,2026-02-24 10:52:30.788398,14.792980729931227,52.85797622037387,6.959767843990645,0.20033910520677817,0.5616687015685959,4,453.6140842872261,526.3428684515691
F045,2025-10-27 10:52:30.824436,13.344853705919652,24.1526990896634,6.895447784908032,0.3463107299737195,0.24499061897282426,4,454.0767092600187,507.21373342270823
F030,2025-07-28 10:52:30.751001,32.17987955975605,66.13009319359949,5.745077690782473,0.5635949941264974,0.6053289052496155,4,569.7678981920538,611.4002353075691
F045,2025-08-08 10:52:30.781579,8.582363357106736,50.86684773111203,6.9360704691229,0.39654807104023454,0.7239352205262868,2,521.4869077424697,381.9523894039256
F030,2025-08-12 10:52:30.811102,24.28164259028722,56.45800263102929,6.398914526082009,0.8177655899059688,0.7743176567564223,1,364.26404955246437,451.2870892020051
F006,2025-08-25 10:52:30.817335,27.737531108700573,17.300142839471974,6.653238478155565,0.5052489847796586,0.7154969014635851,3,503.2205956858483,568.7582183609481
F014,2025-12-22 10:52:30.810177,19.300739498451833,53.985985268100194,6.811228894902536,0.5953702198341504,0.45268350937622154,2,495.15346764855246,456.5474789291133
F048,2025-09-15 10:52:30.827310,32.45073857521114,72.2882895574835,6.404968982130738,0.5345417130073086,0.7271985108369754,3,519.1595324261057,581.8589934597468
F001,2025-05-08 10:52:30.818673,24.667984226443377,86.69184174075687,6.177635810987285,0.45204768331560113,0.8861191424501365,3,548.4204096755922,571.3175486111563
F050,2025-11-17 10:52:30.831701,14.779405789044976,3.525005413561736,6.551288487117366,0.31603329836177174,0.6767131776562809,4,464.57682804390254,561.3095618895308
F036,2026-03-25 10:52:30.749501,15.004320684900302,58.91941701718205,5.439660503272328,0.8369221035481864,0.950374599220428,4,576.9979476594341,589.6658086615872
F015,2026-03-27 10:52:30.794760,20.082895490927044,58.2630344765851,6.771715722195045,0.4265747490595444,0.41687389685570864,2,515.4515531730566,432.76595797274024
F044,2025-08-11 10:52:30.792134,41.8373192648009,75.83519605280713,5.9963779747591355,0.5837265077744918,0.5561652487188886,1,332.9621093009099,489.84374639866274
F049,2025-09-15 10:52:30.767867,25.940187726042076,30.10503074346594,6.896008586547197,0.7081238846395015,0.6921544375251193,2,594.5157104581923,511.89950134436856
F007,2025-09-30 10:52:30.810079,25.792877795268524,51.53520175558922,6.532207428738478,0.15752400156099827,0.550884072503146,1,450.87391504352377,404.79135340270193
F010,2025-08-15 10:52:30.814579,28.991083858172786,48.51214991275252,6.73702283834217,0.4096879509917397,0.7803114249828529,4,407.1227668240678,661.6833676883604
F038,2025-11-13 10:52:30.786069,24.635159019055376,73.23984902425278,6.858872887117369,0.37867206519328056,0.5459601454079145,4,635.61888903686,570.6962639583271
F033,2026-01-20 10:52:30.789170,25.500353327656853,55.291801033244965,6.9092418567653215,0.7943501677519418,0.7174746813532181,3,662.0207242877923,550.5552511754556
F022,2025-10-07 10:52:30.775476,18.035725261075385,102.50214443597056,6.639803227108452,0.45606062605572173,0.5961023433636803,1,558.7390476533144,453.82542491060246
F027,2025-09-07 10:52:30.822086,23.127990761359804,41.5170932060253,7.169276338606587,0.44131016127211603,0.6290615727946546,2,525.8967978893551,437.74546210757075
F001,2026-01-19 10:52:30.769753,35.57764878129101,27.578015972164668,6.585471938960351,0.5340507796529901,0.5367029503604529,2,417.9790196948274,477.12754937746405
F038,2025-05-19 10:52:30.746700,26.49367256680447,10.730342026975407,6.903768592052296,0.4328319686276968,0.6257875121714289,3,477.3998951984462,631.9987373474019
F039,2025-08-14 10:52:30.766326,31.935320340116174,73.20577261888465,6.301053945558098,0.5910326581953413,0.5671376706170816,3,500.38333456231527,549.7238056356235
F031,2025-07-11 10:52:30.776307,34.72288455945096,42.6684164589628,5.460516991954318,0.7149997444084027,0.6073053138303377,4,360.926931325788,589.3396145111278
F050,2025-07-03 10:52:30.833124,21.130105139504217,48.050485434363786,6.22833079395812,0.4966981220264763,0.6246403931043505,1,472.2631556952268,505.15632590937435
F021,2025-10-21 10:52:30.777571,36.58031282426962,38.59003756964876,6.718895294814566,0.49599197608520096,0.49438649333260687,2,621.3759606283472,420.3524878352875
F033,2025-07-13 10:52:30.751101,29.662249619545356,59.18424050616308,6.06926782068011,0.5000592010012924,0.6701252468223563,1,490.1151666590444,459.35276114944156
F022,2026-02-22 10:52:30.747178,23.957800670893473,26.5532106939719,5.697648429981396,0.4152108317462001,0.5523038628891482,3,589.6754734395879,446.9059242007679
F023,2025-06-11 10:52:30.747192,37.79979334627869,0.0,6.241626924020559,0.4518249423836004,0.5851750753605132,1,322.9790538214953,409.65359448874506
F037,2025-12-14 10:52:30.803142,18.82382605448987,57.98897434466025,6.228216808565867,0.5898212602530071,0.39123225522475374,4,615.0099090019403,616.9844502752715
F040,2025-12-04 10:52:30.787488,38.531347287201186,80.91295754597908,6.266893961840229,0.2918127465394372,0.7570703384164802,4,332.24253909411937,581.2654174076118
F002,2025-11-19 10:52:30.815171,33.54838634624717,26.351263088540044,6.653097941579313,0.5112678860694417,0.44750729059225136,4,620.557545635889,594.479446121755
F047,2025-06-05 10:52:30.817210,17.40965486778317,25.33659448834414,6.830985404021012,0.6140882866853121,0.7120142610798849,3,554.3361735473796,528.3354171652664
F049,2026-03-16 10:52:30.779105,32.89609926726099,54.683226710420016,6.013739860064278,0.4938044307582163,0.6191912299840775,3,450.1820428237255,633.5365705382271
F008,2025-09-10 10:52:30.775984,26.399864520690084,57.83186114323361,5.539086117072813,0.514346807044801,0.6965628229530054,4,400.20173408198866,569.0237623688017
F041,2026-01-17 10:52:30.812483,11.231774961779754,20.23509376738865,5.643727495364182,0.5630389507817155,0.6240346232509303,2,522.8217196605091,449.15430301270175
F031,2025-06-26 10:52:30.751044,15.682578883056307,18.93845789205334,6.408838398348263,0.5763895473173941,0.7575385830333945,2,507.52993481100197,556.2714024740283
F009,2025-08-29 10:52:30.815269,25.134146783243622,72.56848227514399,6.270188203494231,0.28585774605453884,0.5219111590437606,2,401.00133651290827,526.732141890937
F003,2025-05-17 10:52:30.820323,20.7695713244441,0.0,7.343799025362073,0.4388832159820757,0.39931934974436983,3,522.0409572040022,499.5259608538985
F012,2025-04-11 10:52:30.763519,16.78708692935916,78.49425664855967,6.570073823136661,0.4974642522244688,0.6649854602374976,3,481.5821100492096,520.6090161106698
F033,2025-09-04 10:52:30.770322,11.602380350135475,68.51712384537069,6.953115715658813,0.2582982050149037,0.5626451745626938,1,486.92733362890675,426.6622458425434
F002,2025-09-14 10:52:30.749007,21.88955661189388,80.49509725785623,6.189061267350879,0.5874787436234589,0.3591745696504547,2,429.00281321729466,493.6485445857763
F018,2025-06-28 10:52:30.802157,15.602334677686654,38.15989357072758,6.67858319171076,0.4884261529048822,0.7252177655441249,2,562.4907609709832,559.3737037996166
F002,2025-07-16 10:52:30.768853,30.23901520970457,0.0,6.093282755641254,0.5308099673491438,0.5975281081973156,3,608.208811469754,557.8232960008285
F020,2025-08-22 10:52:30.745025,25.939887405945775,109.19271081381738,5.925869354010805,0.5952868255115592,0.5902276993971738,4,517.5781734823317,627.9828095535725
F047,2026-01-15 10:52:30.823064,31.860388880166,75.8769612648893,6.801066603797908,0.4231972694313165,0.3652954104927183,2,403.5998256489882,478.9633034797451
F009,2025-09-30 10:52:30.798722,5.1202512817501,55.05921241592189,5.886287469806472,0.3459453379533173,0.569829896230325,2,503.57390821898673,376.0891061945069
F019,2025-10-06 10:52:30.740777,25.540703929371837,63.9696114126452,6.297490923030962,0.5492618205058696,0.6284506947872496,2,426.4459130966696,515.416703652611
F028,2025-08-09 10:52:30.745137,41.11447788477278,44.180158707425356,6.859614300779252,0.59341473506846,0.47319295638812403,1,554.7062863032421,379.54938411491815
F017,2025-05-20 10:52:30.742170,24.858194750490703,66.63610249161826,5.395789466208615,0.33403368561878527,0.34963928851901627,3,426.9878294341203,467.28826556228324
F017,2026-02-14 10:52:30.776111,25.63060989431017,48.62877943475207,5.926389687984556,0.5492569229182565,0.768592242097195,4,446.4094262607707,597.5087903224041
F031,2025-06-25 10:52:30.813278,28.704037201469085,90.32927542240418,6.9457869130955565,0.7265246700806742,0.5193088750559165,2,617.446288496511,460.995580372796
F014,2025-07-27 10:52:30.764951,36.533671757968776,16.92266341786688,6.8318933593541775,0.4823357045153904,0.5699619413774023,2,423.20588856151323,384.57451138409556
F034,2025-08-21 10:52:30.786707,40.859537300792,60.941684453095185,6.855344890821678,0.35623223599970977,0.6539572192262395,1,465.2151562244493,512.08934791799
F040,2025-11-07 10:52:30.805343,29.437908115656803,96.28667442539356,6.032874201902192,0.25680033226332494,0.2826654860400208,4,444.98493550878743,458.56773162861555
F013,2025-05-17 10:52:30.754613,32.3258727699298,57.20377636055432,6.473009118133118,0.6959906448862224,0.5033681137310108,2,527.4405900608909,563.4775526929627
F007,2025-09-27 10:52:30.825327,35.256291770481994,90.31925409375631,6.29726910693357,0.5382250990890923,0.6073494782472648,4,520.7157814518856,588.3270321339538
F011,2026-01-25 10:52:30.781028,12.402879522717477,47.954754076933014,6.880348574448604,0.47590247699660626,0.787819480974313,3,809.8620941129132,596.9958192761261
F039,2025-11-13 10:52:30.831553,34.192263843928565,73.61546292380002,5.772841691638014,0.4653179595591159,0.4632331383399208,4,481.246894497471,665.0687124422013
F009,2026-02-17 10:52:30.823936,35.88416428299518,77.91538581505964,6.823131258934413,0.5954029520945368,0.49869189931490976,2,400.68534229334426,443.7551404971765
F017,2025-07-21 10:52:30.802871,28.656713281872975,29.224129038449878,6.0844856284030895,0.6927270687740664,0.6698538946095822,2,636.6990114770168,381.06500391233646
F010,2025-07-05 10:52:30.744887,12.343031367073346,35.89468205116723,6.328386505075249,0.6545415148772028,0.5294283668228262,3,367.26976625828866,587.1888957552868
F047,2026-03-31 10:52:30.759402,26.157424794437855,21.972144133675826,6.722839351541948,0.39180579723425446,0.6782807536403963,3,484.5724054597969,445.50180558251986
F009,2026-01-26 10:52:30.794638,34.816968896507,50.62978189959638,6.694678579790695,0.30184403681888505,0.45625020714056297,2,592.9632506920656,460.5618123732834
F049,2025-09-27 10:52:30.831687,21.743045483651688,52.28765716175557,7.581913526949662,0.4745968048634738,0.7419601832472231,1,696.2986036976247,533.1137344443066
F016,2026-03-21 10:52:30.779405,15.572132148440241,54.4811107014171,6.96198906486487,0.46644228538933763,0.7760127838617084,4,502.3932822484355,611.9160482084934
F043,2026-02-22 10:52:30.833951,24.736570487849747,46.29569693105497,6.437060810788061,0.38257293759821726,0.7278934520090052,3,388.37932642480433,567.7092951028739
F033,2025-12-16 10:52:30.825684,20.421521033478047,32.007281106112785,7.4868699099985845,0.5553998391616272,0.5844297982131557,2,416.4408423133235,483.0432205235237
F036,2025-11-06 10:52:30.775672,17.447341258062636,98.52377269314371,5.973042237141318,0.6656938442295823,0.6961336649694214,1,458.7983188007522,414.6507989801164
F015,2025-09-18 10:52:30.802844,26.038465143796824,51.4352325769924,7.55172693205746,0.5823400853926101,0.8192688841039064,4,568.1393616354017,615.648029275687
F018,2026-01-15 10:52:30.781957,33.26688480138024,47.49512770931804,5.584727450159151,0.6460406864198994,0.6476807674556265,4,514.1122333983449,581.1080436395844
F024,2025-04-20 10:52:30.794934,20.10294802511377,41.782675239827284,6.90378338667305,0.506739675115613,0.48498262099997913,2,355.18814838863085,400.57594752075937
F038,2026-01-03 10:52:30.773373,26.014210362385846,77.85554784218849,6.970490806555214,0.2941047712948848,0.8859765089719701,3,507.46149043380166,575.8707453052045
F013,2025-08-08 10:52:30.821192,20.457729253785047,32.27715887614424,6.234904664898311,0.5315324240532608,0.5156972551261584,4,415.6870782567012,506.84703586324406
F023,2026-03-12 10:52:30.750905,23.525521310684894,87.92251458897272,6.801565870702547,0.21542593024140316,0.5937058115517642,3,493.68038590288717,521.9667967006221
F035,2025-08-10 10:52:30.759971,26.44436480529877,88.29315886297987,6.290334193423668,0.4635529931442585,0.4238652765797161,2,378.2301095746252,498.9895538701272
F020,2026-01-28 10:52:30.826919,21.330155361421657,44.29423420746894,7.292903276941278,0.7636547583653754,0.5645767329762881,3,440.8057363375719,591.4547391430766
F035,2026-02-10 10:52:30.829949,18.387544045343216,30.858343265753515,6.577663878330941,0.3211252492944624,0.5520892877438065,1,449.89166563029414,314.5866752342435
F038,2026-02-01 10:52:30.782271,32.8782640232217,55.810208290693005,6.925600813747036,0.45032673750740687,0.4876773110849788,4,491.3345489251686,543.562024904516
F039,2026-01-15 10:52:30.826470,28.87769742630168,38.7730824478571,6.949522107463385,0.5599534869392002,0.5610121445160036,1,497.48109629348187,383.2757543954885
F015,2026-02-17 10:52:30.762066,24.651969934593048,52.86079430834092,5.8109932601404495,0.5352854322149458,0.7044025009518089,2,627.8834305655064,469.3562850198673
F035,2025-06-17 10:52:30.759187,18.62566645740716,63.43855350322164,7.531732301890697,0.4032802269004795,0.7360135303150546,1,568.1323221447504,463.6462881536877
F043,2025-04-06 10:52:30.800102,29.270580475426147,114.72007240950192,5.038811992146378,0.4491556483225085,0.5006958062540964,1,693.5714515660886,351.25206014773664
F036,2025-04-04 10:52:30.745963,28.414395630307595,84.25490735328398,6.244288283281314,0.6565960905210296,0.7429735904880285,3,524.9277858068374,689.444907253273
F025,2025-05-04 10:52:30.766038,37.621486545955754,32.68448156516896,7.671087667536892,0.5017317058877279,0.5546336897970726,1,496.9579149843934,409.32086750288295
F050,2025-11-24 10:52:30.792924,28.39275912419612,29.157663839578603,6.667481494315148,0.4946473901643489,0.6131593460845166,1,555.4299272080605,453.67536686825264
F016,2025-11-11 10:52:30.744970,13.894448392535896,57.176018939654526,6.198848190465848,0.5812899139636214,0.6836179601288445,3,486.4571417528959,508.0983797574252
F019,2025-06-27 10:52:30.798867,17.723130204351975,57.52368753022118,6.0009967182794295,0.2705524984245788,0.38044997636519257,4,589.5787390646125,453.47086373620067
F032,2025-06-03 10:52:30.742525,23.16184552931007,80.33097510936098,6.753437442890614,0.6295333110190675,0.4177105905548578,1,516.727312573119,442.2730501377667
F019,2025-10-03 10:52:30.821276,34.19693782149578,83.53158492415655,6.263414924567682,0.5877749494935008,0.3262130639816312,2,574.8163608335617,483.62255570635557
F048,2025-07-26 10:52:30.741211,26.62471186224718,34.449316304326615,5.318315268574925,0.42131193039629317,0.2479035057726513,2,479.57549082421275,420.2561040941337
F029,2026-01-04 10:52:30.823510,20.922869309010213,23.912940697405112,6.506745111917137,0.4020574026898628,0.8117825771116421,2,669.1924270532782,446.5209678327668
F039,2025-07-18 10:52:30.789959,17.168190578937285,78.32733994521354,6.07670344901713,0.43059736340011623,0.4313209016757108,4,506.64658899479815,496.7011014300914
F005,2025-08-14 10:52:30.803560,37.44983672253102,39.826490092488335,6.411172111383498,0.3643608889752582,0.7551344432329679,1,449.2729714952319,511.4876099664851
F008,2026-01-12 10:52:30.745572,35.62637303685966,69.0173408272577,7.203248491956902,0.6266047455527941,0.5243494577731634,3,476.0207417495528,555.2383837706403
F007,2026-01-14 10:52:30.795905,11.161674225867825,47.44508524240037,6.831099011008694,0.6661297692625142,0.7744721860038084,1,621.3032020532346,468.3779876803414
F041,2025-09-26 10:52:30.774334,27.530001989908772,54.55499197062883,5.7510329204192265,0.6554460459809188,0.7158235688972225,3,410.49178778112696,616.0558790353615
F037,2025-07-28 10:52:30.740339,26.011166644699006,74.45373442434047,6.3421542073939,0.2758755345278213,0.5462066297208831,4,495.25264359254095,627.8259022082973
F022,2026-03-28 10:52:30.792532,25.50827774296295,0.0,6.431731376784904,0.7324709783743022,0.5068374690179217,1,492.85378212119986,416.7583397949983
F045,2025-08-22 10:52:30.752536,22.21552370524455,59.777661905789095,6.324864403198834,0.7150142606321136,0.49892573916194116,4,559.1248621428822,600.670595974306
F032,2025-07-23 10:52:30.755562,31.63343695339863,21.97673158186105,7.258967801766374,0.05338260002627959,0.8662084309036769,1,517.804609655829,499.077723017803
F004,2025-10-09 10:52:30.809336,27.993583056465535,31.704496807211143,6.201682393305501,0.26157688383875943,0.6717895136311752,1,407.6603366842297,437.6549158391295
F005,2026-03-26 10:52:30.809350,29.26408266416378,86.62657957733217,6.877609833454624,0.3453230722927829,0.4338559239715576,4,420.0934718020173,637.7643263604331
F020,2025-06-25 10:52:30.810261,17.819482567888148,32.4160704589934,5.855878628525935,0.5044687515038954,0.5111969038414917,2,250.19731038014413,436.9661267439474
F038,2025-09-10 10:52:30.788157,20.12526691584427,55.9936044525007,5.905480931515417,0.5985141482552856,0.5080584140125722,4,454.38197225347204,491.17953521580927
F026,2026-01-13 10:52:30.809645,22.695085194674117,47.2737017190053,6.821496907906257,0.11832150547073322,0.6323990167582402,3,497.41538319458095,452.29160697984355
F029,2025-11-07 10:52:30.782949,28.190623867044067,72.06704584179077,6.774644174846516,0.8411433698793878,0.5690582220664563,4,402.52358106802154,603.9573241195076
F031,2025-07-17 10:52:30.799042,21.50929065742231,8.511483833053376,5.738372671535747,0.40712933511358407,0.7971260350877056,2,618.3611763723302,495.8754768013599
F001,2025-06-05 10:52:30.799379,21.873297078634614,55.55763546642465,5.784572726132743,0.39046662422149997,0.3645989267688034,2,590.7897583778936,450.96737853193866
F006,2025-12-07 10:52:30.752706,34.177814352309426,40.97758742220675,6.8081089983251095,0.3809668881765982,0.6918464923565026,2,549.6873903656905,504.17758147749805
F004,2025-06-19 10:52:30.788643,39.126949028611776,7.657595277490671,5.88975583274583,0.7540027036506999,0.40926426904454805,3,577.1232333268673,505.3015621147806
F029,2025-11-28 10:52:30.740230,29.370052816914004,78.27684954825504,5.713611785632037,0.49390686984608667,0.6434344094794167,2,462.39663683860124,472.3645979061125
F043,2025-07-06 10:52:30.788434,22.605437888704827,8.52191135135542,7.473480590591992,0.5563672337355434,0.4491419803837535,4,493.3835978078438,473.3322245445012
F048,2025-05-11 10:52:30.776546,27.810661034568867,22.733939405973057,7.017909865303427,0.28406772068656994,0.486941635970186,2,540.4468627058718,452.1910204375057
F038,2026-01-24 10:52:30.816381,8.293336922639202,56.85088711035186,6.2136673844334895,0.6613763636099197,0.5679784670087304,3,327.89880033331906,480.28103281852236
F033,2026-01-01 10:52:30.826390,7.6525890523267,50.76797211961347,7.40788981879002,0.714444010218544,0.6112799980110517,4,474.88084440159395,591.156783680086
F023,2025-09-19 10:52:30.826974,38.311170010173626,75.47341924651352,5.972226919806496,0.3737452046848385,0.6642371277395847,1,470.4467889562112,453.9709148826319
F009,2025-11-02 10:52:30.750607,27.777026862419145,44.48384993938842,6.431102758884856,0.6039901606711051,0.7856311060501298,3,476.2896426618926,596.6735533383717
F039,2026-02-02 10:52:30.805330,26.451985438649604,32.554229845358876,6.241464925875098,0.2713079938776914,0.39518163246592436,4,547.4290906496627,500.7537315768451
F006,2025-06-23 10:52:30.793758,31.24116515843749,54.237033665217524,6.58217931275303,0.6041017018538332,0.6195134719103056,1,594.3845466191943,408.2153506471174
F035,2025-11-03 10:52:30.805275,29.90874873029113,61.44482738184511,7.637081908144996,0.45533802322344813,0.6008075863973849,2,675.0088659631922,506.5043502255649
F030,2025-11-03 10:52:30.776999,10.970769688986481,49.69130280766586,5.70066227971734,0.5934419784443196,0.7963056712892336,1,456.4319267869346,326.4975384494991
F004,2025-12-22 10:52:30.827391,22.07892501384753,100.49839532627448,6.9169379760044185,0.41334053385143477,0.7671474848799006,2,522.6236840310112,496.7841476078747
F024,2025-04-05 10:52:30.808213,19.314299507515898,60.62399744945046,5.867971138269909,0.39936902574615957,0.6027915108194988,3,416.94989885492964,526.3925222169663
F046,2025-04-08 10:52:30.819505,17.762740829631152,66.80657735018977,6.890779511761323,0.5193969132510273,0.33883910786496557,3,522.2454729230283,524.5390766756029
F045,2025-06-12 10:52:30.816479,21.886240568600826,0.0037644288101290613,7.141964216919505,0.6328328074829144,0.5089248121694893,1,321.6415197814522,446.17016657470845
F011,2025-10-09 10:52:30.811655,36.827946507002956,29.527441681258757,5.2691204896893264,0.4280277049469624,0.3788455179748773,2,573.5346499132086,418.42993872794915
F041,2025-04-30 10:52:30.810553,37.195496008519086,24.35701125854371,6.580761871051546,0.5535963591232784,0.6618041150589986,4,345.0291214064718,502.5954110252892
F027,2026-02-18 10:52:30.775546,27.778926155229588,47.07235875698443,6.51159715442209,0.30584081722575607,0.5656266727615563,3,682.3198240820473,506.02125183710933
F025,2026-03-16 10:52:30.745807,35.60401822243227,62.51921316643056,6.939025694712066,0.45955673333440444,0.5032669130031536,2,431.77890796714087,495.29475317576305
F043,2025-04-10 10:52:30.745361,24.558096421917778,33.4635291169454,5.782827226106682,0.41018207086262765,0.42849355532072725,1,553.4288261097312,305.568539341914
F049,2025-06-18 10:52:30.811451,17.85463857279244,37.37750095399667,5.736980169173513,0.4260718097479191,0.38980911503543847,2,622.4163434000204,368.0436700412262
F022,2025-10-09 10:52:30.829661,40.26696958184179,12.132948645240624,6.811155072463091,0.6480405329405321,0.8149658149419848,2,406.90838118207796,504.8919625543023
F040,2025-06-10 10:52:30.776434,25.150864025480857,51.13934856261508,6.463743859937039,0.6857958620922545,0.3805887811085903,2,625.4403654514932,367.57824231249
F005,2026-01-27 10:52:30.740585,22.252657045898786,45.73412499269959,5.9166393967856274,0.5209680553742755,0.44289711559446643,2,667.4566212284226,410.2906899473616
F023,2026-02-05 10:52:30.783692,21.542336492092033,54.097262624306545,6.950802653948683,0.5490412928768479,0.776833322108035,2,507.2461615473273,612.5652488649707
F022,2025-08-06 10:52:30.814045,20.03666962711033,68.7303445814547,5.598595322534106,0.5029894828785944,0.744335932663895,4,574.7712675865382,638.8989015764437
F031,2025-05-26 10:52:30.824966,16.915428426885967,43.28140192570361,6.748842828945202,0.6950061577013458,0.6230239658151878,2,520.9773900356487,515.7166895802458
F019,2026-02-26 10:52:30.774023,23.343433888863007,77.61692697978994,6.477704746039924,0.3467307190188184,0.31724167026888,3,524.927733802575,450.1955877717746
F005,2025-10-15 10:52:30.813758,34.982785270388575,70.5266541415695,6.614876451873547,0.525896406733153,0.5932526958520764,4,582.9285704445347,734.2360352482378
F044,2025-09-30 10:52:30.796657,21.146902372864552,85.57900809686427,6.431441255167037,0.7687975138406808,0.7034184606342642,1,405.75608821057625,554.5414037813371
F049,2025-06-07 10:52:30.771252,28.329625775141512,31.147186974590852,6.423176481796011,0.3820477787568698,0.7276559682168471,1,593.7789843216054,435.66845735780413
F010,2025-09-29 10:52:30.762787,19.470680281974087,48.751042997429224,6.692946503822285,0.5879714705024669,0.5747420269164253,1,468.2410270320521,410.0720757821513
F019,2025-11-21 10:52:30.768249,12.843370242026422,68.56415826615569,6.876105753031194,0.24213976688838124,0.5762168625598809,4,552.0583749091713,475.65965308342913
F049,2025-10-04 10:52:30.792910,17.284298645564576,10.893996832979106,5.761560714815874,0.3585254119886608,0.6369267008653796,4,336.91998774668645,545.1845510762571
F040,2025-07-10 10:52:30.802503,35.81317464587087,38.29626778630357,6.084512538551884,0.35997592511397647,0.5923794880246764,1,525.1613297241647,420.50556285404264
F006,2025-04-23 10:52:30.800312,20.319982847300103,58.87706415465051,6.592449983561398,0.39383407825352096,0.5633642710919217,3,373.0897974804805,525.8738037400584
F047,2025-08-18 10:52:30.830987,22.188362970201318,57.21149255857494,6.697236603137755,0.26202511556277214,0.6194458543484267,2,528.2962118009407,466.46395134111305
F038,2025-10-04 10:52:30.764589,33.14905305526851,36.334267927030375,5.969801536024587,0.46447886177483344,0.6953283797538815,3,413.46760516672623,548.6049558427828
F011,2026-02-25 10:52:30.814593,14.254227708035389,51.722146441764224,6.632450945324062,0.4446981011209749,0.6875313349567007,2,491.4656513522184,433.37338891743184
F032,2025-09-06 10:52:30.767168,40.20419630068813,24.01337952339625,6.300419195944534,0.33873571878354614,0.6693881168194942,1,590.9406874527715,494.83748705538943
F018,2026-03-16 10:52:30.830411,17.324574897103368,44.80823836555201,6.663519680686511,0.6354776624590819,0.7987532185371493,3,492.3957531212089,603.1493954516675
F044,2025-07-03 10:52:30.815060,26.740851273788337,22.70732657867038,7.093905060012101,0.5850228314601795,0.5919154867402616,1,556.3347099272358,395.5623277687038
F033,2025-09-13 10:52:30.741708,27.357472706056736,34.09414371949223,6.087552552910822,0.4178842039393954,0.8227544902834142,3,592.159349698514,530.3325215857183
F042,2025-07-03 10:52:30.768708,35.7345260044299,67.40994808686389,6.396407123668456,0.464857228302544,0.5465836049299843,1,598.3892242206953,378.0184781654684
F006,2026-03-16 10:52:30.778195,22.43226734671376,29.37861668539842,6.831167479649122,0.23402067224912088,0.8408024328116361,3,501.1204668390618,563.4599639966051
F041,2025-07-05 10:52:30.771142,14.294880617488905,49.81858063821141,7.57271271916124,0.5851775624933796,0.6231891540944833,2,606.9958337040256,482.0823256906223
F003,2026-03-31 10:52:30.749736,25.660156513923585,6.29696100049528,6.756941191814792,0.5382803537436427,0.5113711607475409,1,460.18945157102354,375.0348735798752
F043,2025-12-23 10:52:30.779954,12.590647687580907,48.982423165727894,6.496578203180461,0.2830127033092429,0.8034229244510285,1,465.80117632593635,519.2761810088593
F005,2025-06-27 10:52:30.825990,27.217802733162134,15.168274482327135,6.794284420023381,0.43605437391349416,0.6537444276541665,2,670.6098236240377,511.42381493389
F047,2025-10-13 10:52:30.746826,18.163412510534958,55.93148842149002,6.348668027188556,0.5213142232526935,0.31125010283945287,3,520.3140820377904,356.91340732653134
F035,2025-10-04 10:52:30.814932,21.223183937624096,72.56026227161541,6.532601139646919,0.777657654252452,0.7430900572439498,4,362.9638283489336,589.9792018514092
F015,2025-07-09 10:52:30.746374,8.789027909255413,56.785391568097666,6.6130402655120575,0.6639089461575537,0.6481640875998371,1,599.8935030215367,470.83609401715034
F033,2025-06-29 10:52:30.820743,28.59833096169218,29.011584762433476,6.672612161510686,0.5269156257475107,0.6314458864586797,1,749.7042286786767,444.04768576948265
F046,2025-04-19 10:52:30.822350,24.57849938347991,19.494006188493696,7.332073475457586,0.550662352879193,0.6100697208023392,2,431.98350736096785,501.4511095939454
F023,2025-09-11 10:52:30.741569,12.045367700497492,65.31113889746055,6.971934882537302,0.3631242322058957,0.8413907302991583,2,500.19244717509224,567.547454759349
F021,2025-12-31 10:52:30.772945,15.938771550810628,54.35078363143222,6.557938568978256,0.593079094906312,0.7500315996707373,4,505.254450057732,480.80909941175423
F005,2025-12-12 10:52:30.831095,26.921800126656073,81.93514849299763,5.954971866405797,0.12832364605692315,0.6580187606853173,1,597.7903715244009,459.14363961601134
F044,2025-09-19 10:52:30.831620,27.710379273308053,78.84384759153289,6.510638948955239,0.5551655391408298,0.6059637550624413,4,642.2963538562678,581.895498304289
F041,2026-03-27 10:52:30.781494,27.635914908487734,73.21525667668163,7.155572298877845,0.521931850581036,0.6792809179005312,2,590.7636150012893,498.7435516873968
F048,2026-02-26 10:52:30.834182,34.84709154066564,65.33134054739661,6.984484655533783,0.3572444235032695,0.46715672350512183,3,419.47330280197065,539.2873690660213
F040,2026-01-25 10:52:30.806191,27.891724211642565,36.074821335255535,6.558022243997558,0.48994907096903867,0.48862475858329696,2,464.31107088686827,560.3902332085421
F011,2025-07-20 10:52:30.776728,24.04369462907161,63.13312277497221,6.6329578128857865,0.590522570295775,0.7070323952337847,3,448.52931575365307,561.4881568363024
F035,2025-07-17 10:52:30.789903,26.64734935507605,37.030110544820666,5.309754943261077,0.4839030043697943,0.5092336144118867,1,433.8400029731261,369.36358561363704
F013,2025-04-24 10:52:30.774643,21.962912011019107,76.18060648415025,6.466537407058411,0.5742613682942239,0.5913356992777101,3,496.578237035415,519.7526750191025
F001,2025-04-17 10:52:30.753540,26.204507651734573,113.10809119209726,6.893399052583784,0.43206327092413743,0.683436444722868,2,487.84736223068927,551.9015438682753
F047,2025-07-19 10:52:30.762604,25.197017323710988,29.603086943362698,5.891517332822831,0.539131116866813,0.43869941710191956,1,595.82078413229,423.7045974622907
F012,2026-03-23 10:52:30.770735,21.029127669616372,24.906207961906212,6.9255411639824604,0.4626790937184867,0.669124511121696,1,395.6113650402577,355.1758816512044
F043,2025-05-19 10:52:30.797593,27.296709495572742,32.41811428283348,7.180202069958469,0.5620650710473127,0.6876475680823267,1,484.34018741034777,464.3510459606968
F048,2025-12-25 10:52:30.784037,24.96364972519456,58.73458051646615,6.139256889307989,0.5708252216421899,0.7122837340029783,4,430.7253485669406,616.4992847554186
F034,2026-01-15 10:52:30.803101,35.63066890948442,49.65458740606808,5.95235738571786,0.7076063492819746,0.6305172075566386,2,432.60987939805545,490.0548882992156
F042,2026-03-07 10:52:30.750282,28.90568590238521,79.86664709973883,5.98793829364542,0.6800704590451309,0.7150389081282001,1,606.7011502175942,444.97265635197647
F044,2026-02-18 10:52:30.777193,8.612018366118757,49.544633260376045,6.615328710545134,0.6565378594712845,0.7450457884896258,2,287.2943333414278,490.4920423644602
F003,2025-10-24 10:52:30.780113,11.152268333570277,77.33089974502724,6.680876001717969,0.7176859557868732,0.5961977896106181,4,390.56601930678283,549.5611298902083
F034,2026-02-03 10:52:30.798334,20.129598742499066,56.91544636972886,6.257670769530987,0.5175969089641838,0.5934052514086184,3,392.7304537295647,611.969103884614
F017,2025-05-04 10:52:30.818196,9.453236232906765,59.54945523427773,7.170487975186669,0.4007507247923533,0.513414485927241,3,549.3640553522628,540.9394774527862
F007,2025-07-04 10:52:30.758682,33.27926420118012,54.24700888979198,7.476146831091623,0.4962736030256395,0.7046264103452821,2,665.2754443167652,532.8161349748572
F010,2025-04-24 10:52:30.747008,24.420595155904042,40.51159380356683,6.4545344851503055,0.6243367004051916,0.7616065898841302,4,537.5179592435285,573.9134205462644
F041,2025-04-16 10:52:30.819435,14.719747962355783,13.809458906007364,6.936267589602311,0.2602803176027376,0.5072940483294303,1,394.6503317694243,382.26737849949177
F007,2025-08-30 10:52:30.831795,19.801518774223762,40.11786727489421,6.398706184913128,0.3428630434538884,0.5628620631089984,4,412.3328583053685,572.7345111441593
F039,2025-07-26 10:52:30.802490,1.8260831944815408,53.300479892270516,6.266426743288431,0.6700146939356628,0.7186061814229513,3,412.1446411046168,602.2456111500713
F040,2025-05-04 10:52:30.825781,17.571735790590544,38.385900374395305,6.274339354632702,0.41100720445019007,0.7643373908768127,3,394.51185466447976,458.49349810445574
F050,2025-09-11 10:52:30.764049,10.593500878463395,15.956262719476875,5.5469750002207,0.3613313613761346,0.8852628095320106,4,352.783003712425,554.5904647074519
F030,2025-06-14 10:52:30.789098,27.524671954412216,74.34040708204708,6.628215236457837,0.35149306579514894,0.7085051999421933,3,333.21655641133043,466.4017296546092
F045,2025-06-25 10:52:30.812539,34.232961492002026,48.270273939581905,6.030373121398219,0.5204217455459654,0.8170041658682333,3,576.8888070046978,508.3031239446716
F003,2026-01-07 10:52:30.775914,22.102458641950143,47.74964202225514,6.2215768398417275,0.49982367417861623,0.5692955139016993,4,418.0579421600627,625.4586961818068
F017,2025-04-15 10:52:30.781942,29.634062075801154,35.36372010684657,5.968909741571576,0.5306433203493298,0.5405124654828144,1,510.4747849806717,473.74003280349444
F015,2026-02-09 10:52:30.799588,24.48290069361602,41.045116469687855,6.903754024338475,0.5531375827478968,0.7308928520270028,2,464.21315588813445,517.0809621601232
F045,2025-06-25 10:52:30.773508,28.371102674210167,43.78613248591358,7.28011003907985,0.5432029314338348,0.6462856649901435,2,380.0975963612454,550.2206500652011
F018,2025-07-18 10:52:30.750821,16.65318079411106,58.905076460798064,6.42982502866712,0.4071750702901239,0.5790280498832259,3,639.9357893446573,565.7095554840384
F050,2026-03-18 10:52:30.832404,43.643682679040054,65.1009884707571,6.7249141101553125,0.5497925252019533,0.3219284044244716,1,520.1367710745297,524.3388200848032
F009,2025-09-25 10:52:30.763469,9.883476635973823,47.311750365657915,6.919989163967614,0.5504941455352317,0.5015554725455154,1,404.5672419202788,350.6171238291486
F035,2025-10-21 10:52:30.790607,6.9008508782011155,51.57903453969366,6.3782636450252,0.5803912907613534,0.510967801262596,1,543.1231442486228,422.348608333994
F036,2025-04-20 10:52:30.832218,11.545557736105296,98.86676822192487,6.090104835026593,0.6777589624850017,0.4065061188017844,1,611.6743366460036,455.60677441530777
F022,2026-03-04 10:52:30.745766,26.13453217154136,42.47777274111482,6.480340217244321,0.38779580461161306,0.7266582129170644,4,437.31943579259047,553.2258205741733
F024,2025-09-01 10:52:30.740849,29.803044680363303,100.2749580748472,6.649988345613116,0.5896119853855089,0.3287310583113799,2,578.4355763173927,490.1487834711302
F049,2025-08-01 10:52:30.819547,34.644731791566855,41.77877011564208,6.969897798598097,0.42341192393066196,0.6583486670506804,3,390.9621847297905,511.7702417538834
F043,2025-10-04 10:52:30.798494,28.35314653911475,43.02989773157857,6.638062036303853,0.5160274333708355,0.7583301064055192,4,378.07327030360955,558.9131759510226
F021,2025-10-08 10:52:30.805846,24.609152738551195,20.156597515048063,6.277477625985554,0.48035772389207254,0.7469672749600886,4,496.660536752751,591.2669264944115
F020,2026-01-22 10:52:30.751984,19.229041060876618,26.682715362295088,6.673629136338955,0.39507000359397054,0.6730119794229525,2,487.041667145666,416.1525295289794
F004,2025-05-26 10:52:30.761871,19.521289196710153,8.29467253897031,6.2364983898980535,0.4908150755690769,0.5167128608212027,2,562.2283207267926,461.5763732877794
F033,2025-12-03 10:52:30.761432,9.568003369940373,93.6287365967322,6.0199823294779655,0.6182369749182449,0.4947250201982566,3,468.38120972248663,424.93439114746434
F049,2025-11-12 10:52:30.775153,20.791625912537313,51.05594248317672,7.075804590381439,0.7403260685302004,0.39430135175962033,1,498.9557397457029,371.2210971794781
F012,2025-04-09 10:52:30.820449,28.303708129063317,62.703967887782234,6.651798567616471,0.728051509930759,0.5419912730474044,4,352.733208475059,616.9111614028927
F026,2025-08-25 10:52:30.764412,26.629235990945475,16.473268470838022,6.88277785927103,0.4695102246410533,0.5521740703171335,1,620.9626018470698,397.40240314862314
F039,2026-03-16 10:52:30.765301,25.632413687137426,61.95730321937878,7.117226864069666,0.6437484473652035,0.6738349439041739,3,470.9952517302435,517.96597382478
F046,2025-08-29 10:52:30.768766,32.62786254228202,57.19985242291929,5.812899824003159,0.7960083812000436,0.4576525588251785,4,644.5105242641796,593.7128858989075
F032,2025-04-12 10:52:30.793381,32.01934911265122,77.85175325521467,6.503887839654677,0.43320027857531035,0.45211331510588193,2,667.2518306430022,456.7237224883296
F025,2025-04-18 10:52:30.831364,19.902449605279152,105.84306310026923,7.048440048587479,0.32408573045132305,0.6093936379985168,4,586.877528301628,656.0555753624893
F048,2025-11-14 10:52:30.824477,32.97827068663402,8.078525942127612,7.014644549615103,0.44748169193774073,0.45703069777733385,1,433.219602480056,428.1466212567512
F050,2025-06-09 10:52:30.745457,14.079096281307594,20.133988152310984,6.354103451065821,0.3553536618267644,0.6276926815978247,2,521.9004153023119,532.4270495314764
F002,2025-11-17 10:52:30.790845,15.327193738442432,48.97218321925942,6.45709761728776,0.2638995581649478,0.6386078009743971,1,540.1754948090812,389.71519750514216
F011,2025-04-15 10:52:30.777431,22.232787746115417,55.597270222252526,5.444128902884691,0.356987224293933,0.6343433443467132,2,333.5679145448403,474.5218375102894
F033,2025-08-15 10:52:30.753155,16.804537710812625,58.78226201837947,7.134086982309249,0.5453331896612964,0.477130608173833,1,290.65462657777096,405.31972885253316
F016,2026-03-23 10:52:30.797980,26.82467742962198,42.16181611860635,5.631386141042173,0.3975786029484299,0.6826305213147794,2,452.79281663479276,392.63663015268077
F015,2026-01-13 10:52:30.834531,25.416140924900738,55.79264766926324,7.007395013728151,0.41485847283504607,0.6284020493418211,3,631.089020823591,524.9892932924342
F040,2025-06-16 10:52:30.826484,18.41535136713145,74.91922725849099,6.775651306904237,0.5677546390629977,0.6256856776893304,2,416.04433754391425,520.2531022493235
F003,2025-10-26 10:52:30.760930,27.199283124765554,49.56696214260417,6.303945541583271,0.47812541574958317,0.5959922251693952,2,489.2906443203499,460.8432243739959
F030,2025-05-09 10:52:30.819281,16.344657298630484,63.519933087507795,6.8615784851816235,0.42534634516470693,0.6141053316197513,4,446.9937678846963,636.1099643788541
F013,2025-11-04 10:52:30.826100,24.939032825420913,61.33931063800998,6.828660458242883,0.5842489130867614,0.4869194136526591,1,600.7695267895929,368.56797653366135
F031,2025-11-17 10:52:30.774899,21.316568582414106,54.470155672406484,6.053113351135411,0.46596724593575817,0.6015994431717121,2,504.895888014156,532.4074501080925
F033,2025-11-28 10:52:30.754886,26.279496804024173,43.556183181616944,6.656779767510697,0.584315125338787,0.6127802543890198,3,469.985128512628,569.580532823479
F007,2026-02-22 10:52:30.746259,25.414928643808917,27.70255801670681,7.416014669130871,0.5811093853425264,0.7571697755654834,2,506.3162764948679,503.06294429900277
F037,2025-12-26 10:52:30.763163,35.0937297471993,75.36671360152451,6.286024164439322,0.4791214094041545,0.7342349556761714,1,479.7657272296572,440.6668809840639
F030,2026-01-16 10:52:30.756209,32.624321853689295,74.60166041047857,6.169299098743731,0.24932858145845754,0.648403591878673,2,567.7009664393345,578.2699412936485
F001,2025-07-04 10:52:30.771280,18.350577977783953,46.96198299672259,7.087325580058903,0.37150846613932714,0.5027120193984348,1,315.7197002215339,391.59732106476184
F023,2025-12-02 10:52:30.822030,13.495659480157252,80.7865686997774,7.5314504836876415,0.3438234196524509,0.5224454664776759,4,562.5306678467663,634.9133482453433
F040,2026-01-24 10:52:30.749556,12.277920560296979,42.03180007943929,6.341619258611398,0.6520089482484437,0.6134994560568324,2,466.6242131087564,425.0807130919846
F030,2025-04-11 10:52:30.779625,25.277781586411788,93.88963822737213,6.266568062861523,0.37149674224561824,0.6272135377279376,1,448.2856944799038,484.1322141491525
F042,2025-10-15 10:52:30.748869,26.88525381842579,98.68526936914131,7.759267334777347,0.8133901498482106,0.48991731751843554,1,475.0715047776882,487.25806091822653
F043,2026-01-25 10:52:30.778903,32.582346762889074,62.02385391456483,6.40763953897219,0.4140583944140207,0.5195110825106896,1,392.65820844217353,412.0617304111003
F026,2025-07-02 10:52:30.785905,35.76937586519829,51.89210416764366,6.217018950837024,0.4993931181008808,0.5672340081671945,4,463.30006781167407,568.0916689032134
F004,2025-11-30 10:52:30.771322,19.059067586982387,61.59767655225722,7.2805497897981155,0.45008828024768,0.8453098944993096,4,445.3691696951699,703.6976868943846
F039,2025-11-25 10:52:30.797535,11.303793913045023,46.23147863451191,7.176458140281117,0.26236691565443965,0.7417749097760951,4,564.707975931077,541.6750691905013
F013,2026-02-06 10:52:30.831891,49.034697828273934,43.92284043992882,7.18142587643855,0.4311915601885367,0.6605349105740439,4,750.1756292041861,571.2710253429199
F009,2025-06-19 10:52:30.789537,19.31043965174744,74.60322201339211,7.1880713282705395,0.44991494082098943,0.6605701057954437,4,581.8222658316058,675.898792841049
F040,2025-05-06 10:52:30.801619,29.64231107168601,65.62125571052253,6.550451180194495,0.7257544315589328,0.28580405568482625,3,522.4482575275829,488.0396820923273
F032,2025-11-17 10:52:30.820729,29.136060687483873,29.366147167238903,5.861711698822081,0.2769180491794927,0.5488948386979625,3,675.9390295958002,456.3197817110989
F011,2025-10-12 10:52:30.784219,16.11621498382074,38.94364755429763,6.537015423365053,0.4229438644151505,0.4733572628714837,1,394.1466504878743,358.54056605653926
F034,2026-02-07 10:52:30.756263,20.315759145985815,53.2605023671746,6.230941824427826,0.7178030446748552,0.5696385251165124,2,568.3506956130194,495.72145938489575
F023,2025-09-15 10:52:30.811005,34.43234568149792,21.957006791164158,6.4092564388716875,0.3960721367383637,0.3282871863400863,2,556.6844620500771,406.4967629322789
F020,2025-12-14 10:52:30.830470,22.073912540472456,76.82332715557567,6.407089102004456,0.6271139407988386,0.4284241925296987,1,522.4845480606391,431.11344609565725
F011,2025-06-07 10:52:30.808734,17.405332608382945,58.65800687643571,5.548484540044448,0.7461609716201076,0.4594375739260165,3,391.094626461747,463.0280513898035
F035,2025-10-12 10:52:30.770350,27.617450668321695,85.6365317785587,5.6520741895054805,0.36600430685358304,0.7718986980653973,1,362.0952547049027,424.78788064329046
F032,2025-06-10 10:52:30.834884,37.483724266693976,83.41401578044471,6.8227549129620595,0.5911124168795336,0.49584260649400624,4,567.2649662231843,619.1811403336283
F040,2025-07-02 10:52:30.745319,20.050501135056912,54.66577075405196,6.588834122222608,0.5977836051600629,0.4875074597716947,4,387.9847541236933,517.3378677343582
F045,2025-12-20 10:52:30.780738,24.44476796386931,56.57686058610764,6.731038415408005,0.6969492138017531,0.5327857378961944,4,654.3280564248084,523.437461238303
F002,2026-03-27 10:52:30.769767,28.615976948009592,33.57800312824028,6.251562338123607,0.06436630264156828,0.5469280405004753,4,603.7869902697917,543.7899039377274
F037,2025-10-23 10:52:30.789229,19.30654589840918,52.96978226743678,7.5029756578236135,0.31316423938196997,0.32856427760344414,1,368.8255959800263,376.40671852717844
F007,2025-07-08 10:52:30.823203,27.17761370656361,67.33075285225048,6.4358073708786,0.3455935048808003,0.645161614854745,2,362.21026593955224,444.23455431346497
F004,2025-12-26 10:52:30.798651,23.2858410315931,69.24183276886134,6.697917603926788,0.38083793337147664,0.5609880944667074,3,526.9970934000985,508.3281970327098
F046,2025-05-20 10:52:30.752550,20.620391679551297,75.53163498728927,6.266040326079586,0.658872215996258,0.8247498837485907,1,501.3203870424243,504.7225231771713
F043,2025-07-26 10:52:30.747478,7.587132279325509,57.83742840641053,5.800591163982627,0.5325503662813421,0.7449934054043901,3,626.2016420277965,579.6873049875861
F042,2025-09-07 10:52:30.740407,23.591351381560198,73.79963784315208,6.500205585851121,0.6762426982405094,0.18207226123252762,2,473.537675285369,419.77025668729067
F048,2025-08-21 10:52:30.829265,28.443607292654345,64.4209261315702,6.2365425701125465,0.33050153070839916,0.6198910223156047,2,443.5187666092802,542.6585030716027
F023,2025-12-04 10:52:30.808199,25.836884227950392,18.32141324332448,7.163077372305437,0.5813772932642732,0.4506533994171599,1,618.4306528574729,463.1807673358984
F030,2025-09-20 10:52:30.771776,26.04928008405591,46.70216793478088,6.561331276785072,0.6281751733929741,0.677197621815253,3,478.46151255301277,529.5494688038526
F045,2025-09-25 10:52:30.792151,25.865647207090966,40.50963811396973,6.380182068550163,0.5771377688670658,0.6250503701116492,4,496.40873092895407,633.5982231818302
F031,2025-10-12 10:52:30.806002,31.303858197480686,108.0071801043438,6.827591345983805,0.32156148629293213,0.6354945952786215,2,589.7349284704635,508.37903585813547
F001,2025-08-21 10:52:30.790831,28.20063913217338,27.438639460896663,6.726415003110312,0.32230096371492356,0.5018635473504565,3,515.4222542268615,415.7112289939651
F020,2026-03-31 10:52:30.818238,22.864864614282542,61.129468912440224,6.357802708589523,0.3185000188179835,0.5035954223115925,1,481.3207551061881,443.2350561382396
F028,2026-02-25 10:52:30.805180,17.882936391224526,67.74922267976336,7.14275125438146,0.7123147456060561,0.7206793713908285,3,550.4094155076837,658.8913060828638
F040,2026-01-11 10:52:30.812468,27.5932290271747,76.78092903610947,7.128429866309371,0.24997673343523102,0.6626325577409808,2,437.037581229017,417.9907673270218
F015,2025-11-13 10:52:30.787835,17.60614545431708,8.1366197861391,6.932229259923467,0.33566977342122983,0.46459262078643526,2,527.3442290578554,344.7930549405155
F014,2025-10-31 10:52:30.796050,19.441903100272754,30.255208818655003,6.5909091552815555,0.22836011461727196,0.6668307294420484,3,495.4864301686236,528.3675205867406
F030,2026-03-04 10:52:30.781324,26.941035550607516,57.67719664257041,6.071522321870797,0.5383465342648494,0.5472209374792169,3,380.97781290367664,447.09545336863187
F005,2025-09-12 10:52:30.815213,16.167959222984884,75.73407124668675,6.557679469308656,0.6426500692133541,0.6442623328281258,3,580.6377306299396,477.7906359500389
F027,2025-12-29 10:52:30.766115,34.24731186150571,22.526787178110403,6.396913172207011,0.4940708147334497,0.6396193765788656,2,454.3479443697143,478.73417505003664
F049,2025-09-29 10:52:30.755791,30.001368828678945,50.93405942093291,5.869222372504641,0.47104493985793927,0.6786631253912014,2,661.4275954692223,522.185237620859
F050,2025-12-26 10:52:30.787627,37.179770047412475,29.216393458751828,6.4771479634920395,0.16697421171990584,0.8076533082289503,3,558.5595642427687,523.223559251319
F011,2025-06-26 10:52:30.771419,3.1339577377597223,61.107595912493125,6.752574674503517,0.46700655774259625,0.7217099338008149,3,582.8575843173578,478.0050619815864
F031,2025-04-17 10:52:30.781340,26.34896367086949,67.62622356675817,5.978992409840323,0.5721805984271867,0.9621008225687844,2,464.7531558293065,543.2217380271863
F037,2025-06-03 10:52:30.810498,30.705585768737343,45.720225141391836,6.03771663698317,0.5239499177012046,0.6643065615905425,3,508.37885141369884,582.8159088292691
F023,2025-11-28 10:52:30.818280,39.19290554691216,52.86880366062634,6.196397501654791,0.42615744855874105,0.8233250872352271,4,432.00042936972454,599.0565285434276
F042,2025-12-22 10:52:30.830059,36.66123227148514,48.70744399248939,6.167504362435236,0.3703213852168802,0.9237733861561217,3,423.3024015948896,615.1356330545439
F038,2025-08-12 10:52:30.742706,24.12037648655426,66.72486277188148,7.114676100133377,0.3471613309728595,0.7032812488664881,4,559.1075231768606,566.8789501792094
F011,2025-10-07 10:52:30.806621,17.556452743791954,34.933488078356895,6.146828553735911,0.3815903120589757,0.7837593415298973,1,447.20610350687093,405.8730492952277
F047,2025-10-15 10:52:30.812567,26.450766585364068,21.538516286362896,5.977778672096677,0.49079827281534616,0.514590153709296,2,455.9351749766288,501.44399282696475
F034,2025-09-24 10:52:30.756974,34.56315050464568,42.11262134314879,6.429304163999249,0.6461661835503245,0.6612441341030691,4,498.64066783899096,515.1099526570979
F031,2025-06-19 10:52:30.786666,26.565021541832692,86.57891184351462,6.281796828153796,0.5041356813779577,0.22204821925451895,1,211.6234396707257,303.0353084075971
F006,2025-08-07 10:52:30.768911,19.841537605413606,106.91343513985817,6.531719067913943,0.5339968069442323,0.7932903560314492,1,388.2341332319991,547.4797359696913
F028,2025-11-23 10:52:30.819239,30.28921527846626,58.7847387913157,6.493598924232173,0.3217227887701527,0.5089826644039984,2,507.34845036490015,503.8190900515269
F014,2026-01-25 10:52:30.741447,37.37828669741403,49.52310850497214,6.580285293605503,0.48047936828044674,0.6068990876533644,4,506.9407385509778,700.831736883546
F050,2026-02-18 10:52:30.812679,33.87225107533877,14.558388499112759,7.546784420908141,0.49378603556665124,0.6794147648214505,3,622.1180411102313,579.3455569538817
F010,2025-07-09 10:52:30.830302,16.713449376514973,66.33233176044635,6.48616671583813,0.3740433664941745,0.6237143738234899,1,636.6274203723791,370.16822995322303
F004,2026-02-26 10:52:30.829418,30.9784272640182,65.23677557665323,7.422047008821299,0.5680687226287773,0.26689797572146345,3,485.54575513569256,571.571706875546
F003,2025-06-29 10:52:30.810726,22.181219463988818,30.07934172008949,6.496566466612296,0.6402902245836744,0.6268011032328213,1,484.2364136540721,401.7200017679876
F022,2025-09-28 10:52:30.812084,30.4319747363109,23.986517047424094,5.973141300210081,0.5305765958017251,0.6431172463690646,1,617.2508944210299,446.87491882044367
F002,2026-01-12 10:52:30.809307,38.302716871426895,54.84385492288767,6.925224392355954,0.345121256942374,0.7804294435870458,2,310.8968289154096,555.2554419570573
F016,2025-12-02 10:52:30.743382,14.444350607313014,25.580260665235084,5.58337595228435,0.5353720193679747,0.560571371244083,3,490.52387935520625,469.323803236183
F002,2025-04-07 10:52:30.772219,29.046706779569213,87.47656061377504,6.66555824047781,0.3015823166076764,0.7254783695819624,2,645.0695260228459,602.2922515055917
F012,2025-08-11 10:52:30.769044,17.670188172165517,41.53070848324996,6.025539144485403,0.5685216974129695,0.7517993825499225,1,661.4483381846389,425.1924205506625
F028,2025-07-25 10:52:30.792616,32.0824936418999,45.15007077024048,6.578434417493448,0.313853842416608,0.6243549228399885,4,520.1218763910094,583.1850873559686
F022,2026-02-07 10:52:30.800530,26.209046835606276,35.20362180051778,6.367839725823396,0.5666059280337171,0.7667154070811236,3,476.25768852992394,607.5794567814833
F029,2025-06-01 10:52:30.788030,25.04907068281299,62.39117683195154,6.916019232418909,0.40238312835000667,0.7378705930055693,1,376.8244281081328,421.5420541678935
F035,2026-01-26 10:52:30.825022,18.92288768903385,13.951868849294577,6.608657814797561,0.6948756387882963,0.5379705013053332,4,473.3739049124343,521.9257936451955
F007,2025-08-21 10:52:30.787027,19.648248585280538,104.21766253886943,7.1678403393950125,0.5204832483662237,0.46304443350360436,1,637.631377386567,406.65404697968324
F016,2026-03-13 10:52:30.808804,36.38557123907938,22.55871108652353,6.474189118877068,0.4577089652165722,0.5773443459102618,4,739.5201723123495,497.0667335619536
F029,2025-08-03 10:52:30.762308,21.364029753288285,73.58624349994555,7.2879258246945104,0.6654968325917566,0.7048629937286277,1,516.5644354306027,478.37614375986726
F049,2025-06-22 10:52:30.745443,34.9735767232545,44.45184699937088,5.833142339794801,0.5267095758422302,0.7217108285305417,2,439.743318094355,479.7230239247662
F035,2025-08-08 10:52:30.802435,32.12506667611362,0.0,5.627827060999085,0.44285492427622464,0.7544988283541835,1,523.8768091806412,460.1781368979003
F023,2025-10-24 10:52:30.819903,23.486957459567332,52.43644309989627,6.381851947758808,0.11839925090129333,0.5347008603745291,3,528.2307645571552,391.46142315656596
F048,2025-10-08 10:52:30.754389,25.122466292872215,23.513871119370457,6.174538092784699,0.34554783183705007,0.499063427911458,3,554.0290905397659,390.23111380475723
F029,2025-12-11 10:52:30.789819,32.10942240365168,63.248042224581226,6.198852735846369,0.4027763119030421,0.2079514913382997,3,584.5101728256575,417.0503628479762
F039,2025-05-01 10:52:30.790663,24.178415532567723,15.149833259042516,6.307713154377224,0.7234447966911645,0.44864309462988594,3,353.5704101502829,500.79144299770985
F008,2025-08-05 10:52:30.824616,20.56860699751196,92.11818945537495,5.360969703774563,0.4233926605067622,0.4843722690523594,4,606.7159012741591,517.0757239484692
F043,2025-06-21 10:52:30.818561,16.56365558125573,36.858866987734814,6.633896159696091,0.37060832219242,0.5900175127318797,1,388.4772234131309,338.1039803573329
F031,2026-01-23 10:52:30.827754,18.532810007477188,34.24635202865064,6.7347332511146965,0.4607240777321742,0.30570634801012964,1,386.5476445147733,342.33969447535077
F013,2025-09-27 10:52:30.821892,27.978716345223695,62.483011738482745,6.78987144593385,0.48683005893501274,0.48787488942540147,4,546.4575194343608,652.8752384166504
F030,2025-12-10 10:52:30.791938,22.076662700281204,73.85777507842408,7.789358761350616,0.4794279264776051,0.6731058943435605,1,485.0356958392438,457.01663250862214
F041,2025-12-26 10:52:30.829121,14.324150279446176,2.4403798756707644,5.883811683147362,0.5467328498303086,0.556009097952031,2,594.1429256023605,377.07401562346297
F003,2025-05-14 10:52:30.762688,16.369826683184687,20.011234216085665,6.128520170529837,0.5248569355414858,0.9854715689699847,4,606.4399924046767,612.7074870008064
F044,2026-03-17 10:52:30.748195,15.848680860116646,29.321686053145104,6.681267881898694,0.6953169522756957,0.38970379786611703,4,600.5905124531843,547.0332502943712
F026,2025-10-10 10:52:30.784427,24.853304326773987,94.6381769108522,6.221362480970397,0.5355895891421443,0.7577607495853477,1,393.8298979836784,497.35214689544785
F042,2026-02-08 10:52:30.739679,16.653528481019293,23.487936566214934,5.967655760853158,0.7174318440022323,0.7647748558744777,3,433.17716019272586,487.6715840135684
F011,2025-05-14 10:52:30.747730,20.532302434304533,23.17845800321181,6.508097887124369,0.529891231026869,0.5929188996347659,2,384.6815235011944,505.60599966487626
F002,2026-03-22 10:52:30.817280,36.555028914239955,54.84855798854198,7.074623633230087,0.37657947688417387,0.3709104508362173,4,668.4041111576385,486.73920857858514
F018,2025-04-24 10:52:30.805773,33.620408532088575,49.42728614066421,5.604943077600617,0.38045413980984905,0.38963322147393353,2,453.06103990874936,424.79372262647496
F040,2025-04-07 10:52:30.746728,38.568247267183004,55.11538562057997,5.716440916550855,0.18849019904580705,0.8773456762450559,1,406.0163446662351,490.473980889766
F044,2025-06-04 10:52:30.742924,28.55256766591302,44.758064921314414,4.823728958818528,0.3222930849832294,0.4269176672046615,1,513.5952167876517,377.1277727986797
F023,2025-12-02 10:52:30.791138,15.427266863466603,2.6782431945340264,6.480057949642541,0.6177751277077809,0.42830845792269606,1,346.4639503183865,282.5044109632374
F040,2026-01-18 10:52:30.760748,17.73924527818472,42.880834566570556,5.544360864445039,0.5110786137294934,0.4905853119094829,3,637.162243161146,500.4204381586467
F008,2025-07-22 10:52:30.801933,23.067573464160876,48.4038140593421,6.758465000059115,0.49114755503170004,0.7097164100055557,2,752.2692730291251,519.6305105540695
F031,2025-12-04 10:52:30.816284,31.61442435145503,32.06164678743205,6.2217308821404185,0.5005248282420628,0.4798393165690169,1,607.1849145828934,465.01974559902413
F006,2025-11-23 10:52:30.745544,27.988556603986634,69.04539076974237,6.413395763246325,0.546943785363598,0.32795248508061847,4,477.50116057036826,522.9934361697033
F043,2025-12-23 10:52:30.762548,14.17215123771676,84.0098978234802,6.273020752662375,0.5522398769421113,0.691411607141402,4,568.0817692839656,476.64015915518377
F012,2025-08-05 10:52:30.743262,32.9779776047333,68.36406525592639,6.266761748198023,0.565119393998459,0.6877002847869884,3,406.4321868847948,549.8422127770798
F037,2025-09-07 10:52:30.801577,18.594498234154404,48.89081494051051,6.82003121896313,0.68750892693158,0.35518001726593995,3,482.3393248010592,441.04734098969595
F038,2025-11-06 10:52:30.797520,26.88627154422591,25.48498371934575,6.1513903664978775,0.2973820187952823,0.5401171650340801,2,642.0569922791857,350.99561760297223
F026,2025-04-06 10:52:30.826280,39.823682852489235,79.86248045759099,7.296527175377688,0.542830499879886,0.5612292669043317,2,472.76657322680416,598.7115417634379
F040,2026-02-17 10:52:30.766354,11.343888811160761,4.172455995346311,6.111120059870801,0.4832891356810685,0.23041187655792045,2,666.7585925939312,312.6986058019815
F029,2025-09-01 10:52:30.796358,18.986186874966577,32.483812803393135,6.065251930452406,0.4242297232971413,0.5754877043759093,1,363.9728306454034,286.9585626016522
F026,2025-04-26 10:52:30.767046,23.26677701962545,64.17725129867736,5.867841236939754,0.9016322946748228,0.6746843871996744,3,407.314468977759,521.044872079174
F004,2025-04-14 10:52:30.758574,7.83034474225526,13.736269266188522,6.434712794504876,0.36793569889984357,0.365044083721372,1,676.3417093429154,367.8394101525544
F035,2026-02-23 10:52:30.752302,18.583342403290583,36.392809247828616,6.76180869287668,0.6131683417054926,0.5127328727499243,1,549.2919417843008,471.2606921390978
F017,2025-06-13 10:52:30.770099,24.18997235177753,27.46724593465921,7.082690686149721,0.381441396383988,0.626502252149226,2,481.3692480655562,407.70979049297534
F047,2025-12-26 10:52:30.780783,13.106734182273216,0.0,6.885273835166353,0.3406807908102252,0.6340216124472253,3,483.40458738206553,402.7661645333071
F017,2025-10-03 10:52:30.788870,23.27896991642234,41.053725187686126,6.001414940346911,0.7303614246564039,0.5353236941118293,4,552.5207040241879,558.4212191040182
F035,2025-05-17 10:52:30.812381,20.85277578562803,52.09004452885359,6.444253778077929,0.6742130162973324,0.6070033496705977,4,478.5050473906987,456.6538031659096
F011,2025-09-30 10:52:30.772424,24.067170801706364,65.22293771903728,7.075173265916247,0.48130993109703823,0.6813039611944915,4,544.9057825367507,557.2729088855397
F004,2026-02-28 10:52:30.801877,26.83623726699408,51.603748100220685,6.170037789089833,0.4443023515616049,0.6198328584278148,2,632.074314331208,466.8190361501995
F041,2026-01-08 10:52:30.744620,30.54451113478575,31.01693096242512,6.292718700011159,0.8187304595661686,0.5112557827441278,1,513.1181519837015,380.889329297999
F050,2026-02-01 10:52:30.807172,13.567386410381598,44.968568753484874,6.660456131818566,0.7881136069203438,0.3928755851610039,3,447.90041387393546,504.902858522124
F002,2025-09-15 10:52:30.764784,16.588807161123107,61.29462250268007,6.872721707092938,0.42602618371107404,0.43930741475649143,4,285.90297330240526,524.007142820662
F047,2025-10-08 10:52:30.785503,28.264430590997186,39.107075853609075,7.265893008859642,0.33460412606104917,0.44493080952143266,4,308.4446084950681,475.12552960878304
F020,2025-08-19 10:52:30.817531,28.75092895993735,48.61733545851844,6.275936167400522,0.3278366386774727,0.44867438812057214,3,520.9352798617863,465.85776226072164
F037,2025-09-17 10:52:30.829065,21.410769151136314,28.63631276885397,7.307023351997847,0.8834329706933396,0.5694707206919806,2,475.6844267254079,482.80659421382785
F031,2025-09-17 10:52:30.746602,39.87386269330951,31.38670594978632,6.270102912868014,0.6104004870376161,0.6288419222188141,3,508.71619524443594,577.695709149157
F026,2025-11-01 10:52:30.800584,23.042114527206046,55.518146428017225,6.195915979869708,0.6410629833952429,0.6990304419931677,4,609.6812163120826,613.2892620182338
F020,2025-06-28 10:52:30.802911,28.23671315625977,36.76785744199749,6.5971609398472975,0.3042742354064328,0.5552034270097631,1,524.2067997554735,423.9692368044846
F036,2025-11-21 10:52:30.785319,22.004250873715044,56.3612270148118,6.638115545008884,0.4060935295531821,0.5038180811712305,1,497.9366873414557,480.68638318563836
F024,2026-02-07 10:52:30.763685,24.820192814620047,75.84163577935031,6.882662013216233,0.6562344547248941,0.7393613168881827,3,593.495852520746,606.054863039173
F022,2025-06-01 10:52:30.798910,25.80626809354471,53.67748355297784,6.645981211324531,0.3435639886594857,0.6471358803279631,3,295.3279681036033,488.3268970309377
F042,2025-11-02 10:52:30.811324,17.12880363696022,67.37142980529367,6.420128102273417,0.7745617611334349,0.4409826745848356,1,590.3071068170195,391.7888856567617
F012,2025-10-04 10:52:30.831862,23.976193755198587,32.61021713021289,6.947900197809305,0.5371062418983132,0.6958803079665439,3,484.90964298576404,594.2938528254505
F018,2025-06-07 10:52:30.827580,21.82875227855987,28.941930735619277,7.0975392546474705,0.33592952395600884,0.5507348356281617,3,671.9937170238842,440.20261836220595
F001,2025-05-14 10:52:30.829324,12.133182290890383,38.13038548937591,5.863290357691796,0.24616913298482274,0.6147479285543122,2,489.6467750925099,400.85572617188313
F050,2025-08-02 10:52:30.751499,32.97710711288656,77.73480189639025,6.282998113888856,0.4459028709268454,0.7242433517215021,4,441.56481003500164,542.9224780707723
F017,2025-11-26 10:52:30.768205,28.34924981155964,89.54001096624384,6.9804338142486735,0.4280929377408763,0.591122828058418,1,669.7495377547968,452.94791378040384
F024,2025-06-06 10:52:30.824867,21.480325458576125,57.92461193173568,6.724065471619044,0.4537461901518121,0.5998811390670981,1,470.35728519904444,451.5976025290157
F026,2025-05-01 10:52:30.789028,28.207563660748043,43.71326685002495,5.554036408830438,0.5438044311058362,0.6999859096286457,4,511.31708384921035,657.8831711457638
F004,2026-02-15 10:52:30.780127,20.26960699027628,61.87166423009789,6.185393477651018,0.7560539227011946,0.7192484650900647,2,470.97068254199354,459.49132799474575
F040,2025-05-16 10:52:30.804299,30.75705304809079,27.85764450347006,6.646397387095566,0.27675271784641897,0.6386673639763336,4,396.69194473110736,589.1959672224609
F011,2026-01-17 10:52:30.816004,24.133560870003244,75.72089754665971,6.56416321717151,0.2978027255296447,0.4074691704285742,1,497.5870260759944,317.8588749847247
F026,2025-07-11 10:52:30.817616,27.692618230887696,73.05939734922741,6.899550019095367,0.6355388890693221,0.4167195985820916,2,486.71882469712665,526.5790545339995
F005,2026-02-25 10:52:30.800299,37.523168950620835,20.003795252305462,5.354094721455882,0.3960929272447822,0.6707380450280656,4,593.8282689606359,567.3453390426035
F018,2025-09-16 10:52:30.828606,21.89153237416737,43.274991384316365,7.140183956191739,0.6714643966959959,0.7843844672079017,2,509.4205970971946,472.558922588756
F014,2025-08-04 10:52:30.744943,17.466995956000055,65.70756960023627,7.337466934981664,0.24555717244673902,0.6236069414285611,3,622.8619653044076,546.8555813848103
F022,2025-09-14 10:52:30.759788,27.961465108805932,43.291589303548555,6.625284279267192,0.49100115017334667,0.6261870289326609,4,288.7739112776476,491.89596941330916
F004,2025-04-28 10:52:30.772255,36.77453850766132,64.41637268107417,5.876586056649285,0.5735775346750794,0.6489765959821318,3,607.8244408228583,461.9922019075545
F004,2025-09-12 10:52:30.825286,17.873694628606327,46.583231065541746,7.126782090944574,0.3031634578352769,0.7045162011536822,4,435.6158452628998,547.8766845177151
F042,2025-12-19 10:52:30.825808,35.92974363688623,9.24404183805131,6.588902904616062,0.6067708448842221,0.5623739410701556,1,653.340977401211,400.75293456683136
F030,2025-10-03 10:52:30.828966,20.946813058795428,22.032560258865253,6.56046885517955,0.6039366523892261,0.669710514183501,1,524.4394242086996,362.1598095656143
F027,2025-04-26 10:52:30.819224,29.586488598721026,83.46746913619202,5.659992642713371,0.5298619892090912,0.5705856912820687,2,541.6151259172733,469.271899916544
F048,2025-08-19 10:52:30.744719,27.858630958972324,48.11796400288502,6.761533324689252,0.6274831077207981,0.2655054896210489,4,243.62522296615555,601.797033010993
F017,2025-10-14 10:52:30.806706,31.18781119833378,13.864047132044952,6.704869276073816,0.4808720507243105,0.3388862846546408,1,560.5974156640914,359.5550321965245
F002,2025-10-15 10:52:30.816577,22.538962305590434,79.15369789096069,6.539901488468576,0.5618423949204556,0.5357569016397848,1,777.8357962912487,418.25518337353316
F014,2026-01-09 10:52:30.798794,19.757809419557056,73.19539912944833,7.509343489615487,0.34225720625563916,0.6244607064922814,3,511.92619810699233,452.474947378189
F047,2025-09-01 10:52:30.827297,33.22319572869409,45.46056084153318,7.150828315193087,0.6162321670044908,0.5351271432215272,4,468.907328500726,644.6940149561273
F013,2026-01-27 10:52:30.781868,28.212916137469527,71.47382936749233,5.934228314272815,0.6470105996362098,0.5858258449729855,1,502.7128105233299,482.58357024841933
F028,2026-03-22 10:52:30.789063,24.14482837769087,64.40427848505183,5.9162771181735145,0.5886734292977359,0.2817420030275567,2,449.1108464065856,503.30561719685414
F018,2025-09-12 10:52:30.815395,30.776634928923414,37.55561935456915,6.379901123754252,0.5078215736127063,0.5889935534024259,1,401.34985085740016,387.89186951923386
F006,2025-09-09 10:52:30.826699,18.598075995213723,55.8545603095648,6.555769623557239,0.33640556325386506,0.4733676569949894,3,478.74791140137023,540.3202744775587
F024,2025-07-27 10:52:30.762221,10.782997661019568,38.50121266779349,5.893254350892985,0.3406590748992646,0.6635990998173622,3,529.6137587289824,427.17939923533737
F007,2025-09-29 10:52:30.749076,16.72491974957798,79.3501275501586,6.084141566025713,0.3671265685770385,0.6043305758809049,1,410.416141976344,439.07138040288254
F034,2025-09-08 10:52:30.789889,23.522711023361722,55.96823516750393,6.391688060638133,0.3569356069637297,0.6393395964122367,1,586.39289515892,411.6530505305966
F032,2025-08-24 10:52:30.827095,19.37647472183147,59.87318989542941,6.68786164348759,0.27731442427830166,0.6427924482457591,4,319.1182740364619,519.326469766653
F003,2025-05-21 10:52:30.774503,24.5018595881946,28.368247886522067,6.3032401105940705,0.3250241686006555,0.5072549757404212,2,391.323911645154,351.2972887397726
F033,2025-05-28 10:52:30.748745,25.374775620724513,81.33647436514815,6.575482974606363,0.571182776200893,0.7000596708108586,1,413.87903944927723,541.9997905470511
F010,2025-07-04 10:52:30.810824,17.557855700817264,82.76211134581209,7.631713108482273,0.6902117406097866,0.7115112524815487,3,511.6082784724942,515.310654073978
F044,2026-03-05 10:52:30.780705,36.48312834932476,23.937923008499638,6.6691281113789795,0.6084674217752293,0.4616339681186485,3,508.50623642247473,476.27160382121446
F016,2025-05-23 10:52:30.783555,13.11711018206225,88.76134152972608,6.483027951963317,0.5002362139057851,0.6453077004091803,4,485.6273640784301,605.2478061577808
F028,2025-05-02 10:52:30.816242,39.68204686433621,14.696480927232827,5.95086447430902,0.4569571235530497,0.7307636408222022,2,542.3589963441447,381.30032518388794
F014,2025-10-11 10:52:30.814635,38.00498003842175,36.69613820320931,6.301201684247262,0.5641478922039046,0.7297022139434715,1,525.4326596765109,461.14369157575334
F028,2025-10-20 10:52:30.810372,12.62511847789539,40.581879378671346,6.707829120371346,0.3543532136312494,0.41127399107567314,2,579.0090335169263,436.9641254896262
F002,2026-02-26 10:52:30.824532,10.711810882771257,51.015132452764675,6.106957767790968,0.5126602906960732,0.5050119817826395,2,467.0673388836155,417.52634442942514
F035,2025-09-06 10:52:30.777766,27.845989722947714,49.53490821732368,8.11082429087377,0.3118905840838623,0.4967899606846882,3,366.1139631764528,532.0160767041709
F049,2025-12-26 10:52:30.797681,25.51845841954745,23.94215450834207,6.802463128979836,0.6526504817072823,0.43304818257469857,1,442.5672516614336,372.33661159020465
F016,2025-05-28 10:52:30.813930,25.812109516335074,70.18505286164786,6.055089595120511,0.4516721731263871,0.7589494423760628,1,518.7535083082796,418.79280258235724
F001,2025-06-11 10:52:30.780878,17.197061597092322,26.00144599599018,6.266308036264827,0.28393637114738246,0.5675452522261816,1,595.0678575809784,380.7686309554162
F020,2025-09-11 10:52:30.798881,20.92708496184336,63.12705914087874,6.712891355395575,0.5835163145047206,0.438579665652028,2,474.37644655170925,414.5973382452255
F016,2025-06-01 10:52:30.762872,14.37917363913861,29.737685410644072,6.601808338116824,0.38143530439914175,0.3188247180339062,3,583.2507466188548,422.05029332942945
F033,2026-01-14 10:52:30.803087,32.77261178382805,23.39954467982021,7.145441273613147,0.2671266618277016,0.6661185505138396,1,603.7585485660185,428.61468075067006
F017,2026-01-19 10:52:30.817489,28.854940962716142,41.10656427929232,6.593411177243042,0.5302669718286729,0.39392333044789896,1,456.7323830158388,387.96237076938405
F016,2025-09-21 10:52:30.740737,34.97314862177985,49.380598926138326,6.849590881821403,0.4467578871284573,0.6382770441604625,1,526.7667112082352,457.9287939782424
F022,2026-03-12 10:52:30.769256,22.909605888196566,30.377473078845732,6.552127871740187,0.6558210886397391,0.26917487368881193,2,572.8510581661876,356.3501196623041
F045,2026-02-23 10:52:30.763274,27.143169472750483,39.86500676214057,7.604666125939769,0.3685427356888424,0.44270917196633186,4,478.3389340524397,549.0224302412432
F002,2025-10-04 10:52:30.779172,21.029666064584774,70.63362150656681,6.844709923107061,0.4595728640133517,0.34914391730846556,3,576.4766507450915,511.881158525397
F033,2025-04-21 10:52:30.759152,32.37403491909328,24.26180564347156,7.385056953167522,0.751993354842053,0.588791521674641,1,423.4650689181836,396.72297345042284
F012,2025-09-02 10:52:30.783499,29.34002936551802,68.05982193571597,6.389464502325218,0.41598977119295494,0.6507809203960704,3,415.58615815512917,534.506085545839
F018,2025-12-10 10:52:30.785795,38.57233312774706,35.157142539048735,6.640093672090134,0.23545288100134404,0.30452014249258635,2,491.33372552672586,402.5497117759522
F035,2025-07-10 10:52:30.804180,6.936975187436477,19.391183074043163,6.042247930683712,0.5148442726383513,0.787146361183696,4,638.4607558004676,589.7117712320575
F036,2026-02-08 10:52:30.826430,23.928166539140662,81.97621393309412,6.690390439372284,0.4077962266815134,0.7013903140444194,3,547.0178053856721,617.1054798289285
F004,2026-03-02 10:52:30.757249,17.783518003224874,64.01573154846693,6.6383469272724955,0.2433312305125077,0.44005019686866026,1,371.46075933970815,368.7404558377579
F032,2025-09-25 10:52:30.816298,41.20646896861331,48.69262735571817,6.729566075422215,0.3182342244393897,0.5294782671014399,1,311.3238337025952,516.6132269004175
F039,2026-01-30 10:52:30.824353,27.644808041878573,36.730624691946396,7.620002175415992,0.5070233563172319,0.5609518582872443,1,505.36790878640943,452.8821530423954
F008,2025-11-29 10:52:30.739899,8.024258089184535,40.4714642322731,6.396428657502774,0.5325866306126041,0.47249983340954294,1,477.1819223375991,295.9044404588452
F043,2026-02-04 10:52:30.811339,18.109154153431724,50.43998546237015,6.789103385897986,0.4255318830670193,0.6204343893004922,4,492.9674746765957,598.8988823697719
F012,2026-02-07 10:52:30.789579,14.394361325740295,49.519610053036246,7.346736403894078,0.5903930007881809,0.9087400427812211,3,371.7026816371664,636.36715008675
F041,2026-02-26 10:52:30.821582,20.33471598942678,70.6104046711402,7.068863766063463,0.2370319201512014,0.7078387353510195,4,497.48507278972966,745.4596651812841
F035,2026-03-29 10:52:30.833762,24.307836249713286,26.759802197174192,6.447919353414981,0.48013276364046376,0.4399053238556969,1,599.4037918682691,309.37849762707407
F036,2025-05-01 10:52:30.767348,21.84141840111504,62.72860773685975,6.409106729339213,0.39041019203175037,0.6402424931544409,1,445.18294326454327,447.69830031987607
F011,2025-06-21 10:52:30.825382,15.29285247723164,9.826724135927279,7.113656125014041,0.6215655104242728,0.2810582481814898,4,455.6830024952859,574.2810870136407
F024,2025-10-21 10:52:30.785877,24.216102014421647,51.059479086287695,7.3136447815947445,0.8865032894086983,0.6899585722900172,1,512.7772903676812,464.09169075108474
F047,2026-03-20 10:52:30.775827,36.2740219015639,99.89138093656068,6.7695856983328655,0.4955757300655634,0.7052449163045296,1,454.06019122797807,545.9887285381039
F010,2026-02-05 10:52:30.741394,25.793119274293257,78.16941620831184,6.7211840760973445,0.670894229381614,0.7272069632367781,3,604.7891332362043,659.7092042577585
F018,2025-05-19 10:52:30.812995,18.985071980096365,64.87375292502631,5.8557040378061895,0.6582228942358324,0.711763259540434,4,537.9676742501832,522.8636325018578
F026,2025-06-11 10:52:30.780442,34.47736106012371,68.60179707115849,6.8488120822667495,0.30597343284137546,0.745041244340899,4,437.3483029373706,636.2390126878865
F015,2025-04-14 10:52:30.781910,35.09050352530932,5.391791710910965,7.0787454266652805,0.259678424562501,0.5623133485422466,3,531.4490298767768,433.8390169053079
F020,2025-12-16 10:52:30.808860,26.03552141226691,52.57703400375578,6.751141904461879,0.41374629277193214,0.8357662553760312,2,733.221672574007,578.9945882877993
F017,2025-06-22 10:52:30.820520,21.585519512349432,58.357698502558314,7.052593478167931,0.3705890298397734,0.7972540470705254,3,481.5256225248801,688.0046590283442
F009,2025-10-31 10:52:30.807297,30.404376368394527,27.670420554211304,5.363351318616084,0.6627991159524391,0.37008371273948565,3,539.5393320588136,482.6902484805674
F009,2025-10-13 10:52:30.782617,37.10167443217994,65.94710251230238,7.1656616113290745,0.48317918092695433,0.4578789945607137,2,561.2675910149566,439.21398855378374
F008,2025-10-08 10:52:30.814551,25.3063393011059,52.7586109795495,6.558713691674295,0.3772544118295289,0.7928364797174458,4,480.387246193452,686.4462301624169
F008,2025-08-26 10:52:30.749804,27.170681392029163,9.492216171803221,5.9758606386115165,0.7862424234194648,0.3898469339817786,4,634.8574249728489,534.5393348679297
F047,2025-05-30 10:52:30.789369,19.886655424382482,25.436162060611178,7.135895359191988,0.39586132342463753,0.6618909340950482,3,457.75224856670303,547.9258291468439
F032,2026-03-15 10:52:30.821457,21.260821571354462,29.034695298410405,7.088021638234781,0.5698592138563568,0.8265633572923881,3,451.16487637671565,579.3158194684976
F044,2026-03-11 10:52:30.756411,34.677767330823514,66.49280848651736,6.71487538193107,0.7045868683520514,0.5582858492473209,2,523.539714681318,503.3981002862218
F046,2025-11-02 10:52:30.830113,28.259655938141606,31.985996109188502,6.619013460945378,0.689730535581987,0.5697471595030293,2,503.5513450232562,608.1890612032973
F027,2025-10-23 10:52:30.761342,14.880787449176275,54.40886629269056,6.781561965103256,0.48923874789505206,0.46655870889157924,3,503.5601783546864,493.51626597475297
F048,2026-01-13 10:52:30.833097,25.587888852108676,73.2803175671748,6.903395681841286,0.5372756607187351,0.747601965101042,4,586.8022161452228,568.4184095470957
F023,2025-12-06 10:52:30.740112,10.926564689156013,71.08813708766631,6.142055019554028,0.3460319059167135,0.522798412597325,3,629.97179485417,432.3278142090837
F023,2025-05-23 10:52:30.770891,24.42471122222429,36.08496217168603,6.284723676804798,0.2460972118252594,0.7179506012827029,2,520.0460790741994,564.8946477487088
F046,2025-07-11 10:52:30.803298,27.00665118308616,0.0,6.377476867624379,0.5952079464734942,0.6226503515025975,2,538.433397806921,521.1955744773393
F031,2026-01-22 10:52:30.809015,27.065688706856513,47.68883029634001,5.707021905663895,0.404371563107841,0.7648147554346462,4,401.2155559519685,569.8959545646248
F015,2026-03-10 10:52:30.768176,15.696100665127247,2.879561920025928,6.257906922976012,0.40235205819238673,0.5501847044034406,1,451.905644866422,345.13603996208104
F044,2025-10-11 10:52:30.750309,28.77068805715534,75.03561449290775,6.90045691128182,0.5116977241722513,0.7415729946811754,4,448.6445024090731,681.5527945315
F041,2026-03-06 10:52:30.804314,12.461673733438179,93.79477418265124,6.29829618121912,0.45528440249263136,0.7244851545702435,2,543.914529297861,420.44014596833756
F006,2026-02-14 10:52:30.755199,31.827932708829366,46.8747955572514,6.904322417870397,0.3906263309224673,0.6268776225476332,3,445.8438208024913,492.5783390303469
F019,2025-04-02 10:52:30.783599,23.266411992664587,81.78010308231306,7.075085747527786,0.37509192166439786,0.573400197803985,3,527.5955754004237,469.0398918922691
F041,2025-12-29 10:52:30.758174,26.304422258253695,50.50860492840493,7.71888645105327,0.3625435953362922,0.4792302895680324,4,524.6821744442641,573.1075825253696
F042,2025-05-08 10:52:30.809168,35.27470542581814,60.09510699540512,7.278887951466425,0.1395212208861441,0.59575999127524,1,541.8462674403795,442.98024551715577
F002,2025-08-27 10:52:30.782508,27.82166869160336,61.5601836876363,6.423704831593569,0.46934244772362105,0.5836335191167281,3,272.60755336880544,488.28390134179085
F026,2025-04-12 10:52:30.756864,25.51717415487614,78.83786234718374,6.181195920989781,0.2959700633675564,0.5791877281781973,3,504.889125135868,592.3540587549697
F042,2026-02-04 10:52:30.759310,22.887090566142604,12.869567406241458,6.34340905365732,0.4709477305074986,0.46364600981311466,4,498.1055872788779,446.8904017524908
F007,2025-04-11 10:52:30.803595,7.7988263300327105,66.66441904857135,6.18549898813409,0.477864547663456,0.6295250604839655,2,568.0149247125023,435.55036078202204
F033,2026-01-14 10:52:30.824994,27.279732695345253,83.35213732265169,5.903963756621851,0.5594374618188979,0.6234401220214,4,352.45194318835183,610.3930965824064
F014,2026-03-09 10:52:30.818998,39.421110345449215,53.835650547859395,6.752860978208674,0.40270535304947175,0.4054686340776673,2,539.440040989215,456.00357387426146
F008,2026-01-25 10:52:30.829472,28.208589316866572,21.350398455908643,6.4219827137073535,0.6471645082066223,0.5904655083242196,4,666.6700716733053,559.7582933799714
F002,2025-10-19 10:52:30.793702,30.321945339307987,88.99852523351608,7.121758152508338,0.477157995368884,0.7382088271443614,2,351.0435527450275,546.2575479654881
F049,2026-03-01 10:52:30.755104,13.643375597784324,58.279370283754595,6.597381805854197,0.1552014946737706,0.7321401617221991,4,701.331629886353,575.7590289003056
F036,2025-04-20 10:52:30.811206,39.31857704785932,54.443400475749854,6.547318121501542,0.5758266333088669,0.871725478458137,1,417.7505247375876,560.937612729321
F025,2025-05-03 10:52:30.802299,24.28241648936928,1.492979694845367,6.062006744961277,0.5861486706798129,0.5557518737197882,4,377.70441610672106,552.0836107976343
F040,2026-03-23 10:52:30.822267,39.20433594149102,55.58532238239099,6.3161887650495805,0.5847645974958618,0.556326014524675,2,485.7937241313983,574.727719520817
F035,2026-03-10 10:52:30.783857,6.927879789851723,71.34001604931916,7.765687706064709,0.6247167569024301,0.5478345433735237,4,613.2879513229095,659.6037576765592
F007,2026-02-04 10:52:30.822504,24.083308537165852,28.64248273822612,6.414270657996578,0.8769213451913391,0.8448471587991654,3,546.6103065430609,533.098393479889
F028,2025-09-25 10:52:30.764439,35.84181964370893,37.639106163999685,6.174137769123892,0.38060996592833696,0.6443031607754631,1,427.1414876470752,402.7268597153423
F030,2025-04-28 10:52:30.800639,18.60871802313219,40.91600389410806,5.396071071381139,0.3005691614949967,0.45154780320414833,4,435.7366385142581,365.2039267514236
F019,2025-05-09 10:52:30.799645,28.08866656302134,40.15015359660991,6.574474980479569,0.48121014060490586,0.5553831474012564,4,359.97796708301956,580.6615356429214
F048,2025-07-01 10:52:30.831001,19.269538065436343,60.74965929640385,5.751324944415941,0.7755655613125284,0.5782801316893611,4,493.3702768535539,560.118525281134
F027,2026-02-26 10:52:30.769339,21.746947620815813,3.3078956755060034,6.3015408297722875,0.6379149526640562,0.7076024884946791,1,409.00214653006293,364.2342414968946
F044,2025-05-15 10:52:30.760804,18.435122236732873,34.88834502308235,6.302441673067194,0.5688500208448182,0.49260966052766897,4,398.40772283543055,485.21436804487865
F034,2026-01-03 10:52:30.834927,32.88250077982617,40.02527303527362,6.907185481374687,0.5441267089300326,0.723120571684188,3,487.24933655229324,499.6769065683538
F044,2025-08-06 10:52:30.814354,25.021569634026946,11.686900555891846,6.012656114811256,0.39991051012642265,0.49517522697984745,2,467.19715736620253,497.9099135639484
F021,2025-12-02 10:52:30.819136,27.53985173482541,24.892024021535818,6.586812978645173,0.5056750162488373,0.5217018202208777,1,522.8897201100125,413.75185986954824
F041,2025-10-26 10:52:30.746032,20.43133503909665,36.31832510455497,6.473772784885897,0.3939136918587089,0.740155503056716,1,569.2856378780475,427.86030880773166
F041,2025-11-21 10:52:30.833887,26.29598277861281,74.15378447333336,5.507915725302684,0.6272653098156837,0.6407630719639367,1,593.7639181031797,341.1347345710381
F001,2026-02-11 10:52:30.756516,37.404773518375265,48.419556161915416,6.685147809411683,0.7442337800925003,0.44178840865883173,2,565.7346804000714,600.5438497874508
F038,2025-07-23 10:52:30.783111,30.04795427586354,40.57699627876536,7.147228411767335,0.7130454376580849,0.7153447554575881,4,586.7136834202624,628.2196370773077
F028,2025-10-23 10:52:30.822099,25.962476635806688,35.59645136261936,6.279829578396947,0.5642915464137328,0.48384363055812857,3,608.951654243812,508.21129867939396
F050,2026-02-13 10:52:30.748980,18.266851030999476,98.74896140739315,6.231366442163897,0.591152697508204,0.7216810672393446,3,672.6768069048297,590.1921807478408
F047,2025-11-13 10:52:30.764007,24.483950995340795,104.82793175846138,6.011402229098052,0.5639177407635864,0.7408951794176839,3,533.9369860676532,595.722817083433
F032,2026-03-23 10:52:30.791966,25.623687151967065,9.589585264504343,7.039073006986075,0.9506853397774929,0.4783068360803606,2,566.1200921037449,375.55289305388493
F015,2025-10-08 10:52:30.811767,7.754443161173079,44.53432362875376,7.412815255326234,0.33724840532152595,0.5764346051991965,4,649.9384494102085,463.93719142432195
F029,2026-03-01 10:52:30.813230,22.997457355083963,53.39572179394897,6.672969203961948,0.43343812139178184,0.9654455494043306,3,354.6229739896845,548.2394156415579
F016,2026-03-23 10:52:30.828499,17.506566824557297,27.87633645489992,6.833178596251688,0.3264637679711458,0.5536413679504546,3,553.0228642339606,462.65776530187173
F007,2026-03-05 10:52:30.806517,21.948620517190236,20.967546710705378,6.324528781649834,0.7446388262345317,0.4883670808658207,4,456.66644612681137,565.343246586674
F003,2025-08-17 10:52:30.786279,28.635692407677485,32.68096478621041,6.441655583604743,0.40185611595957077,0.7048954845794393,3,741.7943867675012,456.75239950027066
F004,2026-02-17 10:52:30.796890,33.50600108500676,55.585062307349965,7.351776519255718,0.24789739898348734,0.7581732172740054,3,518.6409490735426,576.2382606935244
F038,2025-12-24 10:52:30.809112,40.5875591287785,53.44518508474786,6.4010508818503675,0.62224270796435,0.32823463869704006,1,513.3481250282668,471.0518479369498
F015,2025-07-12 10:52:30.826820,32.017111687023224,60.56576865811011,5.406788414993503,0.5344539337494211,0.7481403170318993,4,357.12629224284365,595.3419227844093
F031,2025-07-20 10:52:30.748718,32.19238380424126,79.33871114672107,6.826717297587319,0.6848974890944561,0.5781551707424385,1,256.30428171070344,504.11079202326636
F023,2025-09-09 10:52:30.749307,8.023480240952516,75.00792714419143,6.441306160931311,0.8404176012197446,0.6444639162109149,2,416.6283416401199,473.9712939067742
F050,2025-04-04 10:52:30.759455,13.11156682142292,103.34479181528854,6.331663778209938,0.5530302401171338,0.40531476060703253,4,582.042344752171,471.2343936511651
F006,2025-08-28 10:52:30.807256,4.40974082995243,124.52658004651926,6.063859145274795,0.6227392362466587,0.7910062909865193,4,705.1144135587804,721.8450438652231
F033,2026-03-07 10:52:30.746630,14.521354109573082,67.93551471709429,6.811399266316082,0.4762172459947003,0.634300545546513,4,392.05363930509554,568.8757484431878
F035,2025-07-08 10:52:30.764544,21.957000996619204,80.56224080863694,6.6254962678856755,0.660343760606976,0.7144812838870893,2,399.9411326060938,579.6640019779392
F010,2025-09-07 10:52:30.808018,20.295065626488817,57.86526817844212,6.034106598444732,0.5797127694725459,0.903263073631672,1,487.3106640946126,464.96543616299056
F041,2025-12-18 10:52:30.832285,10.50710370878931,91.31266078200065,6.83623368170893,0.3780830745446012,0.679140809568118,2,465.26939454773674,410.4511498104044
F032,2025-06-29 10:52:30.809028,19.938824988336457,18.931349370563733,7.240191552399052,0.6141475492753333,0.7835822177945085,4,564.9031156282697,610.3191483930426
F013,2025-04-20 10:52:30.762829,22.099331168733126,49.10511975194064,7.018221233959984,0.515167256572721,0.5405965427520816,1,668.2034886791744,470.5204030221266
F041,2025-07-09 10:52:30.789285,26.207094584492392,24.42405742265835,5.1485081805202615,0.5860857924646061,0.18534834913580372,3,554.9215306376476,457.2131479165722
F045,2025-07-27 10:52:30.811388,17.289899557579304,36.93125055016068,6.543528102842179,0.33900094720397633,0.2771574873305274,3,583.9740727728359,369.9996741456663
F031,2026-02-23 10:52:30.816986,15.73838859732147,116.85157873591059,7.173591472365557,0.2846616804048654,0.6383263758693403,3,574.642547038782,587.9172642747916
F033,2025-05-28 10:52:30.814200,18.81808831418318,69.01900871993665,6.650212467606601,0.4112208593303663,0.7196323335500577,4,539.3181592630289,636.507654582663
F023,2025-08-03 10:52:30.834677,33.18685325706595,15.68902772832508,7.200390267098521,0.48302425234310903,0.477217270929032,2,524.354119832605,500.7181264753102
F024,2025-10-26 10:52:30.792560,48.720714979352984,123.57241657949592,6.2071071638574615,0.5773340194178168,0.4954854772507198,2,457.7102235954248,538.2205487729021
F039,2025-10-06 10:52:30.792064,25.827703177428763,64.1775708928804,6.170013085827894,0.4775094140001093,0.6561702501119471,3,468.8361005918574,523.4104641193456
F032,2025-05-17 10:52:30.790566,21.78553054108542,15.996330194370252,6.79242639996043,0.412693928230313,0.46124151712849104,2,586.0825041427577,464.49803352659865
F034,2026-02-09 10:52:30.799962,34.26885544798171,78.61529465217828,6.713886828239297,0.5354772437954718,0.434250634313709,2,431.77077078062894,490.2433734629985
F029,2025-09-21 10:52:30.782132,26.412492532820973,60.20620926123999,6.032704469601938,0.5672213949022507,0.47122922050752913,1,514.4159618614087,370.8841082575124
F001,2025-06-02 10:52:30.815864,20.53312502491271,62.40511028809891,6.37061740312502,0.5256349768201454,0.6688837910850245,1,538.1949303788791,387.7795549141056
F050,2026-01-07 10:52:30.739789,20.649376421758966,0.0,6.018457378892048,0.32860511244899354,0.5364533115909407,1,565.61283745398,358.364804533716
F042,2025-08-12 10:52:30.821595,29.92081144624982,49.20729536955515,7.041005883818049,0.6038099952537856,0.3353543748741313,3,510.58301547235396,452.98974625800344
F036,2025-07-05 10:52:30.827886,25.90634410739918,43.65226650323603,5.611932920963907,0.29314158841106575,0.10058393439809182,4,658.9711559940744,358.78837338882926
F009,2025-12-19 10:52:30.752790,9.730286239556632,34.75096932307903,6.291830873839902,0.6662727284194524,0.4490697721978064,2,575.8056739810715,439.7974143152464
F026,2026-01-30 10:52:30.791883,18.694421614617575,85.93644769734456,6.598761916701057,0.3290934054037098,0.36631320412609636,4,477.1875807250316,442.4402897029136
F023,2025-10-09 10:52:30.756115,19.701688420900947,47.59939989449775,6.5648258432509135,0.5323769199824956,0.6821407760504692,1,293.26778802824924,426.07065607844703
F020,2025-07-13 10:52:30.749970,34.79073812292759,61.49489563568209,6.6378448683935884,0.4247482375828398,0.7982514090676807,1,446.6140248493637,499.88462217885245
F050,2025-05-12 10:52:30.775869,23.89764150654344,32.50273852426629,6.255362896932767,0.6239012768240262,0.7500538798800898,1,183.9484545621167,473.48670444678146
F032,2025-08-13 10:52:30.783009,28.97904209521594,52.41651326859947,7.158044327863713,0.7528685950861681,0.7083624928840271,3,632.323873231802,641.1257647755151
F001,2025-10-17 10:52:30.832418,10.344325893469161,70.58016245876632,6.589646286835904,0.5559210524276581,0.21233837345409906,1,297.6465880820928,378.5676764713435
F011,2025-07-26 10:52:30.765724,17.097067342337915,2.4169739337371965,6.631683159357864,0.20668200499533734,0.8881150614338866,1,549.8357008947493,392.54359944458537
F007,2025-09-13 10:52:30.765657,19.750499312419294,51.51743337901354,6.713619780921552,0.6534539017754053,0.5396919362255705,1,487.3549778215631,430.56281336677284
F026,2025-10-01 10:52:30.779561,18.960463333982933,51.24472254816902,6.776467198686893,0.5656199009671155,0.4658046407814058,1,336.56570089351874,439.26988407036816
F021,2025-04-17 10:52:30.813037,18.347980075028733,30.0710949439633,6.844669305194927,0.725697535231244,0.5928030417765001,3,451.01503734407055,571.1238106277264
F022,2026-01-02 10:52:30.820590,21.66148924299082,82.25049014854835,7.214817951984867,0.3268654272827107,0.5971359742173616,2,401.1160136565968,441.85639215082597
F016,2025-10-18 10:52:30.834546,25.68573447282285,67.66975073797828,6.114415126622394,0.6403089275398395,0.694395325650316,2,440.0452118073638,517.1668687068678
F029,2025-12-25 10:52:30.810386,10.321467165228844,58.554345551761244,5.972849502831059,0.6565904541862797,0.8193366655371027,1,570.3731070048218,498.5957643033088
F048,2026-02-05 10:52:30.790086,21.205793264161986,74.1016956129781,6.816319714772849,0.7434920423320248,0.49249672460384913,3,529.4514349233101,554.452592134214
F006,2026-03-04 10:52:30.833221,26.957354131398404,0.0,6.329508247744686,0.4537653938296063,0.6368253323206616,3,556.3474665625854,468.09857752105273
F030,2025-12-10 10:52:30.832806,28.29733589810685,67.95599968600543,6.644798545021242,0.48606183569325595,0.8116581628158503,1,350.5542538794408,475.2491966246364
F003,2025-07-21 10:52:30.830208,24.94735085753242,36.84414827892614,6.165832053382087,0.5922444676804588,0.5745984206748461,3,448.2195503832959,599.5132972522033
F040,2025-07-07 10:52:30.791380,31.151460389871108,47.2517408928341,7.373752905906549,0.4109564365604019,0.7113215043328873,2,423.72329398134326,462.15484911824706
F035,2025-05-28 10:52:30.787418,24.784302766056086,83.55240566717526,5.849314337088988,0.5338427982894693,0.7330029538960466,1,442.4346091475293,516.6827544232092
F038,2025-04-16 10:52:30.822939,34.300807840667375,14.374005562149726,7.389652958239334,0.4535773800224686,0.8506766670313874,4,386.4234950423585,606.8946745277166
F034,2025-09-06 10:52:30.808353,21.736838328167913,10.087006834555424,6.605344632683375,0.7002893338689666,0.5820394490112109,3,472.4385736437724,517.1660362834338
F007,2025-08-06 10:52:30.782587,34.25593934973578,70.48354494911912,6.860448026853035,0.49966312935601725,0.9937258972727225,4,547.3291773326399,672.0627465778449
F036,2025-11-29 10:52:30.761517,18.244688727916444,23.414457838763227,6.7667891252949355,0.5351269478481328,0.59495530573311,4,518.2989695493123,544.7793063043321
F042,2025-08-06 10:52:30.822995,24.843859802145126,101.18374508509079,5.70554335319622,0.5069084944833923,0.5773766091257426,2,408.5376947095749,496.9885238858864
F050,2025-06-13 10:52:30.761800,16.003541062729546,33.17168628070337,5.601709837722449,0.6142893187358185,0.7352807126388218,3,359.360456673942,492.49773441315597
F046,2026-03-03 10:52:30.758293,22.536348965363214,62.319713661063695,6.393444001519788,0.3619461268225661,0.4715275049029837,4,429.97363810413617,538.6459623739343
F009,2025-08-12 10:52:30.761962,22.074896818585163,56.84188216605706,6.15618723187477,0.49637225206835134,0.725521049390387,1,314.26318481162156,526.7721057439335
F046,2025-09-18 10:52:30.769678,1.7426019564069968,63.65274816905887,6.4847181081352625,0.5000147325580154,0.4695922521270357,2,486.70619740372325,434.74868801880393
F049,2025-04-04 10:52:30.768809,24.15256702443679,65.86066620974974,6.603054013723293,0.7014185414450518,0.6466166334005117,3,672.959465069429,532.5575390282016
F026,2026-03-27 10:52:30.763011,18.705885932980816,49.31494331966989,6.426375904279187,0.5344174555002945,0.876926553423278,1,601.022743098653,509.90859534698404
F020,2025-06-29 10:52:30.809559,12.715059177636133,94.52073645630625,6.93479289142487,0.6302771996994301,0.49351090703006883,4,388.37361368922166,530.4194501170417
F036,2025-12-17 10:52:30.739598,34.82693585447983,48.95925448283219,7.013563737755528,0.3642034969806779,0.49852568874695347,3,389.220036516116,529.3884518205715
F040,2026-01-31 10:52:30.823663,42.13585890842609,52.99157642900953,6.654534486172398,0.5756647558098715,0.5932913935335508,3,473.55773891703905,560.9064286030961
F046,2025-06-12 10:52:30.777979,25.71223421255484,98.079609312195,6.603563574730379,0.4086146774322356,0.7104331485971505,4,345.1594204806539,515.1243056686765
F045,2025-10-08 10:52:30.746086,25.702867737072918,76.90192133260511,7.134081438716547,0.36582455399783476,0.630216518489069,1,310.5590927001979,369.98498536175305
F013,2025-12-30 10:52:30.793106,13.735487253987875,63.218089323668906,5.884756389382149,0.2973968141064667,0.44291533167557584,4,400.18761751889934,387.6955293502616
F010,2025-05-11 10:52:30.778263,14.860767475123675,33.67125469545479,5.981717575568999,0.3244997448893411,0.4695266588425483,2,421.694868725636,330.7040995131419
F007,2025-11-04 10:52:30.788695,36.02090932344792,72.40768678925657,6.293039176219545,0.46249038394820496,0.39316664188463424,4,540.5539819683397,533.0610028718056
F005,2025-12-11 10:52:30.799438,16.105006539814134,77.61186053159821,6.747268899153105,0.4535304904114665,0.43007491705544887,3,517.5585614652873,512.7124598443016
F007,2025-07-17 10:52:30.775970,18.14661615654038,34.77829286390511,6.462576019781224,0.6670207753987655,0.6756547283158654,4,503.42249619928106,603.2139139755508
F003,2025-05-20 10:52:30.809322,18.797596649746332,33.40560341314523,6.212804836081906,0.6330630440711984,0.5785265141212752,4,596.584929401671,545.5736490504772
F049,2025-10-02 10:52:30.821694,30.75608304577665,78.55291661444241,6.701774519720858,0.29134788428474134,0.7614841710099549,1,390.0823994501851,529.6656347818728
F008,2025-10-27 10:52:30.799481,20.73411043588797,66.04371281780709,7.388920993093449,0.6965919968678189,0.6237589977863065,2,365.922624257512,568.4104571767596
F030,2025-11-17 10:52:30.791239,30.164357266745554,50.464011389448586,6.3711470281663924,0.5188409872618179,0.6452855480163475,4,490.9430480516034,614.019035186788
F023,2025-08-19 10:52:30.794919,39.398562409383516,41.65182932381497,5.752480827933518,0.5873920488311819,0.5785966131227943,4,647.6110420528553,574.4968858475632
F037,2025-05-29 10:52:30.760000,34.31911905876309,79.91424500325516,7.356805621970695,0.7417428619020681,0.8160990088026925,3,298.44108274063694,644.9710743081469
F020,2025-09-30 10:52:30.810963,18.998464936640723,0.0,7.072792767052712,0.47076307972655435,0.47811185952236807,2,494.7277966600353,443.9809220194113
F050,2026-01-21 10:52:30.744746,36.87421016811463,38.227004157508844,7.440125619617054,0.47879603957148775,0.5459553310677292,3,612.7773280923184,543.1069167651768
F017,2025-04-10 10:52:30.794812,32.78697283944128,29.01963889416849,6.302607773699145,0.4937798123346974,0.5141316984212394,3,485.1777286803483,504.9514389798052
F038,2025-10-03 10:52:30.774998,25.88444175507161,83.86557471051279,5.497699245823903,0.264397678760572,0.5906331380085166,1,576.2010490359239,425.99363513104845
F042,2026-03-09 10:52:30.783954,22.43200988222636,66.16656297245716,5.964528744840117,0.41969936730074636,0.6378752834799206,2,547.8394300046089,507.2453811768749
F034,2025-06-10 10:52:30.806946,30.546708568630784,33.71367170524579,6.93647507993056,0.8527413244070599,0.683781271407286,3,558.0560587940361,668.613733669333
F011,2025-08-13 10:52:30.810135,35.10653143782992,67.77101353246044,6.048075503962291,0.44619532644028276,0.477524216210266,2,480.07376680995975,561.0580350277706
F032,2025-07-07 10:52:30.766224,22.771770871305108,18.139248823301347,6.031339920080556,0.49438307586709507,0.539164109964918,4,354.42354051765153,556.9479299155502
F021,2026-02-22 10:52:30.823399,39.09672903040129,111.14306026945292,6.6359588422731415,0.6921585842155702,0.521847625501701,2,515.6067017803814,552.6313483413007
F044,2025-04-17 10:52:30.762562,20.672766438323137,40.850835736402175,6.306993966001347,0.6323806529629413,0.7071916751892806,4,815.4901218828841,535.6939886965303
F017,2026-02-18 10:52:30.824769,22.39280159368689,105.16550190082773,6.353103250696959,0.5462620660589846,0.7364621950042928,3,575.6816951427542,584.8006624883282
F016,2025-10-03 10:52:30.791743,24.791670230330578,46.23132195312957,7.12183272349304,0.4466497027175657,0.6227619411864012,2,556.407774319793,432.1702193003844
F022,2025-04-21 10:52:30.765992,18.720114027485533,80.95456602209768,6.862978217638919,0.5082011944621087,0.45767959982993656,3,290.9923154519663,489.82301297083205
F010,2026-01-11 10:52:30.822546,18.23448250078456,80.0383085672727,5.852500415705749,0.723460267163595,0.5264204563099257,2,656.4712257636811,491.04719781780454
F030,2025-06-07 10:52:30.757958,5.601535115277549,34.6914836008529,6.70124234356763,0.49282422842927276,0.22806975803343882,4,449.4196157982919,364.1841332304854
F049,2026-01-06 10:52:30.785531,30.05320463200905,64.15289453572939,5.887705306512954,0.5458058189006956,0.6524936489606331,4,617.7517349110036,647.1039271621518
F043,2025-11-25 10:52:30.766441,32.45115323453778,28.793033708662648,6.717734472488262,0.26071410097852665,0.5217690608373033,3,538.0911457443807,395.5494493613174
F049,2025-10-15 10:52:30.810669,38.850546353348854,24.63720608666904,6.493099721357152,0.4204767697148411,0.5590624683311062,2,524.8079480009275,484.0167451421281
F048,2025-07-03 10:52:30.816521,22.307901219254994,65.58614753111269,6.368734438821428,0.388471784537447,0.5223510196518278,2,674.5253267681694,465.99935369800323
F036,2025-05-29 10:52:30.799125,37.67055437866642,59.71309228724749,6.46947105519912,0.6587546252778724,0.6011971041321561,1,474.1662167936103,431.23418119352783
F023,2026-03-13 10:52:30.745067,14.393281128928315,66.69788686735892,5.714260232640063,0.6909468756396906,0.556014080853097,2,563.2841375174312,513.7215118281557
F006,2026-01-21 10:52:30.789495,34.27995893747675,43.407855823586914,5.472181298642314,0.3445922921619474,0.2917414479503687,4,606.4787736456635,458.653423986615
F027,2025-07-15 10:52:30.814116,37.4550302596312,52.90293650674999,7.223416230896402,0.3377149653798212,0.6990345152489854,4,537.1505180167956,596.1904419918809
F017,2025-08-07 10:52:30.770807,13.741551884533699,54.716071982714624,6.192149553973939,0.3226006096283606,0.6222813493859782,4,361.819930082121,557.4652905806948
F008,2025-06-09 10:52:30.761000,17.373845546760453,55.12568917633529,6.223591380136266,0.7035682903901256,0.5946782396358415,4,525.4545368054438,534.1711371811473
F026,2025-11-11 10:52:30.769323,-3.0930726155941812,72.13367701713575,7.178006611800255,0.6639550803832244,0.6889618191720457,3,447.424550303482,514.0741124682175
F037,2025-06-04 10:52:30.751157,13.24762517419163,62.530996742460175,6.55777162688529,0.5971242360069042,0.6838877517758055,2,398.9319396144109,485.1515284204751
F020,2025-12-16 10:52:30.746443,14.578823088253705,87.84814463537028,7.428310355928669,0.357053759277119,0.7253166316366507,4,494.44083999634796,620.696113772562
F041,2025-11-26 10:52:30.741079,25.91278245520274,47.43375538921641,6.798414371308529,0.4196520670483656,0.7486781123001254,3,501.5918451994993,520.6691079954136
F039,2025-09-18 10:52:30.751185,15.482761928749982,9.8112391301066,6.625738709902572,0.6563139135263496,0.4473331896567372,3,410.59390391733825,511.3836886918866
F024,2026-03-12 10:52:30.744352,20.89848592753924,71.79267058418264,7.903546631327249,0.40989419334124466,0.6028784649531618,2,516.2110905916423,468.57778493888867
F048,2025-04-12 10:52:30.828086,32.94521542787117,45.51986633882727,6.402480283929548,0.5897068229287104,0.9239731311819297,4,421.83260776409475,695.1968568482905
F001,2025-11-18 10:52:30.739804,27.29216782002486,43.91940793704341,6.4008365194653045,0.5473782044019373,0.638128566966657,1,286.6535797635697,479.0102702146827
F015,2025-06-03 10:52:30.749901,32.755728353034556,41.74381925000539,6.458792712510232,0.4848065300349362,0.4370210177565753,4,478.2470499189019,525.3133670707487
F041,2025-04-22 10:52:30.825105,37.18171308491066,59.618340604294374,6.222043070940941,0.25048579908335433,0.5086019806870434,4,555.4790096325256,614.6851234732408
F041,2025-06-05 10:52:30.786110,24.086803459509877,0.0,6.698068777652534,0.3931405206305674,0.47262269768492704,2,318.59027607751227,381.3592683011078
F047,2026-03-25 10:52:30.780028,26.86126889393053,0.0,5.826380952127835,0.4794161542458926,0.4854742846571038,3,595.5066312473411,457.2356676298912
F023,2025-11-30 10:52:30.831337,24.207565820775173,56.60413764984412,6.855930235970516,0.41849404955004826,0.6544984043466444,2,353.7351097991188,489.87042510788893
F039,2025-06-24 10:52:30.791366,35.545522343186846,65.3263591899382,5.655713233695136,0.3951226918636638,0.6482893662276933,1,484.45506275502345,398.57171152934836
F006,2025-04-15 10:52:30.823894,34.1097008958142,17.807318036450702,6.906639775240479,0.4817311038245296,0.5641253961410622,2,702.7409090898652,462.4108840478145
F012,2025-09-21 10:52:30.826779,30.207923817768183,73.33711285354727,6.541111916799778,0.47015335289496185,0.7566324012331198,4,513.6603339987905,679.6616402938025
F019,2025-09-27 10:52:30.828651,23.888379957454557,45.80551695732527,7.24331102313934,0.3858082642685414,0.9050093558721894,4,390.4949769942754,569.2200486065061
F017,2026-01-25 10:52:30.783570,19.693471059414687,52.20418905224729,7.278109307094931,0.37169371283734465,0.5962884300859431,1,520.1606922772427,448.91908036950963
F007,2026-03-13 10:52:30.745558,27.119138921914242,60.29051273901864,6.241537035646337,0.5484736200031716,0.6877805459455731,4,345.0452920458171,564.344203258435
F021,2025-12-27 10:52:30.739392,27.60116849358402,8.818596827129483,6.496709191781815,0.4163483874603874,0.6524711123275453,3,477.2583598686431,550.1298658862962
F005,2026-03-14 10:52:30.755186,17.87734112889497,31.080586663339734,6.524124242924825,0.6116010082721159,0.5767852398403951,4,472.3511775805615,619.4300946061377
F011,2026-02-16 10:52:30.807325,13.00242574593564,8.826772086374604,7.235917686714622,0.6814953805372507,0.367029898697359,3,498.80376176615835,493.85966478639364
F041,2025-07-06 10:52:30.753322,22.49195202089949,52.62789217853209,5.4426844876227065,0.48409148900533583,0.5497459588749802,4,365.46381021874595,626.4971191225986
F012,2025-08-20 10:52:30.779345,29.688359210986697,43.970566431447416,6.827352959319599,0.5029751950429417,0.725295420614934,4,665.8271750400912,595.3053521261742
F046,2026-01-26 10:52:30.781594,21.346388518318474,49.659883038649305,6.417735727880902,0.5067028265633942,0.5904285944818805,1,688.3505060425873,397.36784496909485
F036,2025-09-08 10:52:30.803129,34.29716195020186,38.22681784071777,5.927490306804054,0.3512613644658332,0.47486651178335726,1,444.6302100749097,360.2880883377902
F050,2025-11-03 10:52:30.760888,44.38075891652878,47.046659797574854,5.552216378972423,0.6089837547597423,0.5344842771731035,3,545.3769027168701,572.9611894986967
F041,2026-03-30 10:52:30.778871,16.03722721794651,66.77211747647388,6.154842512067274,0.28786711709117563,0.9413937205760062,3,381.2098554906287,540.3723306307595
F039,2025-12-18 10:52:30.817098,16.601942767974215,71.77375073998834,7.501347010622445,0.3021830327456161,0.9363717404860079,2,591.5946146548815,572.6626193414103
F043,2025-10-03 10:52:30.739693,29.978272741474896,14.153469686871453,5.932764557101645,0.31712334270390885,0.3936770661659762,2,606.5598542444823,422.2082950293909
F031,2026-02-04 10:52:30.785973,26.53528140516417,66.99075737336003,5.826483021813565,0.36091441286793624,0.7099738339329024,4,533.7066937478482,567.6976633607461
F030,2025-09-26 10:52:30.810400,36.476416613148004,61.8913812920614,6.626859612963194,0.24769453527007096,0.7307518979318126,3,462.8126061595103,467.4860696849519
F022,2026-03-26 10:52:30.794011,33.85185033274306,84.66530118011943,6.765771837103298,0.5076084129225851,0.6560988940130154,2,540.1822543583477,598.4834468618121
F023,2026-03-08 10:52:30.788975,17.166777881376504,12.538811816202347,5.878213851278026,0.23356780605176647,0.6421247134863841,4,434.4640941882468,439.096118456155
F015,2025-12-11 10:52:30.793912,31.537677419536184,45.74852051408317,6.344568173895543,0.46241663522207627,0.9574157536630434,2,516.2547497243731,580.0792496660963
F004,2025-08-29 10:52:30.744065,13.415411492072705,37.92350989448143,6.415905086517982,0.5351534544073292,0.649056073175613,4,544.0696797068309,653.7939684077737
F018,2025-05-17 10:52:30.825478,16.027290934488587,97.4819337436804,5.248980346968539,0.5898010348613183,0.5070594990854046,4,546.6247469500654,508.90048575976425
F012,2025-10-30 10:52:30.739266,18.050997881489938,23.91568190055401,6.409995259160885,0.6053023225402976,0.4977496539750742,1,504.2746622812118,383.25869242000465
F015,2025-06-21 10:52:30.749186,25.90905337832973,72.96612415071252,7.295596293062106,0.4959133868021325,0.41937001915251415,1,443.34765309975273,383.4766611704252
F028,2025-06-08 10:52:30.757910,21.897728642506415,51.73072934440384,6.528731645195105,0.5315825210752909,0.3809431564358111,2,670.5029796443939,344.57682547197754
F043,2025-09-12 10:52:30.792826,17.67456534601376,34.95764475748096,6.841330280781358,0.5925096960133742,0.641666847370971,3,497.5993629598503,529.1592702073015
F027,2026-01-03 10:52:30.783747,22.483148796103325,45.492260562655105,8.176260665577296,0.4948085753365223,0.5377130841064722,3,534.492064651983,453.82051970116436
F048,2026-02-14 10:52:30.771238,17.140736013579932,74.14835187493492,6.34340841226089,0.27044001392058215,0.312855560530454,4,495.3145880788158,458.89908946312187
F002,2025-11-14 10:52:30.780892,12.40727349434379,50.559600081768075,6.785201036171327,0.6198846617711468,0.4084349118878144,4,543.712815672886,607.2270405640375
F024,2025-11-26 10:52:30.762983,23.02618998890653,45.292066733986914,6.801684798521612,0.4455773100692843,0.6294125765598625,4,429.7261497514205,487.38180929385425
F014,2025-06-06 10:52:30.786430,20.171077106743763,114.49344832457889,6.6258990602385355,0.5209878741960972,0.8432387561997309,3,588.7767534726743,647.9491336880926
F026,2025-04-19 10:52:30.778528,33.81863381995912,74.0163766332997,6.141962147445661,0.7693935866956723,0.6746210119448964,2,380.74121116017966,522.3992403074819
F016,2025-10-29 10:52:30.802857,30.824205553551906,51.974539672954485,6.302521583985759,0.5881815098450038,0.6237704044490624,3,373.0780413189779,552.9268919632837
F033,2026-02-02 10:52:30.774927,30.56064077712999,18.806594666898878,6.736051285050676,0.7966209201310182,0.5043907930980199,3,494.814375884458,524.7423111865963
F027,2026-03-02 10:52:30.755494,32.00494871946656,82.32237854617111,6.103575823914328,0.4997255057821156,0.49772409650879446,1,530.6452768470623,441.7039696306169
F049,2025-08-27 10:52:30.802626,29.448226164029425,90.52763235168622,6.058771349927662,0.5230503487778141,0.7260992645894847,1,553.8546570581058,527.9650204546714
F040,2026-03-20 10:52:30.788365,30.033992972703025,29.914314955947553,6.436953352073858,0.5215149457010898,0.6367740587922337,1,490.2494650402389,441.8870465362355
F012,2025-04-23 10:52:30.754599,30.07525766831963,65.34053511776287,6.409669980604528,0.4847924527262596,0.5435553969689235,1,452.4066690984506,521.6439219054386
F040,2025-11-28 10:52:30.786791,29.36486860658221,50.447301576426284,6.3901075653446915,0.37938523014000614,0.6933080383727214,3,498.2799403649203,587.5582237066072
F022,2025-12-03 10:52:30.788958,12.033384756806173,55.35443164970375,6.121203597233556,0.8381708631570137,0.5216984444261072,1,549.2528493740947,401.8322456259844
F044,2026-01-07 10:52:30.800116,22.339490154325926,34.42034628433865,6.925760207968842,0.6266705439912424,0.7531605426431605,1,518.7195385327252,449.3475583184163
F016,2026-01-29 10:52:30.788852,25.103334075974406,49.83834707248599,7.5347856980342005,0.4486387137713477,0.4071487375254919,1,590.4675866640935,398.16215368757946
F031,2025-04-25 10:52:30.815577,32.018475028038246,67.66814068531357,6.394251069661982,0.42368693262572266,0.45564508094965084,2,666.9703682458276,490.20192509759806
F039,2025-11-27 10:52:30.793479,29.77577050435619,15.70836132950847,6.294307502507091,0.42945946883008274,0.6156934518354163,4,479.1223056663133,513.0313752648494
F010,2025-12-15 10:52:30.772376,22.244415060079035,52.89097274051881,6.982133893386626,0.08798824816613227,0.885321705321465,4,456.44928863497177,564.2386453162529
F050,2025-12-26 10:52:30.775168,45.34146476116997,83.71535519680802,6.5983684319873,0.3583057257118826,0.8144717641933256,2,605.2900152966698,611.3521399010214
F014,2025-09-24 10:52:30.771460,21.931388567807275,22.992718332184918,6.056080413551793,0.5007654172648017,0.7215023871761308,2,480.6621059801398,538.7691631364377
F039,2026-03-13 10:52:30.777824,28.668793794401566,19.595244314127687,6.491863993648751,0.5900301903086831,0.8178137154526804,2,379.4624277730604,543.6566158881769
F044,2025-08-26 10:52:30.822323,21.286628458741916,51.22394203404001,6.929620785668925,0.5309299030625028,0.7827510644857429,1,451.2606690785742,499.21281662700835
F036,2025-11-06 10:52:30.750191,18.784220160001112,49.799941824734404,6.0762355043744,0.5098993012354088,0.645795884460826,1,550.6997750273375,336.3895254812296
F005,2025-04-08 10:52:30.744079,25.871087999642064,42.42083183468535,6.176922188323915,0.7015216760672083,0.5612311595546515,3,576.4198248452105,501.54828885204057
F041,2026-03-08 10:52:30.762520,21.81292507004339,50.008454009555805,6.160683125963727,0.3745127337290851,0.4764315489038874,3,445.3486661716155,491.3064526720182
F047,2025-06-15 10:52:30.763303,23.27394048694221,0.0,6.362007741652505,0.28114811263967365,0.5196234861558245,4,577.2652417388766,423.3381869752744
F003,2025-07-29 10:52:30.783362,30.33472224163561,25.334393957756017,6.15174832312126,0.35846620713821525,0.4402669390506825,3,337.23890412856804,547.6957921089967
F026,2025-10-13 10:52:30.786596,42.48737379500574,37.105717480242106,6.827146966862763,0.3515057432252462,0.5453092987689955,3,595.5154553833534,535.2863123884605
F037,2026-03-27 10:52:30.805302,16.248748291827763,32.108930850060844,7.137972045772205,0.3196124507866167,0.44312315832021476,2,583.7598933470483,409.87789868166846
F017,2025-11-10 10:52:30.753824,5.135227121417461,18.991559293423894,6.523565912841913,0.6691758816403826,0.36867374518364243,2,384.4650843579212,436.63655031629247
F020,2025-04-25 10:52:30.819861,22.523604912153022,101.88383539177892,7.105798626697648,0.5286357326904313,0.698844739400481,3,439.1052721902444,597.9234346692685
F011,2025-08-24 10:52:30.749845,28.132026290010586,9.4823984204833,6.108218074022471,0.477519033245634,0.8656366818607494,1,222.5806617854592,494.1912142517883
F049,2025-09-14 10:52:30.827324,26.407836149962684,0.0,6.5361411453772105,0.45756010184511264,0.6472270938949127,3,351.77838155649715,398.3756584985359
F046,2025-06-19 10:52:30.823746,21.434524259611386,0.0,5.474385057958871,0.5814114476330132,0.6682224547173604,4,778.2956184432605,525.9580465401287
F007,2025-08-12 10:52:30.815241,22.255628488893457,72.89917346219869,6.779766717053122,0.2249832721364085,0.6263038982591971,1,505.37188809160926,408.16618041508684
F023,2025-05-18 10:52:30.785077,24.065615847067157,23.438756363272294,6.429756379330379,0.7479819520583844,0.6598596144528185,1,639.6020051162401,410.4657125818691
F025,2025-04-03 10:52:30.765106,31.42083101981925,66.39758700761644,7.109173600484988,0.4843006950830532,0.42527713767555675,2,580.1504709151366,518.4898972538228
F026,2025-10-02 10:52:30.816214,21.3193757494322,19.88156749950365,6.576053653631309,0.5306508561850228,0.5909726392528837,3,596.0797231747966,443.55545510461184
F022,2026-03-17 10:52:30.752019,26.38000477058204,66.38135821619548,6.58202950306074,0.7122893505489196,0.5055362224167073,4,460.74466324248453,627.0748480215778
F018,2025-09-29 10:52:30.761176,37.162346776329244,25.869811896140718,6.692639660766561,0.2152784165948171,0.43863321843340064,4,623.9961267476376,501.70846991739256
F013,2026-02-03 10:52:30.800408,23.62871442695069,57.17671835856132,6.442691409988995,0.6390812150711045,0.6994220420413328,3,526.145215166113,557.1072892740998
F005,2026-03-17 10:52:30.760958,21.451066444631294,78.41478174743699,7.231716368249259,0.38600796183442254,0.6159468123644508,4,620.3972162891754,550.9265684946819
F050,2025-07-11 10:52:30.825230,27.686331223447834,36.8894791719057,6.1872343809050045,0.45967530178298704,0.5399305545510302,1,503.60415109214415,424.4225529535607
F001,2025-08-09 10:52:30.752620,38.671023026214876,77.5854492499123,6.604369511461403,0.32126072832144126,0.8514659933655446,1,604.2890145049125,448.0103184642161
F001,2025-12-09 10:52:30.793688,19.888569333652555,13.199786743291682,6.397098500983844,0.8254603999834453,0.5617248790791527,3,772.0251476771441,548.7238937750294
F001,2025-12-15 10:52:30.755131,23.281178958197703,82.1698480922596,6.6002092641755725,0.5277236590670852,0.5834479352933233,4,353.7093420947798,653.8319419366147
F043,2025-05-29 10:52:30.826524,13.667736498034786,48.14271706022069,6.068245416536888,0.15860376835736179,0.588280954107726,1,409.9822289644378,380.6434678981594
F040,2025-12-16 10:52:30.809140,6.594843161202736,73.44698224487699,6.555212428152179,0.5826465561112965,0.5788700376101257,4,550.7969072925571,657.0688979759361
F034,2025-04-04 10:52:30.811160,25.366938098557974,61.28147809387077,6.404426525795334,0.5096467898044855,0.5524701127887256,2,533.0176370441441,409.4974661697142
F026,2025-08-27 10:52:30.797334,24.54188588849589,80.292506164345,6.5649441044485455,0.5600285002847155,0.46640129363720034,3,381.61065009355525,567.3609769761563
F019,2025-07-02 10:52:30.739364,25.151098714559804,46.375406419895505,6.8008328402546425,0.24856859453280772,0.6040899808039673,4,294.7809218534379,562.2183745012039
F038,2026-01-28 10:52:30.765287,23.80537649390277,31.557677493073523,5.328515195248451,0.7261724827741869,0.47177198957299193,4,581.1631224490571,459.426411938697
F018,2026-01-15 10:52:30.765871,5.081521956060076,51.06385803820317,5.607250029206009,0.47717821866479687,0.5301852908719601,2,496.41145249318663,378.0006412948498
F044,2025-07-18 10:52:30.746784,22.385255272386217,74.57986408593035,7.604317720834234,0.44723909740802337,0.4497802265367532,3,360.4079316215146,489.75009910023493
F024,2026-03-10 10:52:30.791155,25.025473694128504,25.731311449260264,6.146712352391077,0.38146828270088906,0.4570165722765896,3,308.0822681260064,495.69693652249975
F032,2025-06-17 10:52:30.817000,10.29354136834148,24.002991768069943,6.777129347129139,0.33220377383029653,0.4929147399620045,4,471.27213225758544,533.0658401228947
F033,2025-08-19 10:52:30.813342,32.446242978919905,41.515768511525025,6.166230326582142,0.5768994833165351,0.4715074672336613,1,617.0651206818053,347.4255394350756
F048,2025-08-29 10:52:30.760860,31.017392261220998,84.60294545439137,6.995989918083055,0.6612340941936892,0.5503743376058048,1,647.5999260848622,522.4475070258244
F019,2025-11-26 10:52:30.788905,19.21895061696029,50.67673134940636,6.261180316734261,0.35679869873955294,0.7573412888442073,2,458.3583148677869,425.23043041238714
F004,2025-04-23 10:52:30.815199,8.554739466494087,40.61089819884148,6.698096263598316,0.6081099969841305,0.9251741532635427,4,417.2509946233619,663.9042329991489
F031,2026-03-27 10:52:30.791953,33.44055981149744,39.16451544443694,5.677803390412498,0.5283082105674992,0.5978693835276186,2,553.4287284786212,467.7490433348976
F037,2025-07-29 10:52:30.783096,17.01905953827967,77.47381660242769,6.434849823765852,0.5022614879577476,0.6071519290405547,4,609.5631373293809,595.4394232216792
F019,2025-04-24 10:52:30.824075,23.08239245041885,35.01383297282011,6.118561538317396,0.5404948015948482,0.6526208607057037,1,390.7610471244864,428.9723358415241
F029,2025-09-22 10:52:30.814144,26.16427078823434,50.53288912473119,6.477812269861401,0.43964149541099734,0.6540661902268304,3,263.2742934741176,621.5160449292848
F029,2025-12-20 10:52:30.785946,22.33872862767069,28.906625818657737,6.535843018837698,0.7288860185370063,0.61246557816424,1,423.47313412123884,380.70195181015265
F038,2025-12-29 10:52:30.749529,23.77410506801606,54.33353318898065,5.239875935646842,0.619645370979197,0.6092808785439537,4,538.5165490551309,573.220114750135
F013,2026-03-21 10:52:30.756684,29.15664218820306,96.8674240793128,6.154311024625594,0.3661470089143294,0.6556022542928996,2,464.4730754326588,515.7221044597129
F003,2025-11-07 10:52:30.800954,32.9843282665071,89.14164942602781,5.919177571156303,0.5132380496476947,0.5329402851502254,1,557.0575449194091,400.79768284594496
F033,2025-12-02 10:52:30.791980,22.95569342720762,86.08540614477505,6.516895073947469,0.6634088945068656,0.55365642311988,2,447.5471921297003,615.9197936460077
F009,2025-10-08 10:52:30.764881,22.29775497810757,93.4655764974182,5.840366578441209,0.46738124181435303,0.15396415530548158,3,563.568309121026,390.13008999278446
F036,2026-01-04 10:52:30.820086,22.570334052831658,36.76403870826924,6.653253607621672,0.7024123689668624,0.8736573334887225,1,573.3778681565802,446.32067355969764
F038,2026-01-30 10:52:30.806149,11.42622843911846,60.369684888982775,6.623705256575881,0.2715991460139915,0.5277156479884755,1,564.7193275835556,307.31173146310624
F004,2025-11-10 10:52:30.749750,24.614400966046315,23.028578932239736,6.3988985556518,0.3285817194869745,0.5271750778933005,2,361.28264423405767,332.4083710545276
F010,2026-02-08 10:52:30.755253,19.960321028912347,93.98371990588169,6.1709411831955014,0.5138233668055644,0.7863424009452354,1,401.9888654272301,521.0557009185172
F003,2026-01-17 10:52:30.816591,24.05524357310816,11.881529322076354,6.213744050215748,0.4261413381056878,0.5928160068744822,2,680.3254916447057,385.6851722818267
F042,2026-01-30 10:52:30.792812,14.687478676535259,96.54398270342085,6.8524440130112385,0.41952284823191516,0.5085094144642722,3,700.4532855117842,441.14507545432673
F024,2026-03-24 10:52:30.799716,25.464602028270114,52.21825435461574,6.821706570790765,0.719686398549018,0.7603577337723442,4,652.2682558449635,651.6826933577056
F009,2025-08-30 10:52:30.779297,24.480157187804416,72.80865190761867,6.867901522250687,0.5872478695682456,0.595040654090572,3,484.7905238121767,590.465456493216
F028,2025-05-09 10:52:30.760580,23.11189242545693,61.094906806949886,6.234719660718577,0.7310861917560932,0.6800180571519971,3,569.4358483142812,568.6491358012119
F044,2026-03-16 10:52:30.828026,15.21568743601414,81.46953261302296,6.243288984360516,0.40213017911847987,0.7173000819190994,2,512.4738196867498,466.2785571002633
F031,2025-07-31 10:52:30.818393,21.320308366023372,61.300409704179955,6.730063114339658,0.5001095168641366,0.617401957741115,1,574.0549013578377,409.10469005049106
F026,2026-01-30 10:52:30.819945,28.639268263976223,57.240431318618654,7.15240340298404,0.17245212548849703,0.36439372589255403,2,587.4800506591235,364.1220395141437
F037,2025-06-13 10:52:30.754942,34.57663583007117,39.62983432348893,6.148672949084336,0.6427316979301205,0.8065424653153788,4,321.3197401044715,556.2484944087506
F049,2026-02-08 10:52:30.825908,28.528752492871597,74.96407057047644,5.8598280203853195,0.4909109178703144,0.8203455985453418,1,622.6458755157163,483.70795571710994
F021,2025-11-26 10:52:30.822003,23.63986363279745,18.94195393740222,6.75173616203251,0.5246494785065323,0.5250217725557405,3,486.42145003848657,577.3048704553604
F034,2025-06-21 10:52:30.819338,13.694097944551226,48.30042319400944,6.735382455305323,0.46137968451529987,0.5438316895674841,1,492.41667129009176,326.62952858822956
F050,2025-10-03 10:52:30.806403,21.606426535125983,37.583197193951754,6.080792395243628,0.3830708621520871,0.5953316846845247,1,358.43245854798715,279.8125104503877
F036,2026-01-05 10:52:30.796482,10.773147368585091,32.28836347317828,5.69816542176416,0.67912576524802,0.7582471397143398,1,668.967947336228,415.1445674555928
F025,2025-11-24 10:52:30.780428,41.99768122863581,62.56489092196777,6.759469535280646,0.4048410749814909,0.41776532759194723,1,364.3499730958954,304.36670179754486
F024,2025-05-20 10:52:30.802966,23.29138228295393,55.53085401570462,5.865502199663447,0.4988012130238711,0.6596515961688414,2,568.083035878356,407.002712819446
F049,2025-06-23 10:52:30.758380,28.922277708885428,12.975217421647379,6.2019114239139235,0.6281531354879313,0.8673830448325487,2,426.6952102515872,601.3182245425228
F019,2025-07-14 10:52:30.763616,19.26465739223439,98.59414343110524,6.820335845816462,0.4671448288898271,0.421035438026757,4,376.0079517237192,679.5125812383898
F050,2025-10-02 10:52:30.768824,20.88138106391679,28.63150524667005,6.69375440097654,0.5479972515987748,0.6446445939870182,3,452.307494975847,522.2752793969325
F015,2025-06-26 10:52:30.755323,20.968025350887377,55.06020501461422,6.5249064867538795,0.5626421822957779,0.857888836237872,1,460.21516471594174,517.7585911316346
F029,2025-12-21 10:52:30.740916,20.292093042985115,93.22261981232124,6.659727631166903,0.588080461128691,0.7879806114677411,3,435.3857924249143,638.1881732904417
F015,2025-06-24 10:52:30.761115,20.32753893088204,7.4988736106293885,7.506917505995252,0.5841428839111097,0.6987401203886153,2,580.93711758015,490.237375799818
F010,2025-05-13 10:52:30.823245,20.354522054628113,55.32088549596509,6.078869663267912,0.5119735146516525,0.48242569596661333,1,327.269315096632,421.8714234265877
F042,2026-03-29 10:52:30.753336,24.46860094734548,78.22608319344074,6.226695635375453,0.5650693251599196,0.5110536643294168,1,495.69900567823385,376.9234704504095
F044,2025-08-08 10:52:30.785433,33.20330826168772,59.31120909196839,7.022948623781657,0.16479914690242853,0.43412919626786795,2,524.197307121904,436.5277345311779
F001,2026-01-03 10:52:30.820295,23.12761358916895,43.37561792201639,6.593834620457575,0.3720520612089216,0.5673231120286791,4,597.490146413179,620.8779923598325
F021,2025-06-25 10:52:30.830499,36.545532956922315,40.626427197733804,6.9410113285699255,0.258928014031092,0.693229382159049,4,495.8564024711055,669.784661349724
F008,2025-11-14 10:52:30.821822,15.214707069205605,72.63521871476979,6.078188037157116,0.7501729035581479,0.6458927066905211,4,573.8704194983077,571.4691746432641
F050,2026-01-04 10:52:30.792224,28.784066711607238,77.96575509617887,6.578026584338562,0.5926505069585366,0.41003099985388547,2,563.573729465754,484.9327627786006
F009,2025-12-07 10:52:30.758732,25.113972028336825,65.7287011205317,6.916316765297449,0.5009191997365156,0.47773741139348386,4,388.71833589724594,580.4283294879054
F019,2025-08-13 10:52:30.802898,12.76368946846577,11.266272937899927,6.387947256296536,0.3289982740304256,0.5539283596118542,2,627.4679765062814,510.37903494938286
F016,2026-03-17 10:52:30.806691,20.645513626655024,71.51359228506753,5.928211012804244,0.8161323332013466,0.5853750949991265,4,565.385530745845,633.8841661767606
F046,2026-03-05 10:52:30.821652,32.43148028279654,13.55422168698496,6.202136944113558,0.4985951761441184,0.619489968490967,2,405.72770263913463,496.4790905945797
F040,2025-07-17 10:52:30.759275,15.586633222617055,19.84919070340873,6.210636385852134,0.6225684284820822,0.5508175867930364,4,535.9753604171352,580.6491876607711
F040,2025-05-16 10:52:30.777138,15.356350174737269,78.97815527983855,7.03235819379624,0.29500836980198053,0.7450361752981045,3,545.3496593967593,582.524972754753
F041,2026-02-13 10:52:30.784633,32.33951204276342,70.04916895524525,6.542236780133292,0.41928185900222203,0.5490286927075501,4,602.0270976854197,554.5608388967039
F026,2025-11-03 10:52:30.743571,24.698877753334468,50.2430160592474,6.659837080207637,0.3325640358985229,0.5801066565516539,2,380.771610511512,434.74532432350986
F036,2026-01-09 10:52:30.755616,27.0999559076273,46.07349220403389,6.697011052411881,0.16382945986417374,0.54330889968652,2,368.8248631918074,427.1376058702001
F030,2025-07-07 10:52:30.759100,15.019889150942166,25.35740500556739,6.475485837542211,0.4839111963312792,0.5796405735184117,2,482.276118345404,390.58166385794357
F009,2025-06-01 10:52:30.755240,23.700265001008777,32.00117438910308,6.4821712915069805,0.28334057820793335,0.8785408572257152,4,336.6211363450009,598.2467296648088
F029,2026-03-07 10:52:30.802354,16.944456488016918,45.392697332572965,7.104898936037696,0.5173108003952833,0.7709846581229508,4,451.2849228112295,634.1509356672123
F033,2025-04-20 10:52:30.781371,30.85482048606733,44.786217790346555,6.589704783981626,0.4281636472708623,0.67115877027106,1,493.7403347330268,434.55862187342507
F009,2026-03-27 10:52:30.755926,24.204096802799235,87.58398944540416,6.4065610747711075,0.6928818782785837,0.6068960878570538,4,575.236742968257,573.2908358119663
F027,2025-07-21 10:52:30.811061,19.71657286622956,66.19629037720935,6.817170982964986,0.4112722329917837,0.09736525725488787,2,563.7494708875615,365.9294280579248
F032,2026-03-02 10:52:30.743701,22.727515669524262,128.9615570980127,6.10956532025145,0.5388639155308648,0.6453598381101154,4,425.14280263441105,604.1864675739978
F044,2025-05-21 10:52:30.755724,27.80471964251741,35.957109985281086,5.452605000623134,0.5796424850982712,0.3642671161410648,4,404.1325121331296,512.4381415231375
F017,2025-09-07 10:52:30.760419,13.500601975375512,50.62435847522324,5.595636975478758,0.28879739681092853,0.6482463363729709,4,740.3173502560257,486.4061463474951
F019,2026-02-06 10:52:30.754694,22.036411601519937,19.946332674236583,6.011428575100784,0.5183473694139356,0.5836675743520434,1,502.4499650445475,375.0954688330816
F032,2026-01-18 10:52:30.778639,37.36162520457776,36.490231135858494,6.431614778685376,0.49281574030095554,0.7598267991016531,2,563.7600842361741,489.347317065093
F009,2026-03-09 10:52:30.816674,27.799138340091613,59.45476678430485,7.182459453103711,0.37248672513715186,0.6612450945163201,3,495.09569031726016,499.69521146516945
F040,2025-04-19 10:52:30.771128,26.472271727029216,46.915065592765416,6.862250798160092,0.6163803805772531,0.510250891000975,4,569.6256285303949,567.9008555915761
F018,2025-06-29 10:52:30.816102,18.23513283482969,36.565550946043714,7.64252990759216,0.3260537811857266,0.46374439837172104,1,565.7805217663116,367.5098998233848
F025,2026-03-23 10:52:30.759830,15.496334380763898,41.107839037295975,7.289068700760794,0.5027110378701043,0.5329427427150525,3,656.3696706662296,526.2385973639094
F020,2025-11-28 10:52:30.748565,23.595095653036555,72.0644515753334,6.175298467297662,0.4493974604831665,0.6073544084515395,1,533.3466878187957,497.5046964378364
F030,2025-08-29 10:52:30.809701,18.795268757703244,25.306519084585968,6.182207754128227,0.3715686841502487,0.48776512732702393,3,543.2625272698288,412.5139838725694
F043,2026-03-17 10:52:30.767628,33.74488842663753,86.14027444461873,5.9943056130261665,0.49723575481311544,0.452562699449527,3,407.7898890615796,569.6742452057218
F041,2025-05-30 10:52:30.761623,33.84532283410579,13.636695350994302,6.547052063041639,0.6070454735248489,0.6294208109822774,1,459.3580520147446,405.0017093215559
F001,2026-03-20 10:52:30.817971,25.966116879800108,55.50748429924485,6.536291072434776,0.2549865484750984,0.8915578298572033,2,755.3276606395167,495.07943507273444
F030,2025-04-23 10:52:30.764467,11.948647526155716,41.5315738979379,6.243038525574696,0.4574239979456066,0.8251046707881461,3,644.4555281169473,538.7419680831847
F006,2026-02-05 10:52:30.765628,30.571492320339694,53.33149159364775,6.5803759538996465,0.6425587297693668,0.7124357114665915,3,458.7656624245779,537.4435637890575
F019,2025-04-04 10:52:30.798042,35.61943515333497,39.19393634044167,6.879820825813392,0.24328740589735243,0.6769961967162944,2,567.1569215307842,484.64947620227946
F003,2025-07-29 10:52:30.778130,24.168058004741987,85.23347392693532,6.408604373303194,0.457370564226212,0.6546696376577834,2,590.7783371087406,557.2342917531414
F013,2025-06-04 10:52:30.776055,32.271605963896405,52.619059947469204,5.84643011708831,0.38055391946728356,0.6245284018365191,1,500.40172909263737,471.56808757055376
F014,2025-12-20 10:52:30.834516,32.64390901733661,24.904599590135057,6.175817678849468,0.616423688238018,0.6391717046195662,1,521.5317329530714,486.1984348306
F029,2026-01-12 10:52:30.791225,21.25588129889281,68.13266090399011,6.260181974966717,0.5750301486835312,0.6492837508513745,3,581.8373138810421,537.1295330453896
F043,2026-03-01 10:52:30.791422,26.029571111330146,28.214825115064528,6.634975533545015,0.19160457881581677,0.5028568703624501,1,468.4693472999191,314.4790677895201
F008,2025-05-06 10:52:30.760292,19.788425598775056,45.21940131606978,6.3663129195580295,0.3821319578422651,0.6027248078727568,4,600.7752677793158,526.4818396831919
F026,2026-02-24 10:52:30.747939,20.61504111915421,46.822238339491946,5.721570464523669,0.36852248035296825,0.42009191788266653,2,475.04635915503997,404.026978497269
F011,2025-11-04 10:52:30.778279,22.106973959450443,48.98516565898786,6.283572813745832,0.40055954220675116,0.4207095786582465,4,455.37239526341057,496.2541850813207
F031,2026-01-20 10:52:30.759916,16.036849105574973,30.32824924594212,6.837173789106903,0.5077735525360914,0.6880808109254838,2,370.6281788181791,463.4252406315225
F048,2025-08-02 10:52:30.817928,34.235920015040044,47.20592702162875,5.597995917552005,0.5722443210456584,0.6774293508295384,1,565.3172505497165,502.0548176695391
F031,2025-04-19 10:52:30.819295,20.15476751894024,55.328948256155726,7.351482113364017,0.6189700488974573,0.19952401974524786,1,427.9368022516906,436.75593779547944
F044,2026-03-24 10:52:30.772017,29.394594226107902,24.592326265747786,7.334558620656184,0.593387783285065,0.530918832344244,4,408.1692721381978,692.9024304866856
F040,2026-01-28 10:52:30.783146,41.896811030541684,34.27245697759188,6.530493477603414,0.34052445701463574,0.42393613491124527,3,521.0944284559966,470.72145663993723
F020,2025-11-12 10:52:30.743473,26.944987762784738,36.87648277612012,6.5617560779073845,0.6454348996905478,0.4785703163607032,4,486.6234743594313,614.8067659724272
F030,2025-11-14 10:52:30.748704,36.95838872320871,41.12917183574085,6.4320779293342785,0.40077505015025955,0.8767723870661288,1,396.49070092071014,487.797293458159
F019,2025-05-30 10:52:30.810949,24.01130313733936,11.631516270693538,6.30592845786632,0.31152814731962414,0.7647938913096936,3,515.87017672922,500.5916199198179
F032,2026-01-08 10:52:30.789861,24.306925552624616,69.74326467430882,6.210578944852229,0.3742746838867318,0.5966693914976668,2,598.7895736877462,519.6453147394274
F017,2025-12-12 10:52:30.796113,25.755462511467652,69.45622426665219,6.282520059225524,0.6729417937426804,0.4173328115463617,3,536.4389498116976,454.54311157107776
F046,2025-05-17 10:52:30.823050,20.340292461474657,71.72140634062022,5.7210597115655295,0.6818186951465091,0.7513388473786508,1,551.1623625178527,455.2620062934381
F024,2025-06-15 10:52:30.805903,26.723278386675275,17.368166222353835,6.4746320626344005,0.31867276967128555,0.41977720196413526,3,720.6350235263327,454.51066915286924
F047,2025-11-11 10:52:30.773558,27.65657805596736,31.027657527435895,6.68320383241057,0.49760983131741765,0.7017827273529811,1,619.0875719777277,552.7054579505428
F032,2025-05-15 10:52:30.815591,6.358699059685268,43.89605365041628,6.52333398865098,0.5450104970419438,0.37850986582055957,4,375.6524041060722,425.0703511830214
F014,2026-01-04 10:52:30.774657,22.28112764942946,55.093414560179646,6.118758540381736,0.5694284877055698,0.7301707783350536,2,499.33984748858416,459.0832459357554
F028,2025-06-17 10:52:30.739489,31.13504329554477,64.74199839123783,6.012320211677278,0.46423519320836504,0.4990679205061341,1,543.2284869327649,433.42318458334216
F041,2025-06-14 10:52:30.773430,21.734559934804825,21.45275140444025,6.641206853314445,0.4148846712037801,0.40164094092670377,1,665.9515250283041,344.37912015782234
F029,2025-04-18 10:52:30.804079,25.816735799708237,97.26014544310826,5.687084046929948,0.7620750773039383,0.6235874567122576,4,511.071737559765,675.870825548132
F030,2025-12-11 10:52:30.825643,32.981254385801805,45.1291057923702,6.805298759047414,0.5961079247239284,0.8253736105897056,2,513.9162162068595,576.2897626031468
F017,2026-03-15 10:52:30.791757,26.256823662534387,24.986084770369825,6.15632749202141,0.7090432978667698,0.6552605333140087,4,513.1439198910439,623.1036085837395
F015,2026-01-14 10:52:30.802101,26.6125024741114,68.32332441269892,5.560219383344604,0.604466965221872,0.6363161253709501,1,443.09549675359693,413.7609472416341
F030,2025-07-25 10:52:30.740930,27.550834484753082,80.37782382403978,6.469770112710383,0.3050607444701663,0.6121159285039193,1,426.7305500754407,385.1326185214031
F022,2026-01-10 10:52:30.810991,19.58162746454562,40.5634501302061,6.045807754206503,0.33261096703024406,0.42241680268400084,2,486.2364799823944,379.383124428094
F040,2026-01-29 10:52:30.832974,17.755886674922806,58.32996024493653,6.866666188159521,0.42944877840608053,0.5342586522309736,1,356.0950178801481,376.71256525758287
F014,2025-06-03 10:52:30.739294,23.29446679313864,63.2846019042049,6.755764722492989,0.25602795529973926,0.7906181860363354,4,377.63042770304673,682.6518426191599
F009,2026-01-08 10:52:30.821836,31.157629608050094,83.95172989324911,6.813065673472357,0.472179422200198,0.8580088935478263,3,693.2876957391718,642.0950139147757
F026,2025-04-19 10:52:30.763713,25.074066729277213,30.091135897710462,7.006702152698688,0.7864398458027231,0.8249732367721582,4,523.2840209150772,566.6679147412917
F016,2026-02-24 10:52:30.778358,-4.335719978787374,33.84103770707618,5.92804594520919,0.6000122207884113,0.5949359077602416,1,439.49795394280216,297.72516897112064
F003,2025-06-27 10:52:30.789453,26.6993030979092,43.30831117416817,7.50019264769835,0.6508959262539451,0.7556649676657057,3,471.2493421783887,470.2577073682781
F006,2025-10-27 10:52:30.805561,29.643754815598577,23.322905657317065,6.049524137362448,0.5272850655528699,0.4536478324182891,2,430.5461083022321,400.1757010221089
F041,2025-05-18 10:52:30.777886,33.637935783336786,0.0,5.687324274217805,0.7541605349054875,0.563887510033417,2,345.32339096752565,435.84468130710707
F025,2025-07-27 10:52:30.745095,36.66437297707958,45.52298388165388,6.137748892676572,0.3777698369966827,0.6317389112911403,1,685.4642646452195,483.7855949198945
F023,2025-05-18 10:52:30.833540,18.84366437450445,56.45213058026664,7.429437035183017,0.7221325378251694,0.7728039847977226,2,507.79316143652574,526.7333509119584
F017,2025-11-03 10:52:30.821948,12.946491166691189,53.3525974793226,6.765225990279354,0.43145427260651326,0.7009515359126395,4,550.389263349603,608.8507786513175
F040,2025-12-06 10:52:30.754215,21.806895144486674,68.53334179169363,7.105020587789489,0.44535570907329736,0.5329995839459633,3,398.1025368966764,547.8806300379034
F049,2025-11-18 10:52:30.831014,22.29128152782692,12.795391639027073,6.4083923085986525,0.3645447163766847,0.47248421813110886,2,444.8557726055988,372.34119317301594
F048,2025-06-27 10:52:30.775139,11.061385250442278,55.21864925399317,6.321864490434297,0.21919364986246287,0.5454452751588907,2,503.9004261782782,344.111406741714
F042,2026-03-05 10:52:30.798480,18.29137760914988,65.96570918793454,6.20328665462182,0.5072544444909778,0.6886956573413946,1,569.1483864499372,528.1536670292614
F001,2025-06-17 10:52:30.825935,36.71961938921059,62.6815675214309,6.055607991632151,0.5864790414879126,0.7421981043969277,2,466.91323561222185,445.0624143581215
F009,2025-07-10 10:52:30.820407,22.882300242024485,90.5000386182953,5.823406691748097,0.5057969304679465,0.46385067690910176,1,445.5142887717534,397.11286726638383
F024,2025-05-21 10:52:30.798938,19.825090335193522,29.105377265975548,5.851167848225334,0.41467578891309487,0.9187821337395357,3,549.9277826397985,504.9003253359248
F030,2026-02-09 10:52:30.747298,37.13924325765421,61.0977726913713,7.028478766265692,0.4487732776494386,0.586256241099668,4,511.6845535439585,636.9513639142058
F015,2025-10-27 10:52:30.800435,19.097826927504055,18.16450692602783,6.599280087387303,0.35968188880391777,0.6565973474646797,3,379.1559059711113,507.85846860913676
F020,2025-11-16 10:52:30.759760,23.22708822252474,15.326652324616163,7.06232304364249,0.6303810031551602,0.5246619290013147,3,535.4266372302478,566.7477561397295
F045,2025-04-21 10:52:30.761696,36.779455272718266,43.145989889574594,6.332949567825631,0.6378575867542873,0.611789461892322,1,308.75913650449525,399.57826507636537
F010,2025-10-15 10:52:30.805649,13.63704430815105,50.669853400363905,6.804014590709915,0.7431559419003171,0.24662706501212894,1,400.34999629727315,453.3889982868629
F048,2025-12-30 10:52:30.768795,39.59417346115821,21.805137106180727,7.176340946451559,0.43332590622300404,0.25099143134740765,4,372.66407217186475,540.8669223851405
F030,2025-06-08 10:52:30.788044,24.460829571553777,107.26771582083987,7.1531415408218,0.49727945412241426,0.5654317120440091,1,485.2732347499607,525.6495062908397
F042,2025-11-03 10:52:30.762534,28.193418357118812,18.77130176739938,7.938173321084326,0.3753682740345238,0.31364105033072454,3,627.2141559267831,455.56494612376247
F010,2025-09-12 10:52:30.811623,34.92602509224878,37.43556421767022,5.58898780147299,0.7058007444410116,0.45991590147189165,1,452.1924206035254,486.6173426802826
F002,2025-04-06 10:52:30.832431,21.939872603290453,53.82252918593184,7.6556144413917835,0.4188284384473105,0.6715814437051952,4,555.8254157620079,632.2468537590947
F012,2025-07-06 10:52:30.802046,31.31081017639466,100.47706182162875,5.882912300707471,0.47965967247343566,0.673453610560241,3,501.8318581956889,527.435677885329
F024,2025-08-04 10:52:30.759816,31.334204533102053,74.1535805596033,6.2555474661063615,0.40152479355705806,0.5830459494547625,4,626.5806544172165,518.8238755153983
F013,2026-03-09 10:52:30.766818,18.159454794461276,49.12157595780568,6.2354125345290425,0.5785211216530552,0.32019419178804753,4,442.6562268567782,437.3689879276837
F006,2025-04-22 10:52:30.754518,17.872286310448086,1.1488644120525393,6.5558606007180975,0.42235209535753254,0.7301019213878448,4,447.6863192769649,628.1653218721702
F017,2025-10-10 10:52:30.810921,38.30533608030632,39.58941499439679,6.350256570535117,0.44649739840065955,0.4845920617750504,3,505.887915746817,555.5831336958529
F016,2025-11-09 10:52:30.816773,26.376083231845705,39.40102815822499,6.168310443760442,0.5300517057241101,0.7408560048524038,2,714.8819551095849,529.514968836562
F014,2025-11-01 10:52:30.824006,21.519641045003013,48.68602330517706,6.661037289041522,0.29252861740644664,0.6976310328647126,4,477.28245480699684,573.3214239077819
F004,2025-05-31 10:52:30.745516,12.991946558239906,15.6133885287826,5.840200553503161,0.5822541189145356,0.6373668608041854,3,653.5598134088699,491.8663886005736
F022,2025-05-26 10:52:30.774065,23.745739886304584,46.45613842402103,6.789744145309973,0.4345374471074628,0.44606633466294066,3,377.66004034179605,472.92371176233564
F007,2025-11-01 10:52:30.830261,20.14118555499214,53.278831300355684,6.340821420859392,0.5100703027347459,0.447796648853224,3,463.10049820801026,519.3038291978283
F028,2025-04-02 10:52:30.771741,29.37695130774741,2.779443305045106,6.779792371170662,0.5037826108457836,0.5683968329020826,1,728.7954118614311,424.8929274366128
F009,2025-09-05 10:52:30.741381,26.609493074142428,74.05583096781555,6.083793381655288,0.3707401388159874,0.6776316457992252,4,483.71820224592136,553.5464173596577
F039,2025-12-03 10:52:30.803169,30.1472111086057,48.92036188030446,6.537749040140763,0.36976580219182664,0.5924059561279812,1,589.9487310832037,463.86315662323375
F003,2025-12-12 10:52:30.753568,29.01784798081451,54.83057595165347,5.891110240043107,0.7478144771037883,0.5102525571479904,1,638.625701732002,418.11571636019954
F003,2025-10-10 10:52:30.744788,37.53521018605381,51.31297401870998,6.668674551453832,0.6261053002752488,0.47119834309586295,2,573.0628348489299,508.6500535533343
F031,2025-05-22 10:52:30.807611,14.420499485786934,58.466017424032465,6.045821788499647,0.48451474374412534,0.6496439986777107,2,535.8350041569635,493.11739416753227
F005,2025-07-28 10:52:30.750503,24.112215725408362,46.28387223476444,5.842867028951488,0.3239186041953345,0.475747701898657,4,376.0369211276438,491.8781460830822
F022,2025-05-10 10:52:30.787933,36.39099173969537,83.77750848510252,6.601544917796441,0.43392987129412003,0.44096495075283193,1,287.12943724456045,522.8038479348324
F021,2025-09-20 10:52:30.834618,19.386869559292805,25.1706341327493,6.253610601688592,0.4344840741774195,0.6260329161196443,1,429.18510093029965,448.992784890223
F021,2025-11-10 10:52:30.787225,20.204075085591544,56.37537120970545,6.924955732004065,0.2461231749153393,0.7029739022337314,4,588.0007295294209,574.8688116062519
F012,2025-10-29 10:52:30.744177,24.092685406181186,3.0634061664468604,7.274668461535263,0.5576535496560329,0.3716333238746507,4,760.1315298773651,487.5877278011166
F012,2026-01-25 10:52:30.749145,42.180054457432405,9.163304277596879,6.939582623360717,0.7283600008838134,0.5991720666321304,1,567.9385417634122,503.696603928121
F040,2025-07-27 10:52:30.771949,34.456935249617075,46.215968386727425,6.946096535870478,0.37529366820015375,0.6442530809568335,3,444.2544192179299,591.9542012363761
F016,2025-09-09 10:52:30.799602,29.400429757963202,75.7227458721876,6.373411924356793,0.5340881747990991,0.9199075747393213,1,422.5127197506447,479.70943234580903
F007,2025-07-17 10:52:30.744106,27.62352685070502,18.415782494311202,6.649521837728601,0.440748328436137,0.5660652594122604,2,515.8025676039551,351.6932043420386
F036,2025-04-25 10:52:30.777780,30.839610643798004,31.796473857036155,7.412506889208051,0.47282167937956526,0.5292498836090385,1,605.6558753915064,445.4999711001898
F007,2025-11-14 10:52:30.778212,30.68009563663624,75.07473485482839,7.093773042589224,0.5255895054647849,0.730071801952113,2,718.0187863103469,502.34676823624443
F003,2025-09-18 10:52:30.800254,25.657123251739527,63.847272352511574,6.170857466095117,0.7508889107795806,0.708792680906469,3,399.04734042721304,605.242440524578
F005,2025-11-23 10:52:30.801891,20.96931329710151,45.20530157311541,6.923043421143209,0.2952147528852963,0.6345328259428116,1,366.158631556934,339.7289327911374
F028,2025-05-08 10:52:30.770961,43.03151819062127,51.33707836294902,7.10800798864579,0.27446453563925377,0.6507606554070784,1,510.6412985514091,465.17486196012806
F028,2025-07-11 10:52:30.795011,16.60208836658291,67.92233805421667,6.654998702118156,0.4052139350445422,0.6116501348456564,4,697.3009188346534,520.2944187554231
F050,2025-10-21 10:52:30.750392,26.4919368642902,56.28265188336815,6.250078974203793,0.37605726206142726,0.7019144711681338,1,754.3430621127941,466.7609829741407
F039,2025-11-23 10:52:30.799169,21.157245287355927,68.2234835594863,7.060597468371971,0.5685191089692834,0.5703492660105692,2,396.99243713368173,520.0726113981885
F039,2026-03-13 10:52:30.809828,22.21009215664119,38.267863104171525,5.847584113018915,0.34077886199274277,0.5911893944010529,3,548.2514463790568,440.6715066656884
F017,2025-11-03 10:52:30.759718,39.891505988849275,46.64326184685324,6.231023540853727,0.48820930333521106,0.5730803854519353,3,575.0582497331102,592.074967939313
F024,2025-10-05 10:52:30.813114,36.95806422872443,68.31596691292884,5.686289135846609,0.6319111483168661,0.4008440076042301,4,503.6056682812703,550.0978532784447
F049,2026-01-18 10:52:30.830154,26.802138459963952,39.270011522691284,6.299719296486498,0.48956484560377056,0.5352533753571519,1,558.1570716630848,281.5268981091175
F046,2025-06-01 10:52:30.798536,30.946751346972842,34.5795398265179,6.451124911230098,0.7168744782896923,0.4357395981606257,2,435.0870363350375,446.7990791782071
F035,2025-04-17 10:52:30.774955,5.8344658712604165,11.617823869490032,7.12878567007474,0.3032664660698017,0.8912378624462739,2,440.63013104408606,491.4943529253424
F010,2025-04-06 10:52:30.807311,26.59640704311265,85.53893514907227,6.589535155727825,0.647370072927449,0.42364627519194875,1,400.2953613202639,404.2850424701898
F015,2025-07-18 10:52:30.747078,34.27771077904744,61.618953645072224,6.221751870342671,0.8241229049052345,0.5226482844642673,3,564.3808571416229,656.9956583251069
F022,2025-12-01 10:52:30.824838,29.439986156287436,48.98895900469856,8.194245076490645,0.5933018322238426,0.6491235788280457,3,514.3663161874043,611.960998865504
F010,2025-04-04 10:52:30.745599,39.26515640676274,52.67604036151789,6.963231524301895,0.5726725239449294,0.6390342008528759,4,283.4288322542483,548.9818912319429
F050,2025-09-18 10:52:30.811468,38.081743953634835,32.245511522658454,6.392806892482624,0.3383713865353241,0.4946052319211107,1,507.2781261904387,401.81249131921237
F026,2025-06-04 10:52:30.834722,19.638114336114754,49.85457155786669,6.571517224869855,0.7152143949366585,0.7628364723127127,4,504.9252596933512,670.8729254310713
F031,2025-04-29 10:52:30.833707,28.237894369589675,42.32186651484933,5.557751017821648,0.342096894060286,0.7258250603368386,1,611.2019722032383,374.2441871210071
F006,2026-01-15 10:52:30.822490,30.137997439590997,43.41601793369169,6.438595347954843,0.4033603974906633,0.6620777578996903,2,524.5778363147003,443.6823195233958
F008,2025-12-19 10:52:30.742049,32.47129050410459,56.05044456976378,6.654803105432947,0.3396222731872834,0.42562468684475774,1,415.16203120010914,415.7130485090156
F009,2025-06-09 10:52:30.746291,19.7311908641723,41.95662525210987,6.430758021567868,0.5534330410171463,0.6346054711236301,3,674.0225538177076,483.4895880344973
F005,2025-07-31 10:52:30.773773,12.515305566415735,54.76643901976323,5.6721983014298205,0.4160615600238541,0.9713220765834321,3,566.5866815784726,537.8078390014659
F031,2026-01-03 10:52:30.779641,37.78954647479435,45.56164028052284,6.73262463619765,0.3760932282568939,0.46763027618705716,2,551.5257914496715,459.04948839208953
F001,2025-06-24 10:52:30.743068,22.968087661634684,105.37465754983259,5.569796913882225,0.5551381277533269,1.035995130323649,2,489.92285685043964,546.6179129266005
F036,2025-04-23 10:52:30.821512,40.40631037303644,75.40718477803402,6.8803998388713055,0.56686021596932,0.5423508837299924,3,433.9760345821873,606.9111767827609
F008,2025-10-29 10:52:30.756615,33.789695438068826,60.94072080373349,6.330546497160233,0.6754618864368667,0.5335039622686892,4,638.0252532357282,585.6306654168532
F033,2026-02-14 10:52:30.817713,30.707979394979155,65.86658440080238,7.457731458611513,0.8089937492009678,0.7992326482642558,3,267.22746397252143,566.7200384645316
F014,2025-08-27 10:52:30.766832,28.668505226333487,59.26053527546114,6.712206530072557,0.42057641804128354,0.6250996867207089,2,420.7936788408176,537.6346459916097
F012,2025-10-30 10:52:30.803673,32.60744342550454,65.06085591478725,6.262456192056242,0.40225271654352446,0.5578779366110717,3,406.95299324092696,509.77679577475647
F016,2025-10-11 10:52:30.749915,20.000591346491554,73.87570915981159,6.936273248403027,0.4199318860187441,0.4019808639690077,3,523.56879594713,465.93868156391744
F003,2025-06-27 10:52:30.747619,31.539869063764158,33.76830360205626,6.599638583964966,0.25590844281001623,0.6920526177614916,4,412.54774844833275,550.4630696153449
F040,2026-02-18 10:52:30.762506,27.408624687625363,44.53260729702881,6.154716906169765,0.5615306633600317,0.6192140530406631,1,530.6926316613869,492.323709096064
F021,2025-06-20 10:52:30.776868,30.730946088884934,14.17121601333232,6.737558624860384,0.4794986714585259,0.43368267133473826,1,531.6368602511192,437.9142997976228
F045,2026-02-18 10:52:30.790747,23.512247423832527,55.79130650819443,5.841060540210965,0.4941639164616354,0.6690090211378531,4,630.204598161177,509.93259697487326
F036,2025-08-26 10:52:30.830778,24.36335333863395,29.747540996390946,5.915750330428339,0.24286416430615204,0.4327055909950779,3,545.871202203771,532.4307979467463
F026,2025-12-26 10:52:30.770932,9.041825756096896,60.779736488864124,5.9404738389899,0.5738514257143122,0.5987430951333543,3,544.1563772205371,444.84149591493804
F035,2025-05-28 10:52:30.748773,28.635992760896062,76.92952272628932,6.311401132399057,0.22812906062626354,0.48152190094822034,4,541.7985707964344,589.2931952422894
F017,2025-10-31 10:52:30.744246,23.489107045776585,11.719704019765878,6.465028804238955,0.7373941940715207,0.41183501338087086,2,585.3320771505994,360.207040814538
F043,2025-10-12 10:52:30.829148,35.97875300290512,30.350236147628856,6.87841183747937,0.6911796594583348,0.7336619820379664,4,529.2812938455712,685.1593239566018
F028,2026-01-10 10:52:30.745852,20.838160623572904,89.3623497385797,6.17225996581352,0.4704827343987706,0.41182048895630674,1,403.10805682804954,386.2165019430482
F028,2025-08-25 10:52:30.811074,27.83093301567273,72.146006206909,5.803834441230836,0.5227143678528837,0.8591548659937667,4,476.1826614110449,524.4775296346427
F006,2025-06-16 10:52:30.740598,34.97042479354167,56.26201178301428,6.395301221364991,0.25929137485687115,0.6289611583605189,3,456.0744058430363,538.9615936074922
F042,2025-06-24 10:52:30.789299,14.988375008918423,56.32699369142278,7.068727035693734,0.6449484039844011,0.7320713203739809,4,538.7015664031697,642.7083011945044
F039,2026-01-02 10:52:30.809126,21.315498203216734,61.899585106633346,6.436512201015904,0.4492228065989776,0.4275113225557704,2,515.8434752560836,428.2799070915566
F020,2025-08-12 10:52:30.775447,21.4252286632237,42.492697352589566,6.073248676945375,0.2303826788966588,0.7671290166062845,1,391.2161318769066,445.14055358739375
F010,2025-07-10 10:52:30.766757,9.918382621686144,37.773111181891416,6.402082734289655,0.571340285598735,0.6945306760827751,1,255.02828369967196,507.72974620947747
F040,2025-12-21 10:52:30.740380,30.927993026600397,34.89816244165031,5.9749854251366425,0.6069176816646954,0.8800059462887468,4,405.5521899440063,677.4932687420579
F042,2025-11-05 10:52:30.776462,33.7562377937069,82.03818961026272,5.924681468823789,0.12907905393599822,0.5564338502441353,2,496.59184370755395,430.4397230037438
F025,2025-11-19 10:52:30.791169,23.4922357133123,83.65372587808105,6.032941098436998,0.39557242130335296,0.4759366187025623,2,559.6017366761896,432.91468202815093
F003,2026-03-13 10:52:30.811513,20.294569621235347,30.72570756207543,6.390553800468875,0.6419034373728101,0.7716680889726846,1,600.1742484834058,494.4756576896553
F050,2025-06-03 10:52:30.771266,22.50101215238891,37.2519771227804,6.972889461519258,0.42317536414446305,0.6280110561342279,4,514.3800708037433,642.157028770845
F045,2025-05-24 10:52:30.806304,28.182632108650537,74.03920723862663,6.786414759658317,0.5097328622915706,1.0123227194191948,2,427.7983048862181,597.7455184380362
F049,2025-08-25 10:52:30.786224,30.791317441670387,52.01402258230774,6.365473547106119,0.7369984904341252,0.7468552886961878,3,563.123366567599,544.8929539508734
F002,2025-09-11 10:52:30.739022,30.686765238954116,76.09286490740956,5.936235453358539,0.5796612977635537,0.7483078400697313,2,584.0059523638934,488.4680355160251
F036,2025-05-02 10:52:30.754160,27.021721392798213,75.24822914353675,7.131837710380929,0.35412391044382674,0.616247310564817,1,493.8821888202239,409.947925954526
F050,2025-10-05 10:52:30.821707,34.18782408621588,28.32676183308636,6.815092553089379,0.12395120398349474,0.5861771917810068,1,369.28079297185496,414.4648948789177
F021,2026-02-17 10:52:30.784357,20.519954095026677,23.27260074278425,6.417650573913136,0.4726422781690198,0.4857231120354355,3,547.0404404485894,503.743759967467
F042,2026-01-03 10:52:30.748162,15.40625957253302,45.125800714341764,6.3975541976918295,0.12323847892622908,0.7685663099042834,1,624.3094920245438,435.1942100513695
F021,2025-07-30 10:52:30.812043,32.150594550157635,36.011390339623816,5.755087097865007,0.6404416049884504,0.6242043417216501,3,484.77484392919763,506.00774375723313
F037,2025-05-28 10:52:30.787446,21.62597748747177,71.12792438785655,6.984968812735216,0.4134008914054693,0.5149110086389774,3,532.9502887209246,558.2478783854187
F049,2025-09-03 10:52:30.780057,28.720018479668948,54.815657760424514,6.222493965921674,0.3236067365980633,0.37475884386226604,2,355.1645126160518,346.18227049527354
F027,2025-06-16 10:52:30.764425,29.12937070799324,26.50599072573502,6.579964660995541,0.5000293173728563,0.6628017283950628,1,483.6675768881972,352.91281479113684
F022,2025-10-09 10:52:30.819889,25.881048977279697,49.87641322185832,6.687987686945565,0.4941224309106826,0.5828701211179124,4,521.767979026539,568.8534509821022
F014,2025-08-13 10:52:30.742130,11.007778482447439,50.392380360122154,6.191027444039943,0.3579972865042206,0.7020879717278822,2,462.58739934179863,473.52608014073286
F029,2025-04-20 10:52:30.750987,27.911135948331502,21.00636872267767,7.063092807159433,0.3984483856830253,0.529742477532129,3,378.9838196033146,560.7896163652899
F047,2025-06-30 10:52:30.796707,32.0963588611814,19.964896842651587,7.086845331258647,0.4261900878109455,0.6712435806877313,4,489.26131539790225,505.0820229153723
F027,2025-11-09 10:52:30.815521,18.232338191431495,39.16829292918345,5.852712264641377,0.5637511924703884,0.63355891277235,1,571.1642905445913,407.2875140303035
F044,2025-04-29 10:52:30.773489,22.901583649375137,33.39198994139987,5.429913696892573,0.6088636992651051,0.5546471571051643,4,491.8618459635337,497.5638854436571
F047,2026-03-04 10:52:30.825877,31.950170242956645,57.19687105594205,6.435514730136159,0.3284590622204071,0.5253006110322642,1,364.10094904033855,407.2081729083077
F018,2025-04-24 10:52:30.764300,22.48896326970807,43.77842550754535,6.694255341223657,0.4999032011666246,0.7979868721774075,3,658.7585669108946,657.1251763550576
F016,2025-04-26 10:52:30.741474,11.081461375204313,8.082536704834524,6.619813946592201,0.30129981950260565,0.6030873341947026,2,356.5069020783118,443.8861847032908
F017,2025-11-04 10:52:30.797995,22.208191071326148,14.563462424211949,6.351390672946968,0.47321853502326144,0.5656616506230971,1,615.9910264449989,366.30902857599693
F013,2025-12-30 10:52:30.813888,12.523711919859394,0.0,6.556165746081755,0.4512990616708069,0.8417081882947983,3,497.53438395131957,480.6201765531222
F014,2025-06-06 10:52:30.772661,18.395756150054083,49.53933772166772,6.6306689492676005,0.32319084179965174,0.44412343896159606,1,559.4440832994441,343.78923286676087
F024,2025-06-24 10:52:30.743543,41.639463805390704,54.654536712638894,6.225335715200871,0.5900633178282046,0.5234758125138683,2,669.2864162768213,418.52715374749164
F011,2025-04-16 10:52:30.802789,28.842971191683322,54.34675122728497,6.297645867394839,0.5416311133213922,0.13299602388500348,3,592.5563430577225,502.2446688258652
F018,2026-02-03 10:52:30.808130,25.747247298755052,53.77065726752581,7.055320362185073,0.5915674368877043,0.6377415495812823,3,419.03697806088263,592.5966845967571
F010,2025-07-02 10:52:30.816688,26.54499484386288,88.65558629944678,6.417835465311852,0.5015495982207316,0.5708181470522604,1,383.97068144846793,456.51672694903317
F039,2025-10-15 10:52:30.801605,19.766123123645755,18.41052165373996,5.71756321107813,0.5417080111294481,0.6246075022456178,4,589.9020664335895,519.7667324403593
F045,2026-03-16 10:52:30.745388,15.826149334860725,44.25373878844354,6.846845068610781,0.0923390124497146,0.49475722280036794,3,472.5055650899679,430.0334656238174
F034,2025-06-03 10:52:30.748050,27.607104360385367,83.46775385029636,7.380891490918481,0.2717113127684408,0.3476675394548769,2,321.8231169492211,401.4871020404978
F031,2025-06-29 10:52:30.834868,25.848371785597752,95.1382274410606,5.725663594600789,0.4385012758351826,0.7266357110181147,2,466.64718932944487,519.3194283391563
F022,2026-02-19 10:52:30.827634,17.259624202932017,23.41758571729735,5.655450926080809,0.28200538147798526,0.611189993154365,4,508.62448561060575,469.785841937089
F046,2025-11-12 10:52:30.830961,20.986921345425714,88.73703447705688,7.149132550296278,0.6538176753845126,0.8144102181883269,4,425.1490369522537,693.2439089727186
F021,2025-07-07 10:52:30.747162,30.893550282028826,65.28606831635406,7.192550912308111,0.523456371778481,0.34000555057571097,3,572.9080844748971,598.2634024144031
F014,2026-01-30 10:52:30.768160,34.74420356160853,66.29313247284495,7.3750129363209265,0.390016938293936,0.6903937327652236,1,506.528555095649,438.13450273656366
F026,2026-02-13 10:52:30.770225,19.472697675123555,44.363954532862124,6.736093848600377,0.5192347294918815,0.7843404385854822,2,494.72996210854507,489.4819487354555
F016,2025-09-20 10:52:30.804953,8.895661175747698,7.243292280929452,5.973151724774518,0.6965103337629708,0.6603143315006086,2,472.6328537893509,468.9949181063582
F045,2025-09-24 10:52:30.793563,28.027385384506694,56.68733966936246,6.806045247645424,0.3872000859785352,0.6830341150540508,2,396.0015812271213,470.8876752472137
F004,2025-12-28 10:52:30.776630,29.03713332441508,53.803972913619944,6.205558936367004,0.27110342416830224,0.7498288994826994,2,358.0308311614743,556.0762667797395
F025,2025-04-16 10:52:30.791869,8.704598812555833,67.46919533574402,6.238917702569232,0.6201230406172225,0.5623906403801437,3,680.1425066973623,462.8417259639383
F027,2025-07-16 10:52:30.747246,31.546982692248257,8.182693903236917,6.081936411947221,0.6340234823062136,0.6868903638811323,3,446.14818059597275,489.6082506954274
F047,2025-08-28 10:52:30.787585,28.525518135728344,30.573805260006925,6.943943841062847,0.3988663655022199,0.3366351627145434,4,615.0752577851341,521.3993836526587
F050,2026-03-24 10:52:30.803449,27.34938662887845,4.025091031707376,5.8546845491043396,0.599276374804151,0.39151621857355196,4,504.9509582931146,514.4697813911235
F043,2025-07-22 10:52:30.749597,19.154789882150475,22.068594575673224,5.89508298916731,0.34500172414930574,0.4178453305978467,2,578.1184921192089,411.19378591595563
F030,2025-06-18 10:52:30.829807,23.27560455609834,58.74219293136824,5.391083442439896,0.595882101022863,0.41133905858655573,4,476.86730732389606,512.4199428907317
F034,2025-09-12 10:52:30.799096,27.46205464962314,70.64930136931414,6.718772652991851,0.451862920611937,0.5520568213222167,3,553.2607626924408,512.8433202327888
F001,2025-05-30 10:52:30.755818,23.461654078664147,112.9061708252987,7.136407961235522,0.35465463617193566,0.5633492458322463,3,567.7413203581256,577.3420371693934
F041,2026-01-03 10:52:30.748148,35.60193375596274,63.00861510200082,6.156127060165177,0.5190226639199801,0.504237861732396,4,656.6315473850037,619.8220570174495
F020,2025-07-21 10:52:30.747148,18.848650176012445,99.40098521271722,5.6109893653201555,0.5205058669808029,0.42761860857419587,1,303.6765866135678,489.3433926445348
F031,2026-01-04 10:52:30.794167,37.98048183108053,48.23324380541012,6.365471507929066,0.7791535167907069,0.7020686015829928,2,411.03743328457847,490.8435289644472
F027,2025-08-04 10:52:30.799757,33.86957592108458,26.570779131279643,6.450558648715204,0.6087313755113178,0.5166455302525035,2,419.6251165332979,465.0547028749632
F007,2026-02-09 10:52:30.818757,21.513384868341973,84.45551380536783,6.164774413952972,0.46737779178331934,0.4444345907607087,2,595.002666678211,381.2009362332683
F008,2026-03-20 10:52:30.764868,16.577534788797024,63.29595194486926,6.669881587849933,0.5148329939862076,0.6606917123081496,2,489.96323834886607,502.2626520842507
F011,2025-12-29 10:52:30.798751,32.34139547062413,42.63800806752657,6.560121722783801,0.5997938138310346,0.8486320721244857,3,502.93996193351035,569.3378362392091
F033,2025-07-24 10:52:30.830736,29.641490662132526,35.738181448269394,6.073530292972051,0.5824045071749484,0.5778891382361492,2,441.7852553356459,427.5275057622368
F010,2025-05-13 10:52:30.769008,22.494497512152417,20.93704612393831,6.8902869775846165,0.5334445325689936,0.8771994478212859,1,538.1046803860976,402.32262337119045
F042,2025-07-31 10:52:30.751226,45.227043530548166,47.64242579607149,7.038181139729235,0.3856680328087363,0.7112513899820638,4,438.8575457582089,623.0717288928696
F043,2026-01-25 10:52:30.751240,20.01498872374445,47.623207961903,5.921042615223651,0.5542793624644081,0.28339274525623787,3,469.20374592915937,469.7950433878158
F015,2026-01-07 10:52:30.825437,25.612480442113217,20.315652655329142,6.935667870847197,0.2234997075721205,0.42595822396087646,1,620.3620517735702,407.3348455764642
F006,2025-12-24 10:52:30.769878,23.721546545386204,34.77029184768737,6.525130295127865,0.5564162189595991,0.6958764762056301,1,547.1832019257689,413.02793601737824
F031,2025-09-23 10:52:30.771793,26.544803977483717,72.20828586050249,6.321445505870211,0.7843140951679795,0.7034747158645964,3,397.9045132617416,663.1112941115695
F034,2025-07-10 10:52:30.791995,23.448693896517927,60.8229636442853,7.028757293306626,0.5502576787069915,0.49559644856113105,1,422.0131341728859,364.8467440267152
F049,2026-03-30 10:52:30.798580,31.06709714319959,42.8664743214877,6.568766698471195,0.6063143947320083,0.5083062528360875,2,658.7175197802227,470.15560432347365
F034,2025-06-03 10:52:30.754132,18.566574221363027,27.409575320499467,6.721982685410719,0.3242618854118546,0.5911654758073992,4,554.6064304554226,556.4127480700809
F014,2025-10-14 10:52:30.804909,30.435456165644386,13.066950271403108,6.542607296171596,0.32738667183045495,0.3894497011801695,2,391.4569542174479,392.8632253119561
F030,2025-10-30 10:52:30.827741,23.4481105968703,32.69863711267694,6.630107475114568,0.22231678457097398,0.9387578806338035,2,513.5363297788939,566.2621642874576
F030,2025-04-20 10:52:30.808298,36.4037654033463,1.221585977425491,6.358636574813574,0.663618029954929,0.6029570312248246,1,337.64120401976754,374.6731381759712
F027,2025-06-08 10:52:30.805946,36.273783266450145,50.09916527038117,4.906689537278415,0.3552000803937664,0.7426625083983869,1,551.0925392411908,354.110715659015
F017,2025-11-21 10:52:30.807409,29.6903266296899,56.511726291348644,6.865827243906627,0.6885922787620571,0.5651390721960159,4,440.19830857787065,648.3493814340284
F039,2025-09-26 10:52:30.754969,20.980691035424,52.635293912709386,6.227490828053231,0.4186544808576942,0.5774406453086994,1,416.1392920366268,503.15041249638773
F034,2025-04-11 10:52:30.827122,8.867955177738995,51.16195684990787,7.02736468158119,0.5366452104009047,0.355829005549829,2,527.4012676767244,384.7057859689742
F004,2025-06-28 10:52:30.795840,32.50797453853144,56.458503177757436,7.149287618454611,0.547294282672961,0.5199220249423121,1,676.0837987081807,387.08244520271734
F035,2025-08-07 10:52:30.826417,23.250528050977845,92.64924918246996,7.295973026269751,0.7019760836309883,0.4792889706989827,2,586.1096734012983,507.02294428145865
F029,2026-03-10 10:52:30.801394,16.829064950504446,46.181914441057614,7.268569640179398,0.6520767686400668,0.5070446534625533,2,510.67817290613624,484.87030985240153
F036,2025-09-28 10:52:30.825726,32.13726009780388,62.37077550293479,6.131391879992563,0.42303667586699134,0.8930524826816466,4,600.0686886503024,579.195053657064
F044,2025-07-29 10:52:30.790030,33.64290178370118,39.40800824411867,6.371134276187436,0.3503672202739341,0.8045294960859126,4,568.5801768441329,647.271329383755
F006,2025-11-22 10:52:30.790901,27.71596696887999,48.71597117475683,6.128915366996712,0.5052055929307783,0.6520294174622613,3,515.9047575952718,569.4800980269425
F002,2025-10-05 10:52:30.791547,31.04875466055358,48.23631984939161,6.824209966931788,0.6112128026247787,0.864511923908933,4,375.8591953852749,613.8005461403475
F025,2025-10-25 10:52:30.823454,23.765076769941423,61.98735490927514,6.694752131241444,0.22728084968825057,0.6299079249274319,4,548.1685960940299,571.8267289969781
F049,2026-02-11 10:52:30.756487,26.91033097145814,43.371715379259385,6.371196517856248,0.4863782151367071,0.39661145820407606,3,546.6835612998559,501.18954778619934
F048,2025-04-21 10:52:30.819533,23.167615325223593,49.53116272487496,6.169560540490747,0.6762779861226885,0.545510936929261,2,482.8741189476559,452.6299668610886
F045,2026-01-23 10:52:30.786168,34.07209998177036,7.248136293927189,6.28650467208697,0.37127627693029164,0.5555226665052,2,645.45507776985,446.90748225128453
F037,2025-04-10 10:52:30.753266,47.25365959871941,54.26426038235834,6.162540341698832,0.4074134579453523,0.5558486181950711,3,527.5901707269193,578.9408109717884
F019,2026-02-24 10:52:30.833485,22.520038278450645,73.05999986419101,6.342494134365429,0.46905954064112015,0.6445344314876174,4,476.1938770708038,543.8165920276102
F023,2025-05-29 10:52:30.814761,10.513239443715806,34.246316630996354,6.912646378053137,0.727385435046275,0.7183923931022421,3,572.4426590129675,580.3847575461234
F016,2026-03-10 10:52:30.747092,30.60216207893116,47.73048351118726,7.173937802555164,0.519011884598216,0.8259195072605522,3,516.8947334681847,624.4482127357907
F044,2025-05-18 10:52:30.829162,13.052135622418863,67.14163234678713,7.011290847408683,0.257600691446445,0.9246521933461285,3,519.4582965703154,622.6867280487809
F004,2025-05-02 10:52:30.762702,26.154047254492067,84.80391819803522,6.1392794556709465,0.2911844805906908,0.4012896674589017,3,570.0284197687273,507.21713931676885
F004,2025-05-25 10:52:30.797756,24.173884554281077,50.07490369026814,6.714458885162209,0.49698758669257614,0.6348826101696308,3,510.15937912005865,532.3439187127783
F010,2026-02-02 10:52:30.798737,18.025010960769038,6.046096288410148,6.2313539711536965,0.5928668525753167,0.717978272398427,1,386.3492472422712,422.59449683938976
F007,2026-02-13 10:52:30.780966,15.080783360906482,24.812975735218558,6.27941641645755,0.23545172248934176,0.5026212464709647,4,458.9263622289491,474.5864581724052
F045,2025-12-20 10:52:30.788471,12.564474080372465,25.248000651404464,6.601911893824918,0.8721469546562481,0.5261114999616102,1,526.1738015465313,330.6030162396766
F050,2025-12-21 10:52:30.805479,35.03465610965348,64.38774202904143,6.876947536304297,0.4283381878444888,0.62319573996272,2,561.3592415593596,466.90238062961316
F044,2026-02-11 10:52:30.830086,18.250567801411904,78.47736805124363,6.413477886995124,0.3518903355143313,0.7299878967477818,1,557.2100211050338,452.0962467851654
F007,2025-12-25 10:52:30.753623,13.219195046805844,3.127949719709669,7.446839238857641,0.8998312621659528,0.5398635180306652,2,340.9740706694136,490.5876235300518
F029,2025-12-22 10:52:30.739502,15.269538175855649,34.06282535820113,6.814736009636524,0.6920894684908094,0.495918964473608,2,492.0846507400087,517.4191974663145
F008,2025-10-26 10:52:30.780980,27.90853359570587,45.910349967796826,6.532797484678691,0.872802805820755,0.5302955976741474,3,614.2122358373674,605.2240609972565
F029,2025-06-29 10:52:30.779609,25.771386111216675,9.250652819291524,6.920907439740658,0.4304055992218916,0.4654160338329295,2,401.02364900863313,374.84026462934196
F013,2026-01-13 10:52:30.750689,24.061707678163952,56.45255592865464,6.4419652234771085,0.5779295794196077,0.527157425751412,1,409.2421712894934,371.9981425280411
F048,2025-09-17 10:52:30.800885,37.98339087094279,59.731891861647554,6.189886455072952,0.3859380727799441,0.7118360909422782,1,498.0314075277532,450.4423769404731
F035,2025-07-20 10:52:30.743788,25.524926938289813,40.277563535622036,5.944215498913904,0.2987932019136813,0.5459468735905582,2,361.7939576183459,501.87453179384477
F037,2025-08-12 10:52:30.749515,19.332091864711497,59.733373943006214,7.583799256953115,0.3389618718544282,0.7066650698531091,2,479.85995316997304,483.2251598724724
F004,2025-06-15 10:52:30.778148,30.21856292927809,39.873826354321494,5.98420407310634,0.6038209328013959,0.4586840784142998,1,423.67944993043886,411.9167879321998
F046,2026-02-14 10:52:30.817196,33.761499270132454,2.2053839197158993,6.440427373563495,0.6317744242387081,0.7357826678627414,3,629.3467360316056,528.7009457862275
F022,2025-06-26 10:52:30.739406,7.800605185194669,98.3343646290451,5.931492206708698,0.40787513992037283,0.7409338680771791,1,559.8517437162143,478.3124533299681
F003,2025-08-18 10:52:30.784799,10.576832700123264,22.83679099978459,5.953327778049247,0.47454748376514166,0.36790820954442804,2,425.9710188256936,410.3007227113003
F036,2026-01-04 10:52:30.753238,29.335103590737116,73.1739861485801,7.0961306845844,0.5126903551779134,0.5862255301128223,4,350.6663443672624,682.587032909034
F018,2025-12-07 10:52:30.753838,29.87136901637107,63.59915831753678,7.2575059096764845,0.48538661275038053,0.6202206303637696,2,631.4180089087386,578.4475887719927
F041,2025-08-12 10:52:30.755683,17.032451777367395,9.716671999447854,7.180983994011858,0.6043349865195234,0.5909706814150549,3,409.8458388590036,491.64780312562465
F016,2026-01-19 10:52:30.759704,27.934858041226956,50.575187242431035,6.708329430381029,0.7446656189012302,0.44949560062851124,3,431.5076371567603,543.2946825197647
F050,2026-01-04 10:52:30.822406,15.657626774141448,64.45750057390299,6.527745886348463,0.7674578947439183,0.6713501589711688,2,417.3557239139797,435.5405581910592
F028,2025-11-03 10:52:30.743599,16.899844953210902,72.04095000452399,5.580481113562477,0.5017565239560764,0.6470387771771791,4,630.3483350285416,552.9288696065162
F035,2026-02-21 10:52:30.774250,25.190753354155213,35.82988672741553,5.951630816353335,0.4094212242651046,0.5404573160181535,1,435.51399174268204,452.2877390140278
F046,2025-07-20 10:52:30.759385,39.27258779733159,76.75307416391453,5.456137857103699,0.4694885249019206,0.74349215369269,3,570.4797805579083,550.9714240052621
F033,2025-09-07 10:52:30.778671,24.847253176464683,29.170828719509583,6.061047806946698,0.46775940528082616,0.4557568685936204,4,371.11824022868143,538.3887550932089
F022,2026-03-14 10:52:30.747883,19.329005282412545,47.288260047309194,6.74749702367624,0.5280186102143132,0.5751332248488351,4,359.0701518650893,575.8023832081998
F036,2025-09-29 10:52:30.762431,32.218983171049494,64.08357695546198,7.400844058251643,0.5914863849736626,0.5496149250177964,3,418.1151683987144,565.3911087921333
F003,2025-11-16 10:52:30.803529,24.605864140604467,56.422668516351344,7.797373840356489,0.2611799651115862,0.5149203405750296,2,463.62678090690054,553.367325605416
F048,2025-12-07 10:52:30.759420,30.98663488791712,44.03343688027064,7.985904120133824,0.8463350918495507,0.5944016122948159,4,358.0281627854815,709.7189125106203
F027,2025-12-09 10:52:30.797355,21.112894297258144,36.632084233874835,6.047079064560356,0.6448255119220944,0.8524337589668242,1,329.8610979081765,452.70114698797715
F015,2025-12-24 10:52:30.781092,19.72162616992802,34.433143866374834,6.634299903806986,0.5450926899881163,0.35040722401733637,1,325.63038446452754,386.48332315585316
F008,2026-02-09 10:52:30.755226,28.269244465802576,53.725025926226145,6.820596752753394,0.5195426650881781,0.7338666368565268,4,526.888254104568,723.4962260248233
F015,2026-01-24 10:52:30.773966,34.746279999931126,64.04645288907125,7.026896119685444,0.4731166518280852,0.5336974184615348,1,532.7278643526886,471.7624232416754
F008,2025-05-20 10:52:30.815962,20.428160685366105,17.875061911725453,6.848728332321005,0.534612059163325,0.5715915789296243,2,657.3681197280541,402.95870791649975
F041,2026-03-11 10:52:30.766382,12.302965680688478,36.899226926647174,6.462416181854765,0.4763975654965828,0.6744078773338971,1,557.3375732602966,326.3371554736741
F037,2025-08-15 10:52:30.822225,27.14868946748042,18.481182283079793,7.078192707717982,0.5368685992603724,0.7052782886941673,2,433.5217116597415,536.7245050527251
F036,2026-03-08 10:52:30.771879,22.886976763293248,70.95302618361778,6.558898069302817,0.45745790799982367,0.6774612887165439,1,413.9848745472174,413.02713264423386
F045,2025-08-17 10:52:30.743940,14.215353179600623,82.41264366817916,5.883817530981764,0.5034071628001475,0.6359579838149433,1,551.148575325095,357.7115495240534
F048,2026-02-15 10:52:30.764021,27.064827400142764,14.664354755060678,6.541168792503247,0.3140768361430658,0.5992227429461896,1,497.33811288621627,409.75435608846766
F013,2025-12-21 10:52:30.772501,24.136687952493855,82.57552613826408,7.0341638852683195,0.41638569403859116,0.42304837781098836,1,482.1459162044743,442.2281315504754
F039,2025-06-11 10:52:30.748120,7.9402796146992785,72.01644352270426,6.18465800985447,0.3093384432847601,0.8629040293882981,3,650.7537830070844,531.3239019433285
F030,2025-08-10 10:52:30.793353,28.359690421382297,34.57429921013923,5.166271100189304,0.7816083443743531,0.29350002476240716,3,528.2459187732472,411.8770513541087
F004,2025-05-07 10:52:30.779220,36.84403724811699,74.47759206721632,6.250813507773077,0.5093356383574723,0.9758415628463177,1,471.7077918529895,467.78955967058573
F030,2026-03-12 10:52:30.774884,25.19471065800694,39.360146302143576,6.499129112993792,0.6067933354891726,0.6932909224986782,2,602.4748818323359,455.63445582160324
F049,2025-12-22 10:52:30.805465,18.287698214420644,0.0,6.285695561576954,0.6864440875727712,0.7743640240869908,3,640.0288088623533,577.0713464695269
F013,2025-10-09 10:52:30.823287,16.003273233321266,46.73626964730816,6.003384600055697,0.4086367411229048,0.4570905365838538,1,467.84915878439267,416.0009008195271
F042,2026-02-09 10:52:30.800803,21.708721717731297,63.80887515646279,6.913935163093748,0.3230561577744816,0.5254947914868784,3,631.8325197928181,525.0508272187955
F009,2026-03-24 10:52:30.797035,16.929964668534673,49.26949861549094,6.923240419239477,0.5938970531805088,0.7228216141181064,3,434.9768616669472,514.2658129829518
F020,2025-06-19 10:52:30.784343,30.726645407149242,58.10002654317734,5.842167919100844,0.36549451374858416,0.7059899663304222,3,502.3407209586895,487.55220824705805
F019,2025-11-21 10:52:30.826183,15.330506430716781,75.6591374874246,6.051824883337629,0.4251477397996366,0.6765198900785047,2,740.8637231268987,523.545538017815
F025,2025-06-09 10:52:30.826266,24.15824550305069,66.72766745063959,7.089256397614979,0.5208203485948059,0.6042311170054242,4,462.82004183573184,604.4545320562754
F007,2025-07-11 10:52:30.747675,20.041144966339893,52.006036845964736,6.643688551966079,0.19449942309122548,0.8748874234903146,4,444.57033609932006,674.2394538497568
F020,2025-09-26 10:52:30.780358,17.272237008209846,11.852314835289725,6.790879805027706,0.6060202971115792,0.6940697640264532,3,626.0054102098553,630.6620727422619
F039,2025-11-14 10:52:30.800762,24.57265936000169,62.2231891722101,6.921258732489587,0.38174953395744926,0.6049031905832811,2,563.0901019167601,398.5770957917424
F037,2026-03-06 10:52:30.809800,12.16452530658325,63.91671440835642,5.835966330984335,0.2722547149816909,0.36856456736475207,4,486.6113729783536,538.9471427209205
F017,2025-11-23 10:52:30.766876,12.856958527735989,14.4415466203926,6.448163689586113,0.2623091837204903,0.6510176205588093,4,367.13914173746747,506.36629779340154
F005,2026-01-14 10:52:30.782555,28.740563261109493,63.09843540860868,5.881471360602844,0.6345966816720466,0.6159224553422091,3,466.75976264097176,529.7397591637932
F013,2026-03-14 10:52:30.818974,19.295263757747634,68.37440005405537,7.348814445346911,0.46205036086662493,0.665482631241322,4,511.588026581618,651.1669156481439
F005,2026-03-07 10:52:30.766667,24.6729708686448,43.578143116641506,7.064803957275457,0.5331173099022826,0.7085752570336751,1,379.5020440476226,525.230546232168
F040,2025-08-01 10:52:30.775027,23.957433314520383,29.974156099105553,6.848413679009317,0.5228945412991846,0.6310030943751187,2,282.61689720009826,429.14191574139664
F040,2025-10-02 10:52:30.792078,19.91027114717209,5.759236121369618,6.409741202657273,0.5783588191885346,0.704536498235141,3,498.3507232850029,449.99960558434753
F034,2026-03-19 10:52:30.778689,34.12185071884696,54.70875165908756,6.361076790584109,0.4936103851575315,0.6670016050772661,1,688.0511598045971,404.9234373226152
F012,2025-07-31 10:52:30.810149,32.36776071213337,83.60164896091027,7.022669333595443,0.5456981580944358,0.750957441576438,4,371.627005439756,664.236307529893
F036,2025-07-21 10:52:30.759985,33.548471961557155,16.90081910450411,6.644164803596727,0.44873578107168366,0.8204518185945764,3,635.3513796333159,627.4941732558539
F022,2025-04-07 10:52:30.821318,17.135789327090464,92.73874989018407,6.981275426488078,0.3046722955556534,0.7391797083384639,1,639.7738076934515,493.70753539864313
F018,2025-07-02 10:52:30.824782,20.115928204103394,47.24543935260835,5.703818548337407,0.4535370970078004,0.6918850215674881,1,460.31794958617695,343.929463718381
F031,2025-11-11 10:52:30.804108,23.36791143528455,25.7633448682254,5.937804361329122,0.5408005284516215,0.5995436308847977,1,433.44428284079265,384.51640029111917
F024,2025-09-01 10:52:30.814776,34.24199108322735,56.51914581676264,6.4308552059924935,0.5360071321200184,0.7112562724898337,4,454.890008062548,610.0689144753268
F042,2025-11-03 10:52:30.764646,35.798658424642724,80.39458504538547,6.849743765375106,0.4916217066767614,0.6686602767800993,2,588.1408068866403,537.215243138371
F041,2025-09-08 10:52:30.827980,25.555362302312364,27.864607841470594,6.7081621413255945,0.4476498626689955,0.49696368507022404,1,307.37167191459037,489.87595353722895
F013,2025-04-13 10:52:30.775349,29.00412525192522,44.72190670402078,6.402239747540205,0.6018001789016652,0.5962826222330392,4,600.0171620818052,596.7278840796172
F047,2025-08-25 10:52:30.779056,18.572560933012504,56.48896016845737,6.534610679886951,0.38386172981987315,0.4874049342993232,1,456.0155203412479,385.92217777119083
F018,2025-05-08 10:52:30.744268,20.137879814119437,52.41023798252693,5.390067460993865,0.3349814625854255,0.4882908115217441,2,579.6311287362436,355.5557093755333
F043,2026-03-20 10:52:30.825133,23.887347964575863,64.86166052358462,7.152956930391206,0.5730391820538449,0.5630634701956835,1,509.4067192487854,498.12102004661335
F012,2025-11-06 10:52:30.790286,20.33648969120911,56.581165574194,6.087643203043328,0.5721201151584497,0.5814125181854422,3,570.332962192361,517.4091032758178
F037,2025-08-17 10:52:30.806135,14.384862941991573,95.90927688458504,6.4443200241627405,0.2273130760373115,0.6212725745348422,2,526.8766884166805,386.5637916057
F046,2025-12-07 10:52:30.751330,28.303040301731272,7.977723151963936,5.9649485105283615,0.6769777967781981,0.6421825794705533,3,437.83324384465436,525.4830619066915
F021,2025-04-12 10:52:30.788940,20.46338162784233,0.0,5.815161347994064,0.37643500357107873,0.7358551967470516,2,440.9247324091122,405.5725349153156
F012,2026-01-08 10:52:30.766803,25.957230821138367,26.91622351091913,5.935547838896163,0.5702193932638094,0.7275560734347034,2,374.01501312474994,574.3243874438909
F038,2026-01-31 10:52:30.794268,29.05827513800286,54.81471154329535,6.549493692643081,0.5289186325884868,0.5007433528143295,2,281.09773820960345,459.3750254034034
F037,2026-03-21 10:52:30.739611,24.559480228996588,77.78282213732453,7.079257831146064,0.33097316309922054,0.5802303170192177,3,420.085685125176,527.3930431048846
F014,2025-09-03 10:52:30.753756,20.61309330062951,23.013974859205067,6.488818826344672,0.7939873275182361,0.50457662912799,2,485.2552937812815,387.2011448088796
F023,2025-08-09 10:52:30.805111,27.006871257477744,65.9115742130582,5.636030022858569,0.5436873115287977,0.5999986397905703,2,596.0321668560377,488.69901676210617
F034,2025-07-04 10:52:30.807653,17.297104177197212,42.53530660550319,6.327020739004478,0.6505104441485778,0.6908721392598995,3,444.721928763791,544.7886063153221
F025,2025-05-23 10:52:30.754778,34.241981614881645,8.897529277343551,6.062097828246512,0.261097509835829,0.7306910538099958,4,476.30669932170207,548.7323889508598
F034,2026-01-07 10:52:30.754900,19.779333955636197,35.67100486851433,6.887006588555267,0.45510583408558364,0.6305567185195604,2,531.0072050115778,550.7367340091245
F012,2025-12-30 10:52:30.818126,47.81691958580667,44.72848066800857,5.677054591148006,0.40104896103680665,0.8353800458671429,3,553.1914171874397,640.2024225403582
F019,2026-02-15 10:52:30.762134,15.306864492723877,55.42084290835867,6.791109208697657,0.5636113533672679,0.633219515576663,2,532.9780425987838,508.6700733944523
F011,2025-12-11 10:52:30.764203,27.81155631843979,55.08971627724843,5.495996154862137,0.509928697646111,0.652011592865898,3,492.32571749468616,546.7063932250289
F036,2026-02-21 10:52:30.807682,25.080196098859858,65.3064088820436,5.079260196357377,0.470376155138192,0.7457330824618291,4,522.3393674022903,586.6081863111488
F016,2026-03-29 10:52:30.809503,21.049982720751473,94.7939564839769,6.5911886461925775,0.3109074207870978,0.8133170735218404,2,335.60805286201077,519.1701964231388
F006,2025-12-26 10:52:30.760972,18.84821946545605,37.97435303241866,7.302810501417176,0.7465668664371212,0.7681228044791091,3,592.868822732772,613.3552030375345
F047,2025-04-04 10:52:30.830127,14.835523289828222,49.710822024787625,7.004011223013364,0.13530395317324279,0.296512186776185,2,448.6446672365153,395.52954379383044
F038,2025-10-20 10:52:30.754955,19.255881385349905,17.820224363238985,6.470608448969955,0.49949448934270413,0.5931865306977948,3,555.960674724728,562.881761393091
F033,2026-02-26 10:52:30.783830,17.411758489595755,60.655370375248005,6.165691023450986,0.5676001096686207,0.6233033045473193,1,472.2980353362512,432.50337591021037
F041,2025-06-26 10:52:30.765329,13.80560761617019,39.86095859874353,6.361907726547975,0.188041075361917,0.5345539076345438,2,508.37999132086986,453.8127345220691
F041,2025-06-24 10:52:30.760056,38.9368523854213,23.319278205037907,6.337643399389555,0.5620341196833152,0.7525218418039326,3,648.4678739217867,569.3343723246719
F032,2025-10-09 10:52:30.799899,16.585075070675266,55.61401329051395,7.191747105737599,0.44613996917064364,0.6800897797243605,2,523.3478289762389,454.07353291703754
F031,2026-01-20 10:52:30.761402,35.7321263663348,57.25651020834035,5.847084740241149,0.3613997030696237,0.2711310190648085,4,367.04659356189876,529.7911594224728
F034,2025-11-25 10:52:30.771044,7.943864059710926,57.6548646733372,6.59418171929856,0.47991982333865285,0.50473958634623,2,485.4618536399026,434.72062397933297
F013,2025-10-29 10:52:30.820464,30.554146133519907,39.94532174172038,6.426678182421613,0.08781267276868004,0.22727417735662253,2,386.6608674385351,352.8627182828957
F011,2025-12-17 10:52:30.790971,19.107164792140328,58.54322767675323,5.732175455685926,0.6090808670022928,0.42384990665354283,3,417.72348312921446,488.60311175308135
F031,2025-11-29 10:52:30.773205,14.701634575177419,75.50651468712914,6.551763095459131,0.6789794600793345,0.6266944792204678,3,417.611356962341,523.1442461563489
F043,2026-02-05 10:52:30.753350,22.84540634754689,43.23291757427086,6.065007259427354,0.3134347867532894,0.8804846184109666,4,624.1944145494581,643.1732441104939
F020,2025-08-29 10:52:30.806747,20.62180552904446,26.289961664166132,6.203002932595917,0.5037615161883965,0.5993315554123547,2,493.9242098076841,304.42913568400286
F006,2025-12-09 10:52:30.809364,28.7240575190171,74.71340822909596,6.8914634723800265,0.30981550641922073,0.7427121909970263,1,468.7144651552769,364.29607979564435
F003,2025-07-10 10:52:30.739056,25.46253255240645,57.51210840520269,7.0854166066502815,0.5499060896882154,0.6419538002777024,4,421.4257685322221,582.5505300911827
F010,2025-08-18 10:52:30.774601,16.886094838216195,41.94295943305269,7.3068226767523985,0.38462208449665936,0.7833077525539439,1,741.283198112681,465.4628422180018
F050,2025-07-07 10:52:30.752606,20.665072279260695,9.166381749486789,6.706445934407696,0.4940685286951638,0.6486217641201533,3,617.2440357142711,519.1264080171702
F038,2025-04-13 10:52:30.784592,29.952182465793136,77.8921085454278,7.329550864686708,0.4995562892097793,0.6134229357052947,1,548.8530383049275,434.68593008259523
F017,2025-04-25 10:52:30.780315,15.032295367641902,57.233613397277345,6.809986457156231,0.41582038383748315,0.6999170059873598,3,482.5216418318526,467.7489775872237
F015,2025-12-03 10:52:30.770779,30.73227520448873,60.08237783708742,6.739439600145811,0.5572204777481987,0.624790240993301,2,538.232243173668,556.4994476501919
F047,2025-12-28 10:52:30.764715,11.077344384542577,37.17100934206515,6.527252558984863,0.5923219753668232,0.6474234887905892,4,280.97099044936243,536.4045094085079
F014,2025-05-03 10:52:30.770764,19.72906067791919,56.21071532873839,6.719483058659383,0.30195285681461037,0.34238092042728097,2,472.13859486722305,423.8507974839183
F009,2025-08-17 10:52:30.829485,17.545566497560337,14.97084742815089,6.046504681164775,0.7787163368149699,0.19269087574979804,1,523.4096180814269,334.0469229647064
F037,2025-06-22 10:52:30.784578,21.32936255458455,35.1067287582089,6.736873362169471,0.15928349366143724,0.5051391833633677,3,486.1430178348779,371.2721742559066
F027,2025-07-21 10:52:30.750066,29.533919727500994,19.065700177810623,7.296617698367854,0.5070860690134275,0.4336585852737987,2,390.69766587465836,482.3874411954636
F004,2025-05-26 10:52:30.739844,32.63696367223595,55.69479960960134,6.299412979924195,0.4489017733207924,0.6963573575878066,2,432.05802536132836,522.0089272383051
F047,2025-10-01 10:52:30.768780,22.09553770327182,93.86167725079738,7.003135188639041,0.43952124063057274,0.8153923485923288,2,461.61568612295434,517.6158330980279
F046,2026-03-15 10:52:30.802585,31.994619216100908,58.6507379816248,6.206426353416093,0.38232123103893345,0.8150732109247283,2,593.6550532548074,547.7629819391038
F004,2026-03-31 10:52:30.781720,30.42286565780628,30.371892051026215,6.502989954739751,0.4197439776532102,0.617271327098469,3,492.08896446874377,498.1391115999405
F001,2025-06-10 10:52:30.785559,22.933769240283695,90.01190498667239,6.803880925803632,0.2942842250360792,0.42956762139217103,2,486.978391965184,415.92835899425484
F037,2025-10-28 10:52:30.754174,20.30649729044743,35.18848526178761,6.843718096436135,0.7354921060106151,0.8219755609285695,2,518.2371314880821,549.9040908790845
F011,2025-05-07 10:52:30.818846,24.58043718993082,84.99086271744297,6.457844624414739,0.5633701793580279,0.383112882760264,1,357.5645481377126,559.3714096774444
F025,2025-09-15 10:52:30.752100,31.12975577620962,53.77460450459205,6.986696295735411,0.2085498178066003,0.4050923304895936,2,496.8379331981069,403.2309519854738
F022,2026-03-18 10:52:30.810288,25.405141171229594,14.052664913429567,6.862823381958185,0.6852587909415565,0.7690422807199402,3,356.04004693842296,608.4514934617397
F002,2025-11-11 10:52:30.794464,20.52026008848098,61.5270820356049,6.383769998967172,0.5624849580539445,0.4976953450586261,1,618.8852733970223,396.17053719278107
F040,2025-12-28 10:52:30.761604,33.572590611784726,18.170436514458586,6.8850558871267955,0.35851510620558413,0.6013119777865877,1,332.2446658287486,388.3437292937346
F015,2025-07-11 10:52:30.797965,19.613521387695847,59.40818892583266,5.806822358656221,0.5607782591571759,0.6665037782459141,1,427.9976839240919,460.6417040907996
F035,2025-08-16 10:52:30.753196,40.52624155696221,17.831056431233037,6.2167584563108,0.32011723868749553,0.4850024097778809,4,478.947794498725,491.97714412491297
F019,2026-02-12 10:52:30.770127,23.68709557016327,74.61090537766191,5.931240964709288,0.3694194928627472,0.7058465707687522,4,412.79546759631216,625.2219278496666
F011,2025-07-27 10:52:30.739252,26.158051008458916,69.19855525355302,7.15455422515342,0.5276923840027808,0.47437322769905266,4,337.2349102529605,582.5620953135337
F016,2025-12-13 10:52:30.794775,21.144009219011846,49.557567900269426,7.498951744652832,0.5721401135430247,0.6603954396592634,3,541.9545332423374,527.987697041187
F014,2025-07-16 10:52:30.762843,24.527313937294384,20.43621030723979,6.2360393537031555,0.6630177741787513,0.4928226743337006,3,463.40310812395205,406.959820113765
F007,2025-09-13 10:52:30.751711,15.877938180772887,64.76088437850474,6.33054445411115,0.547316616492578,0.8292993362414933,2,246.02571158097803,549.0534311486607
F008,2025-11-27 10:52:30.832512,33.53492179927834,62.7339684116415,5.905507126755302,0.3286128814356314,0.686521647121521,4,589.7954721736598,594.6314181348555
F019,2025-05-21 10:52:30.806734,23.322195197879665,79.58225367612768,8.108042261322655,0.5015977076450496,0.7326858716040652,2,343.68087806685224,626.239691043864
F009,2025-07-14 10:52:30.774587,35.43531642755267,79.74125812290247,6.025832187345944,0.628622042253307,0.6091620485657786,2,376.5648473096263,507.16774897704823
F030,2025-05-01 10:52:30.820701,18.856419496038544,63.386582678025334,6.703499758471699,0.6094598538333664,0.5978900586351151,4,513.9146689370265,563.3697648193365
F047,2026-03-08 10:52:30.834164,30.36114117389687,35.47318749351343,7.17425701725911,0.5410466996125994,0.535802182058241,2,486.216716410263,456.77890108000526
F035,2025-08-04 10:52:30.776364,10.241139918567994,55.979332077290145,6.271396041638421,0.650786482611974,0.6262957463187838,4,573.7385108830782,615.4312980601082
F014,2026-02-25 10:52:30.754627,32.5787182908872,19.828408294722262,6.617237319055666,0.5260694375163546,0.504825289290217,2,525.2794280736632,546.3396542675856
F045,2025-08-31 10:52:30.813545,26.425240931097846,50.10103093136097,6.060855476086709,0.4753099208813885,0.5331514664061318,2,443.8098853073298,447.92596167525704
F033,2026-03-21 10:52:30.783030,20.214765476588262,31.61139212895187,5.576688382143087,0.509377582876597,0.577561030677482,4,494.0401504019853,517.5402171261259
F005,2025-10-07 10:52:30.749763,21.269189848065416,35.429565938293045,6.675243231080791,0.6506779671959498,0.7792913986048082,1,317.3770511066663,466.2590569367097
F032,2025-12-17 10:52:30.745907,19.80736655153888,55.71487389524743,6.797175583148668,0.4241220238423934,0.2510757145127339,3,462.2717316058847,428.0674784032348
F039,2025-12-22 10:52:30.811275,31.714669976775998,56.810559112864766,6.739127738892893,0.6832366305391278,0.783187619978482,2,500.54022522989095,603.9486599796984
F046,2025-08-24 10:52:30.741183,29.041775387805366,57.40972926417569,6.77526163771276,0.45349282595171375,0.5071070721789124,4,539.6717450375248,540.8152450656248
F034,2025-07-11 10:52:30.773277,22.46043987550434,79.80492503910381,6.780926687682215,0.455768648134921,0.3459273070082864,1,519.0379037796159,413.14446809690793
F048,2025-05-10 10:52:30.820254,27.327312017276068,27.16328439274018,6.216977257104454,0.5458741933268485,0.4915335612086531,4,534.2950423020127,563.1709595786639
F016,2025-11-13 10:52:30.757414,22.02097770719663,75.84717901882343,6.698203416551398,0.3649882969327562,0.6785240446575467,4,603.2379161394998,545.9751840783806
F001,2025-07-15 10:52:30.796799,34.822782194302654,43.055657046251525,7.05542972178021,0.47259423995069655,0.8387312296050466,2,511.12823553747444,574.2373197517389
F001,2025-04-03 10:52:30.773681,29.10091381660278,44.32165265254846,6.013677822838035,0.35235165338404917,0.7234663610472734,4,459.59198663600307,618.8311499435633
F011,2026-02-14 10:52:30.801063,29.547552943818456,55.281573044284706,6.965561972253129,0.5462337906231699,1.0938436984875497,2,559.2532136445182,654.8106981492879
F025,2025-07-12 10:52:30.782863,28.056289405715525,48.88860726506898,6.170918984056513,0.3237045499647234,0.5834972430081297,3,481.2807438828135,433.3257068948461
F035,2025-10-09 10:52:30.813405,25.174299394892994,84.7181241814849,6.519532090122079,0.2817868280605975,0.48026656524754024,4,560.107053641635,597.9535348972925
F036,2025-06-06 10:52:30.812396,23.433022085624152,40.14341360957782,6.4751078201343715,0.2894553613786336,0.7387060828445797,3,429.6683389286619,469.1440850711975
F042,2025-08-07 10:52:30.822295,32.35567628438484,82.5647831982403,6.5218674264895204,0.3863179205974699,0.5410231455085257,1,448.73640098274035,423.8701336013071
F016,2025-12-25 10:52:30.821934,45.476892454898106,19.66325176178382,6.6229730552909585,0.32223131681515216,0.9171486239395283,3,370.31064551445945,657.5728659971642
F012,2025-10-28 10:52:30.810851,26.99011271137843,26.71370140256333,6.817089602731246,0.39352533682827967,0.3992138956579271,4,580.1715060645773,623.608519957307
F025,2025-06-22 10:52:30.779545,12.192217380391124,65.37394749376723,6.017610596963943,0.4973840555735885,0.4406754309932377,4,459.3167979001191,514.0151558137627
F013,2026-01-09 10:52:30.759663,36.04170380486468,74.27051164185914,6.737139459677157,0.3659592069417808,0.6888024465065625,4,511.74932284731943,639.3246736819921
F022,2025-11-06 10:52:30.768294,27.379047185440804,60.1537937392621,7.152548497915957,0.29688531478168645,0.4622162187145391,4,393.0638801197469,523.7188255246522
F012,2025-06-13 10:52:30.797102,14.100527208931881,85.36722780911353,7.478921742957839,0.4970644345205073,0.6816594171678272,2,519.1646008655707,495.8698491209855
F022,2025-07-14 10:52:30.743502,18.556503814802277,92.9062206890045,6.942320750313978,0.379301910144171,0.7129332934015266,4,463.44068467597833,595.848156028083
F045,2025-08-04 10:52:30.742954,20.13100853344713,27.633150152517842,6.742389483013739,0.6387904002626488,0.5382856994939241,1,469.3840848753154,392.128370585256
F023,2025-07-29 10:52:30.832043,45.63071756548866,80.26022526435331,5.941399425402364,0.5913382238685155,0.7559773189952992,1,551.9042194373352,511.36594559416255
F033,2025-09-10 10:52:30.773241,38.62428780191828,79.22719261023775,6.453429790472541,0.4039439541750197,0.47831425707764796,3,622.546556503691,532.3064205107191
F012,2025-09-14 10:52:30.816019,36.922067213021165,68.11911002458214,6.791634883047099,0.6008196088576174,0.6638692633080628,1,624.0971379345342,550.1772533600393
F014,2025-09-25 10:52:30.751878,13.533622688673843,26.522965904386087,5.907960838356012,0.36523849602663994,0.2496945295266556,2,474.0406355566824,410.8124874698374
F011,2025-07-21 10:52:30.802017,27.948668207435617,72.87889927527185,6.237519265655764,0.5087090016518422,0.6561635594445056,3,501.4629959431302,461.9888267524766
F039,2025-07-07 10:52:30.817801,17.824906940365867,89.65223381909874,6.898023713012512,0.3303955586819174,0.7128293403143785,3,702.3340530031228,539.7503374351455
F005,2025-06-09 10:52:30.768897,24.33451017716082,16.322970017865366,6.549085494000728,0.3091734405445623,0.544491555721445,4,603.2133742797894,524.7690260512794
F047,2025-05-28 10:52:30.810641,23.954264344253975,34.83396755143457,6.368312098050198,0.4374685661054365,0.5696020600672526,3,461.4463984984153,490.29577688441617
F012,2026-03-30 10:52:30.780243,32.30118474655866,0.0,6.565150900003208,0.6073694707400452,0.7352269768293702,4,573.3173260827,590.1815025379026
F046,2026-02-08 10:52:30.747520,21.447100565291176,80.21088017100922,5.958243021067724,0.46253375531141955,0.31731647397085316,4,432.6855191904554,503.81988014988366
F042,2025-09-20 10:52:30.792106,27.564398431316473,91.55196020602565,6.0143919907088295,0.34041732073977504,0.7219963098868657,4,565.4574266134495,626.6674573971359
F039,2025-11-03 10:52:30.750232,33.05963646483137,35.719270543316235,6.88289619724289,0.6656078425605145,0.6283745364985808,1,619.8598484560264,489.7495119051358
F011,2026-01-17 10:52:30.744163,24.109309898294626,8.033501057851197,6.5766645221182705,0.5274753796541111,0.5553235119852107,1,505.8787110963469,380.4784703824858
F022,2025-10-24 10:52:30.797276,15.764496692820112,57.44815156532487,6.922319227311942,0.863840676369364,0.5831290590976634,1,510.95429552976947,485.6850553752551
F032,2026-03-26 10:52:30.756946,15.118784038213404,27.686592229839075,6.973979269075632,0.3872154102838254,0.644598371565875,2,456.0442080379622,449.7903485011908
F007,2026-01-31 10:52:30.833247,23.489885787268957,48.37686087481284,6.423618140950871,0.6474864494391176,0.6502228601718779,2,511.19993660356613,478.819083515416
F012,2025-09-30 10:52:30.807340,28.726840142830273,21.614047391211223,5.195732300712997,0.7062131929084898,0.2710128790413042,2,554.52368309844,389.03827839207577
F020,2025-06-10 10:52:30.785035,12.865169637573652,52.20979188547381,5.663105417404975,0.525744292540408,0.6232782223552943,3,337.920076877592,407.87627473078044
F021,2025-09-01 10:52:30.753880,32.31321325096448,47.69061725218978,6.388352610165929,0.6653788187887655,0.6136742227838807,4,572.3777772457798,619.7220815132197
F038,2025-09-16 10:52:30.798423,35.745935179429885,60.49882694088003,6.212601797849866,0.5041591853862297,0.7949035488398914,4,538.8717168451237,606.0887220609184
F010,2025-07-15 10:52:30.804802,7.421516151167243,54.02153548994221,5.611424971783215,0.3416892152251507,0.6422281143517494,4,618.2452982802355,474.0632772674538
F039,2026-02-20 10:52:30.739638,28.553250304840198,98.3767971617498,6.790850288743938,0.19421941431465867,0.5666699460857748,4,511.06472968006176,572.635163787422
F010,2025-09-16 10:52:30.812882,41.44870797217415,80.82094504587906,5.726506341031972,0.4413114408817665,0.5243335059089436,1,678.2204015257315,439.09014550440946
F029,2025-06-09 10:52:30.809687,27.77999985962994,75.25479325127797,6.173091177905103,0.43298845262264024,0.4663521221601994,1,630.9488554436631,429.20996433000784
F034,2025-09-01 10:52:30.788099,15.805925054903023,3.919514383862193,6.917118577201164,0.5621931644738384,0.7580125695410769,3,352.0258305095823,538.7658978888218
F036,2025-07-08 10:52:30.834969,25.324332278963183,11.24065277007437,6.776112655316494,0.49387050858934844,0.5581205092980813,4,438.00094440362955,505.2457616553866
F018,2025-10-30 10:52:30.783584,34.80885076768864,62.51001894552649,6.166138723916981,0.6234735596402075,0.38288044427422546,4,387.7168016535836,654.3313218097462
F024,2025-05-29 10:52:30.791854,29.117675310162426,38.515024244345526,7.094662542499115,0.5887046722195259,0.7500136111483946,1,452.17120956280473,493.1203299940656
F033,2025-08-13 10:52:30.758014,30.34333895448297,72.22440410780432,6.563826227996506,0.5559909296268839,0.5020137678769334,3,420.61774327121645,535.7446633927054
F015,2026-02-17 10:52:30.748496,24.26860454957688,49.05184537118077,6.319643874320293,0.5143859034254443,0.6052983136142526,2,536.4436598633943,510.84710571897364
F041,2025-07-22 10:52:30.832987,33.050118486239256,46.60678848345572,7.150574600669356,0.5763026584892035,0.5619256312244123,2,414.8556883689146,602.28566212178
F017,2026-03-23 10:52:30.762886,22.011525185556838,96.50931948512371,7.173256093370152,0.4644393412462905,0.8234318740595894,4,402.038490788249,729.9967522544455
F048,2025-09-29 10:52:30.813588,19.083033119708126,83.61328421738222,7.050390933519843,0.40643314358963645,0.7627871609835959,3,543.4613382866364,561.2704021920817
F043,2025-07-22 10:52:30.789313,22.20067275401776,0.0,5.397522905183841,0.5412101156387441,0.5130668910970626,2,431.9968326946008,357.7130726050853
F035,2025-04-06 10:52:30.754146,30.67343000525937,20.406865471202345,6.477632912193581,0.569230859821366,0.6427144344679449,2,419.23868359409437,388.29364037312774
F020,2025-10-20 10:52:30.779469,27.387266569215264,38.77516435014312,6.612714498562952,0.5087427612103415,0.6843537580982072,3,495.8050900050306,549.5721811897174
F020,2025-07-31 10:52:30.825506,2.6984080203727814,5.899063548836089,6.902139924594865,0.5547873002232273,0.8358902059382299,4,496.09130247597545,576.0384340630327
F027,2026-01-31 10:52:30.817630,18.32116838165333,47.244228847142516,6.784123785451994,0.27383844750551267,0.5511549683376905,4,317.95689671079947,585.1886757415042
F027,2025-12-07 10:52:30.752135,26.209010394156174,0.0,6.597136928764462,0.22753226912271685,0.4466196255803341,3,434.13425137091167,457.0607073566499
F022,2026-02-11 10:52:30.763658,31.12395902835534,2.09704757399912,7.111764571980839,0.46104804716800146,0.796453062584916,2,391.00669484277716,567.6883036831961
F031,2026-02-09 10:52:30.787363,34.652870276774735,69.37954582541118,6.6090934339548575,0.5369697417865978,0.6064839135282067,2,755.3330917048693,580.7343930056813
F033,2025-04-25 10:52:30.809042,6.770261537317548,74.26741899323349,6.192940947055224,0.43257188290898707,0.6251698852772387,4,479.04174352840437,585.4442304342274
F029,2025-09-26 10:52:30.748690,23.653038006531514,53.296714568733094,6.495592096702327,0.6550257720350705,0.749522735406356,1,475.6572739238123,474.4994757326057
F031,2025-11-27 10:52:30.812306,19.607634397847715,3.7826014953975218,7.674663470139345,0.7774041045087519,0.5737510984251404,4,530.7146973585277,487.2473338513012
F004,2025-08-25 10:52:30.802694,21.53983707504099,83.55439675622837,6.995363579468251,0.47222938635789913,0.712947171702757,1,409.01704838571294,452.7149108900291
F041,2026-03-06 10:52:30.745333,16.031657679210426,52.50435660311714,6.646878219754466,0.39973687118981277,0.2886189800543802,3,510.5487670576576,464.9508650071027
F046,2025-11-19 10:52:30.810628,27.236612152327876,42.929438977178584,6.403065507913227,0.3811011224117624,0.3257566445342601,2,600.0488081187223,438.0066590198107
F003,2025-10-21 10:52:30.832445,36.32564148201552,43.19396366806833,6.881507837736599,0.5557979427180398,0.8327385667744993,1,579.9735672724738,507.8393253578825
F041,2026-03-29 10:52:30.805357,28.223465564232367,37.40771669699801,6.62502803746603,0.22357597334043305,0.6677924614277101,3,567.7618452210342,479.02038445928036
F001,2025-11-03 10:52:30.745471,40.239390577412884,20.513018653718447,5.514693536511203,0.5379542931754535,0.5606341732413673,4,634.8719449702972,602.6756948305807
F010,2025-07-16 10:52:30.793813,26.923167122332842,52.54485632458786,7.081092837562113,0.7049204739078146,0.5761358876339118,2,602.9337757248187,459.4425262501129
F047,2026-03-02 10:52:30.739749,12.239482252338009,27.926947646463432,5.917175014608771,0.6072930662483055,0.641853475413992,1,571.5526939489095,361.1829793939131
F008,2025-09-11 10:52:30.831135,30.422598178558502,69.85514079920387,6.298511740507032,0.6896310703580174,0.9641579097494309,1,553.6959821386876,485.88724731133243
F010,2025-07-03 10:52:30.833318,14.387016357011763,77.74424039274588,7.234320486965414,0.538393139678576,0.4538000099671201,4,547.115167070263,516.572574927019
F043,2025-12-06 10:52:30.799226,16.369656672410763,65.24313775668318,6.8497871240681425,0.47936453841940696,0.5760914636315158,4,471.73521115432925,567.5079313507094
F027,2025-10-13 10:52:30.800598,31.35981422047066,3.2251620476824385,6.612709279232807,0.44293799530026234,0.6242567275508021,1,514.2764951439152,400.57673087495357
F027,2025-08-29 10:52:30.832096,11.750824563400506,97.10437183869769,5.55376614648986,0.48742014420385915,0.35032075795037676,4,471.86103574363085,409.6170649233221
F022,2026-02-06 10:52:30.779500,27.977124944304027,57.34870182407055,6.2611291303283005,0.6866723000178246,0.666221458957318,4,573.341649813729,511.2464234771623
F001,2025-04-06 10:52:30.767914,34.14122108707979,49.63706085453794,6.52139801117551,0.13755440579792438,0.5312120245137073,1,443.5990437446146,452.30684513179784
F002,2025-06-07 10:52:30.831727,21.49926564776574,21.64027802816487,7.003812375920832,0.4301987435453438,0.907108808071915,2,614.541231300046,653.1148845718467
F027,2026-02-13 10:52:30.818336,25.69234801979916,0.0,6.006855354145802,0.5243657547337627,0.7824645199465919,3,385.48226787340155,549.4071500868022
F013,2026-01-10 10:52:30.806649,22.312493345855703,37.83733575968247,5.857906005450683,0.6281702413602209,0.692205979811058,1,698.7689030884017,455.4315540230839
F039,2026-02-25 10:52:30.744592,14.273078920835097,48.6354373654799,5.8699055522002395,0.5742997204492022,0.5914508955847333,4,411.5561171749358,585.5476441418297
F016,2025-05-13 10:52:30.742157,22.001791208612836,40.50748331722891,6.4254078182434995,0.34994999068231103,0.266302128975487,3,521.6965298504884,489.93110665673976
F014,2025-10-21 10:52:30.799573,19.478169267667525,55.45892398412168,7.242646481760085,0.5892938077093722,0.6772213052109493,2,507.40161056155296,452.45832648010276
F042,2025-08-02 10:52:30.760775,32.9539180620982,61.814426737698085,6.837166606091903,0.5427971730474378,0.7045581043050178,4,517.1339829244904,694.1058510208692
F042,2025-12-10 10:52:30.826510,19.93002699993604,79.2265866046024,6.439627773397627,0.6421928858336412,0.665339850514432,3,611.6947953906101,493.66596717168966
F045,2026-03-15 10:52:30.803269,28.010748180124907,55.3012973654836,7.210111034239034,0.6659777160085425,0.5796989529792518,1,605.1246038667473,427.06747789329796
F041,2025-06-26 10:52:30.799198,21.133000195565156,19.504778962919612,6.572161876960318,0.9047066569067737,0.6027009017218881,1,610.8049587947158,483.76481494840164
F030,2026-02-14 10:52:30.744436,28.36355781597874,27.905128872147426,6.539653176043713,0.5524716155454882,0.47367792268931797,3,585.473960181828,530.7212871732124
F005,2025-11-20 10:52:30.788660,35.57815869807446,0.0,6.533207416717666,0.43980523438663455,0.5595728133950171,4,644.4176776881815,501.0693551986991
F037,2025-10-20 10:52:30.830792,4.780891540242468,49.57590003914441,6.05138257164562,0.5578343970327388,0.7196434629527405,1,576.2099389116084,398.94292883022916
F016,2025-11-05 10:52:30.790342,33.3816681822802,27.98712887586089,6.932277485014348,0.45947153044690675,0.3943893298375878,1,483.5087859237375,363.1959383844143
F005,2025-06-14 10:52:30.831768,26.53212399719097,17.270849631944422,6.917174329401624,0.7981517291499173,0.6620795823894319,4,416.4162068172137,526.4948451793747
F023,2025-04-15 10:52:30.777599,25.71852255890983,50.66340041634234,6.357804214173018,0.33656385613385875,0.62124782970201,2,424.83191103587683,550.3988009303432
F048,2025-08-15 10:52:30.808550,18.6525500857975,107.18668457716093,7.609973316515723,0.3245073052605749,0.6663199363335474,3,567.8654340135749,564.9726862898686
F050,2025-07-01 10:52:30.797696,39.153690025650306,46.73282146329582,6.798109985823475,0.5712459581060487,0.23942085256145634,2,700.930915955906,402.42259738806695
F009,2025-06-17 10:52:30.762773,39.50821065004513,47.48177165564889,7.334084353928809,0.15730904490557918,0.7817863291515168,4,376.80644247272966,730.5347851812195
F022,2025-04-17 10:52:30.741555,24.669450433500597,66.02216329475289,6.37979971803081,0.5371866961560943,0.42009250928031905,4,403.5575437897151,543.448259483341
F004,2025-08-31 10:52:30.808636,27.811708504279082,0.0,6.324514675688989,0.42147573584431264,0.6044555480517854,3,629.4616264390343,500.8762493500525
F038,2026-03-27 10:52:30.820114,32.163126552470395,81.46501357460824,6.345039048278487,0.36036979422674364,0.6960932095276005,2,562.9503051138115,415.70100256066013
F020,2025-08-25 10:52:30.798056,26.296901369472913,33.05452062051671,7.0000997917079255,0.3377968796920976,0.7095359816101903,4,571.3434260453212,610.7445076193383
F027,2025-06-14 10:52:30.808958,30.039391835743803,54.29616951812012,6.27160143141748,0.376287613981022,0.4208826489909181,3,563.5836190565084,447.4390475689459
F009,2025-12-29 10:52:30.818084,13.517522446502955,65.69093474729506,7.113780021112521,0.5790195261120492,0.38415058029273996,2,480.49745572540684,375.8575748174255
F006,2025-12-20 10:52:30.818743,21.41116016938021,27.152310452321903,6.454305033521631,0.4133127615937436,0.7244940261009285,3,565.122851443939,536.8630453099522
F039,2025-05-29 10:52:30.754202,20.676428802985964,83.65101828272985,5.7465193345920245,0.5848820501910206,0.4220977095777557,2,550.7712691485301,470.8542675509644
F011,2025-09-08 10:52:30.739940,20.206100883290905,28.743454870429453,5.91223876705943,0.5330628595388536,0.5421871664677121,4,529.029540668054,522.8417706547143
F041,2025-06-04 10:52:30.759293,13.025644475095849,57.1279991364496,6.135376631913654,0.5353228746045291,0.6040525165909388,1,443.76984170168896,404.5530702979143
F027,2026-02-21 10:52:30.819959,26.439834426960484,86.58319144500324,6.283500215917111,0.5062343473671583,0.5636316458769508,2,461.8807212330894,431.12641979297376
F021,2025-11-18 10:52:30.774755,27.362304190667526,41.96625893384939,6.526875727310727,0.4717824147579584,0.5148916799820711,1,603.5734980607649,382.8697747130396
F025,2025-05-15 10:52:30.763699,39.719766299477605,80.6631514366655,6.746943485345989,0.24744977007299512,0.6716862779973366,3,571.9468001462694,576.6209612354959
F004,2026-01-19 10:52:30.741299,21.504274346181294,56.01959976781664,7.004615181587331,0.5203696104065576,0.5193172770216407,4,418.40439803668164,528.2099047352253
F032,2025-10-28 10:52:30.746616,31.698372078582118,83.40226513234967,5.93349740805367,0.24492544297431185,0.4288427463247565,1,514.606609933942,468.3637480389225
F011,2025-11-23 10:52:30.812896,32.24072091107192,75.73717605065178,6.541989859986183,0.34825653893793995,0.2606262438823908,1,317.71890013205564,400.64564463459584
F021,2026-02-13 10:52:30.803901,10.07053701497757,57.97033740445116,6.158751254561974,0.37923803422575997,0.5439394794405906,3,551.0949301597346,388.4246764095819
F013,2025-08-05 10:52:30.768130,30.8631401630978,23.172597854234496,6.120432711834135,0.35284125514122666,0.40490896721072533,1,416.2892829478624,316.634903533746
F001,2026-02-19 10:52:30.750406,25.22909332393333,84.05779970182363,6.049904997470227,0.34892052416156255,0.6770124016202544,3,647.3509998961296,518.2026295377791
F036,2025-10-29 10:52:30.768601,28.682355112731464,64.85004592756667,6.12561974342996,0.26231198006332507,0.4047038435248176,1,500.79899911506163,341.7970038865059
F002,2025-08-26 10:52:30.813713,19.556366695876385,67.5419883359886,6.543100558382152,0.5096624472305264,0.576213687486198,3,625.7837948407233,574.6534998618914
F012,2026-02-09 10:52:30.784233,22.48334666354863,64.11846467068388,6.494588656801629,0.5551422764903071,0.674175657074259,2,619.9792431016571,403.83100784482116
F016,2025-05-10 10:52:30.817475,16.26445314092726,66.0272105038768,6.723040515878001,0.7232837826923524,0.8101819324419303,1,506.9911826508347,408.9721800862415
F044,2025-07-01 10:52:30.808494,17.612609810415584,84.01000165281295,6.511468943052637,0.5646141749073493,0.5491904906472043,3,729.8114253112271,512.4378005785161
F034,2025-06-30 10:52:30.760664,28.23425690800829,79.53673983908374,6.859321482721024,0.26846316125434666,0.5685302859822614,4,379.13763108494754,526.8830313428887
F047,2025-05-31 10:52:30.824463,23.885128060244654,0.0,6.1417043788872485,0.2589285011248737,0.7001762576787584,1,552.4997827941612,387.70477666970476
F005,2026-01-18 10:52:30.786307,29.03058609720169,60.0189189484172,6.722092342622908,0.32739026113691994,1.0001886285526878,3,681.3064850708217,672.2500270549405
F037,2025-05-07 10:52:30.741762,14.89226720038011,108.99996448104757,6.977923526574785,0.6309869054981,0.279586683907124,1,540.4628792589556,456.35410554989534
F037,2026-02-12 10:52:30.757015,27.499668788423413,42.845984136565775,7.382251970917721,0.5055214031652465,0.6226163160431146,3,436.2874265692177,507.36682146900455
F009,2025-08-29 10:52:30.773867,18.996050426037407,50.93140575611364,6.74424494690529,0.5914744178256292,0.7407814207709296,4,536.3718629168254,603.8262498328029
F040,2025-11-11 10:52:30.820142,19.061110051723784,53.36625460813394,6.5081596660179875,0.48643040763071327,0.5102294817132544,3,478.42200733300655,531.4503756072723
F049,2026-03-01 10:52:30.741225,19.737705617733305,72.29551221970682,6.065685098439093,0.6678220554875817,0.8023174050184446,3,383.2296432721663,576.0912867509481
F025,2026-03-10 10:52:30.807521,30.032160100758876,67.99332122668555,6.374019475223756,0.5510397838481672,0.3373479355925444,4,402.2911040039872,564.6845063037775
F014,2026-03-22 10:52:30.793898,19.314490767753096,66.78785983304596,7.278378846949713,0.619547417628544,0.6792498897531537,4,316.8685388590485,623.9819166110539
F017,2025-11-13 10:52:30.786471,13.206496682846895,92.58426763133873,6.699934968733434,0.34210360762729797,0.738354653758635,2,624.962789301439,402.5343239121106
F027,2025-12-25 10:52:30.801365,21.69604894806423,40.612687261364144,5.579812399880545,0.29486799943899034,0.6311000403814974,1,521.0199864989692,329.0652660340127
F037,2025-11-26 10:52:30.761535,20.30711069132974,15.425561388130625,5.2629485220544225,0.42677484659060044,0.4639719946380787,2,477.8318784814939,228.73181163143659
F028,2025-06-25 10:52:30.829761,20.54729313312021,50.196466335913115,6.38577709031182,0.31194427976437633,0.2838973092496725,1,625.4321904692785,312.7879251321008
F029,2025-05-15 10:52:30.819267,21.11584707643413,63.820602509242654,6.541394644781859,0.3928380038964652,0.4450034350953729,1,445.5263541732747,419.9053412169263
F030,2025-12-28 10:52:30.799026,28.10805470528256,18.43681173344658,6.918023759693142,0.5138954930660965,0.6856777231694561,4,614.8790817970951,487.5047233506347
F022,2025-11-18 10:52:30.825533,22.443302097583985,26.86038984454477,6.181108027013338,0.45507219116570313,0.4722923972155868,1,542.0680113907912,370.6885755667335
F029,2025-05-19 10:52:30.789080,32.15786024551106,93.23944282095715,5.965991736151686,0.6222805333456712,0.5105271039715443,1,493.04422957768,403.56385612678304
F020,2025-10-07 10:52:30.787905,25.943241412242564,15.93679131447545,6.359535113888236,0.42311205902965665,0.4908429589509205,1,449.583984923126,374.30853788686346
F020,2025-05-23 10:52:30.822685,17.41127472433134,70.97312587255357,6.124148761848326,0.36021550367566507,0.4030978022564453,2,507.1746799835319,299.67828457166263
F009,2026-02-11 10:52:30.766728,18.027943229821663,67.0590864840613,6.607309250935348,0.08385335594696508,0.4688507220701432,4,626.7055299443809,606.2546576534253
F004,2025-11-04 10:52:30.787682,10.19322613887876,37.90787771414017,6.1750225427705665,0.7080228515589677,0.503811641405584,4,538.2626490167745,502.1783888511417
F005,2025-08-16 10:52:30.746225,27.585919609745797,44.00222610636836,6.4754875266325715,0.620579611071031,0.7406939897886117,4,334.8097428897781,574.05548214325
F010,2026-01-09 10:52:30.748426,25.382980958573018,75.22737055424726,6.292364208216316,0.38294545348185915,0.6283933796808224,4,492.2418677981697,634.3619700996119
F014,2026-01-26 10:52:30.809475,31.358789781475714,89.79786974837417,6.142109971706557,0.5464207973206131,0.5700332955890131,3,693.704316080572,531.1422955636754
F048,2025-07-07 10:52:30.820984,22.349161471924738,19.98159187071301,6.036517092260405,0.6152882452285044,0.6321247193930347,1,478.88179925454165,430.0550536264057
F025,2025-06-17 10:52:30.774107,17.59130999223324,104.32000150086908,6.453270421049455,0.4943821494332837,0.6867049057650015,2,512.3660637097227,521.1086832898991
F003,2025-06-21 10:52:30.806445,18.835167115888122,37.79596610154148,7.426700407559298,0.2943827765893643,0.874646207540506,4,595.3223121530921,607.9760469939531
F044,2025-10-14 10:52:30.817872,30.319010827941188,21.442947884334806,7.0039532478427065,0.745478699285535,0.6447057963867143,2,381.705727589208,404.94644449565266
F023,2025-12-26 10:52:30.765078,34.26307554282877,46.91109138124976,7.326536530448929,0.7672610796061415,0.682877805619835,1,510.9084015581279,491.60865715424865
F034,2025-08-03 10:52:30.816326,30.02344443184844,8.791161274795144,6.727099900230691,0.4289633575113859,0.5364889527451597,2,489.4405452355751,424.03191591018276
F015,2025-11-05 10:52:30.823315,26.371590215374244,43.72228611222127,6.180037600244077,0.40808572360040113,0.6529205125206042,2,363.1382971418034,449.67524845074286
F041,2026-02-08 10:52:30.739665,30.012606199733323,18.616128790791254,6.169601638240115,0.5054681154422314,0.391892940432676,2,527.2509296242723,419.77436812708845
F040,2026-01-10 10:52:30.774321,47.670144685364015,65.64551647358184,6.73217084680095,0.3923462576527844,0.7037799662564393,1,463.57966860096735,418.49199052125596
F025,2025-07-23 10:52:30.804006,17.65918930367331,56.28545823291201,6.797381827025048,0.5766400203853161,0.9309248555480816,4,576.2920226427875,678.5756243066576
F026,2025-07-07 10:52:30.775532,18.1788808084904,29.35413543149617,6.410144985602423,0.28130642897116065,0.507884476962085,1,545.6599986716727,388.98841618233564
F025,2026-02-02 10:52:30.740172,17.99138494387644,63.87331902339582,7.248522485548094,0.45950740814219715,0.4614388921178395,1,462.5652076678249,376.8376825813931
F046,2025-09-23 10:52:30.832351,30.209112188075814,14.321649973560014,6.010705817339401,0.43817313250303735,0.5577164257578593,1,457.63685585014116,320.51074768176363
F017,2025-08-08 10:52:30.833428,32.13764116637999,49.41662852939054,5.983315311790276,0.7656549716454504,0.6462214905991102,1,395.070109759429,356.1204389169097
F008,2026-01-08 10:52:30.783437,24.59219318499559,97.62479039093498,6.256540562845693,0.4426055139350799,0.4135661106151041,4,343.76213551863475,602.1947979170417
F031,2025-10-10 10:52:30.791254,33.744186646958816,21.3257247668318,7.240304930405701,0.40433855434680477,0.5593907113699533,3,532.6644389728682,522.9825862687435
F027,2025-12-01 10:52:30.774136,22.45559433233513,82.87811781053497,6.002375203352603,0.33000830122953817,0.6452724223477914,2,320.20048877979684,503.5266165569044
F042,2025-05-12 10:52:30.746045,21.97938145312045,67.14571419308024,6.774857400541885,0.5670201288928981,0.4503885417689363,1,510.6494894738329,434.56908541240983
F002,2026-02-18 10:52:30.773700,29.681028231995366,60.635472232892795,6.640459751944949,0.4432078569632461,0.6076990418977906,1,582.4687101216018,420.7782749248686
F042,2026-02-15 10:52:30.781514,36.49549145717225,110.55293745319544,6.8890195896719355,0.23403542125572968,0.5125015348556494,4,344.74231852748056,465.4801810902743
F002,2025-06-07 10:52:30.760209,14.930692225575159,9.312513674856433,6.612775081928368,0.4844905695241394,0.5440486813724261,4,255.92725962486983,519.4124890246302
F031,2025-09-22 10:52:30.795057,17.442704764783038,36.16535427058613,6.3790052012988365,0.5573982482500418,0.40644231364368866,3,568.1798220813432,452.50280893693457
F005,2025-08-13 10:52:30.760251,15.302429581001741,21.84674790745584,6.667107329357438,0.5999216047572219,0.6772338920738694,3,721.1157285930229,488.0214765950105
F037,2025-09-13 10:52:30.742642,17.260897817158572,71.55585430376428,7.171968945166694,0.8051367306088173,0.7550896622101051,3,345.809088286418,661.5355438618112
F013,2025-07-05 10:52:30.819743,33.51628115473714,75.25519623084554,6.1104675713423475,0.8593700820572923,0.8445111676876421,2,491.5193823833941,440.02903469643087
F050,2025-04-04 10:52:30.782476,28.61989963344102,58.166611544716545,6.599181311273522,0.8064801104376693,0.560338449810785,3,450.6873392175227,544.8099453882883
F017,2025-06-19 10:52:30.815381,36.98590626466346,32.31359512240789,6.396025042061799,0.5465026425897515,0.5457864104000666,3,445.152596277195,511.85487848184937
F024,2025-04-12 10:52:30.782053,22.377161104523026,26.716327526366417,6.223374299780796,0.5425250699617663,0.5020762377920448,2,444.31730339809246,436.67845702310484
F031,2026-02-02 10:52:30.792658,33.80466641860239,34.622835030059235,6.703894230208973,0.7887868624500016,0.5587450902073032,3,620.178652028538,560.2784160137073
F037,2025-08-02 10:52:30.791338,23.578259222728377,29.198642848107557,6.246988737098363,0.658377806823967,0.5249171162296846,1,756.7823377724666,347.31592893278696
F004,2025-07-01 10:52:30.804655,25.53108845141344,46.24338679587476,6.182589493805014,0.41651957007834756,0.8172963748993253,3,552.2647418206923,556.6197215553799
F019,2025-07-04 10:52:30.785021,41.54918374846225,61.734279367584186,6.536845283474473,0.5680103895040605,0.5981618155926615,1,461.3828608519018,403.6766603452621
F024,2025-05-15 10:52:30.808916,38.956836651469956,67.03482559685929,5.896675841081188,0.44738491165655175,0.42372757254092963,3,532.4417047596872,435.4253021715339
F007,2025-09-06 10:52:30.774559,16.877562955445367,64.47497229273563,5.965412739189537,0.5962651588723616,0.7398398314399007,3,507.57808739039797,489.1331758291743
F030,2026-03-12 10:52:30.783788,40.521770647208555,4.484018005355409,6.86073588759512,0.6602462066101589,0.8528868556609359,1,412.3981056031741,489.78009696087975
F012,2025-04-26 10:52:30.784925,21.015296709418408,24.142028512242508,7.131492737639059,0.2415362333704274,0.4486110570465465,4,484.4660887032774,538.9878751673291
F039,2025-12-26 10:52:30.816395,25.72321098244853,65.99941525332913,5.826373929826945,0.5567359987016101,0.4844111491130945,1,471.9176988682943,470.23029097892476
F038,2026-03-27 10:52:30.761568,18.890587619948487,23.72680635360772,6.6203073377050075,0.5233217205904087,0.6538031540603143,4,522.8638646173295,592.6877409963404
F038,2026-03-16 10:52:30.829079,22.568317334586276,34.97657811159521,6.464338894005149,0.4859737881151381,0.641451080465041,4,466.9357834057571,594.3999548174121
F042,2025-09-19 10:52:30.835057,24.818484237431562,62.223826772691055,6.729079334520144,0.7044842860916004,0.7401027209534614,4,327.02850976580845,652.7996745205677
F030,2025-05-16 10:52:30.759901,34.33605345072,37.45346338016377,6.644875861866073,0.6190224395301865,0.6028225199163837,4,373.88312133384886,544.3262528512126
F032,2025-04-24 10:52:30.832833,23.67557851461639,34.559750948452375,5.325199307821066,0.37097501722563037,0.7323803391470401,4,658.2731759505675,566.9270833245196
F006,2025-09-29 10:52:30.764133,43.86742504702436,34.97895639937902,6.738684922827557,0.5666869543485832,0.7527445553047567,1,424.74554572107843,513.9708646599997
F031,2025-08-16 10:52:30.825656,24.67306696482537,64.482575011192,6.029311089052422,0.4252938314851018,0.7111582141167273,4,358.81065074058677,619.1822361134648
F041,2025-06-21 10:52:30.791394,16.58317771957426,54.80864359360611,6.015094625646278,0.35272068003193763,0.6410590151837022,3,379.0696422105931,428.4636158839205
F017,2025-05-10 10:52:30.814677,20.908263150498787,87.1708165110229,6.141872993157919,0.3754937302548358,0.2847815894448665,4,609.0669755320822,552.9739186222633
F033,2025-10-27 10:52:30.829009,25.20613992419131,47.607115508819156,6.7911236407618505,0.5481117576345004,0.5311444444466069,4,442.46417267589464,576.5437317047363
F045,2025-09-19 10:52:30.798522,21.416765928068838,63.01079126331077,6.86200548372827,0.601470670758148,0.4928404818455643,2,524.7044869036334,574.2878344357001
F021,2025-04-28 10:52:30.770863,23.20769910974676,1.102966065773245,6.567027146254058,0.36722022333372084,0.626499748217459,2,403.6123327210096,466.20655550665634
F014,2025-08-14 10:52:30.747064,19.343631960314788,34.34147800137602,5.886946775762751,0.6090759228974854,0.6887332860958415,3,602.2981763767305,521.1035145781906
F028,2026-03-20 10:52:30.808270,28.29349658403941,18.454059113788745,6.464337791687254,0.5844157010567477,0.9394897506215552,1,252.2717611055624,500.1479075599945
F009,2025-04-25 10:52:30.760306,25.434383964237266,61.114740526122745,6.932005588382928,0.3081090770979563,0.6208009470885516,1,331.0886102691811,373.1723489251607
F015,2025-07-08 10:52:30.753783,29.37555023397824,67.54513790885966,5.999177171908831,0.48074983540598304,0.5604274131699654,4,504.3827812885691,583.3294358028313
F003,2026-02-18 10:52:30.795820,33.825629798637934,5.4189151931014266,5.942831533865666,0.5911284455840625,0.7376516839034102,2,295.57779561780876,470.14114470442007
F046,2025-09-03 10:52:30.800144,31.658081830904962,7.754947260726766,6.281956163763579,0.3442864235894171,0.5907902132624098,4,460.9224822168923,565.5389870699913
F043,2026-03-25 10:52:30.809182,27.19127416744236,63.71508559083733,5.176410624691991,0.49923829751495885,0.8225387739434142,4,410.804846348134,616.2633818399572
F007,2025-05-05 10:52:30.790915,24.240974750831285,44.02014700516968,6.957652934538848,0.32848752473734794,0.7483851236823233,1,379.58365112085676,406.9440360511737
F049,2026-02-07 10:52:30.775855,21.57519681983254,70.71370831160247,7.426515520462669,0.5905379840137481,0.7867883276259281,1,401.5353414637551,534.6967225153178
F025,2025-08-13 10:52:30.750932,36.11609759730766,118.06322009572709,6.356544431157322,0.3122856008128332,0.5142032903912785,3,540.3428995774584,586.8674756619378
F026,2025-06-13 10:52:30.812230,23.91049866642721,76.13921723710783,6.670594004400509,0.6105855851563758,0.5677670072121774,1,551.3056398844349,441.28667710441687
F044,2025-10-11 10:52:30.754306,29.785961576952776,42.22326572759255,7.117366086479581,0.6578991684567915,0.5308085158406854,2,500.4904953187975,515.3033319721906
F023,2025-11-28 10:52:30.752051,16.925226982274218,25.86620574712814,6.597938501092845,0.6347172332221149,0.5742114781043788,4,447.29518725601145,517.4391611665826
F028,2025-10-16 10:52:30.809673,26.623087601127462,0.0,6.9342991412270845,0.5773217365230123,0.3715897313549128,1,471.8775049973992,380.41352865395913
F015,2025-09-25 10:52:30.741461,26.547755319252346,110.90983658250983,6.105417041785841,0.44939688505904596,0.31527204834576794,3,569.748319040282,369.48224341631203
F048,2025-04-24 10:52:30.814410,27.897088707321814,43.04027786735261,6.639222403031926,0.5229248126837356,0.5896068489592421,4,628.019207759645,629.1730145374161
F034,2026-03-06 10:52:30.805261,31.112164522160032,75.21775616359386,6.461164847754653,0.5188592685713533,0.5298774090476409,3,506.7010668345624,541.0085005516028
F039,2025-07-07 10:52:30.781463,42.61548046324303,40.74433679059831,6.398855685700267,0.4938892171841688,0.6668739981445992,2,333.4040405854395,447.9352786358483
F030,2026-01-24 10:52:30.830694,19.819768382173482,72.06369387631455,6.39425393650754,0.5253189342567606,0.2930624546109997,4,576.5199954522685,478.2009037547132
F012,2025-06-05 10:52:30.760349,26.80196313439377,41.949891486938746,6.615331616138366,0.6500168427176168,0.7065745171240643,4,374.83606154264737,701.5021932955304
F008,2025-11-20 10:52:30.826032,37.83065133118123,44.01603901437434,6.71649616941084,0.524453689674956,0.6868723347100607,3,508.09128594720585,556.176236125059
F015,2026-02-04 10:52:30.819771,25.072235170976374,25.356291698467974,7.002754217831445,0.6762029123360684,0.7811183212976697,1,585.3812493504299,406.0690477330386
F026,2025-06-30 10:52:30.827687,5.605771401224462,0.0,5.658908982586246,0.513025528831216,0.6483430427939056,4,628.4091939665589,499.2153901617842
F001,2025-08-14 10:52:30.792937,39.19791265903597,54.08492467006795,6.696112440784587,0.6718514849096463,0.6973263835108079,2,442.4389425350146,575.8613596056609
F011,2025-10-16 10:52:30.793078,21.383975146910423,21.459276289396833,6.783541307639711,0.519540082161527,0.6765543563011742,4,523.9216337918092,593.1945209490927
F028,2025-08-12 10:52:30.744407,29.612820482362608,64.49898709009308,6.321244153490266,0.5360671996544433,0.48480692471209563,2,581.9191296597354,442.6636752779223
F041,2026-02-21 10:52:30.780655,25.144966630891382,57.170952431379284,6.029445029203001,0.8966835108996987,0.49066430309337383,3,397.3241258609977,550.3508923659463
F028,2025-11-04 10:52:30.828923,29.981847585378425,84.01843505636003,7.159913186497556,0.6869256003688853,0.7051640079413446,1,563.0492993453119,508.3896655468191
F009,2025-09-30 10:52:30.811608,38.3766407007845,70.9544509069853,6.153988131277341,0.5384432211082915,0.5730459729970921,2,306.6894588804752,497.00057035515385
F033,2026-02-19 10:52:30.752267,16.275076259997924,1.2440077780855816,6.926375757168445,0.25587067284856546,0.8646273992558989,2,384.5081607510316,408.67103305856097
F030,2026-03-05 10:52:30.789833,21.34147812348219,30.797370444911206,6.470562450010363,0.5777030236082976,0.17338048513506993,2,465.8266696039931,409.1360604705149
F013,2025-05-29 10:52:30.796029,27.357198742235816,87.81530793669815,6.43780546357874,0.6535906598151988,0.6624067858481599,2,690.6102119848933,576.8131541868167
F016,2025-11-12 10:52:30.823329,24.790474400346593,53.972499617307975,6.481149879852803,0.3193073564604927,0.8602939711725686,4,470.88033147237803,624.8505035059711
F005,2025-08-18 10:52:30.739858,23.65544885819937,53.21606545512171,6.4762483852355235,0.6226895311373545,0.511333651452344,1,454.675193785501,410.5553337634681
F015,2026-03-19 10:52:30.806677,24.31176465144571,28.26923137967104,5.799591881264671,0.5082827209185163,0.674370249713974,3,564.9418175659365,486.32830149768785
F002,2025-12-23 10:52:30.795781,31.657321445174013,15.787541954468942,7.3630622442019735,0.6145619412538144,0.5264438102577523,1,368.26524226327876,425.9504903231294
F002,2025-05-06 10:52:30.770596,27.920352415893856,9.463446045072587,5.869071115664152,0.6856105412442479,0.7260960850571516,1,546.4721351805546,558.5764096961865
F032,2025-05-17 10:52:30.763094,37.69699966144641,81.65666322330355,6.272103954447503,0.5480721557954059,0.4059509661930314,3,548.3819493971422,454.8042861737042
F001,2025-12-26 10:52:30.807891,32.57499140142845,58.11025067375097,6.184011188666687,0.20329231654104724,0.5155883863563174,1,507.3287098875122,385.93120707201393
F036,2026-03-25 10:52:30.793437,15.973600019365625,45.57561676394467,6.67154716862655,0.18807750426651776,0.6953177847059608,2,366.35778743821385,497.1139970135517
F047,2025-10-30 10:52:30.754375,21.77143325318567,68.35608008581592,6.844127115035836,0.722822954942371,0.6049707711453745,2,511.4526055462703,473.1505341038477
F044,2025-09-04 10:52:30.792840,20.227970147234725,55.97684967631862,7.144350752906527,0.608424944619625,0.3338061678707636,4,395.04248401077507,562.085613682845
F012,2025-11-04 10:52:30.775335,42.9057895168058,4.146311155033629,6.1296028910586635,0.3174474383889708,0.7087038329566482,1,557.6546690281955,396.4728828746003
F044,2025-07-23 10:52:30.820899,27.83949948254258,14.253442272561593,7.235993003201001,0.5098058146518385,0.6100070009344036,2,467.5090219941082,474.4314892926805
F008,2025-05-29 10:52:30.789523,28.060398333113774,0.0,6.265098895589937,0.6528121884808883,0.3407469784527423,2,564.4141284055194,418.19136766548723
F019,2025-07-24 10:52:30.750836,38.75158081482165,81.28303704559735,6.133673815226626,0.47381863988361694,0.5073298443470758,4,601.3429541662426,614.7914498053657
F047,2025-07-24 10:52:30.829220,39.849276804609545,9.399235522618767,5.674356138305281,0.5872242104634832,0.779362343143808,3,322.9410853497049,548.6259924716808
F046,2025-11-05 10:52:30.796691,18.57487324446965,21.75503453390233,6.489500766324767,0.16311944099733433,0.9490080680568229,2,405.2221550433321,419.7172873954553
F036,2025-06-28 10:52:30.743815,19.987871786955843,46.84265203837772,6.256619346094572,0.3646485852304022,0.5005119003706385,1,529.2883641233622,357.69817044792296
F027,2025-11-22 10:52:30.833622,0.8719424256255834,36.4141859375179,6.563155487820737,0.3874209808184604,0.5142192336179989,3,534.4747540363517,430.5071066787104
F025,2025-11-13 10:52:30.814087,11.644017515720263,59.032675992436765,6.861847429542986,0.49361210544988493,0.611633533250063,2,565.7587911752867,516.2908834863293
F044,2025-12-10 10:52:30.824422,15.098841254309539,32.50352727315439,7.024640560538233,0.4701441188616625,0.6846728252315588,1,425.2908504307856,389.241858990593
F033,2025-04-28 10:52:30.777739,35.27419283783343,63.014917493209126,5.668318493911973,0.5392705451556529,0.6491966454205322,3,453.5358357623296,621.7696574903084
F018,2025-12-15 10:52:30.784315,14.665900121519298,32.91782594955262,5.895557859188657,0.5903632924731373,0.7283528873337577,1,712.545585620214,464.8245562021136
F030,2025-04-26 10:52:30.774179,26.661766237433124,80.09596428734493,6.6257076643040085,0.3343630695379617,0.6153942514939404,1,303.1428509840293,444.4394352958366
F040,2025-06-20 10:52:30.794296,41.87541068302873,63.52180246618612,6.543781133205926,0.5961698893356555,0.5913581768454232,4,635.8032174974891,561.2345257828118
F023,2026-01-13 10:52:30.750012,23.339938126070578,52.1386180397919,6.550794538569275,0.5772930608834257,0.754798501565882,3,581.2297266553038,543.2167494643422
F002,2025-11-23 10:52:30.754456,14.953081787117108,33.17193221384271,5.8653126967857965,0.17666566283913154,0.6219771883581454,1,414.0807820944481,460.6518571214918
F018,2025-12-07 10:52:30.832646,38.87417635800542,24.590929563094065,5.5323183219049605,0.7608857648694823,0.8919285986474832,1,500.66626782490675,438.9316217511915
F013,2026-02-26 10:52:30.776756,35.93839343138054,61.864665958283474,5.6476270224507905,0.5634713185396948,0.6037012066173547,3,497.119128236145,533.3113530402363
F040,2025-12-10 10:52:30.754983,35.494587509326614,30.1787755104565,6.698740350341514,0.3545234844427325,0.5815567437562892,3,585.0045482899085,455.5162780819325
F013,2025-09-30 10:52:30.791701,34.3613165394453,68.78035702873747,6.472578356293375,0.5082650251366688,0.7033663684249242,1,506.50251054858836,478.49804694262014
F010,2025-04-10 10:52:30.768061,35.34825594551408,55.753907663583405,6.4429088897112035,0.47484421796870363,0.19606567532842406,2,486.17303289543634,382.5596766640419
F039,2026-03-03 10:52:30.818505,28.907504983433544,29.794418334139948,5.777388530188662,0.6137767134938391,0.34835667776151946,3,333.07936847373253,560.1381981905332
F023,2025-04-26 10:52:30.812114,27.941899836870906,48.146070818159615,7.1052813203365375,0.3798526129603003,0.5950723007681683,1,439.30953511991004,461.34716010582923
F025,2025-08-26 10:52:30.767030,22.518709725816286,72.14076756137214,7.054855392920382,0.7121793885411519,0.601926474067521,4,460.8005602962951,627.0355296771345
F042,2025-06-26 10:52:30.744634,15.91252018494765,80.49529669146463,6.444593463879232,0.8444941330917601,0.9304810278855739,3,412.09458223821434,638.0635797245407
F002,2026-02-22 10:52:30.800226,34.2868072176922,21.651433641329927,6.8131948683333015,0.5305463486343874,0.690313222601659,1,438.3463583482765,368.79194619541073
F044,2025-12-31 10:52:30.809196,24.78595723445617,38.27039047891679,6.086039554506321,0.6597728893088034,0.597772307124669,4,584.4904258221911,596.6445690175234
F039,2026-03-12 10:52:30.749542,34.727563302288424,41.26746848574886,6.263298933019491,0.5818450800943313,0.688884076057785,2,608.5039353994719,483.389132445365
F033,2025-06-26 10:52:30.795088,18.406340762676507,50.30205582581236,6.973100148987888,0.3541282875077382,0.5252151734830489,3,511.54642342926553,470.99343663532795
F017,2025-10-10 10:52:30.754667,28.768615009993624,99.32236477156366,6.81126549925211,0.3410648625503322,0.27995097706382016,1,451.23293643407527,364.2696030194132
F023,2025-07-10 10:52:30.829675,30.153369468310135,38.73594105460149,7.101793273658775,0.5957348241902231,0.5589746846560908,1,501.49655029031504,451.9347426395138
F004,2026-02-25 10:52:30.775927,26.117841747042945,39.36528048589243,5.54805169431945,0.5805699987638001,0.4060487745653935,4,521.9408882239067,575.1270579999232
F014,2025-12-21 10:52:30.784260,30.381297204773308,85.08632157170418,6.994305668270225,0.3550343767957964,0.5438168784581233,3,436.39105017181936,579.9960748418849
F008,2025-09-14 10:52:30.817363,21.443190028829445,91.4291789889222,6.916702939302295,0.5075346048495828,0.6262384678727478,2,502.88596594386786,574.0898711509766
F047,2025-09-02 10:52:30.835138,26.806176805428112,73.44109138408291,6.7097871349673,0.8207646148184958,0.4147641926249288,4,649.7168212304944,616.3324156967527
F003,2025-10-02 10:52:30.834295,11.568825875347732,26.09283076532257,6.232347157846531,0.7013023588162037,0.6220617364116026,4,596.6349671761765,517.6510748917526
F023,2025-09-18 10:52:30.798099,23.389788210588573,39.463179922666235,5.9900375675410125,0.3641167224877575,0.7749598156504345,3,401.5664754471081,488.6658670473319
F006,2026-02-04 10:52:30.818041,5.660318742244268,67.69891515909202,6.453113205043266,0.4994574165686909,0.76621647709551,1,722.0478559011506,469.89291834193926
F041,2025-06-09 10:52:30.771966,18.869091240745735,37.64640144625033,6.152822647804806,0.7715870960204647,0.5669412050208464,3,487.4931065910171,465.68208495481593
F021,2025-12-10 10:52:30.807465,9.431769408430696,0.2717444047420088,6.914584469674313,0.36927723478196484,1.0068051991750542,2,536.3795214315683,570.6708571686248
F010,2025-10-15 10:52:30.817391,29.832475178366533,65.44973283428867,6.452658429789675,0.31875660070863854,0.6655491413254311,4,556.517799901963,567.6927247820462
F034,2026-03-22 10:52:30.818435,20.570144943251144,21.42859088316809,5.937778468813523,0.40695751019300086,0.49782113435665787,1,500.90871436470104,404.48392307986705
F041,2026-03-27 10:52:30.830046,32.329397866569735,65.69012955037792,6.916252763500784,0.3402345188786111,0.8063708841806254,2,712.3197165154407,483.72849960973105
F001,2025-07-26 10:52:30.798608,37.10329821619809,61.78926927768366,5.725761805312413,0.6791129686358626,0.41676542614352674,2,407.7583152887702,538.1434448466307
F030,2025-11-29 10:52:30.826335,31.837142073748716,72.40555339533459,6.563616536957527,0.4903132786782884,0.5731999357426691,1,464.7225327894799,409.7836241469763
F022,2025-09-07 10:52:30.834648,40.884349758971425,63.69461133618199,5.322137336863275,0.6996760237755537,0.6463072802171397,4,453.4493278702856,621.6791349560987
F008,2026-01-02 10:52:30.818771,30.74404969585572,59.09016739611087,7.439742361378317,0.28509079141260374,0.5865232833321556,2,531.3659881110596,443.5663822286578
F036,2025-06-11 10:52:30.745261,26.697175655821106,47.76944890604166,7.030352479359275,0.5169501360465952,0.7145840732573552,4,355.5377770639182,508.6423904543028
F041,2025-11-26 10:52:30.822981,13.578196652342887,61.26635194431768,6.8112477688781015,0.6803659594017685,0.5998860705738153,4,742.0120169441948,608.2765350285297
F032,2025-07-01 10:52:30.826363,20.575567836762524,23.525473492765375,6.249400402855779,0.2308107756571689,0.6010028810589105,2,633.098821312781,448.0742271599748
F037,2025-07-12 10:52:30.747395,32.686723880288135,48.626966302490594,6.994851940990079,0.3202974682403099,0.8134336003560712,3,459.6400620043868,546.1875712035397
F004,2025-06-08 10:52:30.828176,23.267500660453408,53.336142046863756,7.266455746260851,0.4437076594389979,0.4744766298653377,2,354.43878316436184,442.7714939857528
F013,2026-03-18 10:52:30.808762,23.603506117724084,37.61951451967785,5.762749050928627,0.5634851748939581,0.5536466650803319,3,494.34755244294485,484.58256881660344
F008,2025-05-08 10:52:30.797018,21.214436557445772,73.83524296818617,6.1980250304429685,0.6867453073553731,0.5513626051689947,4,533.1423978971609,580.3347064515183
F002,2025-10-30 10:52:30.741967,33.56802079585091,40.031863323158305,6.813299370648227,0.5170710106764177,0.4137056625849161,2,343.40323441111354,443.59734259098
F033,2025-05-31 10:52:30.760650,28.94060566678923,33.897503274147596,7.344347246474959,0.4579889040860601,0.6345832732177079,1,444.2900568282958,477.731063341655
F003,2025-11-07 10:52:30.796854,27.117098691351515,23.495091785015433,6.828294883742731,0.5459524470373477,0.6906552152389431,1,465.923573201036,505.4407427388378
F009,2026-01-24 10:52:30.784192,18.979185024076,0.0,7.155048555918498,0.5192831547366217,0.4051762774570974,3,518.6545569307749,487.0615612968999
F013,2025-06-28 10:52:30.816032,30.145910926238972,67.05436117149347,6.487307284545072,0.5244458893482217,0.8520162568604015,4,351.66733410437496,646.2184921844882
F022,2026-02-25 10:52:30.805874,20.353672831788558,44.130868038502776,6.383638174452377,0.49501462629723125,0.30818758131120655,1,617.8210028941498,388.61469687132274
F005,2025-04-05 10:52:30.769829,22.53143017746556,50.08907828472439,7.777154178512014,0.5333748738012813,0.6585676510156152,2,611.4985746904333,584.3240848494229
F019,2025-04-27 10:52:30.824796,28.766271180261725,82.2981525414408,6.528049968403768,0.48832976902982783,0.4492772972181203,3,585.3149037175783,484.6738088886982
F023,2025-09-05 10:52:30.786553,32.458969967618934,60.29718732850629,6.3162564520547315,0.7294984907679476,0.7020226322865122,2,570.2469151609175,566.2424301343676
F031,2025-07-04 10:52:30.789116,24.930974689199655,60.81381603030687,5.853061098252386,0.2903438692219974,0.368536749089141,4,549.1319289504945,532.2175774864703
F006,2025-12-24 10:52:30.758663,12.116115818032496,55.094219433628005,6.628542553844855,0.5423123473058222,0.620510529572163,1,630.04457452002,404.4720864080435
F046,2025-12-14 10:52:30.765428,25.432783110246614,60.03631991649306,6.357717621491661,0.5458092275888051,0.8116904232996504,1,649.5277436329445,433.16861247151445
F018,2025-11-09 10:52:30.794827,14.312873566429408,41.69975463091821,6.345021995835449,0.517170467192095,0.5296601680079613,4,517.6825275886697,464.7738562656214
F027,2026-02-15 10:52:30.796325,29.256373733552056,100.52475926365716,6.953694812714904,0.38616922845886725,0.5564834886253076,4,491.73798714108733,600.7943276793088
F012,2025-05-24 10:52:30.786402,21.725148038946575,73.7878290927268,6.212174347143827,0.8408781133559837,0.6586390511050478,2,554.4314080419903,524.9494160552163
F043,2025-05-09 10:52:30.768723,28.144456110395925,107.64127586454791,6.963614733606589,0.187841053953477,0.5015574348742089,1,330.03467416138596,465.6800782681786
F048,2025-11-07 10:52:30.801751,29.586032844577563,63.93154827776423,6.32848624124079,0.36904909072774417,0.7970534912967072,1,545.9520819816735,492.37937558472726
F019,2025-06-26 10:52:30.793968,19.381169523496506,103.17284786405276,6.372889914944027,0.46640269020798725,0.48827911648618133,2,596.0177744904066,472.3547777784958
F018,2025-09-14 10:52:30.793954,34.57901987722042,68.97495908226607,6.0989701943163155,0.5763071174934202,0.758019150120707,2,311.37586591025183,598.2867327582605
F034,2025-08-20 10:52:30.797463,25.87814395097656,52.83000181872253,5.987497256274267,0.7480564388366411,0.48616878272605435,1,474.85823215614573,450.2720601230113
F022,2025-08-14 10:52:30.823412,26.655870485723224,45.40940000413311,6.658162647061414,0.3901484351736711,0.5831412586824365,1,437.47031565275154,456.3102215128419
F050,2025-10-23 10:52:30.795700,36.26478909273746,66.33132614687489,6.137552325144464,0.5768986200467013,0.3807115458317393,4,580.5312517973266,556.3581488519993
F004,2026-02-11 10:52:30.748343,27.954970221215426,57.018926844014295,7.427309140102068,0.5364893222411935,0.5183747194781241,2,525.3830221894362,505.8522307688227
F007,2025-04-18 10:52:30.789509,28.07365222793107,40.72985046811177,6.338391052828419,0.5140452123232533,0.3046441081269163,2,467.3059790635632,515.6733615816736
F050,2025-11-24 10:52:30.823805,21.932286041062028,68.45383510811943,7.381188355334922,0.5963083722600135,0.8050194433282374,4,396.1584926973412,713.0127139348035
F027,2025-12-25 10:52:30.740889,35.950199598479806,42.27463834124389,6.6838459012766185,0.6225928531943625,0.49015561870042906,3,195.06411330516,608.7636320627411
F027,2026-02-10 10:52:30.803006,25.68039586865796,30.99880614268319,6.063952203911101,0.27788959511352757,0.8012997238616497,1,413.950238549312,425.70442927807085
F036,2025-09-14 10:52:30.787432,37.782074266634034,11.152987017617619,6.655230303972102,0.601009869115903,0.5338268091413841,3,475.9420344008627,453.7852945237007
F002,2025-06-15 10:52:30.812737,30.974832036052092,55.23423731349384,6.907716366915479,0.6265691285859096,1.0611383461348396,2,581.9284676078873,571.5935852845469
F032,2025-10-08 10:52:30.797434,26.37828540539018,16.978064368023723,5.96062240740972,0.4433593598946058,0.5382220914154378,4,412.22670494272404,593.8365809858908
F031,2026-04-01 10:52:30.784495,12.9667680695318,41.96470748225071,6.456099008539672,0.3597363711499262,0.585308409680769,2,411.5962079323744,425.4110762052652
F028,2025-06-17 10:52:30.752152,26.727795486696508,43.91088750029741,5.962147636055589,0.20973449974472758,0.6700286685819277,1,484.3331413268368,309.5416799398045
F040,2025-12-10 10:52:30.765315,17.783491781163523,43.95442053502798,6.742449377511047,0.463439848698954,0.5035020558195027,1,460.5802625593377,437.6285710513345
F035,2025-06-22 10:52:30.754913,29.025623858832198,8.150668140662127,6.742394378013675,0.38364725468105987,0.3606567195948516,1,476.6831394572483,413.1631985069034
F032,2026-03-19 10:52:30.792672,25.519915122995346,55.925086818061885,6.63918427798939,0.6507543850889635,0.6085583255384548,1,557.2866917374714,472.052836165806
F013,2025-10-08 10:52:30.834502,30.768740135657517,29.81161197013336,6.262757512839596,0.26674573666241413,0.5389085320841557,2,364.89262314330983,396.285801939538
F039,2025-08-22 10:52:30.775714,35.0629831897203,77.96679276542531,5.443145533019116,0.6764374994305438,0.6586050091836779,2,500.9800104781396,524.9777138448817
F031,2025-11-03 10:52:30.827082,25.23220845762886,45.81779469854247,6.5952846592422345,0.19339735911482397,0.4265799594381575,4,420.7901134916926,536.8477629550734
F044,2025-08-27 10:52:30.779969,13.900791561442164,67.627226174012,6.000404751923871,0.5709131103002526,0.5227683298251782,1,545.5621876376379,429.3454039580008
F013,2025-07-17 10:52:30.744929,11.96009445607784,59.47762900386351,6.907857407150699,0.593739268494357,0.807548881280769,4,544.5398453598223,582.4116721972839
F050,2025-10-16 10:52:30.778069,30.042935232144032,81.12194992950151,7.018397020039414,0.4378367336982941,0.4965634072808104,2,429.24252528826383,490.48941628258024
F046,2025-10-12 10:52:30.744691,31.81756908425503,11.163501689982724,6.050472451690744,0.4751825409233952,0.6359580097751565,1,493.4894051714893,486.8900095968893
F015,2025-05-11 10:52:30.751896,30.425693952731272,47.1782040916987,6.169008987605885,0.7440315085385432,0.511846718590112,4,590.4327303877847,522.9198750194982
F008,2025-04-20 10:52:30.818069,9.009821475169495,40.44883443840764,7.0966408910583985,0.30814465728394236,0.6896557373690492,4,611.2526632145971,597.6330625706235
F006,2025-09-19 10:52:30.791603,16.06008733743649,80.79042031451037,6.795646769407192,0.6086822602114825,0.4687272662488831,2,327.29974683223736,411.29921311986163
F047,2025-09-02 10:52:30.819519,12.394820617649566,38.650849580944744,6.025887503173924,0.5745087621973053,0.5022093518410711,1,643.8787199180967,316.86910111529437
F004,2025-12-20 10:52:30.831082,28.424163964470505,33.39419327656996,6.791039972799419,0.5124154708157082,0.5122924234611714,1,337.9923875999983,358.52576083782986
F026,2025-06-18 10:52:30.793297,30.192327113985996,62.24134680018198,6.75224027697939,0.4845138699868587,0.33414785266469027,3,489.5952202690817,510.7944813764237
F007,2026-01-15 10:52:30.807270,16.109111126427592,87.57741113099394,6.446994438847113,0.34778453062315545,0.4635160032776539,1,563.2358300857109,376.09540336145596
F017,2025-12-31 10:52:30.774699,23.690999263173904,18.046167926784385,7.274564193434286,0.20536800572835678,0.8211352199620547,4,627.4676436644693,576.1771067826662
F035,2025-09-04 10:52:30.769473,21.96212320184529,40.21214990105194,6.589766425140343,0.2660975629596004,0.9202066108037035,3,480.6611331550755,620.8151642903833
F044,2025-09-29 10:52:30.751262,18.934034868353407,77.94799924303749,5.902900858388187,0.5325052841455202,0.5001552147132688,3,451.5825441855337,435.84313018483334
F036,2026-03-11 10:52:30.833775,31.5077428757999,61.06334150199154,6.877205000080086,0.7046006172238723,0.37422205996974456,4,471.94678415509765,637.871052203554
F025,2025-06-19 10:52:30.783719,27.277210373058175,101.06275224870724,6.437990909236619,0.3369004665907128,0.7472130135800242,1,529.1124259729223,453.47568695488803
F045,2025-05-14 10:52:30.740449,15.398050954270627,45.685147484222455,5.962964819023738,0.2547392972645533,0.7953060629083739,3,420.5761847426061,492.43416851151073
F026,2025-05-21 10:52:30.808944,28.834664183962104,36.58437555537442,7.066300773526012,0.35262609311943305,0.5878723301518741,3,638.8209067127079,429.2256622738025
F007,2025-04-07 10:52:30.801008,23.75607437632334,65.59608271675617,6.57673176736897,0.43110014176477696,0.5824962348760898,4,516.0340046398004,587.8374748807374
F042,2025-07-21 10:52:30.786818,31.345318212621375,26.26078880072203,6.4934862164495755,0.8186744169320456,0.6793681505129554,3,475.2294533358576,598.6008457346246
F022,2026-03-28 10:52:30.778458,22.153454068996343,85.2964680064326,6.036629482670365,0.3661189729442509,0.7300372743908263,3,384.66906755434843,548.3258100774899
F035,2026-02-22 10:52:30.819352,30.062282467931823,33.1440067474067,6.268320310958169,0.383675152237077,0.5321586988225148,1,317.8911835403338,402.6177264125294
F024,2025-11-07 10:52:30.824145,25.900746318413916,88.72100043656037,6.08228563507922,0.45581874828395763,0.44011442295356623,4,359.13536646235843,606.5996111532894
F029,2025-12-02 10:52:30.791925,18.15756059772028,40.67870337341471,6.790016715129851,0.6088930243835728,0.6692444836673097,3,557.5993886168604,509.77427579126606
F004,2025-05-17 10:52:30.786293,21.990333521307903,43.01911016816389,5.792405368163096,0.6897363879901066,0.6324696646725758,2,547.250074977117,548.2594632602525
F013,2025-04-04 10:52:30.787111,19.096183750177794,14.58992403456439,6.200849547745142,0.3639820687974528,0.6820020920470191,4,610.579221984979,530.3150548420887
F016,2026-03-07 10:52:30.770085,21.83784643684354,81.49884302657355,6.665192161697132,0.9361591621243932,0.7077832227437075,1,356.3512964962654,471.17593536252605
F013,2025-08-06 10:52:30.815325,26.104364648405674,28.412987877524312,7.058765383132451,0.6655974976719465,0.5457486299200465,2,305.8414985767233,532.5617511743618
F008,2025-10-20 10:52:30.769928,26.193404320606973,71.3340700506796,5.891461527637892,0.2841122268801354,0.666225750305916,2,393.02285603674625,510.4341000339687
F046,2025-10-24 10:52:30.783257,20.775007991848216,63.61995111473348,6.313833499441475,0.8948721876014356,0.47850537199360066,3,539.4855609574432,601.6402317813444
F044,2025-05-17 10:52:30.776490,17.142147778828345,0.0,5.630849286179732,0.41422964657206407,0.5984676224757002,4,449.9474656927975,549.1353355744544
F037,2026-01-29 10:52:30.777795,31.268455883118534,50.97722982242844,6.273321643833762,0.6771308034288501,0.7675447189858461,1,467.78860878395193,425.9015713901852
F001,2025-07-22 10:52:30.754443,18.132080109105615,32.85398453789536,6.39263567206438,0.5045102028703805,0.6224455857344309,3,478.6555712111059,435.7451408506356
F019,2025-05-22 10:52:30.789679,36.663882528881715,58.19445792300142,7.10896856098017,0.5792779832751552,0.6268602135390582,3,496.3998188310616,571.1093277360071
F021,2025-06-28 10:52:30.756794,26.832423597475277,62.64790321038858,6.274153719248814,0.4528736725977626,0.6178714585054828,4,468.7898094920818,578.2537954741656
F048,2025-10-07 10:52:30.782445,36.08200799196829,83.91659854977067,6.00880077935282,0.19878501713861335,0.8755544797180608,4,498.0646018382362,614.7153488107977
F005,2025-12-31 10:52:30.775942,28.535495980829136,48.96280497056776,5.702885316455806,0.34812212345052873,0.4985470455098963,1,451.3294933206025,393.7524133514226
F020,2026-03-02 10:52:30.745738,28.111813050056046,34.36795181593012,6.179396390545682,0.26285265946985553,0.5384250451407235,1,694.0259174032369,360.7843955190482
F023,2026-03-13 10:52:30.753907,30.19529077029199,1.8255324667329518,7.037335005461914,0.34438511793279436,0.2630600682321414,3,312.65988167385956,529.2909532739519
F005,2025-12-03 10:52:30.759550,7.560975344477903,35.844293285630854,7.261101621342551,0.6312928546766239,0.6956468628783169,4,475.1367748342724,494.02373438979913
F028,2025-04-28 10:52:30.746560,47.07868089755899,63.12809277750445,6.928625998701591,0.7367188097300997,0.5843863640259513,1,482.16117667443206,457.79048716087715
F036,2025-04-11 10:52:30.773332,26.41948520194277,62.18597437572215,5.738892199314817,0.5752714461159166,0.745825812729637,4,578.6873506188866,605.9403832063858
F003,2025-08-12 10:52:30.758537,18.702982499512576,55.19464226084779,6.949169463993764,0.522037243425372,0.6898469161250423,4,660.8196816593744,594.0429152196139
F027,2026-02-09 10:52:30.782907,26.390780075443832,79.05937551084905,6.382898301698184,0.5730592754385594,0.7856356540233531,1,621.630659934919,481.64343711819413
F028,2025-06-01 10:52:30.831405,26.098212296519844,34.72818704353065,6.4849177948856775,0.6025689444622043,0.6215826665279846,3,350.89940886852673,554.427030642692
F021,2026-02-05 10:52:30.771620,22.155854534927535,54.430545004793785,7.774256018895133,0.5307114128088548,0.7125708921838181,1,575.8454476501875,505.4456124037666
F011,2025-10-02 10:52:30.790272,14.664303463485812,83.90595577231886,6.779697955707414,0.5468972606855856,0.5264234431958639,1,460.6806953762287,391.18129963557215
F019,2025-04-27 10:52:30.805788,27.133527016787873,53.94346739405557,7.384899534675989,0.5040109799808469,0.5859048339895303,3,523.161301459023,561.8960391293036
F002,2025-04-20 10:52:30.775195,18.494189644553188,1.6042909463933341,6.147094534250608,0.5713967554965171,0.46553960889804696,1,509.3544592528665,301.8362980854335
F038,2026-01-09 10:52:30.800034,24.175016021222135,40.41567268024408,6.727843179144156,0.3549136247077732,0.16680555512504758,4,487.8484012660775,512.6215242203774
F048,2025-10-11 10:52:30.772117,20.467014423971456,57.7523566714511,6.310859171270939,0.5547880341897776,0.42657072189268014,4,487.79043912768253,499.71584853280257
F034,2025-08-02 10:52:30.806064,28.849694343015976,39.022587383457626,6.35888870193466,0.5631058213320436,0.8049193194601051,3,407.13358927590286,512.568614468963
F035,2025-07-24 10:52:30.832874,17.449569794428974,82.35761665155296,6.363120881824992,0.4705406417953921,0.4893474394040047,2,355.9406377268944,345.0488099754931
F005,2025-11-09 10:52:30.789481,19.77998441909954,23.89060902697065,6.3974441812449525,0.5869572922217842,0.7982014499800314,2,550.3668449944674,534.4722443511384
F049,2025-04-12 10:52:30.759438,15.518502424351913,42.434297015936664,6.35578437218297,0.6958054147683073,0.6280456319772898,1,390.2458659286776,435.6891501265026
F043,2025-12-30 10:52:30.775770,19.285307694202345,51.139854705702234,6.441306738177666,0.7432719436753366,0.5185067331839018,1,630.343613241506,405.4287188902056
F013,2026-03-24 10:52:30.784247,28.821078257189342,0.0,5.846131208019052,0.6919962762405689,0.6135253122047838,3,466.0658154637146,445.20222979614414
F043,2025-04-30 10:52:30.755023,23.788925093018886,20.394561093372193,5.701042831619359,0.720721947123042,0.5269171281039149,1,364.57086285264876,437.6474999247329
F041,2025-08-11 10:52:30.775742,4.671882262901924,43.47269946445927,6.500195411166887,0.7027868255242722,0.6212793514105509,3,476.8704675894952,554.6970422387968
F021,2026-03-22 10:52:30.816144,31.229492504848945,35.23416490281822,6.394107303589044,0.7654931971202829,0.5127008636301013,2,591.7604929907355,490.9238748631263
F013,2026-03-02 10:52:30.801092,20.11386688541997,29.75953956692367,6.98287423902202,0.6657818489999668,0.4983229365455346,3,543.5231573425634,563.6085023812188
F048,2025-11-13 10:52:30.798565,31.32111825643858,65.89158336067162,6.337794420451672,0.6869350262256653,0.7981461562268553,4,558.5983520276044,596.5823348380248
F012,2025-11-14 10:52:30.816716,22.509832497518662,43.03489880414538,7.267803133268317,0.28586102587136564,0.743520875239025,4,508.2462663586387,598.0551770244067
F019,2025-05-15 10:52:30.760446,28.178593796162964,50.03050041119959,5.928489396939422,0.48061145828131524,0.5308400134905376,4,562.9145201081222,674.9076970179882
F014,2025-10-02 10:52:30.770056,22.3463342438509,10.154003892352492,7.0753944670670155,0.4303829421172851,0.8348350006686702,2,454.8384811629753,508.0844060214596
F044,2026-01-23 10:52:30.777947,24.87958476241974,59.63082582141337,6.675517218199563,0.42637065112457695,0.5214527113229362,4,301.70219053813423,467.31455947559186
F050,2025-05-19 10:52:30.780070,24.662579951750256,55.10002380393071,6.47256865725969,0.05419398146023263,0.6076466261527883,4,448.45728316056153,441.98796089056685
F037,2025-09-27 10:52:30.774984,22.53391367503546,39.67225012446463,6.75332037198807,0.5318264869761467,0.8117191892854144,3,529.584814841011,605.2696680628804
F016,2025-12-21 10:52:30.756021,6.7952553763723245,53.13583370287334,6.3342005019580725,0.4589856118089156,0.2521941617255425,2,600.4347416678887,373.4944103934123
F001,2026-01-01 10:52:30.834266,25.63028860954823,44.69810434353497,6.696023085661716,0.49974046008040673,0.7521255882676268,2,533.0171182647666,567.7289018886704
F028,2025-09-17 10:52:30.808973,17.316467359339025,107.88297945941038,5.838282299111759,0.3962518199910185,0.642940414748335,4,507.3840308944724,580.3704553120394
F022,2025-06-08 10:52:30.782817,14.529894982909632,5.72194858286003,6.68063103709658,0.7863593645621932,0.7683486810871215,2,447.21815358215713,550.9179202985893
F028,2025-06-30 10:52:30.740215,17.404620997736245,53.31512644891712,6.581794805520815,0.8286213678964901,0.7065013905734014,3,437.6441573798366,589.2184863701324
F049,2025-06-10 10:52:30.786916,18.291739604729962,48.011493944579186,7.161978805045148,0.28325020482687685,0.6294031587511869,4,496.98126806255607,503.79879551378997
F021,2025-08-02 10:52:30.818252,25.115321541895444,63.743349786393594,6.654267223651581,0.5460718909036704,0.6107926791581233,1,374.1298573084205,495.97566976343467
F015,2026-01-19 10:52:30.760391,23.35756041812544,81.11876968885029,7.506838076069205,0.45984282649173275,0.6423562346754175,3,427.4076037401254,528.7364893590901
F044,2025-08-27 10:52:30.823023,34.659738012182686,22.169895554785086,7.300457321636248,0.2803771901365575,0.47189935291343876,4,365.6456338764446,548.122678746255
F023,2025-06-13 10:52:30.753016,25.7769780900987,41.313951784654805,5.951574096590041,0.4876794291343273,0.5542423273033188,1,488.45540383845014,412.11085145164753
F001,2025-09-23 10:52:30.802653,26.313938813837844,95.314710752368,7.106816018467405,0.729005227984166,0.6667723561896937,2,450.3305976089711,574.54786422743
F045,2025-09-29 10:52:30.830946,37.79083420228575,68.32533991590532,6.486851590007062,0.5994355274740139,0.7696841760134732,1,430.1027070763544,495.563416600383
F016,2025-08-28 10:52:30.787849,27.603413437871165,59.766596852367634,6.307001718501367,0.32248462897973174,0.5422986593832578,3,622.5811167520147,521.5889178739425
F042,2025-06-04 10:52:30.794324,29.609055429400485,5.9068405818252,7.472146003028296,0.18145089501724482,0.6329345587233658,4,501.2176881622298,562.9038435811153
F011,2026-03-06 10:52:30.781830,27.564801559546964,72.02478060400031,6.384253534034522,0.5209813623876038,0.6079406275116586,4,406.88214392619955,691.1587664813246
F029,2025-12-10 10:52:30.832793,31.76174449968919,16.11939666535553,6.39459723311587,0.4266353425242018,0.48767511425694454,3,328.80788076088186,464.47887009152504
F036,2025-10-14 10:52:30.783080,40.35168992829386,49.44618064134213,6.2904659667513245,0.25978185874821363,0.7170487700039296,3,563.4318127818832,547.2966230536849
F031,2026-01-23 10:52:30.797418,20.973967864705592,34.99091135865923,6.043564331087439,0.2694012888201263,0.8077643425694807,1,578.5722254653838,382.9520636850584
F026,2025-04-03 10:52:30.745108,25.28879879273188,40.487518186771375,5.735114273005474,0.21721507905944348,0.6679306268400269,1,508.95178865470535,350.36078679828245
F009,2025-09-27 10:52:30.770694,27.06006528887451,21.200146918039554,6.158436587504918,0.5827383677977641,0.5260808221376932,2,535.4515510563289,440.0723032206671
F030,2025-11-12 10:52:30.812291,20.085990320849792,6.334728422872033,6.43806579384511,0.2835506601240729,0.7616240560464383,1,456.9037459974202,453.52376106152593
F045,2025-08-15 10:52:30.822337,14.595854561789487,68.85710716317128,6.686486456036394,0.46337956416330056,0.46019551114635937,4,537.6435297566179,612.2352523992256
F003,2026-03-06 10:52:30.823148,22.19013466870526,82.0299660230865,6.419357684682255,0.4944228713653596,0.8294451760304478,3,618.192394803523,544.2246055707284
F028,2025-12-10 10:52:30.805960,23.37760178872539,53.0296735968362,5.620610410155081,0.27928678637089577,0.7828199936681965,2,496.4554693458068,489.4212156237576
F005,2025-05-02 10:52:30.764826,17.158404221055946,13.947896790501588,5.991322759806502,0.40765874372780775,0.3608170887900361,3,669.6882037055502,398.26247230867995
F019,2025-12-07 10:52:30.756766,25.29519296286336,10.587676925197187,6.000328686036949,0.21290831733639354,0.4673040869579167,2,582.1971784896567,344.7794151215414
F028,2026-02-04 10:52:30.799789,22.27217825685311,36.36902354357656,5.895406275640431,0.2787601982141602,0.6369571543234432,1,419.0656574388108,432.5457068494257
F041,2026-01-07 10:52:30.796598,15.338159119728122,63.914069394006525,7.007041246057866,0.3764102813075057,0.6480661713207229,3,587.9963710626693,508.5194714505966
F038,2025-11-27 10:52:30.832244,16.82962675230836,70.37321305625042,7.087518799056154,0.563516757097703,0.694658481799342,1,475.09140087126895,468.50963291803413
F009,2026-03-06 10:52:30.787751,22.609161446990328,65.4525175170987,6.8436458885222695,0.4961053307414255,0.844271345646707,3,429.37712149396,616.0214853356053
F045,2025-04-16 10:52:30.772035,21.41259738012811,77.50065068312693,6.987157256070059,0.7936103587317377,0.4317617403031845,4,559.6481750794011,460.3386059628496
F046,2025-10-26 10:52:30.834084,37.855721383379404,47.14827053511854,5.47592451982052,0.6361023049154835,0.6085473616258951,1,500.11056665927816,395.1519968840112
F019,2025-05-24 10:52:30.822671,15.991323167744222,23.227779905237444,6.369497230627859,0.38334699831572716,0.48897642142690195,4,342.88079408103783,537.982354347063
F027,2025-05-27 10:52:30.778545,31.482997575398272,51.83649291133771,7.560876885071215,0.6535659906009647,0.39115666206892147,4,451.49912204943325,576.4662501813468
F043,2025-07-18 10:52:30.760790,31.11132315580133,38.34908466544773,6.948316499034194,0.7537218223371037,0.6616956164925226,1,607.0913118258189,473.1838407969129
F021,2025-11-22 10:52:30.744311,19.405448625443732,105.87790746847247,5.952987863736405,0.3496906578366117,0.8172157559355749,3,579.6133819401657,595.4910984619398
F020,2025-11-19 10:52:30.765035,30.008203444168977,54.76355874751628,6.5730507499659545,0.6059527634180573,0.5951476525004852,1,525.4846698450843,485.04363281754365
F014,2025-09-28 10:52:30.800421,42.21672865799529,14.038766999545587,6.003249396584978,0.5762550477768111,0.6919609104261772,4,476.7679066288156,512.9706421054589
F011,2025-11-19 10:52:30.773909,21.697333521858614,75.2906651001859,6.301394306724055,0.46139512943405686,0.6843802440471213,3,467.30563340909663,521.2103541369855
F020,2025-12-03 10:52:30.776153,13.881241163535172,71.41076214850239,7.542687101241717,0.49420704207899013,0.6588612826909486,4,675.2810259404041,703.6979781159265
F024,2025-06-10 10:52:30.766022,17.550758964077076,38.59708277074852,5.429765506667972,0.31728422743493645,0.49796130843769526,1,362.8760851268621,348.96714538228207
F011,2025-04-24 10:52:30.743239,18.422920134236286,48.492865472977364,6.363910553919968,0.6551580989223369,0.5207475300505882,2,412.63191017461236,468.57816779142394
F004,2025-08-06 10:52:30.823864,14.263963117038427,29.63442990269672,6.267471582611732,0.680744136940215,0.592511204739785,3,433.6226533963717,423.5174963722949
F040,2025-09-25 10:52:30.773411,29.362377221600294,79.20414268938995,7.27387953711992,0.2630950444344316,0.46628882589515563,2,500.4616683403091,398.80092590870225
F036,2025-05-11 10:52:30.817755,29.12190037020982,60.75387223515176,7.044979654016902,0.7202070882176594,0.7265682922394581,1,488.06358266947564,479.9284767557495
F002,2026-03-30 10:52:30.753554,15.693330093336394,69.217754907544,6.7589754090438,0.5722884221468699,0.45478386358139566,3,358.8197846251347,532.9980510751976
F045,2025-06-29 10:52:30.800844,11.427654265828576,49.52862306574838,6.681489650237719,0.38319819771114894,0.4489230584169829,1,606.6463417381472,402.8068566867946
F027,2025-05-12 10:52:30.773133,39.28635271308393,92.57308594219137,6.720507800450447,0.695583979837513,0.4807407513146106,2,134.44159191741477,539.9650475613357
F035,2026-02-04 10:52:30.809070,28.7119770543727,97.5321627592837,5.274977116232847,0.37034344162112487,0.5827628491438105,4,532.238277088416,585.7533026603328
F018,2025-04-20 10:52:30.770821,18.554129963182504,4.455737264320781,6.7477415723109235,0.48653462043150053,0.4196921585793,4,495.5110186240294,510.4350452697898
F029,2025-11-04 10:52:30.769371,35.631173769077485,73.8205806743485,6.830286197429739,0.6666612346873693,0.2354558997203361,2,630.6688054088307,372.9428520588347
F024,2025-12-15 10:52:30.764384,27.365402572650677,73.25726613944549,7.343666469442997,0.5636104481425808,0.6139282043500404,1,529.0220473020199,467.1980887794108
F016,2025-07-18 10:52:30.811800,18.347168917566073,55.69382665576914,6.914416442683655,0.5183883285449613,0.3681721079424455,4,512.6940972993187,428.4375740984938
F050,2025-04-09 10:52:30.817252,30.949973327463457,71.63631015236278,6.836199728935759,0.6580998948292733,0.6501461041877032,3,517.2737337570865,586.2436005661524
F043,2026-04-01 10:52:30.831606,29.25218620620578,0.0,6.112033578994291,0.6399261506829758,0.9017507575485366,4,424.22724425273867,612.6815812289095
F005,2025-12-05 10:52:30.815921,26.241768282680635,0.0,6.5956977260721406,0.3937718042421852,0.5883463386539194,2,473.64038583301516,407.4677147773988
F009,2025-11-01 10:52:30.808706,0.43210025337620905,26.869818120482538,7.256739129260269,0.5159046325169824,0.6878130058157776,2,409.33286133506965,484.8544939102383
F028,2025-04-27 10:52:30.815535,13.044068921435834,25.544737616187515,6.244675391970883,0.5233331320393447,0.6086370891763289,1,463.90085433699244,491.32276203021104
F025,2025-06-17 10:52:30.742310,31.180490508669692,95.76502348034072,7.887532252216751,0.5092356978270283,0.46087494829693954,2,529.206690204428,471.1864990931949
F024,2025-05-04 10:52:30.750025,38.68450114777554,38.31733701266274,6.366917052223839,0.2822842418265157,0.9773825545631809,3,393.5293224649624,562.6909647039978
F047,2025-10-18 10:52:30.826578,25.577456859897456,14.763871578274625,6.09020487570971,0.2851730881157819,0.6372309483701744,4,646.9822486483124,540.8234102503407
F042,2025-11-25 10:52:30.757084,21.007671984523128,16.16198270567817,6.6388216682632715,0.4448499519898649,0.6876339655279906,4,469.9962619549846,549.3422723220484
F013,2025-09-01 10:52:30.784939,35.99520159944696,34.45051882807628,6.977979182250603,0.6420883997556633,0.4901229412616005,3,493.6392232768366,563.9342109905858
F047,2025-06-06 10:52:30.752564,32.09971198137336,30.487156334375687,7.645320797432981,0.42781358032468053,0.9966640486054302,3,529.6054079175119,630.0649655570292
F040,2026-02-08 10:52:30.809842,30.750035622180793,101.37543045340455,6.665913912846343,0.5372255200679303,0.8431996487220453,2,547.5190269440731,602.0697498143754
F002,2025-10-08 10:52:30.781687,37.11267316631633,105.97895110215316,7.0506038899851,0.666876956631012,0.5342322112618559,1,460.2068419773318,498.7472621048366
F029,2025-05-28 10:52:30.787335,28.765156222750388,56.536606205602965,6.695166383693056,0.4260609544881384,0.76022106381248,2,673.6920711617798,595.773622653353
F018,2025-05-03 10:52:30.740763,27.082695471280893,57.46580596939276,6.0560899547633005,0.6190264785786171,0.24590256750237144,2,414.57109482163435,465.3057448714165
F046,2025-08-25 10:52:30.748924,29.296722031002677,31.66285715489119,6.3493243532836106,0.47528465014980664,0.7020374339540055,4,592.4988551307647,659.274450745433
F004,2025-11-30 10:52:30.739085,21.447244086892514,75.04460538798509,6.959301259309275,0.7128808617952731,0.517034040368869,2,560.6003899842573,489.47120829804845
F021,2026-03-13 10:52:30.808172,31.050955393542385,80.07279492934663,6.33343009942662,0.6215161702404001,0.6010037961338415,3,461.175830960211,614.3560674526623
F018,2025-06-11 10:52:30.746415,23.707682936531235,44.727014957357746,6.589782753720952,0.4038807686641142,0.6426335061304765,2,378.9370723220441,453.97269057492827
F006,2026-01-09 10:52:30.739141,21.909314819386598,33.79151016005524,7.311207068161506,0.6825266741423689,0.5973578787137664,1,572.8940246406181,528.3746480121217
F020,2025-04-09 10:52:30.753866,29.66874983462793,57.57150466827376,5.946928804896201,0.5480679208678619,0.6090930894557431,4,481.5071040535174,444.68090833564213
F046,2025-05-13 10:52:30.782413,3.1545111294038826,51.19056773509002,6.626858068281468,0.6427270594201934,0.5265808256942919,4,533.0987208303284,601.5165822313045
F025,2025-07-29 10:52:30.810330,36.61699469715469,62.83021203818147,6.423224341000865,0.6013823579877773,0.8202023785402127,2,570.9432184165798,567.9141809764477
F014,2025-06-02 10:52:30.755994,28.955250702829364,28.704544600691285,7.145771365523056,0.47733968975956087,0.4482078960387349,1,576.8256349211974,369.75936623892375
F041,2025-10-02 10:52:30.782318,36.5556871835964,101.01948315568507,6.745657385806333,0.45345391080241326,0.44616976896031846,4,598.7746082609839,569.2336759085382
F043,2026-01-14 10:52:30.742909,18.447753384167687,60.627920680091066,6.266183574964802,0.46732956552672583,0.6194190909040292,2,645.3923328820981,450.1780416976588
F026,2026-02-26 10:52:30.822768,24.878189626803795,74.34966043395764,6.319995352199468,0.4924291743903465,0.7822189668596683,3,731.333199988256,604.7230708686262
F011,2025-10-05 10:52:30.757346,32.75691972479381,66.35930473321315,5.885758702698696,0.33513923769251946,0.8231788573641408,1,503.2371253029006,447.39598402275044
F021,2025-10-29 10:52:30.786526,20.83385982246669,42.55555490768302,6.009394512052972,0.35007734949183866,0.6323206368238357,3,472.09511279986555,534.0367173760849
F036,2025-10-05 10:52:30.800721,23.495829994719205,59.844137419245406,6.102449575840975,0.2767289258832538,0.3856236794563715,4,468.87484329761065,448.5143051491973
F048,2025-11-05 10:52:30.779090,37.02424145807429,90.26302064258624,6.452601119240419,0.4434967523881706,0.607696802468626,1,433.5741926199904,469.907650386376
F018,2026-02-04 10:52:30.797209,29.820084387720815,7.333954234543135,7.116275547260727,0.5241323036859749,0.8304689579029866,1,389.74397010427805,417.9973881644349
F022,2025-07-10 10:52:30.794904,29.188348949200364,65.45587313828965,6.281145101071925,0.27713332518444955,0.7032142049622183,3,528.7777059721277,547.9582437645362
F014,2025-04-30 10:52:30.781892,21.828795292719715,39.33662454197547,6.549054001495486,0.3798556089875586,0.5706721090088411,3,623.2655961836263,459.06725841619925
F006,2026-01-09 10:52:30.764840,25.864219491817742,72.59781476341733,6.46154402155171,0.6418134627743902,0.4532098950823721,4,501.3251780926716,551.3120781102789
F040,2025-07-25 10:52:30.831566,24.25838041841541,66.58460514396117,5.24286727005055,0.5414874500499826,0.5951250750135063,3,572.1103140367607,462.4187680100448
F025,2025-06-01 10:52:30.777626,17.00673239241862,13.34706047132979,6.063778462994286,0.7036766555025812,0.7272368083115406,1,457.0864804421069,413.5302037551172
F010,2025-11-01 10:52:30.784206,18.32902779899871,41.71412668433095,6.1843089643945675,0.44352010213617765,0.6268797732642668,1,403.7687050194542,406.7977988052995
F025,2025-05-10 10:52:30.827674,30.457654393037213,129.60423945076988,6.956260351921659,0.5210560568266986,0.6067810624384832,3,609.8192678678245,578.0712345524234
F013,2025-05-17 10:52:30.760363,19.313641078937003,70.85765264757207,5.460271105720534,0.3475687017264254,0.5872025597266116,4,643.6016846389665,543.0763236285522
F049,2025-09-06 10:52:30.795645,30.25291899660584,59.191565644733295,6.695696637290118,0.2859029098551401,0.5030073744336255,1,538.065764047626,429.3027707197583
F013,2025-11-14 10:52:30.802074,20.00239433084871,0.0,6.510338223401044,0.5551510263461917,0.6328614714177347,1,438.80087266674036,401.8733288890728
F038,2026-02-02 10:52:30.827935,34.38209851506093,20.72752680481135,6.331043921865371,0.45219518253211977,0.91453989359447,1,612.8323052979846,451.21440530019504
F013,2026-03-02 10:52:30.778311,19.196094283308845,115.51449731421076,5.74272433015335,0.6289176774936726,0.7929176553500487,2,551.486584390614,663.5248918150108
F026,2025-04-11 10:52:30.771706,33.13085027657784,61.137966230490996,6.334064426200879,0.38303210198254833,0.356639897894525,2,710.3486181453837,440.2938241785331
F015,2025-06-09 10:52:30.797148,39.79687688742866,57.71512549070759,5.971779333331048,0.4873685477909346,0.42459198755690564,2,621.4492691024984,400.2984316057659
F012,2025-05-05 10:52:30.768107,27.92633909479662,62.33723662524022,6.007167493162672,0.38109801724430153,0.4100017500641228,1,605.0766085879789,455.2268714171474
F040,2025-07-21 10:52:30.784620,19.13478413966433,62.54898848742986,6.537488273277388,0.33653366891449166,0.5022183064472769,3,396.72731110386934,341.13539751383144
F045,2026-03-15 10:52:30.828041,28.091087311798702,77.03139001890072,7.409122137824145,0.3776033401124485,0.6773388709183457,1,599.6863665809071,371.5584319187784
F023,2025-12-28 10:52:30.780400,5.5695835747803315,27.238944239404873,6.247108273391683,0.534347047670616,0.5291761525820577,3,598.7271427066901,433.58771810976845
F008,2025-12-25 10:52:30.805621,24.754022156305396,79.77212079101193,6.1244780998861925,0.3444690592227891,0.6067889608445072,1,464.12225734283805,317.5035800241791
F019,2026-03-21 10:52:30.816818,11.377239357015705,62.302740408591475,6.614896054365376,0.5135236899961916,0.680306278002502,1,434.07001573036064,421.6202487516483
F044,2025-09-04 10:52:30.763261,23.70007853114505,44.15597100917828,6.639967352156445,0.2611172231962023,0.38246495710757755,1,501.4848721559417,381.2988016577953
F007,2026-01-28 10:52:30.808678,30.001791767084207,64.76257692043777,5.726481593630906,0.6421479659085526,0.4230274695955286,3,405.1677642032768,498.9406599518188
F009,2025-11-04 10:52:30.775294,34.87727175922589,76.37049881046485,6.272082397112597,0.5786658882123185,0.5705223658403121,3,455.6283423552541,621.4946416016883
F020,2025-12-23 10:52:30.757471,17.84152067718452,0.0,6.176278181897148,0.5328863838305942,0.294980890127328,3,603.6950976211064,368.3796481356384
F033,2025-09-29 10:52:30.827109,23.526392377900223,74.25830592726271,6.660072256953044,0.4903425672041825,0.3585708053092128,2,673.8298704042902,461.1106730593916
F033,2025-09-30 10:52:30.742555,18.816716918384337,37.33135102811609,6.243660913233586,0.37243240906894015,0.5098700276363304,1,296.77177612097614,373.3564794518261
F017,2025-07-21 10:52:30.740031,12.3419653157937,80.13118286358234,6.460184036856625,0.3143683334583564,0.6941178393422003,1,580.8543987872756,389.3856612142551
F004,2025-05-23 10:52:30.764812,33.44523534430227,0.0,6.347733449036616,0.3950131213788765,0.7300400175500323,4,601.2617695641676,518.2961110055576
F034,2026-01-18 10:52:30.792700,24.783216812567435,57.82067931731196,7.0879971843445855,0.49952517981110406,0.6765589353904399,4,398.2977740753606,575.2379198137278
F047,2026-03-20 10:52:30.798551,26.435093611708883,67.54247342365471,6.837066322167322,0.10099831934466796,0.6311026316693107,1,489.7208008296129,407.8105979769486
F033,2025-04-21 10:52:30.815605,23.29777058761261,105.84746808330866,6.609025542319063,0.5773983542107304,0.827028770258338,3,408.13868085494937,582.6366105905005
F026,2026-02-25 10:52:30.740875,28.03354943245028,64.44101344500815,6.457361261303286,0.48435050277989244,0.6085220358133134,4,553.7056355406017,691.712450823836
F047,2025-08-26 10:52:30.760139,22.18781549451209,47.72640399265994,5.986108636348153,0.5514797664535682,0.4122358671030865,2,545.0491203042404,336.6792410895478
F027,2026-01-05 10:52:30.771724,29.879401390811907,107.74150248132761,6.761084988561923,0.38893195270496267,0.6409509801188175,3,645.3132009612026,452.4879380463987
F025,2025-12-18 10:52:30.825574,28.990789678940416,68.35441711396324,6.956068080136438,0.37991681676854167,0.8504472529841658,4,406.87248339225584,576.7458595924584
F034,2025-08-28 10:52:30.825008,19.433754127937632,45.15794231856886,6.210871966475734,0.7813747275234801,0.3580176510343512,3,321.50772446530925,369.237675419692
F026,2025-10-13 10:52:30.774121,19.302521286148632,79.96006592342701,6.729648727252014,0.7814431474410257,0.7618590777778401,1,485.5781153709345,394.64649830496774
F031,2025-09-04 10:52:30.814876,20.627752520191418,28.14694023050281,6.552448182581679,0.6060540132340018,0.7447120799603533,2,487.02603971794497,485.9064417376187
F037,2026-03-09 10:52:30.789931,35.99810864321576,46.71748645940997,5.7264812127626685,0.41618424623900657,0.5369297107669141,3,443.659034739626,496.7733362429651
F009,2026-03-13 10:52:30.822532,15.91850298710356,30.14969919700331,6.023508509076088,0.3386435123792665,0.6894185768606579,1,473.13760026180876,369.0115123938115
F046,2025-04-16 10:52:30.793577,27.01528777230155,24.742406663792682,6.588017616764658,0.618853891792255,0.5916334446182335,1,522.9584182558194,397.7053065376931
F014,2025-08-20 10:52:30.824728,31.838213050206637,81.10825272367839,6.625079742244282,0.6894924096592683,0.6861712063268082,4,545.2193017017515,698.8976233422708
F048,2025-09-19 10:52:30.785517,14.512039595397066,12.36446436795832,6.788402897378575,0.1778080173871996,0.48467599790209265,3,410.10908839277414,422.1290666638195
F019,2025-10-14 10:52:30.753852,41.46187041415851,42.057757915794255,5.8937614138293295,0.2743119639429464,0.3041208549071393,2,431.38426935408114,458.90919865724106
F047,2026-03-30 10:52:30.765442,25.66748074084063,32.42969545422709,5.69662940007908,0.2316371492764191,0.7859627824123457,2,368.60998482106925,430.2363019125308
F029,2025-10-24 10:52:30.820687,17.654755031795936,39.36256176418291,5.159957878694797,0.5448553000746703,0.6805186453271885,4,647.2133141312977,537.8921803363361
F022,2026-01-05 10:52:30.815452,25.7486727270527,64.23186663809875,6.484669800893657,0.5684487506515703,0.467606319616108,1,308.0088600635578,426.1235492127986
F015,2025-10-16 10:52:30.744957,24.13474347341161,89.874538001731,5.989315667435174,0.9189201746176947,0.4846512516290816,1,428.59192828426734,411.83079823969973
F038,2026-03-14 10:52:30.792756,34.18640534133429,45.99969297117478,5.040649862171419,0.740694804439108,0.6671807277065106,2,409.75888433626017,460.5887379075079
F026,2025-08-29 10:52:30.774825,8.739132567951817,40.88321365378562,6.864513073941897,0.27441711866400154,0.7415518965556656,1,468.7078620423046,325.377533398659
F024,2025-06-06 10:52:30.807507,15.514332066635001,1.0439057396466893,6.5936196306621895,0.41466921346836166,0.4479640683234731,2,445.3292836844555,425.2122852183833
F020,2025-11-02 10:52:30.814719,10.839231086084634,8.337631200609877,6.896201089966535,0.591455532873365,0.7972013572049007,3,459.5424429129184,484.4810717733571
F026,2025-10-01 10:52:30.747233,38.07516859120831,28.09066635908693,6.68732920092898,0.5561525161669133,0.6282590483620906,2,292.2995877929792,554.2426089327148
F022,2025-07-02 10:52:30.818266,23.130584667814666,24.99675975140564,6.797817856001509,0.6535222188698395,0.5968511970063115,3,530.4978372690055,498.54669469576135
F006,2025-12-13 10:52:30.739872,26.027914145238285,66.49656802769255,6.838548023787292,0.3100147021650792,0.8296712096096268,3,386.7029508303121,630.2906395545532
F039,2025-11-20 10:52:30.748828,21.30240158008081,47.966665705703946,6.192963913899991,0.35905942057679185,0.3838261840629252,2,554.0787700211795,397.22610354612414
F003,2025-04-29 10:52:30.744051,20.121383439643818,24.55981194929211,6.576897174825741,0.5883301984610292,0.612036917144111,4,347.26668800014806,550.4270631734056
F017,2025-07-09 10:52:30.784994,25.075393645426473,82.69099388992302,6.393197394523569,0.2448635729954156,0.45269367595616194,3,660.5471950593579,422.6559360747872
F027,2025-09-20 10:52:30.759858,24.760895096693407,84.1561613419269,5.738283750013932,0.4408476638896847,0.6688476238894956,3,460.2591056447177,472.029177533807
F021,2026-02-03 10:52:30.816846,26.997218355694184,26.043874697141312,6.81674658238798,0.46419112198572043,0.8253049518882929,2,537.7427845356298,478.8494163744013
F006,2026-03-19 10:52:30.773793,23.94813094921011,74.37438792854253,5.990159433862757,0.14163531753605008,0.5996498896319005,1,497.06015289939256,400.29233055196903
F033,2025-09-07 10:52:30.812351,6.173950497239314,27.063635887800057,5.884206306437887,0.20498136928520516,0.7650661562247808,2,464.8791377527372,436.1501082204218
F045,2025-05-16 10:52:30.799277,43.62499808408608,45.521173296404896,7.04688332528788,0.6379196073593917,0.436876916632151,4,507.3734956771395,616.2495792135358
F044,2026-02-03 10:52:30.807793,24.52303399002147,19.563509393638245,6.28479189380145,0.5537650634910708,0.4731031032249915,2,632.1722124988613,450.55796096263106
F029,2026-02-23 10:52:30.786638,34.212202917752634,41.41656945960861,6.670717393390306,0.5078823199532355,0.3773689480894078,4,351.923803683066,560.9129037250714
F003,2026-01-22 10:52:30.808622,30.091303575081724,53.86583286828679,6.3593847311181175,0.42270237521911924,0.3173344423192479,2,480.3106297032729,439.10309829147127
F037,2026-01-20 10:52:30.777096,16.26397789983687,25.612626920013984,5.321796654347844,0.4312101481001319,0.4249458140041156,4,694.6973061763204,428.6891370131505
F012,2026-02-24 10:52:30.776742,20.19989018696443,59.847215069378386,7.540814771614368,0.6102107958730026,0.5077078648924689,1,595.1142848993586,470.20873517377635
F047,2025-09-10 10:52:30.777236,28.318260370464902,106.2102983476712,7.789917194507293,0.32244487372555575,0.6287971197327747,2,561.1438164727306,478.9037966495664
F004,2026-03-06 10:52:30.767960,29.075729612493255,60.99685264849242,6.06448817836693,0.7201370373626228,0.6874094148629967,3,590.7669959174553,582.4882277088689
F019,2026-02-21 10:52:30.771585,29.01909029070513,52.81667688376526,6.308575709795765,0.564283141212329,0.5179963240831289,3,591.9440985670196,470.5969329385349
F015,2025-12-14 10:52:30.822615,33.811140734232474,19.8058330411556,6.546075470787509,0.6509795368009508,0.463603807707893,1,438.21395114443726,397.1847911987088
F018,2025-06-23 10:52:30.790370,27.221994086270996,7.077547041656942,6.615027639879938,0.8287081283106987,0.7805123552385477,3,656.4455700903674,726.935781986231
F044,2025-04-24 10:52:30.778958,26.670836542322153,79.74682063236956,5.8919767590163605,0.5738999624965729,0.6200356727311327,3,520.9449814492531,535.2540732347895
F024,2025-07-26 10:52:30.747205,32.25457462656516,63.340862899705556,7.463024693149198,0.7010431414125108,0.6053435400164534,4,339.075889651332,667.2112639564552
F001,2025-08-12 10:52:30.803493,21.50025006203441,21.844461887370553,6.285590690158063,0.7231838481200009,0.5969510944769254,3,539.9487366924409,416.2497820040883
F050,2025-06-20 10:52:30.828116,18.053207324583553,44.53435820682346,5.915828997435532,0.35151459539947216,0.3848745850917524,3,527.5286584360994,425.0087137818628
F050,2025-08-16 10:52:30.816549,21.74825660210431,31.78196014573404,6.343658639766675,0.6397869940337816,0.5824223294898626,1,466.4908457277881,408.5697689623804
F023,2025-04-08 10:52:30.790440,21.94474276048394,18.501157877509367,6.104533719487265,0.8501432982032882,0.7110110716509783,3,374.27515650097564,634.8459037217052
F007,2025-10-08 10:52:30.807975,28.04636636138687,75.67825836206458,7.354420173845808,0.6759129470654879,0.49201760033380687,4,624.321504784848,594.790284296307
F020,2025-12-22 10:52:30.771602,34.01572215722147,89.78833816946684,7.12817585602058,0.461951844758944,0.6833385009064321,1,602.262123035274,489.2694426991949
F022,2026-03-17 10:52:30.749293,20.788961973695464,81.16902577456922,6.938637547133372,0.6141051998989056,0.6349274632067092,2,582.0423925962398,552.1183807168251
F039,2026-01-12 10:52:30.808423,19.63672697708782,19.216971692944146,7.055824569247242,0.8081113150750205,0.6015118738238295,1,461.6238579165851,443.9860127924223
F017,2026-01-07 10:52:30.749214,10.42045669151663,62.654256705901645,6.450849439467873,0.6310838264032194,0.7364376522904508,1,415.6595915791318,455.89288278789576
F001,2025-04-16 10:52:30.822420,29.805993759126814,41.52272866303807,6.0902601688579585,0.6321976489352118,0.5513588534659718,3,570.5148050198616,593.4727390439615
F038,2025-06-06 10:52:30.770391,19.209024093172204,83.10396005551726,6.184365225027647,0.47894911763621484,0.7523014727601062,4,442.0752606811147,634.7372665412202
F017,2025-07-09 10:52:30.792462,33.095564861599385,86.48165851285495,6.756607602007988,0.5625714736739468,0.7427750756196867,3,504.7993657769298,632.1930248989821
F031,2025-10-13 10:52:30.743657,30.415706059637618,83.70585137231751,7.729743879390194,0.3605296403977881,0.31182570843159185,4,446.4078902357769,565.7825124778769
F020,2025-12-10 10:52:30.766936,34.886824462932054,15.431719899591947,6.193643231746343,0.4478501980017171,0.7252114802599543,1,646.6187493109334,475.46281982416633
F048,2026-03-21 10:52:30.787599,21.29472522113422,45.901503836022,5.378245072258109,0.8296013929011741,0.5571450795605395,3,546.9592796919802,521.2702224066164
F006,2025-06-13 10:52:30.812809,37.364171261303724,33.45177769107273,6.786307224002887,0.7514262174789241,0.5786652283327607,3,544.4369491620081,517.4571446548725
F050,2025-07-09 10:52:30.753526,38.18616120378747,19.58033209580024,6.709439065742409,0.3352688954153926,0.26096024327130846,2,559.9853431218014,412.21157831940803
F017,2025-09-18 10:52:30.831962,26.91042910006095,77.97149941450793,7.153540325352913,0.40434292192777477,0.6287156496014009,1,591.5818329232467,481.55211198315357
F011,2025-08-17 10:52:30.750637,24.381466554513356,16.921058990985486,6.510607832661786,0.3951248908739332,0.5919193546981808,3,386.8861661071708,480.1217261130519
F007,2026-03-08 10:52:30.770666,37.535019879592205,68.54378688683498,6.850590971074107,0.30077837898208515,0.739009725432507,4,493.6267473281674,705.1653346859752
F043,2025-04-04 10:52:30.806245,18.680276398129756,18.65341540541782,6.614293093247868,0.6756917809529308,0.5741267316696577,3,512.7874642512959,494.2480271704381
F024,2025-06-22 10:52:30.802272,30.86892168169621,64.7498548007467,7.271029741899953,0.7070542410156115,0.6821445407770649,2,571.6487491208474,508.22533334502685
F039,2026-01-30 10:52:30.807724,38.4603105752271,59.27631930220624,5.579787237677152,0.5295421353958571,0.5032924442399654,3,558.9638639566996,550.5712957199253
F019,2025-07-12 10:52:30.802171,27.370352002426173,49.74618417994121,6.8587598756848385,0.5967828344293,0.7637980166474981,4,453.41496833624694,518.1508485899949
F001,2026-03-01 10:52:30.809995,19.61448183449161,91.00512004404726,5.8420281663137565,0.21282426125550163,0.7168493323470033,1,592.2502297528958,458.5324984603026
F044,2025-10-12 10:52:30.782369,41.894325247306746,35.179716572241745,7.548010930469529,0.42824597684482685,0.5596700784820332,4,477.20175108161504,632.7717102975726
F015,2025-07-09 10:52:30.808088,13.63679153099978,55.78504856190288,7.049221439431158,0.49997149254793677,0.8451405617500853,4,543.5510687495696,668.1234182268155
F032,2025-07-30 10:52:30.789134,17.864259823618564,53.94173935210998,5.922504108700762,0.37541512185579895,0.6731330848472828,3,481.49238289628914,525.5584639585483
F030,2026-03-07 10:52:30.798220,23.537184779131813,43.97084928381743,5.883529400989478,0.7048635344880457,0.7801868217209742,1,651.6449928054456,471.3090312162505
F033,2026-03-18 10:52:30.786000,25.10403679528447,14.629204781535577,6.49603986438231,0.4594407904469424,0.5682553293464124,4,367.2604529193644,549.9242794518041
F023,2026-02-13 10:52:30.796252,12.269385658870469,58.12975096073292,6.121841929185488,0.5625076072983897,0.5892058967959235,4,361.5872440597626,537.1393731039612
F038,2025-10-14 10:52:30.741038,30.408148937350767,77.4728576691716,6.0348225504942405,0.4881667879321467,0.6166383402819203,3,519.8754608837174,537.0002362493369
F043,2025-07-12 10:52:30.819463,21.404953714351308,42.24195289774243,6.3919442893304925,0.5593234027908707,0.5547537558464366,4,600.6026426400846,602.8110688315563
F031,2026-02-07 10:52:30.775602,34.265135638403436,47.44158997221878,5.96639760049623,0.4731113300626454,0.5560669333546029,4,533.6886700374029,614.3697109480474
F029,2025-10-14 10:52:30.774867,32.77570620610432,70.54739414057408,6.122728880185462,0.5584945828851101,0.6822924324286253,2,656.2396969052323,521.5791349387581
F028,2026-02-12 10:52:30.791211,27.406949880168888,1.4945338767307277,6.30121792085757,0.3768458161320327,0.3669258504660642,4,526.987722941103,443.6763726659709
F005,2026-01-14 10:52:30.818729,19.126620077857275,50.174736335902,7.155472724264109,0.5931204401669796,0.6637477412585289,4,698.904946104508,693.8984186880556
F038,2025-11-16 10:52:30.815675,24.03904118455976,37.922482031221904,6.180642539141186,0.4637916911470311,0.6007297584615828,1,584.3896397211171,386.8332142311477
F016,2025-12-06 10:52:30.822629,22.628104507699955,6.65735136579918,5.7396124299557245,0.38157962026423875,0.5268133142242567,4,383.7880911476134,593.1181651825464
F036,2025-09-23 10:52:30.822911,16.22443425949731,47.62147876654577,7.295620268283347,0.6175338373416344,0.368080958644904,4,607.449043554832,513.5701131070442
F012,2026-03-31 10:52:30.809447,11.513010528323752,70.26547300938171,5.811839336471114,0.4700053586272694,0.48829337354866353,4,594.3422114637915,559.2946126023169
F045,2026-02-26 10:52:30.810613,10.752597647589338,39.65215541524418,6.706309216943435,0.5862928147368722,0.6228738758893301,1,461.32166407206233,433.97674705911487
F032,2025-04-28 10:52:30.760636,7.214755406067599,55.09234045890834,6.7566506400808795,0.41638912073215034,0.43472503567630416,2,532.4809464307996,441.39673869311343
F018,2025-12-24 10:52:30.772824,7.456176545832108,73.56552324624047,6.721981460553218,0.5977225519436433,0.5267063270197089,1,631.9780687905743,432.0441537851686
F043,2025-12-01 10:52:30.814340,20.449039477476973,87.58228117250219,6.387015081277529,0.5430737317209519,0.4790525813587092,4,476.8782964311,626.5655474815593
F033,2025-07-24 10:52:30.780543,15.64516706011194,47.506039331860144,6.69502460414133,0.46826036040916175,0.7902343301914012,4,486.2885965667568,591.1118475162355
F009,2026-03-28 10:52:30.761014,11.219834964237592,48.51102038845446,6.598193946926566,0.5457706173099331,0.6670555475350496,4,363.71890258125575,556.4279016743695
F030,2025-07-31 10:52:30.760608,36.517132366280734,18.57094939825561,6.396870845983007,0.2696217404981193,0.6977971762732063,3,600.8972340830175,442.52293899289475
F009,2025-10-17 10:52:30.833305,9.729104296970581,69.51862026456891,6.314646995490357,0.40679035350333337,0.4995207429503572,4,500.75006446976454,615.9628578030231
F001,2025-12-25 10:52:30.775181,22.673743872561914,79.72516823073524,6.530127650095427,0.5603653977711877,0.8132341295370006,1,462.30316697519976,488.59666236438994
F031,2026-01-20 10:52:30.814172,24.900316629576558,22.788711869144134,6.031503409573254,0.46145380576368644,0.6759383160917422,3,408.1207212579909,486.1087481179031
F023,2025-07-07 10:52:30.774783,12.962263884002656,22.94593230937208,6.8794242579178615,0.34041359134829957,0.7100042675578657,4,492.8573950654536,594.3028647956374
F024,2026-01-30 10:52:30.816186,18.56855977281674,16.50620671361027,6.983912773910432,0.5152486016866815,0.7157096797686571,2,658.1460641243171,438.8011807592051
F032,2025-11-26 10:52:30.805234,23.970755961484155,48.2411393262405,6.48223527526166,0.34381265138840345,0.6044515879865452,4,412.20886548834517,533.4676400266023
F003,2025-07-28 10:52:30.759522,22.283609703341497,0.0,6.336184407450968,0.2966696424129921,0.3929833570908854,2,451.4713089400918,311.278205390823
F029,2026-01-27 10:52:30.792630,16.020881026741787,64.0911613134954,6.988173172419546,0.5594899044411614,0.33988111391656184,4,605.4650749407921,537.9084546137932
F025,2025-04-02 10:52:30.794053,19.582556010179623,14.49361243632071,6.744838017152693,0.48338880794899797,0.45981627218289334,1,608.3997313197997,451.8717690189603
F015,2025-06-22 10:52:30.785752,19.27686485360095,58.986033314936144,6.797514431928105,0.628485299140334,0.6468669585005687,1,603.7762113765344,502.5526393980411
F020,2025-04-14 10:52:30.816832,36.06064407349882,48.788285702295326,6.512228372487005,0.4483513404133786,0.5870506610086305,2,443.24796299817064,421.25697029400203
F049,2025-12-12 10:52:30.769723,30.536282933847918,60.69793408351222,6.03089521444259,0.47314560006792383,0.46521477748885043,2,469.7256293677414,432.9471479207634
F009,2025-08-07 10:52:30.818785,35.484777203593985,43.51692667056126,8.079219355244378,0.5834910008943519,0.47168844545902666,3,444.84834037006374,603.8543145014854
F038,2026-02-28 10:52:30.789243,19.680582735125444,67.16194403508567,6.380166710009092,0.36904633861667824,0.812025632472815,2,459.80252423884025,495.8128258656695
F039,2026-01-27 10:52:30.745305,23.54194968756104,102.83919802769694,6.395812884833642,0.6175686151007133,0.7253020100954829,2,616.8686724356673,508.85758682630006
F036,2025-11-27 10:52:30.742628,36.42941834719987,15.302702664918364,6.169567407630209,0.5446796280610202,0.7884128839412938,4,580.701290979259,568.3707585219539
F028,2025-10-03 10:52:30.756182,25.369964645020058,82.81142642063416,6.241701731226532,0.45326290027589966,0.7069063326389088,1,733.7263725830361,477.0283842496288
F035,2026-02-02 10:52:30.771862,24.322786706622075,58.60371051946977,6.910561937030167,0.48771814627474397,0.44483624799513244,1,586.0291404111974,445.97950484233854
F014,2025-10-24 10:52:30.810879,17.185643944065678,24.882714204661728,6.352826332194343,0.271452491330327,0.39141754312053834,3,322.6454529448413,382.2117131777166
F013,2025-08-15 10:52:30.804866,21.73402953499428,79.4979236674907,7.349007889150914,0.41107677425485795,0.8038422293357724,4,617.6525439372003,613.3284330606718
F021,2025-08-06 10:52:30.750877,29.738988878730716,59.45438624351964,6.7812691135162,0.47604331284757617,0.5324768259577943,3,455.0565531490832,617.4257979256098
F016,2026-03-02 10:52:30.775391,31.265074993673842,104.87467684335556,6.6300322069805695,0.46307306280802507,0.6688186064195706,4,481.6188968420653,641.0787092248514
F034,2025-10-07 10:52:30.814214,19.287235324705023,68.8528240334872,6.611325303231346,0.5969225204334108,0.3317891521028381,1,470.8232128820309,463.0785404522967
F024,2025-08-14 10:52:30.749322,16.023308599907608,23.37010766455589,6.7499172995959125,0.5789506159013338,0.47845076518475704,1,514.8443609079276,361.1023583339639
F050,2026-02-09 10:52:30.743053,14.580920725427783,53.63365777793706,6.698397278931134,0.49058011135338925,0.49104973888610093,2,561.3279403749702,410.62544430776865
F025,2025-04-16 10:52:30.764398,24.035705745354132,34.484807107986896,6.646426334373378,0.6930935411553545,0.8057895940383143,2,290.60717913163626,475.7572999370198
F020,2026-01-20 10:52:30.794856,23.893556435527916,0.0,6.6489315007744345,0.5962994863985813,0.5338157947903243,2,617.4064554295047,486.0361814998155
F032,2025-08-10 10:52:30.774208,10.48778202530184,79.22166161008157,6.424859898119455,0.49345889313158353,0.6598777473477193,4,510.1830742542648,502.0222108165483
F024,2025-12-01 10:52:30.769288,16.021992364844927,89.91592426109233,6.969987854209954,0.43949116806323096,0.8228112916216295,3,616.1270270967004,723.5814089834381
F008,2025-04-11 10:52:30.827445,12.98303795444169,60.8865514322975,6.755240573759556,0.3849758242124174,0.6983309666736847,4,573.7409131614305,518.9632042435736
F044,2025-08-24 10:52:30.830933,20.38924664818611,68.947552513141,6.1544043821773275,0.592913806644947,0.5936126657910079,2,506.0074853674868,420.7448500216855
F045,2025-04-07 10:52:30.814368,24.2820744891444,52.32567729380093,6.6027157221532295,0.5496079446216956,0.7246349380562954,4,559.8101701256817,529.8492329123644
F017,2025-12-09 10:52:30.749929,22.626146176086568,18.71944110948028,5.4018129320990464,0.43666406268014935,0.6330415391525682,2,474.1361010188297,462.88306135840963
F048,2025-06-05 10:52:30.830141,27.384665613007108,75.43050825961785,6.473069880877551,0.4061625039993423,0.4729623640540719,4,484.39370748278253,574.209486408886
F007,2026-02-10 10:52:30.828237,7.087530973704975,50.14624782325404,6.475908843000252,0.29105212842354167,0.47377652225243794,1,576.5770734024419,315.13131334341017
F049,2025-12-27 10:52:30.773614,11.290360429213376,45.13964928822982,6.33327368087092,0.6922071974406094,0.5403316580188082,3,378.2897023859442,493.50770403595436
F029,2025-04-19 10:52:30.808284,12.850692211662981,57.46701272791322,5.285982396317401,0.5404058018590774,0.3957581808713222,3,605.2400304848147,381.21546744879
F010,2025-07-08 10:52:30.818098,28.939974207484212,69.98874803024728,6.394623561375405,0.4535033677507792,0.7202142049808683,1,558.6627481464336,480.9714090107405
F025,2025-10-01 10:52:30.784412,36.13499479716729,46.58587516672109,6.711907910936728,0.46463757539335676,0.6613156506666911,2,486.8480161499101,475.98906799332025
F029,2025-10-27 10:52:30.825629,17.139417114299498,0.0,7.014552090269784,0.49461288941547926,0.6707237046040224,3,392.48284894633287,547.5269331619
F011,2025-09-04 10:52:30.762801,14.299020985776542,50.22745200749157,5.636660275979039,0.30350796489747417,0.6275897980038146,3,610.6777145232826,577.8197860200742
F019,2026-03-01 10:52:30.765914,40.34083809823602,58.076887516892874,6.25481002731961,0.5377790582691633,0.3977372961866196,1,419.740910131421,459.55529296320765
F007,2025-07-26 10:52:30.784855,35.54980585057909,18.25372399323858,6.3663363743931995,0.6202918861866749,0.5819170153714185,2,508.7589456285591,464.17549230307367
F001,2026-03-13 10:52:30.772200,37.73607697490238,48.327057030255,6.346711791649251,0.38318683473179665,0.513483034895988,1,511.16228201353897,424.73760833176425
F022,2025-09-06 10:52:30.814747,15.465647563952109,97.86232242798329,6.487114882575841,0.558716110991807,0.6293736956674233,3,620.8683523790733,533.472405034515
F014,2025-07-28 10:52:30.815339,11.161079661649357,65.26693034559045,6.7236369651181525,0.4973945407863706,0.21054597665750524,1,387.7007334860199,252.56656792103098
F005,2025-06-30 10:52:30.745530,16.652210462893592,38.64164914017579,7.180043445346027,0.7183298280246405,0.675987735221192,3,473.6893774281571,573.6306980387179
F035,2025-05-10 10:52:30.745233,18.40422411052233,39.649544911551374,7.354251433301463,0.17977494782012027,0.39879871262142164,3,550.3775283936483,478.2662235371513
F045,2025-04-04 10:52:30.825161,32.2870700185519,59.933344571979745,5.840028919079659,0.5547704650052175,0.5246575941569528,3,547.2247317922969,446.45563135799875
F003,2026-03-28 10:52:30.775209,19.015092333360116,9.432547029942825,6.4618510185301385,0.06398425077071929,0.6749100048320029,2,388.31032106748046,388.41748282860715
F034,2025-06-10 10:52:30.765231,25.20667516042615,29.352715776450978,6.661610845088804,0.46495873737882937,0.5706288736175066,3,574.8321171823031,509.5033300567459
F002,2025-04-19 10:52:30.826645,37.89611198669968,53.841416973656074,6.191437840098446,0.7467035750543358,0.545803333781802,4,445.3425710245021,566.2952151389485
F035,2025-05-29 10:52:30.817741,31.037371438753816,72.70085278547378,5.961310838593658,0.2963517384552837,0.50569321752927,4,720.5543034032144,551.4163116783494
F026,2026-01-18 10:52:30.804021,25.01383283359596,29.88131672254749,6.523629609028491,0.6126394618019468,0.8585822419169471,4,436.7373894299753,570.3143409613677
F009,2025-04-29 10:52:30.808003,32.49742487482983,15.475500859352124,6.223260816107118,0.5906468925171725,0.5071672481491707,1,427.999422613108,406.2452552434976
F049,2025-11-25 10:52:30.820268,28.32897023643131,106.20110828664468,6.798584299523644,0.6834776064687951,0.2006430719003061,4,583.7544841987536,609.9682955204588
F024,2025-12-26 10:52:30.742280,30.445051325262035,28.497309263548235,7.579035760666037,0.40393979135670505,0.6844490363104462,4,533.4340451194591,567.5992137361784
F044,2025-10-13 10:52:30.775784,38.844205306356244,6.687569085692743,6.368364416665482,0.423096831750726,0.37332698758685817,3,391.51288342418053,496.5807555934709
F037,2026-03-30 10:52:30.790635,17.66949791993754,37.05631348525029,5.879976739290302,0.4236235489623596,0.6198951716622496,2,479.4478922766464,437.71491064225665
F020,2025-09-05 10:52:30.813023,16.200589321479633,32.35770490688488,5.560486634661665,0.2772398200730636,0.8623635268698029,3,701.349366205836,497.6199265771184
F025,2025-05-09 10:52:30.769305,20.702579916845675,97.10516278145994,5.771600111561067,0.5555265656344821,0.555820647882885,2,574.8792741853556,464.9789011954765
F017,2025-08-09 10:52:30.826847,31.798250724503013,66.67171801136782,7.021254005458166,0.5119703064972286,0.7317576202733496,2,365.580025900753,538.098977408666
F025,2025-09-16 10:52:30.822755,30.246985764905858,80.53052701529205,6.65020095503011,0.6770856533590008,0.47540579539900096,4,267.9520992070561,618.7490840698937
F023,2025-04-29 10:52:30.820603,19.881683658594735,39.89297240853102,6.869982781779008,0.41419312083651794,0.8330382317498835,1,513.4048421157219,497.8990324185634
F048,2025-04-27 10:52:30.751427,26.42995048345144,47.88916877779557,6.031719587251484,0.5297094813849982,0.5256338558149819,1,724.2326332318048,402.23971971279434
F022,2025-11-06 10:52:30.786540,22.6673874270983,62.30463345394125,5.956476615962609,0.40252512709379346,0.4009269269114081,3,548.5334138350279,458.0696885706741
F010,2025-09-29 10:52:30.739238,35.703516408836194,0.0,6.896798728905565,0.41920173358678753,0.7440404936593048,1,311.70121391588174,428.8299961618298
F045,2025-12-28 10:52:30.771197,18.39350583252493,46.93494128210967,6.288854655363339,0.4652671213045741,0.4013223014831051,2,422.1655766645903,383.1068158850517
F039,2025-06-11 10:52:30.769569,33.174135076294576,29.12760161790728,5.743079985429254,0.3277509880434245,0.6853284676151956,2,451.20798191781563,453.3593617354808
F005,2025-08-04 10:52:30.818027,35.61274006389578,32.176677587664024,6.120222424199765,0.6157493781082068,0.48214237656686554,1,363.51385755601996,385.23669350209894
F006,2025-12-31 10:52:30.743168,26.61718425478129,0.0,6.212719611589821,0.4687672078175649,0.7703013996257778,1,503.78634639433375,424.06237089095066
F036,2026-01-25 10:52:30.813420,23.079899159780584,45.13874866732532,6.69057822193204,0.7287776903878023,0.7707712484347866,4,467.40440741298414,648.9367678868393
F024,2026-02-23 10:52:30.829688,24.460673098265595,29.797583016799713,6.531592023821938,0.5834706335874087,0.6711696669227185,4,733.6344182421244,526.6992469190246
F032,2026-03-28 10:52:30.764502,23.174875196926006,38.20446748464464,7.388835324365919,0.5204848571462407,0.7671669621009537,4,485.6765963570161,530.8898534611524
F007,2025-10-17 10:52:30.787724,32.85480790619512,56.66520917927998,6.485527139280702,0.2900500279764314,0.5740008985342593,3,605.9719963570503,545.2695830825206
F025,2026-03-16 10:52:30.753962,23.475751361421775,52.060061836148364,6.314966832526317,0.6739395115171457,0.6566534716595549,3,351.73834185294993,579.1269723347202
F021,2025-08-08 10:52:30.824103,33.472330717087075,57.92439754719874,6.881315149608932,0.81432621549654,0.5562755116179819,1,501.9191764097797,478.53715563820367
F009,2025-08-17 10:52:30.780995,42.149740992979446,22.080781505701164,6.479992141481861,0.5215644407786955,0.13923331115417198,1,497.42730824941,359.2637361277189
F025,2025-07-10 10:52:30.821360,26.876728726399197,50.104533164957516,6.673087915427627,0.7484241652598923,0.6358520937601149,3,477.957648151695,563.8632072500113
F026,2025-06-26 10:52:30.801351,12.481914090170589,14.523008520500369,7.038547606248381,0.604454781407027,0.7090225083962025,3,601.3690940573687,557.0348953450371
F036,2025-07-09 10:52:30.818463,22.630591337937254,90.80982975338885,5.599169454612102,0.3926267813174948,0.6580490646053961,3,559.7565594813017,408.8034143424333
F037,2025-06-09 10:52:30.807696,34.5421272957805,18.882540891395404,6.764359718604859,0.4572564003540666,0.3715355953000159,4,371.8209408977962,575.0475034883002
F015,2025-08-20 10:52:30.820492,18.76921135819227,37.296606248587366,6.5190369373208785,0.5488394644111699,0.5297055293742419,1,615.3160033385307,397.90553223340225
F030,2025-04-27 10:52:30.785231,19.756903318170522,32.39140417943078,6.945229379671283,0.622132235119289,0.7445317220631439,1,590.0435548727195,449.2295926481894
F040,2025-09-19 10:52:30.747437,31.82919302668153,63.626860783295015,6.2449283000329485,0.5490877520434316,0.5597113338459888,3,365.5127622807146,550.7945165382602
F046,2025-05-11 10:52:30.784703,36.24213823331063,86.62567948535767,6.769735626561755,0.5389205644108727,0.2466652387968476,1,451.8672661764426,417.8606520193934
F001,2025-10-27 10:52:30.825244,28.557669004003667,45.38180621863726,6.386204049999462,0.36262256424652095,0.6849436490665568,4,356.2758298025301,592.1189528392568
F034,2026-01-29 10:52:30.826403,18.405388628571362,55.2045734535622,7.045547607826178,0.5096528872314632,0.6684767706193518,3,619.6359468749172,586.4598071041387
F046,2025-12-11 10:52:30.757139,24.745061630272637,41.15721680362229,6.760176885157978,0.8527064273863524,0.73912432719543,2,573.1753298053433,479.1911115427536
F028,2025-10-18 10:52:30.822796,19.774071392391072,21.59701325359344,5.952559216786375,0.2991100773255428,0.5579569423566896,2,573.8390055929292,394.1805934131019
F019,2026-02-28 10:52:30.813009,23.409653165591504,52.98602233414866,6.343525293150048,0.42097384690407613,0.778774993054224,2,434.8544239813293,450.38804459930964
F018,2025-10-26 10:52:30.749228,35.22349806533759,0.0,6.9281200235654685,0.8136811548272336,0.5744947661087355,4,515.6866574580442,657.2421711028722
F020,2026-01-09 10:52:30.788923,22.304198319321976,55.57499862579113,6.8649631144619905,0.2955176938631364,0.6304918476505946,2,424.2072501778082,376.0685464277173
F008,2025-10-07 10:52:30.744859,29.206400144139554,36.39289383335407,6.041258314055314,0.5803050518106492,0.5268620305523735,4,419.5833568306074,641.0543653149971
F014,2025-05-15 10:52:30.821906,18.50327446436068,41.22869676167398,6.518894128786239,0.5470422976171506,0.7817408100140741,1,542.7919896149518,417.82397689931656
F032,2025-11-06 10:52:30.785986,33.15439255772544,67.27835566211998,5.861554434855594,0.5924208443722911,0.5964174546171431,4,564.9276973443571,621.9390012359055
F034,2026-03-17 10:52:30.785290,28.84078431931735,45.8059008759419,6.592360727011087,0.5256632014238894,0.5517704475054475,3,536.4315034423709,575.0117179730581
F004,2026-01-29 10:52:30.760944,29.4072231871559,37.789647843250464,6.298938419843461,0.578727387438977,0.5866053963547943,2,522.6802562641884,551.0808994592533
F032,2025-05-09 10:52:30.822855,35.316972402981875,64.64284250240682,7.141626484355392,0.848272337181809,0.7846878934334756,3,629.0659264076547,746.6102420949785
F021,2025-05-23 10:52:30.746460,18.046767032753596,0.0,6.168400997513394,0.8036665113882862,0.665409587021257,2,456.66935288098574,513.3342407691827
F004,2025-04-10 10:52:30.784120,15.091380439155353,28.40607773590721,7.044023506071831,0.5523827973315057,0.6558207958086368,4,649.7212272449059,598.6877541850845
F031,2025-06-19 10:52:30.793367,12.390383514430196,10.156674530756625,5.542823545379208,0.10835991645359166,0.1806216299363374,2,474.65290208615306,249.03193179282206
F038,2025-05-31 10:52:30.799154,49.82193744046096,25.651505316505734,6.518871162932163,0.7083566849480971,0.5138053697658161,4,422.9994984156028,578.3463606324527
F047,2025-09-21 10:52:30.761732,32.43245713932026,95.93638334054779,6.660726797274023,0.32992929733618204,0.8446227426928875,4,611.3133433619233,616.8731583695861
F035,2025-11-28 10:52:30.798348,36.43037991852415,63.00124888357318,6.052379068717674,0.5528746058408229,0.652640590385156,4,407.053948917644,663.162814155013
F039,2025-04-24 10:52:30.825077,25.10839985243124,23.757180292155038,6.293410228096166,0.4376391485483775,0.5962380867827946,3,501.41141980615936,509.0402856255407
F027,2025-08-24 10:52:30.794096,24.094643095925267,96.39903492842564,6.882716883585528,0.5217034129060811,0.5703550436743227,4,441.30526676941383,577.9050387811359
F007,2025-10-21 10:52:30.759579,19.25784865015253,89.58763722644457,6.178552850463455,0.6422966188724482,0.5000736784589077,3,676.9303664219443,417.1832678494563
F013,2025-08-05 10:52:30.797118,23.240244741354903,39.93295362920435,5.927771232996228,0.8177921858243927,0.6348694431703217,4,598.0897693660603,550.7357765756835
F001,2025-05-28 10:52:30.759474,20.643824848089608,54.57190212574051,6.221943196165254,0.5509192988943996,0.534422722278276,4,569.301339535392,581.1302669627185
F017,2025-08-25 10:52:30.831256,26.048453704701643,26.50083292832082,5.576915192479026,0.677087598115389,0.4416490409756224,4,479.497285341508,591.5273841520248
F049,2025-05-14 10:52:30.809967,18.30495689846109,32.01426152500612,5.656026273584233,0.5111412237213465,0.42215890657973815,1,577.5378000826013,342.58829479654594
F035,2025-11-02 10:52:30.792714,10.72016812779081,54.28555794026024,6.400399439959127,0.4203088630283256,0.5443313661450387,3,512.7898908256358,526.9662913203347
F034,2025-08-27 10:52:30.787404,26.739043238732847,50.055449713705706,6.25522517352568,0.48111194287941267,0.6697215907769374,2,465.24598263361145,600.7161176453973
F026,2025-08-27 10:52:30.808242,24.11896243759371,64.35837296005917,6.111704610402992,0.3494763409517404,0.264878499338102,4,441.19430692092914,546.1195270668348
F011,2025-12-05 10:52:30.819716,18.8950374756544,8.552395571442837,7.265349154822051,0.6336607877466058,0.8844963121641745,3,416.6650797702653,619.3099733003348
F003,2025-09-21 10:52:30.769799,24.728887703868942,16.3100698279827,7.008814776808802,0.378511165988318,0.9345880781011594,3,570.1551672818537,656.6384709441888
F020,2025-10-30 10:52:30.828705,10.626134577947582,59.823296520005,7.566004530359217,0.7835218142576894,0.8450466062963631,1,554.7999659511639,571.9509258017608
F044,2026-03-31 10:52:30.832325,24.741389572623,102.78749619602488,6.948688352174593,0.35395408776984155,0.7199546659845709,3,414.3437596606717,522.8955823476058
F006,2025-09-29 10:52:30.774545,17.341659958510395,31.63123873969485,7.335902180503261,0.6870450193400922,0.799714953545131,4,497.0795622488595,721.070380675403
F034,2025-12-07 10:52:30.740984,24.627924260833638,86.80035781442089,7.25086390255595,0.34436046920041025,0.42211328177127316,1,524.8969822550408,453.403617221666
F037,2025-08-11 10:52:30.824326,32.62640246130607,45.1670178945069,6.531442923496392,0.4000132476508794,0.6611860478319688,1,530.5108233779205,469.81508298621543
F030,2026-03-14 10:52:30.821430,33.81081937472593,14.820382489794646,6.049606815675541,0.35156902713695315,0.5616772586396327,4,444.83876771667985,561.3393510142248
F029,2025-08-18 10:52:30.754062,28.51945440647148,83.22365561104266,5.883890170258202,0.5966604798190001,0.513421825161512,3,314.85748594832296,519.4040056545142
F024,2025-11-10 10:52:30.752082,33.08139899871696,96.62471507080315,6.725567628296962,0.6621254796400166,0.3532098601054718,3,525.9763363542088,501.2292888224754
F021,2025-10-18 10:52:30.832016,25.97678206237731,90.69705941381801,7.131413570049844,0.6610597837950346,0.7245641744363651,3,761.4063264603835,669.6044652325874
F032,2025-10-31 10:52:30.763797,21.813894181542494,62.02475639674398,6.751455433856807,0.5225905535993364,0.5916689233641281,2,408.89924410971037,505.4177064599335
F015,2025-04-20 10:52:30.758837,22.433482555885742,47.78786684259122,6.882801569533474,0.6630263879903191,0.4955213201008088,1,525.8162323876323,481.5777275592835
F005,2025-08-20 10:52:30.746939,38.20215877006644,39.71184083191467,7.851046957932935,0.43964697814120896,0.7698746551484751,3,522.0257293243893,581.7853450708624
F036,2025-09-21 10:52:30.809786,24.406045640591735,37.57025289620816,6.1352109413622395,0.37208146399306374,0.5481694048654866,4,495.64901579185386,568.6185101553147
F047,2025-12-15 10:52:30.772085,26.262869372436967,55.26431939272151,5.998636882670062,0.3876627301228884,0.6213295697800159,2,407.43532851048474,358.84654146044545
F023,2026-03-11 10:52:30.789735,8.103472222416588,43.53473659912115,6.240725799855135,0.4834930927590748,0.578058951524398,1,354.73478166681394,340.20238635728003
F009,2026-01-22 10:52:30.771391,41.05991702563032,75.51287398321352,6.604738913361641,0.7545416820721986,0.41877099535853135,4,639.7595123261417,639.9513172393932
F035,2025-08-18 10:52:30.761480,29.314564820027954,48.59234347906981,6.2283886636998345,0.3790337879612701,0.6618520814404469,4,533.7399632741419,510.07206705284864
F045,2025-05-31 10:52:30.753377,24.922779132304715,110.07077646629935,6.629843567066581,0.7628739818186492,0.6801057398030406,3,639.203119336152,594.4382618031874
F025,2025-04-24 10:52:30.819931,8.770124144462962,26.90141147280967,6.612287939245596,0.38202390936343683,0.5076350283570613,1,676.031610388394,415.09322507016316
F006,2025-07-08 10:52:30.746239,18.412123722045415,77.9886173149568,6.3077650375289815,0.5563136994472078,0.8187060322385997,1,575.6487200715031,490.9922166485211
F016,2025-05-26 10:52:30.827553,22.582576449480186,46.13773133157446,6.913755537247288,0.3327886940057958,0.784726555914032,1,449.52466671396854,375.41967729731937
F010,2025-12-28 10:52:30.800367,30.662502079557786,20.515105092898917,6.3212938209539535,0.4271834224000761,0.5750294234666953,3,504.35762143775185,518.458438514042
F041,2025-08-12 10:52:30.827216,13.252637841416279,61.04002220956832,6.287532675205771,0.5812365268085453,0.8009586671673958,3,445.05965053385114,509.50186832733203
F050,2025-05-16 10:52:30.818659,30.10407707052505,61.434041589052235,7.475970682428095,0.5366145620495875,0.3931045472782051,4,464.05037891339725,553.2158620116948
F049,2025-10-24 10:52:30.817238,18.739981409505795,43.38765796107643,6.172421201559699,0.6266718638504032,0.6828197392654545,3,426.4549597300742,588.3805849115455
F019,2025-06-16 10:52:30.809545,26.077579203777525,58.352997019846434,6.956534492767567,0.5081284145233803,0.5369872453827321,2,396.7293460686988,474.7250475877173
F023,2026-02-15 10:52:30.797291,21.79471592051372,70.93361705911609,6.207754262156316,0.4236554140688312,0.4547244769616615,2,544.5664583128026,390.7745531859416
F035,2025-05-14 10:52:30.807667,15.003363536695785,67.24328192765957,6.85371791076275,0.796200103511902,0.5739609223730725,4,484.88155836376654,531.9522947880419
F003,2025-04-28 10:52:30.798636,18.939877639833288,56.3397381927288,6.572661896439076,0.7676254618666296,0.44660770585171305,4,255.77615039604754,610.8947298265964
F014,2025-08-13 10:52:30.749887,37.003150976115265,60.51158895576287,5.787957185543234,0.23881497596380202,0.6531394712507755,2,496.6397376885176,498.6484447700841
F037,2025-11-08 10:52:30.808395,27.66737293032055,62.95372194226544,6.834444378536538,0.7001586868343878,0.6867745647552945,4,550.5425084769562,660.0078465390724
F015,2025-09-07 10:52:30.776083,33.71690917786323,56.52812649188478,6.356670131872761,0.8069333642172789,0.9926955466914568,4,501.2397809572653,702.1879497511817
F024,2026-03-07 10:52:30.787266,26.0953495542267,64.39718180022174,6.752670724908459,0.28267557792889053,0.4329523839497921,4,563.336370621971,536.8304031087532
F011,2025-06-16 10:52:30.769027,20.168863910930757,60.35156520027911,5.794126076171455,0.6338919801878933,0.47132868044539544,4,476.01288317672123,476.33275938065555
F037,2025-11-03 10:52:30.796510,25.309364505237262,10.547148554663323,5.103970564799454,0.4351550024231633,0.6720820605326554,3,430.8797458858256,491.5521971285607
F042,2025-09-15 10:52:30.790705,22.085817215297126,65.0627501201458,7.3161016163472,0.487247414492255,0.8036252259763227,2,525.7023515959982,536.0338672596055
F028,2025-12-30 10:52:30.769355,37.41946114749358,18.562007067413383,5.7539608027717115,0.48307758610554036,0.5783497781184277,1,550.3893589970344,403.4043439295482
F006,2025-09-15 10:52:30.757276,15.278329533062433,43.409595776365514,5.136892980705216,0.6055271439547526,0.7140488350480185,2,505.66392501935246,425.63970971149405
F025,2026-01-01 10:52:30.760539,18.994266593919573,22.051615876315793,6.470807253539576,0.5145518271330294,0.48306651879182533,1,553.7145686377014,388.10850662394546
F013,2025-10-18 10:52:30.810163,37.94922302727782,34.77823041469995,6.47253040252672,0.538870399489379,0.4656082346100666,2,703.1206618167864,422.59892661766753
F011,2026-03-25 10:52:30.747022,13.964388290114691,78.69161204201563,6.79217937977862,0.5226544531886578,0.4385560001518235,1,396.09419447885693,392.11959651941186
F031,2025-05-10 10:52:30.766195,13.561227136453203,110.87535551371167,6.999843077815076,0.3241631388176255,0.5551865427140802,2,511.3535353253828,494.72032062668745
F050,2025-12-10 10:52:30.746867,9.443347424680226,33.964522180207325,7.035296063400441,0.5474464580878288,0.6644957708745294,4,469.0379280229092,591.8419375461067
F046,2025-07-12 10:52:30.825863,17.36099174961208,46.27640957451667,6.72456781606164,0.4037286319578246,0.29846353352515365,1,381.6145469181172,387.8104812076104
F007,2025-10-17 10:52:30.769911,21.493417616524948,39.6417571599764,6.246557131427126,0.5338968818410088,0.6155972566758001,3,527.8742511645163,492.8038019292146
F039,2025-10-23 10:52:30.761586,38.948823031272354,87.36935713058838,6.6211203962831195,0.5275824443902716,0.8042728038752055,2,424.3329585046059,548.323374740228
F020,2025-06-15 10:52:30.800503,23.095188834956687,44.758934069052856,6.98677830331334,0.5988162306618959,0.5935872953709765,4,464.69421285388717,636.0866108471483
F037,2026-03-14 10:52:30.778751,30.992057764961228,66.72124093659573,7.006814309932944,0.5048480560044833,0.6243100283494123,1,292.1485996382022,485.8969526331719
F037,2026-01-17 10:52:30.792036,15.941275171131958,64.90834693508083,7.669934539768279,0.4595502086062639,0.3032977291415396,3,515.0793893538737,505.30351306573084
F041,2025-04-13 10:52:30.763924,7.7542900365455445,41.570160489758365,6.176206775789108,0.6344879349492654,0.4614115786492903,4,455.82112140039516,527.4314251361716
F018,2026-03-05 10:52:30.758889,26.787575917233838,55.387105572815756,6.441712211838187,0.34256614396893165,0.7002936092341743,2,798.0572481487297,475.0574020031879
F032,2025-05-16 10:52:30.783816,32.14297887422556,59.0416318067851,6.433503720547702,0.6425988032336838,0.6626184105344382,3,333.9932225091218,560.4188266475772
F044,2025-06-18 10:52:30.788453,32.40053145105135,71.68401922432318,6.106253250596113,0.2020067746907389,0.6494105118283691,1,638.5178813085372,296.4969221425978
F042,2025-04-17 10:52:30.758192,25.104004148580003,48.978460351639676,7.401835502467965,0.6033395949802306,0.8167693695436756,3,422.141969032345,547.5954606237107
F044,2025-06-16 10:52:30.825147,18.120708193372778,63.66245515118863,6.3776755141174055,0.29395222285520095,0.4997297854223953,2,430.687089779281,429.8837355491531
F043,2025-12-28 10:52:30.763952,26.005987327040305,56.88206238823581,6.956122740093397,0.419670432528007,0.7312675390058679,3,697.2768316955191,509.3874297215081
F002,2025-04-24 10:52:30.792951,21.822258933385996,56.45222359529972,6.381446096189795,0.5240706615042555,0.6423783229412415,2,521.3328007865318,532.1617306464337
F025,2026-03-12 10:52:30.793283,31.538024677533404,24.688742376917773,6.712781962635047,0.39945929711424316,0.6404158938696362,3,244.71647471810002,563.4995690974129
F040,2025-12-11 10:52:30.781478,20.648680745298382,28.222987772079435,6.331929298746103,0.6028965537624,0.4723502991487638,1,586.5931913709794,348.7987420247335
F004,2025-11-14 10:52:30.754490,18.43101382982892,0.0,5.459759300779479,0.649724680249351,0.44164503636977226,1,379.04395863876675,385.8846886633148
F047,2025-09-04 10:52:30.818617,33.86231976946459,87.24309822259843,7.08766415612699,0.728809084694064,0.5915910337103215,2,550.5004851419612,669.6662768080807
F031,2025-08-17 10:52:30.810414,30.428799402388805,43.85338484100532,6.773100877529094,0.5960387479421114,0.7101515833096009,1,601.0910564121286,501.3854203687735
F033,2025-11-17 10:52:30.750150,18.898060876112915,30.070689670963187,6.2399659060058275,0.4042939923894817,0.5443967537661701,3,553.1202471021119,567.0992694330782
F007,2025-08-31 10:52:30.757291,29.881014565799997,35.74942875527695,6.562385006862441,0.4464601313522156,0.844970441845504,3,560.6232741222979,624.3532721700332
F015,2026-01-16 10:52:30.827540,35.220260992302315,110.70981179242463,6.7043344867395005,0.32830581791166485,0.7129524104790304,4,466.9255253918106,620.4092405158924
F045,2025-11-14 10:52:30.792854,26.925014030745018,25.899754640932684,7.03435945323555,0.44666068330233305,0.4525565316333666,4,468.2581721755067,521.8346164721752
F033,2025-09-10 10:52:30.788086,18.29706941506541,35.40201931810677,6.880308278791058,0.6242780607818588,0.41150001089845173,2,308.6107658467881,440.3559081452808
F006,2025-11-30 10:52:30.825314,20.697265917267732,77.3929232462498,6.000640870655333,0.7174135455751722,0.5734042792240643,3,495.65015770966687,555.3429820706338
F012,2025-07-07 10:52:30.823273,35.098128181305086,39.21500766218707,6.575428110883137,0.4382947513022636,0.783631935888514,4,617.2078813822789,530.1010143385292
F007,2025-12-06 10:52:30.775266,15.882874854200269,34.344486723753185,6.080471137938744,0.5578318973178389,0.9353656671526199,4,630.2823145666503,659.2317840895283
F013,2025-09-08 10:52:30.755981,21.70031697648567,47.18922567103981,6.173086780672585,0.6898023172918322,0.791270513086151,2,600.4912257951815,550.5499891882033
F017,2026-01-23 10:52:30.782744,11.39542671837388,79.46012054866915,6.555959842363792,0.3550128964185046,0.9528037276022303,3,533.6293869650573,512.1432912377829
F018,2025-12-24 10:52:30.757442,25.67228491037062,27.7939331894708,6.654029059811831,0.6043268144958094,0.5589549106696434,3,664.9966906503068,545.4037861147638
F023,2025-04-11 10:52:30.791841,38.83536198285691,68.77204368434354,7.04164261900222,0.7110591543053488,0.4408919055180716,4,545.3364476839041,653.8407821476735
F037,2026-02-26 10:52:30.799139,14.04784813976173,71.20527626768674,6.779735767601921,0.20130140241410144,0.6562589562821214,3,619.1243647022834,538.0690257865945
F039,2025-10-18 10:52:30.787474,35.54795525974903,49.95652966981984,6.672688537050579,0.6616083857197248,0.42023948064451494,1,400.8179166764232,470.9840010932353
F042,2025-08-26 10:52:30.813503,32.50137234025597,65.46606215636507,6.363258568633651,0.5041159940303102,0.5006925303789876,1,564.6973396934038,374.3031860517128
F041,2025-06-10 10:52:30.790691,16.32042226941703,34.558880437163225,6.5515251565734784,0.41083763711269244,0.630657350151228,2,572.156406040584,415.26976410078856
F031,2026-01-25 10:52:30.820715,35.188998695135695,86.76382901556707,6.162432826783462,0.6235452163776045,0.5677754460760595,3,569.741462914122,498.39558716209376
F044,2025-06-30 10:52:30.741135,18.2981994696818,28.244712437234824,6.533952177502408,0.3626417000640114,0.4987127329369962,3,548.0029582270575,458.054342422098
F028,2025-05-08 10:52:30.798171,34.42740607570709,78.92337856033575,6.608455620708807,0.39179075008877884,0.69169341511467,4,420.6865006861078,611.5053187478961
F047,2026-01-31 10:52:30.820240,30.268922580050145,50.848790810666905,6.751845570243414,0.49550902410502157,0.6229677751795589,4,318.4304256449052,493.0182722276829
F033,2025-08-29 10:52:30.785276,12.209748029558325,28.652359052962098,7.08292041068016,0.5380241777682595,0.27530890440201433,4,440.7703935646413,537.8740806280565
F018,2025-08-19 10:52:30.749943,16.29349824512994,54.84355405962738,5.7014455442680205,0.36779471279935316,0.6496402286999622,1,538.5657207657755,376.8769304035465
F020,2025-07-30 10:52:30.769222,18.680635111526332,60.97791615076584,5.969469586595564,0.30734718114090076,0.6314592390907825,2,553.2962076168169,394.1571859099776
F003,2025-11-26 10:52:30.780906,16.50057626850334,24.63121181003472,6.577081030724452,0.5648458501518292,0.518735458409339,2,560.2341755280293,524.7371855346834
F011,2025-12-22 10:52:30.810838,26.060145760222643,25.811673791075147,5.96814727030366,0.6094390034616004,0.4986114569711254,3,418.1206393696657,467.9930246101917
F022,2025-09-04 10:52:30.808186,28.482497149676963,69.77980200018575,5.270699997086544,0.7508009852176449,0.745983130974684,1,362.2316612612019,484.08626991608577
F046,2026-02-28 10:52:30.745402,24.083978424005103,72.98845351281632,5.823586881632323,0.6015656661896372,0.5207509418944546,1,623.3431104955404,466.42798965579885
F001,2025-07-15 10:52:30.831714,35.64550508847625,54.30271399979152,5.728965114976987,0.16421619598724824,0.6996170262607277,2,663.0362952017687,465.19597059256307
F043,2025-05-18 10:52:30.813517,19.74406146972253,92.92282456016858,4.8385895716301786,0.6121435390818403,0.8100154148185965,4,306.88527341790507,558.0600856181961
F016,2026-01-04 10:52:30.761131,28.695152272263083,40.44993180348329,5.929379959581498,0.24904346355013524,0.7061134815428644,1,483.4428866346715,348.7781432499535
F021,2025-10-03 10:52:30.826211,19.044192113046876,27.61605266478411,7.166754962184966,0.5111924031003011,0.4243636398435879,2,277.1487581127725,422.5423612641116
F046,2025-08-24 10:52:30.748223,30.70247122425749,78.66240329925571,5.714870943890487,0.6679355642899578,0.544277684619602,4,610.5523476801543,493.2795622970783
F003,2026-03-12 10:52:30.804628,30.176443410569014,84.31066455819952,6.456008458306141,0.43772339532079274,0.6585450032399717,1,378.0143168908832,437.7671615943877
F019,2025-10-15 10:52:30.820548,19.350574742441985,107.43802189886236,6.029155800521765,0.4173969349437656,0.6473322808252043,3,597.1062724034555,573.0841599164492
F015,2025-08-07 10:52:30.787138,29.082921539432178,55.58344044994214,6.505056051524365,0.43868571965998954,0.7677982209710196,1,302.55511891713945,523.5715535830911
F027,2025-12-25 10:52:30.777655,17.430084730310035,11.272618264397053,7.071165487269507,0.4065686958451747,0.8342125347875327,2,478.42650656542185,509.252366142344
F017,2025-11-25 10:52:30.801146,24.14622664448129,51.31113355147324,6.45119571448645,0.5720358702382717,0.5035296447670023,2,477.89809463264686,432.002799156722
F041,2025-09-11 10:52:30.795271,20.856840983730645,39.578534623308386,6.431265442399682,0.16301281356309932,0.5136215311332651,4,386.5651297832815,624.5247083737898
F002,2026-03-30 10:52:30.802666,24.196786294703983,41.87975656141132,5.798422425360596,0.6479843767734659,0.5881907131730474,2,552.6573629104935,428.65185517319054
F033,2025-09-07 10:52:30.807639,37.77522317458222,53.250835177140026,6.813182029499044,0.4171634018586551,0.714244906264846,4,452.3081571401382,574.6178120028549
F007,2025-04-11 10:52:30.826712,34.560524879789455,23.120202656483137,6.727709721635181,0.4423254000880234,0.6075443604892532,2,619.9652241073345,439.2197868217115
F044,2026-01-09 10:52:30.775083,26.929084590540267,72.02559944728571,6.403006062814499,0.4948416570485937,0.5984388244293568,2,513.8270599054491,493.0465754375358
F038,2025-11-01 10:52:30.827176,30.88573118700766,28.769903664923273,6.234721679979441,0.71380155079537,0.8576702904666113,2,480.08599755295097,605.6060241695691
F024,2025-06-18 10:52:30.822044,22.47214561188427,39.60776948964846,6.200882493308604,0.5295407043888072,0.7441090765076799,2,440.9029153530499,405.65164516739844
F022,2025-09-30 10:52:30.764356,27.725815971346456,48.57791353683112,6.8290582650194755,0.7485366443627226,0.4488862508813256,2,489.3146727555632,473.26960191318847
F030,2025-12-26 10:52:30.806887,22.424967631024384,28.6559902982603,6.441458115601709,0.3863052815070446,0.5280690817373828,4,523.2258641060058,560.7166286489991
F023,2025-07-02 10:52:30.756822,19.485815890476054,81.62545075372425,6.1915730694067665,0.587206973309126,0.6422908574743131,2,571.0412499327741,438.2525690640408
F037,2025-11-16 10:52:30.785335,11.760985701370698,90.06384533371111,6.795610073100512,0.7398225761893629,0.6193202117605022,3,442.9629590483845,468.21831546229294
F018,2025-05-18 10:52:30.787877,28.39505435964766,70.66616461957634,6.8560271587517265,0.33432074300691783,0.3829830259086021,3,614.1921004697008,558.2507439263316
F005,2025-08-28 10:52:30.780936,20.063827554787192,59.8633853897992,7.971542938707587,0.46517874910361673,0.6619402886629344,3,540.2689242498826,621.3054628218457
F016,2026-02-07 10:52:30.796094,37.972684868630076,15.447219799884856,6.298967058594703,0.53592438457435,0.907494665687076,3,448.3243990258387,531.2475512949197
F026,2026-01-07 10:52:30.749350,23.853104328140205,40.36862462919463,6.522744202168616,0.6805866441895204,0.7609839700040842,3,651.7989884167328,631.2231945693352
F009,2025-04-22 10:52:30.785669,27.524263320693205,22.54544949469966,6.197416421721122,0.47969663092031506,0.5030343857952773,2,439.33191170293304,488.3267097732963
F049,2025-07-06 10:52:30.793628,25.09492309283447,68.18688729499434,5.846117089359414,0.5663494502677505,0.613682373624205,2,267.6029952141404,491.41434416436874
F029,2025-10-27 10:52:30.750094,42.11569281191182,97.87953612185191,5.9080761823487355,0.27218534697663593,0.586833482870334,4,567.4043010946904,549.1209354238309
F013,2026-02-21 10:52:30.745641,27.91817831969526,32.4999704412387,6.816593603309067,0.415225816514383,0.3921841260536302,2,593.4325832615364,381.05710838519286
F047,2025-12-13 10:52:30.790775,8.191237522179986,31.513740320553364,6.635071342946218,0.5114169307535665,0.1823933425610757,1,424.1995226547017,309.3314880684241
F017,2025-08-05 10:52:30.763588,36.78977316071256,39.64866769461922,7.13422579608776,0.5348211643670437,0.5162983502359225,4,492.54719568208236,595.8844406942916
F026,2026-01-10 10:52:30.752117,23.01071471637655,16.179697490155412,6.671562664021198,0.52211161921958,0.3987105040314626,3,516.1080966155827,483.892899017152
F018,2025-04-22 10:52:30.792476,21.721182882664742,10.79102679029375,6.832352473000442,0.6398619040541923,0.4881395248394417,2,515.5143956016976,430.4959402987203
F025,2025-07-07 10:52:30.805139,31.29779694746626,14.672904404737707,6.829838305391471,0.3912747196141292,0.7808082178627633,3,500.47567357271356,572.3762503815706
F017,2025-10-01 10:52:30.748524,25.041967212297177,40.57816233438116,6.256996521872025,0.6055420115098671,0.5641209179321798,4,560.4117877447179,642.9100304683625
F015,2026-01-31 10:52:30.740723,24.883656514473344,43.45592361869646,6.038856272444462,0.2940441053589927,0.424279605556114,1,518.2773717666947,462.1178181295638
F018,2026-01-19 10:52:30.745710,33.490878497101704,35.01340236350974,5.82880166558763,0.5521685657714193,0.6802446313521399,3,397.1556838923499,458.98120317094265
F020,2025-06-04 10:52:30.789693,38.107336225187304,64.58140693977043,6.291282401889707,0.5061449027141834,0.818764354114044,1,589.487151673063,564.9506462330722
F026,2025-06-19 10:52:30.765120,25.177594098607017,20.90210393074008,6.236512622611531,0.4141791982349866,0.321358834383512,1,535.8942218951973,383.1555776201253
F040,2025-09-06 10:52:30.833858,35.522814505673566,17.315187266333005,7.4894027753005945,0.697225377280076,0.5972102082622278,2,432.8721051384523,503.8851675978089
F036,2026-02-02 10:52:30.808381,32.206975244057176,55.79744871102548,6.688255329430335,0.6438186618084277,0.4932774515352567,2,666.8535017156174,422.34306782443724
F047,2025-09-16 10:52:30.786888,26.578127220532387,36.03923169236696,6.876339833449109,0.7909279095602975,0.5741778873972364,2,504.08962540790077,433.1594621842379
F010,2025-12-22 10:52:30.828299,32.01212761982243,64.18632174456376,6.781313798311715,0.42665106652033336,0.5390105969412304,1,440.72761416199245,373.7967743941324
F033,2025-05-21 10:52:30.774222,24.669618475840117,53.96724298278486,5.947286073983154,0.2590582094216566,0.316960424004661,2,659.7156691326838,375.03328682031287
F004,2026-03-24 10:52:30.750450,22.287248353443616,34.807182328009674,6.794966928265952,0.5127892698984501,0.7391057106104193,2,569.9759222756693,487.3188514141913
F047,2026-01-16 10:52:30.781609,30.621824419320472,81.3495374771876,6.060277823471984,0.5427383480857957,0.6679625154939184,4,627.4275104178519,600.9377841949091
F020,2026-01-14 10:52:30.805042,35.130617904380316,78.81243003691955,6.291305772099859,0.5111958416088601,0.6550975619854966,1,432.84157643040936,432.2648320177459
F024,2025-07-12 10:52:30.794039,36.91340521378563,65.11260250247918,6.091865307539364,0.9053791157854914,0.8895862088439743,3,550.1631206316843,665.1300015817737
F008,2025-10-30 10:52:30.807284,42.428275558953416,19.8332887603626,7.047868384276948,0.48782513426532553,0.5962245336130673,3,544.044868466516,575.4039744463703
F045,2026-03-20 10:52:30.779999,42.97484813485367,35.77661763757136,6.47108093660362,0.32584722739462224,0.7547420640103438,4,557.7827404748617,657.3946805002291
F031,2025-11-14 10:52:30.811116,20.475673591258374,40.703662673280085,6.41764087261614,0.580536293726211,0.37653744651868715,1,493.18410692845123,405.9548697430057
F017,2026-01-05 10:52:30.756035,29.410113992267082,88.15058117168581,6.222737228657257,0.5753210563432435,0.6303450159721888,3,499.353214457819,523.1421395026734
F014,2025-08-14 10:52:30.803705,35.62884040009548,30.903618434401448,6.994050539661474,0.06497488800266077,0.6958884629274642,4,462.3987647114131,596.6897170502749
F038,2025-04-19 10:52:30.825063,11.698980823790382,80.64282152757423,6.3750432335518274,0.5185344166288641,0.7198398884164291,1,443.4199679153695,363.06825002430355
F038,2025-10-21 10:52:30.826457,36.43904869634147,52.16429143716833,6.195716173196188,0.45224707465872815,0.6298365962926143,1,433.74749283541905,441.9163607084953
F049,2025-08-15 10:52:30.796760,31.08083618281041,44.86116653751402,6.02106588767468,0.3091284367498268,0.7053817966094312,1,501.60984668429757,383.49422932507935
F039,2025-12-16 10:52:30.784606,23.406016863996612,16.042578648178853,7.186980409949989,0.45340883569971535,0.6393639288694781,1,432.7577736450029,416.1608444994913
F003,2025-12-02 10:52:30.821749,17.41064130677517,33.52195622174201,6.727469890909302,0.40945665591206204,0.40812687504615425,1,417.3582410766411,330.97507830827607
F001,2026-01-20 10:52:30.805493,26.192347760289877,35.79588625774366,5.737171195593151,0.43975226966046865,0.49723359391754357,3,442.01074849563776,515.3989264755886
F019,2025-05-30 10:52:30.764314,45.560954817361,44.534829350295425,5.550899818741608,0.6071403308455011,0.6396919450803011,2,430.22175973346816,418.3189863973788
F028,2026-03-14 10:52:30.779593,20.42056237184374,24.264370447028433,6.262894099116724,0.5216399470140839,0.7258952303418521,2,355.3152455067006,460.0871513299794
F047,2025-04-29 10:52:30.800871,32.569559726503115,67.87577369722081,5.958941142459127,0.49563968912191264,0.43538566413200724,2,514.7315275862735,410.66991162824274
F019,2025-08-08 10:52:30.827594,25.45769966578229,80.39621626870839,6.79137498378828,0.7095647340920339,0.5397241339802458,4,379.4905080031146,609.517718647632
F038,2025-06-04 10:52:30.766312,22.26414872695628,31.920532224477498,7.1963166044608995,0.4886270971323654,0.6294816208657523,1,758.7329894005811,460.874343163652
F002,2026-01-03 10:52:30.752634,20.07702989909548,66.82721030244784,7.084524994210366,0.5652513135516021,0.49789492419845316,1,451.8869231961964,364.89068887607755
F047,2025-09-20 10:52:30.797651,21.109080594436847,45.67380307412593,6.0225063226822435,0.2346810238318509,0.4484536644085181,4,408.0132105392938,447.3741783438387
F046,2025-05-16 10:52:30.753391,26.55038102798031,78.10003198037062,6.09187942497528,0.39975765484261694,0.6295920755432157,1,458.26911339856485,514.8613064465196
F043,2025-04-04 10:52:30.815045,34.125378597326645,86.66699180285087,6.237526147683656,0.4860106555323764,0.5465539011794168,4,472.00689572749786,411.8718170478939
F036,2025-11-16 10:52:30.744550,25.55172319860224,67.51596084920907,6.078069897074536,0.38727286905313846,0.7659381627093902,4,382.399692564248,661.9300913290427
F040,2025-10-24 10:52:30.786097,19.869874350132278,34.20011508271503,6.436142646607508,0.7493270518618221,0.7691533715729142,4,481.68114190399217,530.0158316779246
F038,2025-12-25 10:52:30.789945,37.08368002666148,0.0,7.076913629826417,0.264665986152112,0.7888140620619126,3,490.9191794693377,494.6895843548351
F012,2025-06-22 10:52:30.815311,28.207050529100147,80.66664997039331,6.3458030278556254,0.6953574010397487,0.43217365258056195,2,569.3949292819109,514.3682730131128
F049,2025-10-11 10:52:30.760874,27.914388576280633,73.60819320472328,7.02539939751136,0.6517252667795367,0.7738197471555832,4,548.807677811444,646.2177975642088
F016,2025-08-16 10:52:30.755336,25.57403838373551,49.866310450407326,5.5523029835639806,0.7523243035529033,0.6114168370478326,4,339.6329641290124,546.2340112380655
F017,2025-07-28 10:52:30.785780,15.385955646295109,48.83104285035842,6.9099505793989335,0.7750203216211202,0.5037182190969305,2,459.6252762707933,512.3880478453337
F032,2026-03-30 10:52:30.765203,20.222649922100597,39.9052649986956,7.8616835533657135,0.49601878446997805,0.62440216180328,1,586.4560591688985,451.5797833196067
F040,2025-05-30 10:52:30.780640,20.98499481448635,17.085895803169016,7.053202566553191,0.549427131762776,0.372872261018516,2,497.07476445186893,398.05022973982733
F031,2025-08-09 10:52:30.800653,21.47643745550845,47.3483275303018,7.64014849913021,0.9049493197911025,0.4951141201118586,1,423.9303731393403,494.950290485636
F002,2025-09-14 10:52:30.792252,20.92061183085638,20.06043463252281,6.655920440067596,0.5966532804981874,0.618755397902048,1,525.6842059134401,445.26102285905773
F013,2025-12-12 10:52:30.827513,20.66317747766393,0.0,6.871665777607855,0.44461690528577025,0.5278194607960454,1,490.9884724640502,377.5034801531883
F021,2025-05-11 10:52:30.774051,17.174753047532345,50.579878770118704,5.9708991080383464,0.412327956789512,0.6687573583239796,2,495.21542293345686,400.58206588264886
F003,2025-07-19 10:52:30.812766,30.59029704308894,48.530197219364894,6.821538852138597,0.549024701163587,0.3587365243400219,2,481.5788971189062,519.8583085290613
F011,2025-08-17 10:52:30.832552,21.30439911840678,41.50372122279647,6.023007951946962,0.6215102918015885,0.6807264631974549,4,446.0872201115126,484.9345881773651
F009,2025-08-31 10:52:30.826739,32.43214936405187,67.94111940477957,6.675994606469709,0.45476305788169086,0.6440407399017187,4,592.5924391430215,634.3075296154061
F036,2025-12-03 10:52:30.765259,20.334939790514145,40.462308091807174,7.106477244526377,0.7742284675597537,0.5303136279102452,2,616.9450552323523,559.7800969019904
F047,2026-01-02 10:52:30.815808,36.67897702114254,36.55779489565647,7.212916991922399,0.6922118973562372,0.8057454379190785,4,271.9397291151444,682.8405462460263
F030,2025-04-30 10:52:30.780501,24.60715741618285,88.85029292494556,7.096968338040656,0.6233937696032759,0.38640742251804705,2,576.1182659889163,490.08665047327656
F016,2025-12-08 10:52:30.776798,21.523235110084364,90.32007619872302,7.140090552373584,0.30958275684192804,0.5674495810675625,3,464.97085198714,595.427850484499
F010,2026-02-04 10:52:30.787765,19.769378913875485,61.03415242652471,6.247867454287369,0.15224843795442528,0.595272135571836,1,505.78902081054656,368.66219496014014
F024,2026-03-15 10:52:30.825561,23.064638898475746,34.0026234847865,6.3774984334097935,0.5948223359260336,0.740174208612388,1,636.8375848873918,422.7219045722526
F040,2025-05-29 10:52:30.835029,26.54179498857918,32.75020649687869,6.555724126858694,0.44621362050218477,0.6438133437037301,3,522.5605466759542,452.99129573922767
F010,2025-07-08 10:52:30.789551,26.05753043055921,11.62582568963061,7.182784438979185,0.44142744828394453,0.5736538873475364,2,525.3018526871168,470.68046252140164
F004,2025-05-06 10:52:30.821763,26.349125556248033,63.76665517175756,6.629937219882132,0.4490559748409951,0.5442758580382979,4,654.8361996296514,644.2847952283828
F042,2025-06-27 10:52:30.775055,34.52669346018573,69.50073516022192,7.342366256662877,0.5768654247420475,0.8111455116165728,4,603.2503240955155,679.6255146610437
F005,2025-07-13 10:52:30.822476,19.684536844024723,68.22853279596092,6.988614317825461,0.590182534009469,0.7962112607806596,2,521.0314053480613,520.2627347698026
F019,2025-09-20 10:52:30.790384,15.559683829465936,38.03172670819118,6.527622188627367,0.3172774966073605,0.663672193473378,3,485.1971531026445,519.792888629644
F039,2025-12-02 10:52:30.823649,24.47374820107863,67.22359144579819,6.86003635028986,0.46285006357069797,0.8199166221932035,4,369.680602609451,657.1796881897825
F021,2025-11-10 10:52:30.829648,17.318364746865065,27.206902342667714,6.877506629430144,0.667468115316916,0.5083352029420763,1,700.5884633462156,485.2208229886737
F046,2026-01-25 10:52:30.806347,26.88399941074234,39.324820539688645,6.710664868589526,0.4844757490636222,0.43944965195131946,2,409.64393696464447,409.63230334240257
F007,2025-11-29 10:52:30.793772,42.92924507417897,101.58485097529736,6.115321266222656,0.007037955432774301,0.7780132887336795,4,575.5820299733151,677.6703350272763
F045,2025-05-28 10:52:30.784689,23.671891504007693,71.32897493107062,6.043250424789157,0.47081067242683544,0.8994745826092199,1,503.75435580453296,562.1915980530673
F043,2025-04-13 10:52:30.822309,29.095633793924,17.92864363521666,6.746026784531281,0.5104446387267989,0.5848012097206713,4,496.3492773998128,688.1232039324921
F007,2025-05-16 10:52:30.797001,21.041367022484593,93.66737278900493,7.393028415629879,0.4647938502853395,0.7092056172418255,3,616.2342352596932,457.82000689525063
F030,2025-04-08 10:52:30.766166,25.08539055948098,47.12133817017123,6.548089286272877,0.35841842629925413,0.7553912314852989,1,455.1288016223006,345.95512505168176
F050,2025-11-27 10:52:30.809279,24.79790052913985,19.464478453565853,6.121421686347488,0.5944153323920888,0.5249400545168725,4,422.04192829617074,509.29123123740123
F048,2025-05-26 10:52:30.790789,1.9150173406921347,59.554799552946754,6.231544488065795,0.6864527449097753,0.42287596147873546,2,661.6654437921418,370.1413022154622
F045,2025-07-03 10:52:30.777207,30.31213765602842,53.12523832812312,7.153058528809816,0.4907257274666322,0.5927898674881938,2,495.30093984184765,527.6844104841347
F031,2025-05-21 10:52:30.748009,29.98541351082925,65.41161448175002,6.4419808476225695,0.4333205678428753,0.40687342471313237,4,580.9182630661668,510.44344791923186
F021,2026-02-15 10:52:30.762941,43.55611939867279,61.746344939041315,5.539267788687958,0.30538777267774525,0.8102980214939792,4,520.6269531018796,613.5169091470171
F050,2025-05-06 10:52:30.817957,23.38856340535619,10.577101473099873,6.698980604497706,0.41095407775226234,0.3222810925229822,2,520.9973813507743,356.15494120024874
F021,2025-07-01 10:52:30.806761,16.547893853041103,28.088424445715177,7.208012607107903,0.5973692958823957,0.29009013117628896,3,547.0361539151148,456.20791243403494
F009,2025-07-31 10:52:30.825355,20.874874641082716,20.396405173343172,5.463905180967697,0.6243162576793525,0.7870507784156551,3,538.8144029381559,491.13941916335966
F044,2026-01-21 10:52:30.793549,20.920237967353984,0.0,6.975073144741569,0.7131061704419623,0.6105788259030299,4,436.44356808213377,599.0647878644492
F043,2026-02-03 10:52:30.820885,14.370258789338306,38.59033827019067,6.610742169955604,0.3625652683724122,0.5914930117268985,4,565.5914490935161,522.0728560701507
F034,2026-01-10 10:52:30.814918,21.042599665432135,3.8248524893888174,6.502658857184183,0.4937219813252542,0.5213595925970334,4,412.87317272528105,557.1091394869349
F023,2026-03-17 10:52:30.799702,29.469766497492145,63.02926818349721,6.121194050404726,0.4886487172414644,0.663953714977895,1,515.0717083705882,466.409135770366
F010,2025-09-01 10:52:30.747716,20.720759079939764,96.73020096397596,5.746158872463672,0.44409923000244383,0.4540860734849103,2,584.9090456279822,438.3984526207194
F038,2026-02-17 10:52:30.824340,23.229680791178318,74.56441731885687,6.014737010503307,0.14926097066220662,0.6865163629643356,3,653.1971922996221,508.015399713626
F016,2026-03-08 10:52:30.824033,30.581518372748558,90.07099049238104,5.92692903744255,0.523087864475739,0.5013328874236157,4,385.19000035030666,547.3243488083358
F050,2025-09-15 10:52:30.786237,30.306481087875866,7.259928266943405,6.811893164755222,0.6551912234928654,0.7155598613396227,4,578.2967233429408,570.2810572939602
F013,2025-09-23 10:52:30.747050,32.15049386416227,35.45411510530067,6.71414346256877,0.335726102416054,0.8859132206012745,2,395.07471599920757,397.6629746771495
F030,2025-12-17 10:52:30.816972,24.769380617902005,71.10730510677308,6.562280803867317,0.47051745650848986,0.6870400149763106,1,546.1992278526064,460.418304518239
F032,2025-08-22 10:52:30.756236,28.223078072049713,58.373766559162576,7.3705722355216485,0.6535517187726556,0.41433646585358036,1,594.3596978499494,390.29985628546876
F015,2025-04-08 10:52:30.765784,23.819870723543342,30.321021407251454,6.917907713755489,0.36559946584032244,0.5536715147667577,3,561.3934827827902,385.48107393663133
F013,2025-12-30 10:52:30.755294,18.392683076057484,50.87203926288511,6.259643288492434,0.6406108629744154,0.4434259711761004,2,583.6660831175133,425.7609011524181
F032,2025-11-17 10:52:30.771016,26.124308236586277,12.126419125626384,7.134233736698058,0.5892748748215417,0.49976459470850265,4,514.2096875230148,592.2136195954148
F001,2026-03-08 10:52:30.757208,11.549724334538853,0.0,7.428557776265386,0.35648454654139494,0.7210811305212352,1,651.9983976631819,399.6961373575041
F039,2025-05-08 10:52:30.786083,22.529576800420095,43.571759692082374,7.024113898784426,0.8067035943216222,0.7204639291694773,2,465.0913926028894,556.0086936740387
F017,2025-11-19 10:52:30.740750,26.17849173039916,48.36605348926941,7.526078617906917,0.30263449213266413,0.572806120914694,2,404.35109730652067,455.06406804965155
F041,2026-02-15 10:52:30.750267,20.886411570243848,23.303489989569552,6.565356005401775,0.14794234211493495,0.8754496230181379,1,589.7918891525064,388.81784468774345
F016,2025-07-24 10:52:30.831243,25.891470553069517,58.04245069599981,6.306677791342447,0.8290949643613654,0.49723362232186963,2,475.98268576814615,464.3179489182387
F028,2025-08-26 10:52:30.823496,22.678033205624327,15.030018592541126,6.223233625414161,0.720173044399599,0.5094793724737657,4,531.8622377155317,554.5166660851446
F026,2025-06-18 10:52:30.799743,33.35849936893769,43.48690731124525,6.270616095670251,0.28356124729278576,0.7103649506122683,2,343.3634259270723,465.75112516736954
F031,2026-01-21 10:52:30.752204,19.29315892291129,0.0,6.171345437594914,0.6511750069594707,0.6091842954003903,2,578.4430253746469,482.96855225796975
F020,2025-07-01 10:52:30.740790,13.542796883178106,60.09870560070226,8.144731158520827,0.3393892306982935,0.816764370222821,1,563.4832882010807,448.30490377795854
F003,2025-12-15 10:52:30.817293,19.570373555848782,30.82567707670437,6.223322382304778,0.6301549858633566,0.5300789424789949,4,470.76940799575783,600.8333299908303
F034,2025-11-05 10:52:30.830750,35.0512360321633,90.71882434244641,5.936533287963631,0.3201574396000889,0.44353233334510267,2,494.3413635645309,536.6108910913829
F037,2025-10-22 10:52:30.829992,30.701738936295186,65.907146894208,5.894457737042806,0.3644624967535677,0.7693030486270648,1,475.4448552133158,460.2828364317163
F029,2026-02-11 10:52:30.833666,34.33777005301786,45.363331134280486,6.5087569376678145,0.36749801276199745,0.5914660394736762,3,639.4988816852047,576.5204582982433
F036,2025-08-12 10:52:30.748786,17.849220158889963,118.08805000833756,6.331529759835241,0.4029707288765837,0.562952945228608,4,496.0634012698088,575.5745148314717
F016,2026-03-02 10:52:30.812966,16.875568423368655,75.79131120033487,6.7050598737129405,0.2852560329214038,0.7007380919724966,1,567.4837507416735,421.9226822631807
F015,2025-09-30 10:52:30.810893,28.94532216377181,37.84038046130637,5.696879922039755,0.6057395882347923,0.5692835331140417,2,501.74496884835554,480.57104694954523
F043,2025-12-10 10:52:30.807779,15.780955573022263,15.571845971775325,6.838027605152597,0.7132519204473898,0.604328079620436,3,317.15356348068525,474.24542513749765
F042,2025-05-22 10:52:30.755009,40.20738494204748,16.132483704591564,7.393426560432769,0.513399691904634,0.4450042226763416,4,619.5527341587207,617.2368727517248
F027,2025-08-26 10:52:30.753071,13.795983956195803,83.80816871200227,6.249144798024672,0.23714942880813356,0.805356951217188,4,498.092272831098,477.5182484951357
F020,2025-09-11 10:52:30.819121,23.388674786769943,84.25837734382193,6.798874394899351,0.2838878101856022,0.7349413153579234,3,412.50380909248537,541.2837528602997
F016,2026-01-05 10:52:30.825451,18.72089882697269,44.44332218572155,6.301935165700963,0.5837307771511574,0.49037519088970283,1,342.87778377714193,413.5043162422738
F023,2025-04-25 10:52:30.824131,31.692745381897854,81.12339655831686,6.883285733160703,0.4455597023670914,0.5048881651541932,4,561.2974975157257,617.267339369939
F005,2025-08-31 10:52:30.739102,17.874019253359883,61.835485500386376,7.035689899182262,0.5903161888847104,0.32131282392985216,3,583.328285836222,513.6022814871876
F002,2025-11-22 10:52:30.789439,22.865869694629847,28.873667955055605,6.187654576949014,0.6085336720066669,0.6366500608308904,2,495.96035772261155,526.4735526054224
F025,2025-05-11 10:52:30.790468,17.65490948048247,79.97039552547486,6.960613958175587,0.6836908891527511,0.8098317386087214,3,496.0628527049928,576.6625672166915
F011,2025-10-02 10:52:30.783485,40.44345579016833,73.65954079018016,6.068554206364975,0.5487543335932604,0.7795209253644401,1,406.1865076222253,525.3120665568092
F042,2025-10-14 10:52:30.780672,23.204469474278895,40.41492800447224,5.845388654742772,0.44408151229056814,0.6029724707930354,3,455.8298648667462,445.57727383610603
F024,2025-05-22 10:52:30.823440,27.693967436935722,20.297925354863256,6.759648109749966,0.35497235888393086,0.42219978413765025,4,575.5531496632371,406.60750893364684
F005,2026-02-16 10:52:30.802708,24.613216749988162,70.08755596422918,5.6490668940137585,0.5721275421333913,0.5160834722833233,2,482.01360040995604,476.34520712672213
F034,2026-01-28 10:52:30.820058,19.67763742079023,72.46935038199867,6.5764478505730235,0.6824535180236273,0.6659620489190795,4,533.5700810599221,588.6480576103529
F028,2026-03-13 10:52:30.817644,10.43833798146889,57.46607870032462,6.919323967920991,0.46519875652120235,0.45615437590521013,4,312.0829824670285,526.6212341652731
F016,2025-08-31 10:52:30.766861,24.202342231440525,65.34136009016888,5.374734552158131,0.5538468185715627,0.5130894082618717,2,393.70296089709115,457.01805704841246
F049,2025-04-24 10:52:30.757180,24.13708005369202,40.80507038611903,6.271981275805108,0.4159582578916074,0.6887219640945698,2,487.9423156174621,469.6576818324189
F012,2025-07-06 10:52:30.792392,21.486841880417018,37.86444789339579,6.08264385128653,0.5663635985639027,0.4279505287967458,2,584.5788737614334,398.35775241813315
F025,2025-06-18 10:52:30.747925,32.54373512953701,43.4509600608789,5.5691439295298855,0.4534688268579254,0.6344955406299204,4,551.9377754258765,614.6857396327903
F020,2025-08-22 10:52:30.801204,26.996700319948076,71.32300717113188,7.319977790979376,0.3130853439428004,0.7964877214055939,3,397.1307665711013,540.1854347698414
F037,2026-03-07 10:52:30.800735,16.774037322822394,53.319876710797274,6.930692726603775,0.20982831173675537,0.7000297086955305,3,386.82063466332784,489.04532726127263
F047,2025-05-31 10:52:30.807835,9.611870177091694,117.42516697769038,5.86667999983575,0.5787188749589222,0.5233524372736343,2,680.521981169282,555.8205346595523
F004,2025-04-20 10:52:30.752662,27.51941020152499,86.50822288968439,6.398539873815885,0.4221494013095306,0.7886256354974062,2,706.8177964287702,515.7985326461255
F033,2025-06-19 10:52:30.771827,20.06801004096084,50.99051826427581,5.9873296601396415,0.40972515026992334,0.8860357411001165,4,562.4068187488344,658.5706353821929
F025,2025-07-16 10:52:30.785105,16.733916032582393,62.45570245602475,6.68376704026877,0.4563358235507071,0.8778284900013021,4,566.8456020823103,598.7029458634543
F030,2025-10-23 10:52:30.820001,25.310042578879052,39.557314132981105,6.398115808627503,0.6672992165546235,0.49774138186010275,1,500.51832900859733,457.43447954623775
F012,2025-06-20 10:52:30.823978,12.017764581604046,84.81034418904258,5.900142814410476,0.3003532287694045,0.6124485625395707,4,394.2688458259331,610.1378390037764
F017,2026-03-30 10:52:30.757428,30.15337712216988,3.549706082617803,6.193928503569354,0.5222067016515375,0.7556507923724647,1,574.8272921810456,386.6287428909262
F022,2026-01-22 10:52:30.754735,18.866597847547848,90.72065683023273,5.981929424001203,0.4187116992623948,0.5580279562956807,4,599.7706234938094,591.4973352726817
F002,2025-12-08 10:52:30.784092,13.821083197584638,51.14795700009746,5.839074397597487,0.47191117500127133,0.45290502663860266,4,516.3476268375956,470.292763553623
F046,2025-07-08 10:52:30.813559,1.978797068055961,21.082192626209604,5.697537785431004,0.20481995710924644,0.7056692508516129,4,445.1883158222916,494.8316281193874
F048,2026-01-12 10:52:30.802612,8.214110227543003,47.20531561091377,5.876924944649742,0.23510868900552012,0.6192193817532388,1,511.08037962705606,349.9698071787123
F019,2025-11-01 10:52:30.778407,20.735012491423415,34.49367840838785,6.345698766951732,0.34099219443318696,0.4450177638009327,1,584.9766438074423,400.23356039125923
F016,2025-09-05 10:52:30.807395,30.785982114440873,46.024712202634234,6.710898883191892,0.6683297901350145,0.6371388378856315,2,453.65033267045953,452.3979637643908
F031,2025-07-14 10:52:30.817685,26.166311104159877,66.70608146174806,6.497174321017424,0.4397188512912827,0.571969532772209,2,529.0739179329014,547.5103797381031
F032,2026-03-26 10:52:30.807625,24.854909250173286,45.02442759750808,5.877861653826921,0.2035632340097716,0.6007619986175596,2,544.7342656401564,517.3811359196283
F001,2025-08-08 10:52:30.787641,25.30521535912843,56.69335330636976,7.085959278455555,0.4869820080324166,0.4894183802666048,2,514.9688652581175,443.4048019206384
F025,2025-09-20 10:52:30.747219,37.56043475555139,19.782837790728784,5.716003306842316,0.29786216571963675,0.8183956099874674,2,644.1049011767299,490.9134050795574
F006,2025-11-20 10:52:30.780156,11.291053752579533,17.098647292623802,6.911923677636664,0.37186905420313776,0.7584195748464709,3,577.7016341557693,531.3500943677845
F017,2025-04-13 10:52:30.821248,23.242874782745446,30.640852438053727,6.8666913786985155,0.39007642420189026,0.6024319766347926,4,343.4183550216229,575.065888789054
F042,2025-08-18 10:52:30.769617,37.227432884088095,53.88322047752683,6.40535493361023,0.5091183112212514,0.6365736961533542,1,528.3112262800827,539.5622459625916
F038,2025-07-20 10:52:30.747409,16.628213086435657,59.304351478582234,6.222269155807038,0.43947345486199735,0.637360008720279,3,453.7254653368812,467.81911685244154
F007,2025-05-12 10:52:30.785642,11.52214437770888,76.27175108187622,5.902889490692545,0.4426380263801792,0.5821598577594965,2,548.8298503377717,422.5277045214089
F042,2025-07-17 10:52:30.810567,23.47071080294208,18.967562333126164,6.034014389201219,0.2557224873597423,0.6360798694497778,1,525.726465529132,439.3580275115863
F026,2025-11-22 10:52:30.791183,31.321618244521872,53.46285182834541,6.845838921640255,0.625493145327061,0.7155881959445545,2,342.95893456703334,584.5911151266411
F035,2025-11-05 10:52:30.751129,16.931567510101655,73.18693256784437,7.183273353488925,0.17241177917930406,0.5682560162722033,3,605.8212464190387,400.3399379154289
F008,2025-08-16 10:52:30.806545,31.170823840158988,59.43128037925203,6.334162196698116,0.6578560562927627,0.604049173868123,1,538.5339644533473,406.4241380158244
F010,2025-06-18 10:52:30.761980,26.473940797976404,57.4162072480018,6.586296678478118,0.5164374277522262,0.6538232309019277,3,482.1609424976901,601.5192465563257
F038,2025-11-17 10:52:30.781447,18.05876579275966,32.26909505441188,6.541936889250409,0.8032861726204239,0.323058957073057,2,431.84142487997786,478.34235593219614
F005,2025-06-30 10:52:30.741313,21.90562859612055,81.71816086139333,7.0274403337514935,0.599188085896873,0.5846023801012279,1,497.6044800824314,507.93678616955447
F010,2026-01-13 10:52:30.788747,14.642297344725094,47.11494844490398,6.825980476784018,0.6364826827976509,0.6450883144310467,2,424.8225682445648,459.305890417116
F037,2025-09-03 10:52:30.766297,20.900221775179684,71.02015176656181,7.025123665555818,0.4095448083623616,0.6616324720204586,3,494.5209157570658,578.8737248712763
F002,2025-09-19 10:52:30.786957,13.634901102461816,52.84902088168727,6.755683923377235,0.505313350616438,0.6684120432416756,4,505.3620523753017,544.143160955425
F039,2026-03-07 10:52:30.833829,17.562060598957252,26.83128245659272,6.326931584724176,0.7512839939653485,0.37928644464492756,1,690.378778035445,305.30969381812963
F022,2025-05-08 10:52:30.816860,24.344917328875997,31.334604279201788,7.518480558309896,0.33137813310304104,0.7958901586587445,1,298.3401739229838,489.5291418336276
F014,2025-08-01 10:52:30.802830,35.50502581843776,48.89774874748072,6.379460676566932,0.36171184991998906,0.7142178225045351,1,217.7693151602237,403.55249001840457
F034,2026-03-06 10:52:30.784537,23.049270368751014,40.73210256788312,6.55386694324691,0.7300459586555978,0.4618456092369426,3,423.74640129049965,496.453580631089
F046,2025-05-07 10:52:30.770512,16.946671313404376,41.95297109268263,6.053988866317717,0.27892777204610864,0.6039019244698588,1,581.1745407456386,376.9854668593828
F043,2026-03-05 10:52:30.827243,13.256263046649698,62.37393056819042,6.2581919755481055,0.6414033029214223,0.5704869409966117,1,624.7981823329953,438.4221922019038
F020,2025-10-17 10:52:30.747855,9.16576841129257,46.96128837304103,6.9571407444450255,0.47921709456351497,0.3966505700735915,1,606.7659160368329,469.21181327591097
F017,2025-08-31 10:52:30.769156,28.272406805492793,89.33871198960196,6.222882386054047,0.46255595599375793,0.11214927059132473,1,485.4987711239039,425.59881040957373
F016,2025-10-21 10:52:30.773980,26.995388701708528,71.77004290830638,6.780991482869996,0.5785139662903552,0.7220072927601227,3,379.6440554616967,506.3751468608288
F028,2025-08-03 10:52:30.740902,16.487605975182685,50.601937504538995,6.605969845238409,0.6189401503608915,0.3457936859067796,4,391.52858958656134,540.541264529171
F045,2025-12-27 10:52:30.794365,32.46554279033256,21.230726328213095,7.336762057879062,0.3897081670062612,0.8263478947862823,2,403.58289862144613,450.7595376721058
F028,2026-01-24 10:52:30.793325,24.35248508539199,21.404128536333133,7.038663188372515,0.3607790164567164,0.6480440701974145,3,700.60026057708,489.12217663234844
F028,2025-10-22 10:52:30.834794,29.143668811230164,21.545017691259922,6.378348299343212,0.5650194051421017,0.6423203876887591,3,509.2705131404739,591.208383194927
F026,2025-09-25 10:52:30.787989,34.6597837141656,105.30547051311456,6.973102933699727,0.5162958690897718,0.6611406969108609,2,384.24243938616917,528.0512426573899
F031,2025-09-24 10:52:30.754860,22.738872964305735,74.23640000356227,6.242095246427953,0.3397106350050272,0.43123816519017844,3,611.3705966781736,481.2413819793534
F001,2026-01-15 10:52:30.777292,12.137148814956317,88.09054687075827,6.312484042051358,0.49099162407622654,0.7307166310541451,2,487.96856039820466,547.7715825127173
F041,2025-11-08 10:52:30.741816,32.19142760104004,48.313257682102844,6.526637136598343,0.5326848094405776,0.670952416652434,2,570.5114715034031,525.0157363558093
F040,2026-02-18 10:52:30.757056,32.76842736729843,33.02389450386617,7.353566005960094,0.4594203930834749,0.5998543443751333,1,691.9539919095897,390.98316706296214
F039,2025-09-29 10:52:30.822253,42.63879109209868,66.9062964953574,6.017612692217551,0.2851450934371953,0.8019998825642954,1,455.92335658271935,412.45544905180407
F050,2025-08-28 10:52:30.749694,40.403407649405516,61.490994529252276,7.069973638315422,0.3568894936533196,0.4808500344900144,4,520.6267022811417,574.6068709311762
F035,2025-08-24 10:52:30.830764,21.471724751109722,23.340218524547492,7.0822012820302795,0.3036475659106998,0.33573091031498664,2,354.72487448538425,411.9370212865554
F007,2025-10-07 10:52:30.748385,31.70302752544133,49.63123166087658,6.54944012560006,0.5713552806553192,0.7715053165778473,4,437.4384494780811,659.5338976566461
F027,2025-04-20 10:52:30.809659,26.32939668308241,49.352565795800835,6.370790765600239,0.29736174886474964,0.4468402890494465,3,414.7477536423346,473.0818425538451
F002,2025-11-10 10:52:30.744037,11.592039425307945,36.23067948918473,5.460544926505095,0.5191042915306556,0.7870986580005261,1,550.184786167419,395.8319822419121
F021,2025-07-24 10:52:30.794871,24.11107953590408,42.6522293630123,6.691926908093709,0.4242274035050958,0.7239869837133677,1,447.93688896630374,531.2713500673582
F030,2026-02-28 10:52:30.831432,22.04336453854696,55.45395971405652,7.054876946039949,0.45985535631707175,0.46233003352818725,1,549.8418179663297,447.90715065438087
F011,2025-08-08 10:52:30.755953,24.0658478995824,19.04059318425899,5.555741853262494,0.770500913857025,0.70968266014536,1,450.992590597258,401.64692472426736
F016,2025-04-11 10:52:30.781926,14.23168827500057,49.13384594951353,7.153189628894743,0.6019317086029461,0.35232598442126506,3,465.0371927414847,496.2117056602076
F039,2025-07-14 10:52:30.835011,14.414816789491724,51.619974861962085,6.620147227368554,0.37751869553799816,0.7504519262162871,4,442.95261991085454,615.7460724291043
F020,2026-01-17 10:52:30.756075,32.378650378089546,77.3355501669773,6.8221513524636395,0.3755599122787332,0.570868619983348,4,531.9457456972026,655.5893187336513
F025,2026-01-15 10:52:30.781247,29.143195495087646,74.3939366951861,5.905558577615645,0.6793006049679323,0.7378224999053106,3,675.1594091904692,580.6057843509419
F006,2025-10-18 10:52:30.775956,34.21688094205106,43.319094765462566,7.176707581789169,0.3911004053228134,0.5368832708074496,3,338.0524700227925,501.2725402721047
F044,2025-08-16 10:52:30.759346,30.159544709622313,65.22546709295521,7.195746931099134,0.6596247485936217,0.951252580581478,1,843.475009663681,412.9683769387361
F017,2025-05-15 10:52:30.739336,26.94624432551213,97.81392015184558,6.632871636602012,0.34405535367451157,0.5803208182649605,3,497.5099623707464,597.8531267888326
F021,2025-06-03 10:52:30.790412,22.725049565638074,85.2257099301837,6.735805215869939,0.22641675269947292,0.8145667683927765,1,399.7268444349542,444.0730366729931
F030,2026-03-07 10:52:30.834853,26.30909956255755,66.4553263602717,6.561244310922349,0.41736601144640795,0.720321521182887,1,436.532070972416,501.740725526903
F043,2025-07-08 10:52:30.815746,22.198627334510675,71.04875847534953,6.663043047450585,0.24270790480769816,0.441003607026287,4,627.7945580393833,562.5944210026599
F005,2025-08-14 10:52:30.817321,22.303876707303374,35.5922869349223,7.187206406056463,0.5056815695935047,0.562045215740062,1,627.0218111434236,390.12385559858626
F016,2025-10-14 10:52:30.751913,23.923147005146234,68.76291245763063,6.6862844019698935,0.5216861944221065,0.5347945254348841,3,476.264744936929,456.66597137134147
F018,2026-02-02 10:52:30.789665,21.985864221037005,101.31855899715659,6.547126410547975,0.4750157691554197,0.7262557925442165,3,567.2047127567431,586.4053921225626
F040,2025-06-24 10:52:30.830846,20.54537782184479,80.75836386277388,5.577808316577685,0.485818874358273,0.5791684721479996,2,424.9997383364687,387.6669644450753
F010,2025-12-22 10:52:30.754572,22.852026274421043,48.95183562273629,6.129804672403566,0.3085911472625984,0.44721226352485555,4,486.76970736930576,524.9312278529839
F044,2025-09-13 10:52:30.819477,32.45891196536836,39.042658909709374,6.445408278155641,0.5487020068700904,0.4922615141125619,4,432.85407137485686,626.0090871374692
F026,2025-10-23 10:52:30.742392,26.912163757816828,61.65574159294346,6.1319977209417456,0.6774669051092899,0.36312966442453104,4,457.5818024235244,494.2146030964668
F005,2025-04-12 10:52:30.793744,31.60985448766443,75.56050516305254,6.370950044275398,0.39248121712151773,0.5478916609593492,2,510.66434126735834,543.3416086925563
F036,2025-10-26 10:52:30.780585,26.94337787210685,61.36136082553651,7.573875418963208,0.7865383791863937,0.48425749691067804,4,492.55778865937845,626.4167362309956
F013,2025-05-17 10:52:30.747758,19.05878317747522,118.98307110441378,6.708919018273577,0.6487320383429576,0.6117119627865649,2,440.9997048742852,538.9280349817608
F037,2025-08-27 10:52:30.795150,35.63827528386519,61.93147772934658,7.151618716974174,0.6417173400759909,0.56654309735262,4,526.6417540507249,560.9185079868112
F044,2025-08-05 10:52:30.766455,16.277759055061495,0.0,6.7105681629577605,0.7520628511451657,0.5064390346292235,3,480.1842518148955,457.47855596806374
F046,2026-02-11 10:52:30.755751,31.534460381856768,52.82435573682608,5.828376311887968,0.4741879294415307,0.4812990509057917,4,563.7030874308373,686.7732202925597
F047,2025-09-07 10:52:30.795568,29.41041471468547,13.555790319061543,7.15768104065371,0.39687771801327626,0.5565418763143127,2,373.0824433316249,464.0887413485419
F016,2025-07-24 10:52:30.814663,27.625540569178433,79.52968210679192,6.597994100270042,0.5089369661843585,0.6860524527254259,1,435.1016431411701,523.7793171806213
F005,2025-04-20 10:52:30.754504,31.182596009157425,34.77313234550697,6.942474879518907,0.3773562260756076,0.4046553398418993,2,610.5488134390095,416.70985187255195
F027,2026-01-15 10:52:30.834765,44.36482726780312,85.00208456715562,7.141357770180102,0.2861782222988729,0.6579570805975627,2,391.6865092157613,562.0383370358579
F036,2025-11-26 10:52:30.784565,26.735934187012216,29.226415441641578,6.204710792175418,0.36011725670720585,0.8827853580063576,2,478.2339950721658,398.5550497198562
F036,2025-05-29 10:52:30.832906,46.803426472168994,89.56365388289976,6.826668838834024,0.11492862750602512,0.6708443708576332,1,447.90775400185515,434.25239610227607
F036,2026-03-23 10:52:30.817056,27.248786304973297,10.499905090253044,6.095325055776419,0.545600482159384,0.5157092056562956,4,337.8489660842846,477.7090393644254
F033,2025-10-20 10:52:30.831473,27.961486428799628,60.88205729390716,6.645383698258442,0.2797892876020897,0.5104116832482418,4,504.0199937847413,551.5423064677881
F019,2026-03-26 10:52:30.758908,30.691694669900933,81.07412433550712,5.508694450383301,0.37432483557052765,0.41099843092320665,4,467.96872127115586,456.82917076135885
F005,2025-04-10 10:52:30.824574,26.92891486533162,0.0,6.723576558956944,0.5076726397569747,0.3929464072079366,1,479.02664272828986,368.16535600579414
F012,2025-09-22 10:52:30.828330,22.888470615905987,0.0,5.718380574390316,0.19818151539185797,0.3158623335055398,4,510.2615936918522,498.76350096813894
F028,2025-07-20 10:52:30.763741,34.07329171610871,42.72952760257602,6.374171676082156,0.5414504127002159,0.7865230999458979,3,504.9112782677968,645.8373881343811
F038,2026-02-28 10:52:30.805316,21.946439774120872,67.77913241515878,7.155630582748085,0.48710998399810274,0.6249479887227893,4,521.4565399919909,628.3139082491908
F020,2025-04-21 10:52:30.833498,20.396262912052677,5.252850902932799,7.521001722552294,0.43116717878270083,0.40381142370014866,2,458.201982435761,455.8512141234091
F001,2025-06-06 10:52:30.760195,36.03202897697371,75.1543078135737,6.775712763305331,0.33703627205283937,0.44997447820843206,2,559.0851111614348,451.42413578000395
F022,2025-11-24 10:52:30.832700,25.856632038620077,55.81169932460848,6.589059349388745,0.5518356097118582,0.4435094240586838,4,460.5633512798462,651.1658215325468
F011,2025-08-24 10:52:30.741407,27.35020755047166,40.900432565886916,7.005869668107958,0.2366835205300138,0.5166617890852443,1,606.1154913514953,474.63858068447155
F018,2026-03-14 10:52:30.806720,26.595064284520312,0.0,6.91919903235645,0.34258221897708074,0.47954444429109055,4,569.8117013869473,528.6562603187629
F007,2025-05-15 10:52:30.754531,17.933634819185766,52.48299782212991,7.2415351357225495,0.38522541799207466,0.839280057993149,2,606.6417933142727,687.5716175932723
F042,2025-10-02 10:52:30.801647,23.30894830856117,14.339762531950939,6.977399110812062,0.5324242423786102,0.594755799034505,2,469.21172914398244,480.798316745876
F035,2025-10-19 10:52:30.792009,26.85536065546913,23.218473570571785,6.612116541272443,0.5288000858211134,0.5317169184271127,2,551.5909188696346,484.10927999029843
F020,2026-01-19 10:52:30.786512,22.41122502972418,27.734133234194616,6.21090311384529,0.447772596606704,0.6437796431954463,1,455.1389854136412,448.797910070032
F028,2025-11-13 10:52:30.801380,40.51624926055314,22.9395294278681,6.369897812249585,0.6455166385053906,0.30139848232482724,3,461.9667548406947,529.112334655027
F034,2026-03-15 10:52:30.812366,6.080423731044732,79.28444091374395,6.438800457421746,0.6802935569427574,0.46151728024617317,2,553.4991042779255,353.13072279921096
F024,2025-11-01 10:52:30.820617,9.924930172099945,38.65986472949925,6.874074571967955,0.5608246553120365,0.8304544981454799,1,469.4408406274172,494.1957322984739
F012,2026-01-20 10:52:30.787793,28.764215393185044,59.478871556329466,6.066635717190581,0.411187654942655,0.5350869849295347,2,459.6538723623536,410.1976269453626
F001,2026-03-04 10:52:30.775885,25.912767251121508,62.142783349388125,6.501012015163111,0.5925637614992025,0.670587801304546,3,297.6571350593981,496.34377227629756
F049,2025-08-16 10:52:30.740503,20.863295418965578,48.20637477901906,6.813423702368654,0.5383719202057105,0.8718533142092562,2,399.45038684944103,532.3264845089975
F037,2025-12-02 10:52:30.832231,26.505480283711627,77.32532823650193,6.897852730690257,0.5552701221842998,0.37948233152164057,1,464.49629563830575,471.2342240524604
F008,2025-04-24 10:52:30.781782,33.35040805754097,49.79463106669258,6.483263708497784,0.5423472630546428,0.5170394394494437,1,534.2830821595826,398.913641913722
F034,2025-08-18 10:52:30.791295,20.93386555083274,32.17971676440729,6.76486944306535,0.621266360949772,0.7127534169992652,4,609.6776998509147,578.1469548314021
F004,2025-11-05 10:52:30.743140,23.527956340039623,47.884805040470034,6.3466563508836895,0.6524034704814121,0.6137608948889399,3,506.0233280058462,622.2591923657706
F024,2026-02-27 10:52:30.803976,28.760647791604008,43.468210724468534,5.959626578073759,0.7161572504039269,0.5081671073595969,2,571.9849257686072,559.808734572654
F050,2025-11-03 10:52:30.808577,38.40495427050214,63.86180983022271,6.655096337778619,0.2723617852859925,0.6334548048569377,2,547.588895988205,475.66658162513227
F046,2026-02-16 10:52:30.762590,28.123463007887665,73.69911468274518,6.6373989007781695,0.3583874683214995,0.6433491069555697,4,433.4142429607675,519.7328121398956
F040,2025-11-29 10:52:30.829107,41.67948300335164,25.588844860439153,7.813442732651508,0.7188065055335207,0.44406814488044644,1,447.75826071786196,471.59812906810004
F049,2026-03-03 10:52:30.765472,29.707800890328805,61.66743746186944,7.386506154366676,0.4701825666229576,0.3706156988108959,4,672.6846875128905,536.6695511307619
F033,2025-12-06 10:52:30.816312,41.52744068195612,39.73132030544692,6.253714421668678,0.49321165470468764,0.6737498617416764,2,315.1069152726225,536.9571163603783
F024,2025-11-23 10:52:30.816888,32.99886126392036,35.46721402796339,6.461801686408111,0.6703296998173554,0.44652372240934957,2,491.48220507994466,416.5793337559648
F042,2025-06-12 10:52:30.805370,10.169570823409297,48.10737064252539,6.675596749958652,0.5304941795324947,0.7076402687767319,4,384.23834028358624,442.2347021626202
F047,2025-07-20 10:52:30.766544,29.201959406036174,59.640637340290304,6.356222976102523,0.5974807815922113,0.418500487806893,4,492.2360473831621,510.0553085566838
F042,2026-02-13 10:52:30.791408,24.8600444398095,23.047132543646814,6.54300249403172,0.7268155745740567,0.5272916005666938,2,449.6936963754997,408.91460905374987
F050,2026-01-25 10:52:30.813669,24.600456887009244,11.556854947123007,6.814491725795954,0.5894361682525034,0.7331868927402604,4,534.3288365129947,574.3251959226499
F005,2025-08-29 10:52:30.757263,29.832341129851873,35.83107395695197,6.128463601623343,0.2536370851543249,0.8277541939633837,4,473.94571585504855,551.6961724486299
F006,2026-01-25 10:52:30.776658,23.767096121205245,32.48045875027783,6.653733531825766,0.27106880934786715,0.7226522963328943,2,529.893478426749,454.31799888506674
F033,2025-06-18 10:52:30.766239,27.57236593181025,56.940943256823786,7.146270104195798,0.5044040653661721,0.7063644836947895,1,452.10573714351415,324.3716536781411
F021,2026-02-24 10:52:30.791110,21.701172186233745,0.0,6.58225985666868,0.5242282799964437,0.6205429694687177,3,427.6882599427972,525.422638149771
F007,2025-07-21 10:52:30.773813,26.302376888272725,49.394788348975624,6.54559148280597,0.3794690881893126,0.7517882592153701,4,670.3438089583676,529.1657699663713
F041,2026-03-17 10:52:30.807045,43.1949296225211,47.100832435646915,5.338907252595634,0.5057013954536727,0.2106506260804985,2,609.6130225837924,486.5473210295843
F006,2025-04-04 10:52:30.832485,31.31562986979291,35.85588293796565,5.9304323336409706,0.35037133896564665,0.765243271872959,2,453.07893354671376,513.04754127392
F009,2025-10-03 10:52:30.790244,39.70912756531523,39.65691196127847,6.530791479602969,0.6386932768186294,0.7887542369620008,4,550.1109538838354,723.136920121583
F049,2025-04-18 10:52:30.814424,29.906026042547502,6.904530154614832,6.367149164546907,0.5563900484629806,0.8233618533757012,4,437.0444613182364,632.4217533388062
F024,2025-09-24 10:52:30.800557,25.24950263714965,90.22910444863426,5.462903052633946,0.7014805323204187,0.5207801775976191,2,445.88675790931154,480.0415126608275
F024,2025-04-02 10:52:30.826987,25.085318757705586,37.38416482753979,6.76256227533289,0.5902386159741118,0.5539123256802713,3,424.30423030356474,452.062578116854
F050,2025-12-31 10:52:30.773632,22.675964011166137,46.0134759556757,6.771217964558037,0.49861439953352915,0.5508470827662153,2,544.8342009615587,398.9951312992846
F027,2025-06-29 10:52:30.820659,25.83480559340494,31.140314949811124,6.143718233259796,0.5465010761321342,0.8199614006965368,3,573.9821615583759,539.598576336591
F044,2025-06-03 10:52:30.799259,25.37529232471184,107.60471854081143,5.8168014682713896,0.4400288492548507,0.6300890118742569,4,453.3556069694248,490.2642340734729
F015,2025-05-16 10:52:30.833387,35.91912398697807,47.444367533272676,7.404977281546493,0.14199988250569784,0.8240686540421709,2,367.2202283282446,552.2774377040033
F024,2025-11-14 10:52:30.748621,23.1483693729723,49.13088869639559,7.653494977518562,0.3448858814517769,0.8783999220620139,4,485.08592955197537,721.487955860499
F013,2025-09-19 10:52:30.743279,10.830997663584826,29.491514049915573,6.019592869110181,0.5264869416494206,0.32941559214755384,2,499.98196156495624,394.7787119493768
F020,2026-01-13 10:52:30.793982,23.040063907815522,69.6717273064381,5.188783892769543,0.4763405287246613,0.7527687527344069,3,479.4583853483023,618.9380374375377
F012,2025-05-21 10:52:30.806635,14.762629327707604,26.611627868470798,6.171534762832103,0.7397543751380181,0.5049624920404587,2,554.3751193541498,399.2182348973597
F035,2025-09-18 10:52:30.829038,29.513978612915967,52.75892240744416,5.7081953779482175,0.523821046396387,0.4875676738054108,3,596.3508607704899,513.3400436289968
F003,2025-05-28 10:52:30.768868,19.685700188848053,104.31692562225793,5.576605815158532,0.41508775908216944,0.5833463892864511,4,572.5742876886545,578.2472612357741
F037,2026-02-05 10:52:30.817070,40.05340278427991,47.01967104646873,7.370058641225153,0.6333238974733286,0.4917583864344355,2,387.3794784953213,415.7454685127608
F037,2026-01-18 10:52:30.834983,20.65260876205991,45.20433743260202,7.021871076047294,0.43278402944144506,0.5106355588727864,4,523.2968607536972,613.1141564001681
F036,2025-04-11 10:52:30.778721,28.773267549415888,23.58861302614533,6.698291691943923,0.548272296704901,0.7314987127535202,4,451.8052622226757,641.2692065349498
F010,2025-05-24 10:52:30.771405,13.681954229906701,38.25534479528681,6.289803737631041,0.41480204421018696,0.39366708867969513,3,513.3515839840351,397.3195103987564
F027,2025-07-26 10:52:30.788002,34.25987982677735,77.55733823058773,6.560670557041599,0.4714517683494301,0.5304626836539669,2,678.5517851119859,566.2235306770431
F039,2025-06-09 10:52:30.746714,33.14672470136006,27.48236644132338,6.613623065072376,0.45329400215211657,0.6313843907180905,2,572.0846363045542,491.01383330604904
F044,2025-06-19 10:52:30.769648,17.825259357062553,36.191364112504644,5.676082943697063,0.4511113663488598,0.4664786090938487,4,566.8159282585565,497.7182259377024
F035,2025-06-19 10:52:30.767333,23.94345027443253,53.09797231162092,5.969715727687291,0.5091786958865379,0.35673828819672604,4,461.64285224711676,627.78217387334
F012,2026-02-03 10:52:30.787097,20.398026621521417,25.944588124653638,6.998560714615081,0.41945156855521004,0.7307641064444865,4,432.8478919633488,577.2527990511883
F020,2025-05-26 10:52:30.791799,15.51683783318136,70.7795319539623,7.1350707581544786,0.7224016465305161,0.43224560607831275,2,637.3864884396785,430.176528989488
F047,2025-06-17 10:52:30.741197,24.369498214533078,75.74382654825601,6.697171511043156,0.5112359207107529,0.8366223265750725,3,619.9029819404177,624.7616235880479
F031,2025-10-12 10:52:30.830708,22.21714195224299,8.976463220907547,6.7152865963929065,0.6015205349437305,0.5851777882861839,3,532.148271020354,580.3013982006521
F037,2025-12-01 10:52:30.771896,26.86118793548558,86.06303739375664,7.087197734390241,0.3826230211676424,0.717776749529396,2,553.8674241801028,558.1474316261982
F020,2025-10-02 10:52:30.761221,1.2735826406974624,8.313153817697561,6.185638120422893,0.409584930740205,0.350564648512716,1,548.1909471846217,262.3650961798853
F012,2025-05-04 10:52:30.785711,35.910880025307115,88.2948613654876,5.886302688371727,0.28646530640514245,0.6016670463350324,2,391.5896706876121,553.0450844500949
F010,2025-04-06 10:52:30.749118,19.02453485032803,47.00643368959667,6.82196216970633,0.35684172772809764,0.5395767276849242,4,471.61507186859717,557.1849093378851
F045,2026-03-12 10:52:30.768751,16.76022406665045,70.89920608516945,7.278955978487348,0.37823019654762535,0.4700980354714134,1,472.7316876845759,391.67836920472604
F012,2025-09-22 10:52:30.781045,37.2008717849189,61.50367678381082,7.182859916624015,0.43026001923852936,0.41194178411360094,2,368.01017188895435,515.4369990739801
F048,2025-07-23 10:52:30.794407,27.5571700904967,7.298375822611263,6.720679897691107,0.45990602098918587,0.8468747649350331,2,311.5132532704176,559.0951005102417
F033,2025-10-04 10:52:30.809743,21.381518022088947,27.495911527706703,6.442276600660049,0.10322143822773444,0.4341786898712944,1,371.4998704883289,361.7676791248691
F048,2025-05-15 10:52:30.757166,29.06360923051036,66.2811479039005,6.29282765783819,0.6155445396814472,0.7215078404108126,4,442.959436795672,502.7697544884735
F023,2026-01-30 10:52:30.792546,31.164962531873996,77.17017761539584,5.88155248636691,0.35143583592185657,0.6561414238735637,1,351.55448438970177,403.6796273405678
F009,2025-05-14 10:52:30.748412,33.67214742747549,125.77281157360196,6.939342874787316,0.5663377427081072,0.8060869404348746,4,704.5129531260068,676.7496416108264
F033,2025-10-30 10:52:30.798319,14.221785950890332,65.88022888382032,5.776859917164822,0.5447607600408496,0.8013654646259322,1,324.52753659037717,427.450831924546
F031,2025-08-14 10:52:30.771003,35.36894722789842,50.6071314972706,6.582262858676968,0.4031809190101945,0.6568794778964475,3,538.2880566141555,622.4293199476394
F048,2025-10-22 10:52:30.741911,20.51304697244655,42.57789739025496,6.558404915843159,0.7366913902651557,0.5803767883268713,3,403.0244572709864,625.4152037886257
F032,2025-11-21 10:52:30.787377,30.192342848049098,79.08853489927137,6.880509464870813,0.6124546502025903,0.5371707855245225,1,604.8922280317711,422.6726012366927
F028,2025-05-21 10:52:30.777669,25.970693308968187,0.5257035913057564,6.819346710224723,0.41902362244895497,0.5320113069241577,4,672.7806254453278,435.3197835435824
F040,2025-11-15 10:52:30.811290,18.30891186303831,70.89876721187125,7.3209874048415315,0.5505571389570203,0.45166176583517614,3,588.1468268512542,458.08264194972196
F017,2025-05-14 10:52:30.750806,34.78090933070861,89.3878178446648,6.355249738107157,0.40937666769916864,0.5089064181536453,2,407.61825184597586,516.6395574366854
F047,2025-06-23 10:52:30.813574,29.841674259017037,74.06394808077494,6.53205711727426,0.4305003497353592,0.7215912877258638,1,734.4511262853172,539.7577296711065
F019,2026-03-22 10:52:30.808846,35.122413011666325,95.06455609974815,7.280896192749151,0.7544877562218799,0.49025775458187054,1,597.0736503207555,499.4516121402231
F006,2026-02-03 10:52:30.792308,31.012594562945054,83.43826480347832,6.618341524587658,0.6769452634932501,0.5476920352897783,3,514.4659204524478,599.3086289651699
F003,2026-03-14 10:52:30.741982,28.394628095221808,47.682297821833345,6.413866414720712,0.852704780512092,0.7277913619334404,2,651.5112209753536,590.9868632498922
F011,2025-08-03 10:52:30.797086,21.546332244070264,51.86843812229592,6.24127476574006,0.48855522246967936,0.5994439951908371,3,448.9096155598611,540.4436959154352
F032,2026-01-10 10:52:30.820029,26.176717505211176,28.17311690153172,6.823901714134017,0.5049078981309524,0.5445218225422801,3,508.10767077716537,542.4574201107073
F036,2026-01-26 10:52:30.829051,14.834543874219213,24.582273157208316,6.615652191665615,0.3731665010506881,0.49131799189193776,3,494.64063114274006,476.2363545010024
F034,2025-04-03 10:52:30.767317,25.0964237750289,32.05359164999766,6.66893754159559,0.2235610127852607,0.6808416168810694,2,504.2280953583026,478.95771441004683
F028,2025-05-06 10:52:30.785172,14.324422459474638,53.41740144999897,6.693720442536361,0.26953331566021355,0.676327603575357,4,489.1982133062718,475.98910320495236
F008,2025-05-15 10:52:30.766713,23.583687639982326,21.177007913001162,6.475425563105608,0.6612170329471854,0.6477376002455372,2,535.9020716905329,457.44686709471677
F023,2025-08-06 10:52:30.823426,29.468028511371216,63.65266971682205,6.708595683390188,0.2738190419018821,0.6591713573689759,3,305.36738094836176,461.1709296111823
F050,2025-09-27 10:52:30.824505,27.072860930073016,30.647491748169774,5.823681072782363,0.5633617321431093,0.5274699598407085,4,592.1902844023434,449.1277001588041
F025,2025-12-14 10:52:30.796290,18.046207598727275,10.853648295157576,7.288790065114389,0.4613592475259355,0.6709797171338459,1,604.5848574775434,388.70170308084755
F005,2025-05-21 10:52:30.752676,22.782667096120743,33.48176874852234,6.705035453423293,0.7200090277231246,0.6868022428540804,1,466.61106501777914,484.15506540593066
F036,2026-02-11 10:52:30.831513,33.68100191746019,55.420130074597125,6.255235321421557,0.5423673440345166,0.7640941098920545,2,561.0656324890194,572.2708769777842
F038,2026-02-26 10:52:30.817084,16.042341156251062,16.02836951819502,6.592122173124005,0.5934989583030196,0.5094561900833583,2,499.9733260968034,435.33333098022143
F048,2025-07-20 10:52:30.807144,35.94403388675677,48.62107664746831,6.0501241059518795,0.46978961226300514,0.3042591542710131,4,556.4899626195072,508.56978711303003
F011,2025-08-24 10:52:30.775322,21.771335120779874,65.41559462495563,6.749117132516983,0.4914945909235658,0.7487286590275557,2,384.2533776170632,561.1554771975509
F049,2025-08-12 10:52:30.749680,31.01387596160778,66.12500045907262,7.502161491033719,0.5949055447284347,0.760422725193951,3,519.9651011815264,610.6450557040937
F037,2026-01-18 10:52:30.833789,11.766724843965628,65.87814046914383,6.905520026611068,0.29167315625850376,0.5679281790193584,2,574.4640081203485,514.8571471754416
F050,2026-03-10 10:52:30.788572,34.75668600319326,24.5221968915108,7.272601170768643,0.535383516759872,0.42957912970009826,3,678.3322671567448,470.4084693787835
F047,2025-06-12 10:52:30.800158,20.261321705683905,55.98264011251656,6.366949642676598,0.26139319892213286,0.6732610682828803,3,414.59307248368316,519.343924937955
F037,2025-10-04 10:52:30.765273,52.988069268888594,32.10366086594367,5.861492847280027,0.6861375425397351,0.7376720097532448,2,420.5426712089745,500.5871144772982
F008,2025-09-14 10:52:30.795924,33.80035268748715,49.767504447633335,6.143334219414538,0.5381920414364969,0.7626699499292333,3,624.6134933009696,578.3638459905384
F032,2025-05-22 10:52:30.798304,30.090728155878654,107.70694600174495,7.234973121870629,0.24612707690984448,0.7760549985842923,1,460.68219405268854,542.8387734136771
F042,2026-02-27 10:52:30.760070,14.117144512095415,45.72021902632965,7.435655516877339,0.22551408950491952,0.5717296516509189,4,457.2863376481214,582.7468094953776
F010,2026-02-10 10:52:30.815990,10.279706678555893,52.405276705669365,5.4407738812369155,0.5264115839815601,0.9357463922180062,1,523.0049672456207,476.69173689567526
F017,2026-01-06 10:52:30.830398,22.38864245016182,57.47263433619319,5.666338936269124,0.5344256965448357,0.5463423055189383,3,717.4724656139593,543.6131474458812
F004,2025-09-27 10:52:30.769814,17.455254706786313,54.16373904120853,6.6435751250957775,0.34766087288754055,0.8030117238794594,2,750.1219436326705,464.3920718281674
F033,2025-12-11 10:52:30.824271,29.95348177524928,88.91159898584961,6.577713190979199,0.4811126862004724,0.6794105103697026,1,524.0235025742169,482.04667226943354
F014,2026-02-28 10:52:30.801105,35.96949186176034,76.36110828712584,5.801606229210755,0.45575964978283323,0.5376704074638192,1,428.2712658448706,471.3459132703048
F005,2025-04-08 10:52:30.792993,17.978712377015462,32.433334465119145,6.383892491635717,0.6209610480496881,0.4549082927284157,4,476.9157226395479,523.8924857319776
F047,2025-11-22 10:52:30.833068,28.519008353234856,64.83653112750916,6.263353031807285,0.7408915732396315,0.7276632037677742,1,649.8296580586972,444.46633923410104
F044,2025-11-27 10:52:30.800830,19.908397002856145,32.503120011091326,6.368026375347818,0.7674146642317764,0.6773939609697508,2,581.7360640539468,441.93939739023836
F046,2025-04-03 10:52:30.795515,36.33986577857113,33.09486359751118,6.138208603849911,0.4612803943692912,0.5904803584937319,2,609.4754022412255,439.06995353791336
F049,2025-12-15 10:52:30.772150,33.421668504966746,50.89803380357561,6.095621408180455,0.46050606631632635,0.6015265437210233,3,344.1291583392913,514.100724446945
F014,2025-08-26 10:52:30.749173,31.518253644673777,13.909898200141022,6.883228295072497,0.314034479050074,0.6977890323754856,3,632.9319889181347,539.2916686449848
F030,2025-06-15 10:52:30.817671,24.345847217910872,90.41378875213626,6.548809062459772,0.5649407569775079,0.37150712178865297,4,448.41106637120674,625.5759228296719
F004,2025-09-16 10:52:30.825977,20.987278854865966,9.475297165503434,5.964031567702572,0.21216831210343207,0.4681951522003873,3,639.292853736948,379.530272707517
F049,2025-04-23 10:52:30.800899,31.540137453042107,90.57102693026785,6.027753665808882,0.38374486827799525,0.5929636153967296,2,461.1857967199537,433.12443754389454
F014,2025-12-07 10:52:30.811722,27.593877146619274,20.422332409881193,6.300932590565245,0.48492101478917804,0.649842795551166,3,709.235956014565,555.996111076
F045,2025-11-24 10:52:30.817182,36.52730151650101,60.57634136582899,6.264855314169171,0.5591041421409064,0.5647769361106417,3,733.9114196639557,569.6809402816289
F031,2026-03-06 10:52:30.828981,27.572556001660807,51.05399688831478,7.4393932683654835,0.42374280110050005,1.0052575765469705,4,544.4487969834626,629.9477347291008
F026,2025-07-24 10:52:30.829715,19.767211737214748,55.40521142898688,5.795181853530002,0.5485066035713512,0.6003560310027188,1,436.2322482928992,378.88452590479267
F010,2025-11-01 10:52:30.749832,34.28023511305494,63.539014066177856,5.4556652746550744,0.7107974327600974,0.7284377920954066,1,605.6780555815137,355.5575875433382
F033,2025-05-04 10:52:30.759944,28.17255804395956,44.26130546181806,6.5129976187323,0.6061028575066925,0.6258355576881823,4,498.55972493206013,642.3033182750892
F019,2026-02-11 10:52:30.821975,32.52144723396691,67.41764057341429,6.267541448352475,0.5156993252533442,0.5059294292754503,4,573.6347710461058,544.9316008508413
F026,2025-04-27 10:52:30.783733,21.005971860645253,34.302044347556745,6.643284297618992,0.31066977371144944,0.5323208040616283,1,563.7798223539041,399.57093945894667
F030,2025-10-18 10:52:30.805988,10.28916099711355,6.2893420237559,6.330958778228504,0.3001540933970809,0.7636653398483615,4,498.2549348290626,512.9435411752387
F007,2025-10-02 10:52:30.760279,26.51237793352194,3.865650376570663,6.471092348461089,0.4635414448951673,0.7550564925738076,4,489.74072286846115,568.0224156730901
F047,2025-12-20 10:52:30.828071,30.24161204063636,40.47326509853546,5.9274003597842535,0.45908368223813145,0.6528149510662237,3,503.8750173424166,624.1932220913452
F005,2025-07-06 10:52:30.828207,28.805458413546482,84.97222465570388,5.799386489536473,0.42659310936478395,0.5734072638140739,1,530.8809851105976,418.381403172578
F038,2026-03-26 10:52:30.776406,28.333383016624293,39.921960710604985,7.182881052300467,0.43641427139157646,0.5228326302593552,3,374.75952670637275,473.18624473310416
F003,2025-07-06 10:52:30.792965,26.766834516468194,96.79190908447609,5.973602877041678,0.7965712252096439,0.40889712249791327,1,502.77490316905704,363.37287530274614
F043,2026-01-27 10:52:30.830073,43.81118921860934,33.819633706519724,5.903772662576317,0.3448323697715886,0.46793095722906797,2,429.4948750824366,428.17956204985705
F039,2025-04-12 10:52:30.773392,25.411904866959624,64.31278018410362,6.428107571437893,0.4307536463603904,0.7063720515268934,2,504.0043261705521,477.1794932371661
F030,2025-05-25 10:52:30.763769,26.890834891486602,83.77553586966852,6.9948169901044475,0.5747045252041374,0.6489670504873952,1,522.7604999810585,540.9331403256543
F014,2025-07-19 10:52:30.765769,32.568118970724576,39.60035281695661,6.386677765521366,0.5141394341574007,0.9322425870082436,2,536.100225875936,589.0157910894696
F001,2025-06-06 10:52:30.827351,28.193691824778426,55.429339190095604,7.453010006569429,0.5424423435079258,0.5719441459819236,4,506.5515992623275,576.1737406920366
F022,2025-11-05 10:52:30.833526,26.049017474069622,19.50244737517141,5.643207249036473,0.5369116708434807,0.5827931932885453,3,403.5286236892464,532.9666687889221
F044,2025-04-23 10:52:30.833988,24.068560108313875,31.892244760005138,6.587824051628696,0.520706934803117,0.6797202830677468,4,362.71200340693633,509.5659222523806
F028,2025-08-03 10:52:30.798995,25.80036154016641,49.43899919348264,6.776141614210242,0.6228461632310672,0.539746461665177,4,578.7949142266046,522.1134673181333
F040,2025-12-11 10:52:30.832271,15.324424067706824,102.35769029267033,6.752124706580075,0.4883396370697782,0.6370925281325868,4,357.4528018506101,562.1382258927412
F048,2025-08-11 10:52:30.823078,18.44723322748161,46.8393459844813,5.847360341977623,0.4627134464187791,0.864037945490789,1,352.41352491070336,515.1493045018166
F042,2025-12-29 10:52:30.819449,17.956941868754267,50.88587053075183,6.575567019384554,0.4132618455612747,0.44134235380051484,2,449.64573840656726,439.3706943287414
F044,2025-08-29 10:52:30.783981,39.8122234945564,10.372282566151533,6.442006716031493,0.7991333100861957,0.600108730585607,2,466.8337763099931,439.1138850148764
F011,2025-09-04 10:52:30.789565,22.536851512342064,77.54431395070077,6.726505490017107,0.5100362750034305,0.5952501520925411,2,480.85829499600345,499.31182955781446
F048,2025-06-23 10:52:30.764729,33.40955357569213,58.90488308922092,6.2431958288351534,0.47396322530706786,0.8543826574243318,3,404.14335893962715,554.8187765189194
F030,2025-12-25 10:52:30.784481,12.280120956374086,49.05983032647552,5.829584530649437,0.5835876828165444,0.7288628247417942,3,548.3238554790254,457.51855476153247
F026,2025-11-12 10:52:30.782880,17.170930126791845,33.68136389817768,7.047010844176303,0.8057806555928528,0.6545183122944858,2,610.4139967247136,484.17593691548393
F008,2025-08-23 10:52:30.790929,21.983925151721756,80.4974531632848,6.2937257343261575,0.658967371583368,0.6399113478574838,1,580.9568545976772,412.4003040115162
F015,2026-01-09 10:52:30.793134,24.915987213503765,51.45002913558655,6.730010084304373,0.4445369700419711,0.5346228902923356,2,574.9563987545698,428.7873724509999
F023,2026-03-21 10:52:30.766999,14.290738980334087,29.39795521464194,6.566706647909745,0.5674169075371857,0.5425188352826796,1,611.6005265536764,319.7449548774941
F030,2026-03-27 10:52:30.824952,31.012088292973946,42.29718119280058,6.7290315472480176,0.6136432782545242,0.5050176159639926,3,530.0688546854601,585.8220954317059
F010,2025-12-08 10:52:30.755940,20.3628614067785,53.0305849563723,6.629225174557034,0.40296439536410994,0.7405949163639374,1,384.49014011433854,397.8448713835575
F037,2025-05-06 10:52:30.815661,20.589983933595796,80.95621688603353,6.80835625375046,0.47272221084896243,0.9569528633704134,2,622.4404496479873,586.4372963839772
F043,2025-08-20 10:52:30.792120,36.320404013059374,55.300244479047485,6.6820472422546064,0.42715283323812847,0.5443005210643621,3,438.4402273982556,519.0911242613007
F029,2025-06-08 10:52:30.766151,20.295247761425415,85.47174608633262,5.221640150517574,0.3425077365267158,0.3835914110444094,4,473.4464992181975,558.7518135894627
F008,2025-08-03 10:52:30.768032,23.89840905595753,54.35617512295791,5.847330293563473,0.6768011259265987,0.5344655399389574,1,718.2720904721583,478.77843197183114
F042,2025-12-08 10:52:30.808466,27.92574534865622,86.010386712526,5.942522349732714,0.6332856951385732,0.2861274635080013,1,480.5192846407235,347.2899600353878
F017,2026-01-12 10:52:30.822642,19.62747282244829,76.76069393415676,6.33214716073296,0.5504063992000712,0.3607077438902708,2,387.60757457169893,434.8843188233842
F014,2026-01-05 10:52:30.747772,29.066163088761556,61.724114527597514,6.145351463249246,0.4218791927189006,0.5822192621064229,2,545.2292321548802,488.82889086919033
F041,2026-01-08 10:52:30.785391,15.637919560711424,19.195632356269332,6.5105365439381595,0.36585209474538005,0.5559322406748088,1,569.9767648051911,339.40078678091845
F014,2025-10-26 10:52:30.752862,1.43260285786792,107.11957274439533,6.022949538605401,0.46583199646443024,0.5459700664666157,3,195.06888574933674,542.5570036978849
F035,2025-05-09 10:52:30.763135,26.681348392881205,62.31800899700498,7.571514917951665,0.4354537111736149,0.8146370376094072,3,583.6714353385377,572.1877003817298
F035,2026-01-12 10:52:30.822897,30.284229512313686,91.01980508327676,6.391894641909037,0.5423515365873173,0.3706866394954633,2,467.50234527512646,464.8933842366236
F007,2025-06-05 10:52:30.742036,9.66296269238753,8.738485111819571,6.654118602969092,0.23783140012403398,0.653824546514253,3,491.70955680477437,456.56679254187924
F039,2025-09-10 10:52:30.813461,29.915404354755694,21.791331556391807,6.074075828125379,0.6224967810239675,0.7825407909172617,3,415.7160379514123,536.752835353551
F021,2025-06-20 10:52:30.752975,26.998184430676815,64.58266302999391,6.875251672193856,0.5434488493468034,0.6453966382920563,2,446.30495801288345,547.7947542159621
F044,2025-08-27 10:52:30.813531,35.307913261989526,17.72055503411648,6.52199596526238,0.5898688715333175,0.5192514481005488,4,694.4939619480003,562.5039868901891
F003,2025-08-27 10:52:30.746910,23.555034890708406,81.92095028417694,6.451821810458561,0.534837841085782,0.4280034847516606,1,460.1475512630124,419.47584181207424
F029,2025-04-11 10:52:30.755522,41.66656645546446,72.43685359326196,7.086206559023988,0.4410574478004018,0.8527764573456956,4,490.07453595266963,698.3334733630245
F041,2025-12-13 10:52:30.802517,43.05256467043239,91.48647763887091,6.259845779642589,0.5448796429245286,0.5186530095069725,3,471.15358046869983,560.0029679546064
F041,2025-08-24 10:52:30.783940,24.008232684032354,55.45749721737177,6.465233096314611,0.7303193448962237,0.5435336201590852,3,392.623543148654,503.49056825771214
F032,2025-07-23 10:52:30.829853,15.295091726058098,44.43801339225405,6.16419857389222,0.48500269013828196,0.4841239797153727,4,504.62307099587997,463.82848124176496
F007,2025-06-17 10:52:30.821808,13.453911947937488,71.48524335800124,5.88532367484041,0.5133680101667395,0.6764115270929973,2,552.4861432228446,545.3150802727196
F021,2025-10-22 10:52:30.764342,29.310887076051934,19.5286531547043,6.982827793473614,0.8877406276412799,0.7778469256778773,3,527.4850151223953,681.985798764864
F024,2025-12-28 10:52:30.785091,20.21288015965137,45.06119427500449,6.322802081088032,0.5498054478304197,0.7917134645359323,2,528.4334336049521,504.6068337674654
F032,2025-04-27 10:52:30.784509,8.572448296140294,93.3959694114979,6.6324241284279495,0.5778752972984484,0.5550550108421269,1,521.5090917826448,388.6229936600093
F005,2025-05-19 10:52:30.751662,16.74649007443214,12.791715441326225,6.247313709895059,0.6207944111852807,0.8521246055671359,1,405.2222606031119,448.30656119651275
F046,2026-01-23 10:52:30.799308,16.99302831057988,76.48288665709907,6.00297559282501,0.3272766269835477,0.5355433750315727,4,578.2717241359253,476.23965814345223
F005,2025-10-30 10:52:30.780142,4.516292276813118,34.89609574496621,6.100588905248879,0.5557710204610524,0.4425536987339498,4,433.0656568627571,450.92097608388207
F049,2026-02-02 10:52:30.815130,15.48082412020019,40.8939307238111,6.889248592949448,0.5233347948219826,0.6984667649520214,1,401.2394525666179,377.6789322849397
F005,2025-06-23 10:52:30.790188,23.868305016018986,51.435361599348134,6.2418123273722586,0.41410768224855365,0.8490764111821151,2,528.5395784465942,535.5073607786438
F026,2025-08-19 10:52:30.819210,30.654694507885598,19.27365989962065,6.865860280808726,0.5750819609324336,0.5944156551802864,2,444.1651160859184,450.0796849608153
F001,2025-06-01 10:52:30.741952,32.80476726726958,62.73493300890047,6.723260126655691,0.3781344953784729,0.47798381470183393,4,487.44053940311255,494.50774737311195
F050,2025-10-18 10:52:30.790114,25.288877057068266,31.235409037656602,6.897528792055165,0.48336904418543153,0.4124136436293384,3,450.90394189218455,561.4944821273165
F029,2025-09-28 10:52:30.776985,22.567695617943443,25.820164971259867,6.76600077280523,0.5010039836063628,0.365161719020927,3,468.2171238097201,572.599161686351
F012,2025-07-01 10:52:30.797918,31.126273729302515,61.33296911867721,5.34143195035132,0.2887314555767194,0.6681259614820999,4,479.16581441678255,565.730924455123
F025,2025-09-20 10:52:30.813128,14.571991495853473,25.23996856691484,6.496020872644295,0.38967899794772953,0.6870963105119643,1,588.568783812826,409.73034476421935
F015,2026-03-16 10:52:30.813916,23.81655568760908,88.86001768303478,6.623009665227697,0.749601322185387,0.8317551310180398,1,599.8240909762692,592.7501360159483
F042,2025-08-29 10:52:30.745347,26.742329316758592,86.09645657319788,7.5760140539817815,0.6066058592393511,0.8244433336202923,4,509.8900691707251,635.0766119874407
F019,2025-07-08 10:52:30.830440,33.22355194925379,98.5841226894101,6.126390120481996,0.25699756083657405,0.6118894856402575,2,482.470889133437,549.3143154603231
F009,2025-09-19 10:52:30.824629,24.089393788007985,61.25484563727549,6.497043895748065,0.47719799699361615,0.4131111737194754,4,540.8667959048571,553.7774770388793
F046,2026-02-03 10:52:30.763288,15.879458242459183,74.85645188151886,5.806478537806637,0.5994597147063149,0.5784308667326014,1,476.13627791423676,394.5136886833605
F046,2025-04-12 10:52:30.784009,21.15943887597982,17.11822962299123,5.918861565444819,0.5548296792327111,0.7320827755358394,3,481.4298231008344,617.4265622898774
F028,2025-10-31 10:52:30.773150,16.16679422906748,62.226970456347885,6.796804001271289,0.5774099447716661,0.5579872615835136,2,552.3525240441236,417.08636356020315
F049,2025-10-26 10:52:30.824491,26.3179046085292,5.089700709035263,5.998929336905187,0.6911083288472839,0.6762682186027694,3,589.3177306061726,433.7362396767072
F014,2025-09-24 10:52:30.827526,22.090960265901156,45.45374592139484,6.438843137403024,0.4941612456637901,0.4689416396237459,1,593.1954907079047,398.9913770333917
F019,2025-05-08 10:52:30.781972,22.324104619532005,57.443518266430985,6.134901440434328,0.3226585592006578,0.49746143736872,1,653.3136447786303,453.811058463599
F015,2026-03-28 10:52:30.739999,33.14222963877725,40.88920538876135,5.686562359447277,0.25837999192894845,0.5014096291960629,3,376.55475884724547,482.0019138048535
F035,2025-04-10 10:52:30.803115,27.574850009511625,65.55788889207354,6.680847924749082,0.20283749923476496,0.35175487289374985,2,464.4125087590195,331.37945063951497
F013,2025-06-21 10:52:30.773938,21.953869914970404,19.615023675094072,5.736488873829609,0.3668035274103611,0.615249256553882,2,482.01224479154206,391.18961615847735
F027,2025-09-18 10:52:30.824911,27.26198993584356,52.18807539033593,7.26637117510338,0.5187924170142463,0.7949421203788817,3,461.3784883249005,553.0750403852784
F043,2025-10-24 10:52:30.746770,26.213228556385914,64.43676754509599,7.041106838253464,0.5675823741155994,0.6535381094384598,1,436.97235926749477,511.265352297423
F030,2025-07-22 10:52:30.745164,25.38448029484406,0.0,6.299062775305083,0.6073405556249767,0.5773459400699046,4,386.885005534598,456.43555679209754
F010,2025-07-23 10:52:30.818801,42.050591341751854,51.11480009024483,6.70057129788424,0.5047973984988463,0.5700962294720924,1,734.4237399047215,479.53569255858906
F044,2025-04-18 10:52:30.805398,21.351935678908323,47.7839711344602,6.054186474035254,0.49858004458372074,0.7392299046321429,3,549.2791983905333,494.5659173089208
F038,2026-02-14 10:52:30.819394,26.01710732663927,41.76388478251206,6.325739140561524,0.39498690555726107,0.5436466020711002,1,469.2721584145589,414.42068831549955
F027,2025-07-03 10:52:30.756169,31.184977914845035,51.88615059386463,5.694208496831658,0.4635932158649832,0.48337914490850403,1,488.07458073792657,377.9070825818136
F029,2025-09-07 10:52:30.753099,23.77318966088322,45.781773939487,6.253222453396597,0.5251654228330245,0.37110151851963974,2,444.94274457561266,413.73674331040894
F038,2025-08-12 10:52:30.744578,21.88099555670307,23.80795239427096,5.866566415746872,0.4751498652098632,0.48437943051637766,3,380.64176893759384,450.0968985708431
F017,2025-05-02 10:52:30.755350,26.002804662182758,64.85873554029509,6.292881114772823,0.4410362216619529,0.8384031741062402,1,657.3545758530701,507.04987602985767
F026,2025-12-06 10:52:30.759844,28.54558911417729,108.43647903116621,6.131509669793941,0.3399947476573779,0.7453292494423603,4,430.33661010266496,657.5803251689193
F049,2025-07-02 10:52:30.801794,23.569797841532434,8.182909256594598,7.097592633330566,0.5068298273961412,0.6504420125295023,4,738.9342261383567,591.374108677859
F002,2025-10-15 10:52:30.814466,22.11848752366569,61.736279754348246,6.943717256226233,0.36493638926220484,0.5073125311437363,3,385.0520932381993,481.329672328475
F043,2026-03-03 10:52:30.793535,28.95906673549727,32.6913798029671,5.697225254334259,0.5710990030237741,0.4898135185789578,1,587.3936831571817,456.5024583717425
F012,2026-01-05 10:52:30.819730,28.43459258465527,30.68482836688635,6.892218148598274,0.675326718125604,0.3711502431038911,1,579.8003829751086,462.0470117394949
F046,2025-12-18 10:52:30.755064,28.794290307630057,59.98504765976201,6.025190377526284,0.5829899157697245,0.5718815990359492,2,543.195789234776,524.6860394478033
F032,2025-04-14 10:52:30.771810,22.444872590520948,3.5055425053014773,6.588907217280656,0.6517806579859001,0.7221637182116848,4,445.14696233641064,575.8881931006631
F048,2026-01-04 10:52:30.809953,28.353455899100503,63.558458680059786,7.640414412301514,0.42479076539308847,0.3126924804521363,4,617.1075076820754,514.0056716622988
F012,2025-12-07 10:52:30.741421,25.05601582580006,69.78167573484797,7.506249584614468,0.1943996714936096,0.3178742705418603,2,382.30725474140115,416.60774364884594
F026,2025-08-30 10:52:30.831378,7.423838129627345,48.86054190049428,7.228864637068885,0.2725137798587206,0.5362267992374069,2,464.21501919241814,397.92739221435704
F049,2025-07-17 10:52:30.817943,15.74097174905393,23.273152288160187,6.197434307354597,0.46529184888813563,0.4437961760689598,3,519.4671170166348,346.3958244319706
F001,2025-08-29 10:52:30.763358,17.808174107018367,53.17166452504972,6.623945622721183,0.344138145775991,0.5472783048527246,3,488.0855966309813,457.61455260717224
F044,2026-01-02 10:52:30.802558,28.176639166133512,85.87114870883846,7.723567940511406,0.47550321070280266,0.5760382123285515,2,559.7958570844501,575.8338548002563
F026,2026-02-01 10:52:30.824172,21.762756325700703,68.11141830929407,6.7243242449010525,0.4704893743648677,0.44007947266925074,1,615.0638262502925,365.0464336439016
F014,2025-06-27 10:52:30.782695,20.5921005636472,68.39460866455826,7.191985734590844,0.46665299875560756,0.5651954084107444,3,351.76354323448896,549.1582446744636
F012,2025-11-29 10:52:30.796008,28.775542600779485,48.78603829286924,6.496316941507451,0.5402279052133038,0.7470711005701691,3,546.0611594482729,623.9500037197311
F022,2025-11-02 10:52:30.755418,16.975706602108573,27.528373507855207,6.275315462205611,0.7349297575543434,0.7368410966589654,1,517.0489872376074,412.6198553102296
F024,2025-06-11 10:52:30.789749,21.237931940250228,20.558627407144836,6.578191770432574,0.5621172179566922,0.6166260217599526,4,407.9907530840662,654.7614213604912
F044,2025-12-18 10:52:30.804400,22.761802638273124,89.17649686912986,6.903690873229969,0.46680120626731175,0.5038724792812247,2,483.5607028036656,425.7819810706593
F036,2026-01-29 10:52:30.764561,42.48429219258222,72.84444740975783,6.5099619177955335,0.4222194485344871,0.4544477961518584,3,423.5376659327826,570.9094170903629
F006,2026-03-09 10:52:30.771349,23.75704267622376,38.25565750342637,7.139491589751741,0.6142025265752056,0.35925903531100534,2,681.5012992349234,381.0440435775931
F003,2025-11-29 10:52:30.790859,38.83743659357228,63.42766752456196,6.80024584139283,0.40549850450217767,0.494483380108125,4,401.4202297278883,625.9145340320206
F035,2025-11-16 10:52:30.739584,19.264093689485236,90.60045333735113,6.561212107125544,0.5965834707169599,0.5388682818914834,4,427.9498265640343,564.5416062090028
F015,2026-03-31 10:52:30.805717,20.669408270343176,30.25467576818398,6.5628848776773046,0.5576334780214858,0.597634681479205,2,436.1850057473334,474.14000311832666
F026,2025-12-20 10:52:30.750946,28.948293246411737,73.45697031122819,6.254126026571699,0.5693385037777496,0.6606256874232059,3,389.93480087891305,578.7072283709655
F007,2025-07-21 10:52:30.781766,23.12400312914897,94.85957112161896,5.971049016154675,0.6092125951292455,0.3526225388964748,1,475.24879086796733,478.3454474784983
F029,2025-05-08 10:52:30.763052,39.600694218356324,33.37365672824946,7.0069940824992525,0.3986821725693446,0.7469174829719152,2,422.3193688522641,506.0906162134777
F037,2025-09-09 10:52:30.827902,31.273308048972044,55.78950985999933,7.342675105049682,0.45305779520584677,0.7776954916528797,1,425.2922705430617,496.8480261965439
F014,2025-04-19 10:52:30.761085,30.994183173557225,16.27301708785538,6.596589466448298,0.49225257311018594,0.2845536744085475,3,473.1647846590851,395.40601327476884
F013,2025-04-02 10:52:30.782679,21.258071901330865,59.151883749124465,6.940650023833566,0.5348668161970527,0.7884640943077409,4,639.9195676518244,557.7755678224555
F025,2025-12-02 10:52:30.785891,26.922440169752633,23.690094375449405,5.938683927682637,0.31612719696482516,0.8174594556143842,2,541.453994127174,463.47966481750706
F042,2026-03-21 10:52:30.773449,27.827866044765283,21.309489417327892,6.569177705794967,0.4894197405890625,0.7082419050174684,3,500.15887338537226,572.3424728528556
F042,2025-05-24 10:52:30.742880,33.565858970747485,41.419668848404534,7.36738210102564,0.5073797144268343,0.4084455525874293,1,346.8451718244366,343.95724084968407
F012,2026-02-05 10:52:30.773924,24.736250015966203,54.662474148444545,6.260266472548777,0.41333362706287846,0.6543838810605698,3,442.9278765362265,532.4248474531897
F014,2026-03-08 10:52:30.778327,31.977269560766505,56.09301225333674,7.1797956573514385,0.5888014552182999,0.5394517430874983,4,458.5058153552226,597.2025850482837
F001,2025-11-28 10:52:30.748302,36.83893918814482,88.21619747972865,6.638052960150768,0.5794520503846204,0.4331258755672858,2,487.4150268941333,565.1907726636634
F036,2025-08-20 10:52:30.779780,26.692260350612468,75.70427318075345,5.474913753145272,0.3777552091108721,0.6205196173921366,1,659.814262847414,478.04420186958976
F044,2025-05-19 10:52:30.826537,29.49084807784372,69.32362047250272,6.3351239806636475,0.36307420197828266,0.47329233226149847,3,563.3612741960129,548.2984591037739
F039,2025-12-12 10:52:30.786777,33.69107780436032,36.765711439409245,6.256567140705626,0.8695097360753197,0.8962707538195884,3,355.0609412676769,575.7564609867543
F047,2025-11-13 10:52:30.748938,25.59743492495557,49.09593938544603,6.548676090609353,0.4261980239865403,0.574204165045576,4,387.75898638559875,484.4003122983546
F041,2025-09-10 10:52:30.803197,40.72368537617399,27.17320609351267,6.556544323977532,0.6933103476073805,0.42016472015802064,3,386.1296158248501,560.3206355124764
F007,2025-11-05 10:52:30.797802,29.567206017540798,9.796879355834868,6.110039985204522,0.46110820791877516,0.6312766753559893,4,444.1748035576112,481.70438623799197
F003,2025-07-03 10:52:30.791561,27.32964552316389,53.75906868414387,6.1718842511390815,0.5486601798289611,0.6277745454716208,1,763.5317370314579,474.0482097733731
F029,2025-05-20 10:52:30.763755,31.820662668475507,55.498939949572005,7.133914527175865,0.43862893604130604,0.7133422512492308,1,574.2022793891691,492.79391411485807
F018,2026-01-11 10:52:30.759732,12.977126823694757,85.81320100465379,6.416874612483125,0.6603604022121777,0.5837135029586273,4,334.1758453331063,547.8059853463213
F050,2025-06-11 10:52:30.770568,34.55088597670472,33.767954114649775,6.322760371602272,0.4538075706061361,0.6917178271841978,1,471.1930596557354,416.7683732487544
F009,2026-01-27 10:52:30.815976,31.387701978670982,37.47584265532119,5.9002671587732145,0.6788592059055236,0.5730776135889103,4,429.8634937152389,548.362326707307
F006,2026-02-12 10:52:30.788678,8.19917402515729,78.99813247841324,5.98286384507223,0.3495375624103149,0.47685915613133406,3,433.1406450138152,529.998503748921
F035,2026-03-05 10:52:30.784551,21.201900656943835,102.91002300604055,6.221476431440674,0.3280619470433217,0.7849379294431638,1,500.16873398581095,475.101526301175
F040,2025-08-23 10:52:30.741802,8.511492818875876,23.253787915012936,7.047732910473735,0.42469015908886076,0.6117756674994584,2,344.24992409205436,495.6504593053759
F007,2025-04-12 10:52:30.768926,22.387667385382407,72.31437167041206,6.3769048485246635,0.5097986524980144,0.4589179500939259,4,574.1894537156948,508.61806903513934
F026,2026-02-25 10:52:30.754792,23.690864786841015,52.93959825030923,7.024735920025191,0.3343591005201903,0.7808095794709099,2,482.4326748838647,474.2598937258297
F048,2025-07-15 10:52:30.784730,19.597791257097153,82.85064270880989,6.6323203187433055,0.7345880298735743,0.5997226163467109,3,237.28591703878465,608.7613926160574
F048,2025-09-16 10:52:30.773594,17.393950888376857,16.60205823373787,6.556072499613464,0.5603997282300125,0.4453446916849135,4,330.8796029240699,441.48085504909596
F009,2025-06-11 10:52:30.781799,22.1453284574497,29.899830080257146,6.752290142194754,0.6223077870897311,0.5504981063727579,2,826.0256408697502,485.11585146914723
F033,2025-09-05 10:52:30.756250,12.706546453510613,63.68815025021249,6.550310133220056,0.46709254824896823,0.6479278121018023,4,488.85950604450335,498.58617535104077
F025,2025-06-27 10:52:30.746518,28.1707889139733,28.98033001178415,6.345619156885947,0.3662913638692332,0.7436590503856263,3,407.78179499821096,474.23522635905846
F005,2025-05-01 10:52:30.786999,27.661742221778464,48.855058497320336,6.059861870162575,0.8693992621040956,0.7577085651984242,2,286.53270912796677,628.7430874479277
F044,2026-03-09 10:52:30.818575,15.485945236594786,89.41972236632097,6.376491980431524,0.5368561239737946,0.5248889815378849,1,559.8254676009087,475.3836815079082
F018,2025-09-06 10:52:30.807423,29.186355909982197,71.92047306293969,7.254314120316081,0.34284434346437187,0.5062486440148939,1,493.00181060881033,443.038668460719
F036,2025-07-04 10:52:30.794236,15.115111601490835,55.97847528575549,6.338755251346475,0.4668971344682797,0.5403211874576942,4,377.42652134635284,573.8214383469622
F006,2025-11-10 10:52:30.814522,22.41845465398022,78.34373939522456,6.305576683761974,0.4250560980912731,0.6944163793270575,4,635.4131859369761,471.1616401728913
F035,2025-06-08 10:52:30.758051,27.756257152702318,39.95329436770712,6.4159265984399605,0.5799979248127318,0.6888932552969702,3,433.44567089877637,578.3756127168222
F002,2025-07-26 10:52:30.821735,30.880796969504924,54.364426611728305,6.427017465999695,0.6804773113093134,0.4979129170289045,1,356.02949223245264,421.0760118785289
F012,2025-08-11 10:52:30.825396,28.454330405701093,76.68444107922933,6.080610607671705,0.39929970488588173,0.5911838750234792,3,432.4856814728062,582.6498559943279
F034,2025-10-11 10:52:30.779709,19.085015147681958,72.31687647567503,6.3045391826919435,0.4621455237541704,0.4068201497831088,4,387.97533331688624,588.5670974951844
F012,2025-06-28 10:52:30.830329,29.31188700939901,71.2434925829095,5.688762522766417,0.4993990837782782,0.4602821161245197,2,398.8414141079827,465.8357479680456
F042,2025-04-10 10:52:30.778888,24.360423387683262,47.43756654629079,6.051246211434917,0.6874860139841877,0.553319046848494,1,451.418224807825,524.4016406395033
F020,2026-03-10 10:52:30.750863,29.97532583503289,43.03250061808526,5.185779863341699,0.40173247624325087,0.5621484036916153,2,484.6513746061649,510.5778184149169
F036,2025-10-19 10:52:30.766283,19.53200256966752,73.80573948749071,6.575164696266761,0.5918957597381339,0.6567996287448672,4,755.4888270635282,536.3752320208947
F031,2026-01-19 10:52:30.740944,28.67208207536168,65.39690274904171,6.459759113916688,0.6767012238758182,0.5298424903017449,4,461.34493521369086,629.3126762352003
F020,2026-02-21 10:52:30.787211,23.28512402561098,55.7901790328218,7.001588519043107,0.5131032345427944,0.5305716636549409,2,390.2902121053023,412.0323917763735
F022,2026-02-07 10:52:30.791124,21.798669163272606,81.16807885766858,6.206846865354372,0.6725047653449092,0.705121351566886,2,722.6339309157493,501.50935470411207
F045,2025-07-11 10:52:30.795486,21.536873118755892,22.658174813476922,6.451019071127237,0.5434044514396511,0.5222971799299547,1,491.26490766618355,433.7715439259517
F029,2025-10-31 10:52:30.829775,29.016319494117024,73.92273498848581,5.922681191796239,0.5677420290975622,0.7979112535977372,3,562.1892296740975,565.2959038899145
F027,2025-04-25 10:52:30.812246,29.587431510252067,55.22747423089742,6.454184845526351,0.3711215039976062,0.3194598772710895,4,498.8486553804441,521.0304942046756
F035,2025-12-13 10:52:30.825712,34.68747726424252,49.994125109722084,5.648179387050352,0.22269850650175826,0.5771320011862633,3,444.603438989466,562.7528212592301
F017,2025-08-20 10:52:30.746402,29.89338969652754,78.54948281082471,6.3732851804356265,0.49562634373288705,0.6981965929791172,1,590.0396936234959,501.25626937970094
F035,2025-11-24 10:52:30.832204,25.873756412188555,1.621700136974333,6.2604826033449505,0.42909099189948763,0.5025027764434228,3,520.0340458184156,506.64396725043275
F043,2026-01-08 10:52:30.790016,19.617213174513115,95.53650055377673,6.925297390609174,0.44042306668099057,0.48635516388448985,3,543.1800864860072,491.8899884330291
F023,2026-03-17 10:52:30.801308,22.937746754951743,47.51238960750356,7.120538087783628,0.6612020901964204,0.6150503826292033,1,414.1752562541703,519.4859303372475
F042,2026-02-08 10:52:30.823691,14.58389041315097,39.33180800604676,6.62203056789459,0.4072723181148723,0.7199024322259647,1,482.31411070024734,434.69498009445255
F027,2026-03-25 10:52:30.824186,23.306591794490455,91.20099089557868,6.066629638452691,0.6822433678120752,0.7012696901988678,3,456.35588645443875,578.4099601775143
F041,2025-06-02 10:52:30.826497,31.995723280446644,18.859148622666634,6.996065006044849,0.5401189012065482,0.7561720335113064,3,409.9900015323256,607.3697170549325
F011,2026-02-25 10:52:30.752818,27.300129528060534,32.06450500940884,7.082901853547088,0.6379431616628416,0.7147442537283202,1,341.763180150112,548.1349728074941
